06/10/2026 15:22:31 - INFO - __main__ -   ########## Repeat:0 ##########
06/10/2026 15:22:31 - INFO - utils.trainer -   ***** Running training *****
06/10/2026 15:22:31 - INFO - utils.trainer -     Num examples = 19
06/10/2026 15:22:31 - INFO - utils.trainer -     Num Epochs = 200
06/10/2026 15:22:31 - INFO - utils.trainer -     Total train batch size = 16
06/10/2026 15:22:31 - INFO - utils.trainer -     warmup steps = 400
06/10/2026 15:22:31 - INFO - utils.trainer -     Total optimization steps = 3800
06/10/2026 15:22:31 - INFO - utils.trainer -     Save steps = 200
06/10/2026 15:22:31 - INFO - root -   Parameters [normal] length [18]
06/10/2026 15:22:33 - INFO - utils.trainer -   ***** Running evaluation on test0 dataset *****
06/10/2026 15:22:35 - INFO - utils.trainer -   AUC: 0.51007
06/10/2026 15:22:35 - INFO - utils.trainer -   Accuracy: 0.21519
06/10/2026 15:22:35 - INFO - utils.trainer -   Precision: 0.14934
06/10/2026 15:22:35 - INFO - utils.trainer -   Recall: 0.23225
06/10/2026 15:22:35 - INFO - utils.trainer -   F_score: 0.14625
06/10/2026 15:22:35 - INFO - utils.trainer -   Loss: 1.39943
06/10/2026 15:22:35 - INFO - utils.trainer -    Train loss: 1.39410, Test loss: 1.39943,Epoch time = 2.436s
06/10/2026 15:22:35 - INFO - utils.trainer -   Saving model checkpoint to output_dir/BrainNetCNN
06/10/2026 15:22:37 - INFO - utils.trainer -   ***** Running evaluation on test0 dataset *****
06/10/2026 15:22:39 - INFO - utils.trainer -   AUC: 0.49144
06/10/2026 15:22:39 - INFO - utils.trainer -   Accuracy: 0.24051
06/10/2026 15:22:39 - INFO - utils.trainer -   Precision: 0.26110
06/10/2026 15:22:39 - INFO - utils.trainer -   Recall: 0.25956
06/10/2026 15:22:39 - INFO - utils.trainer -   F_score: 0.15393
06/10/2026 15:22:39 - INFO - utils.trainer -   Loss: 1.42359
06/10/2026 15:22:39 - INFO - utils.trainer -    Train loss: 1.38268, Test loss: 1.42359,Epoch time = 2.231s
06/10/2026 15:22:39 - INFO - utils.trainer -   Saving model checkpoint to output_dir/BrainNetCNN
06/10/2026 15:22:41 - INFO - utils.trainer -   ***** Running evaluation on test0 dataset *****
06/10/2026 15:22:43 - INFO - utils.trainer -   AUC: 0.57441
06/10/2026 15:22:43 - INFO - utils.trainer -   Accuracy: 0.27848
06/10/2026 15:22:43 - INFO - utils.trainer -   Precision: 0.35130
06/10/2026 15:22:43 - INFO - utils.trainer -   Recall: 0.29141
06/10/2026 15:22:43 - INFO - utils.trainer -   F_score: 0.18892
06/10/2026 15:22:43 - INFO - utils.trainer -   Loss: 1.39127
06/10/2026 15:22:43 - INFO - utils.trainer -    Train loss: 1.38111, Test loss: 1.39127,Epoch time = 2.209s
06/10/2026 15:22:43 - INFO - utils.trainer -   Saving model checkpoint to output_dir/BrainNetCNN
06/10/2026 15:22:45 - INFO - utils.trainer -   ***** Running evaluation on test0 dataset *****
06/10/2026 15:22:47 - INFO - utils.trainer -   AUC: 0.57026
06/10/2026 15:22:47 - INFO - utils.trainer -   Accuracy: 0.30380
06/10/2026 15:22:47 - INFO - utils.trainer -   Precision: 0.27867
06/10/2026 15:22:47 - INFO - utils.trainer -   Recall: 0.31420
06/10/2026 15:22:47 - INFO - utils.trainer -   F_score: 0.23585
06/10/2026 15:22:47 - INFO - utils.trainer -   Loss: 1.37775
06/10/2026 15:22:47 - INFO - utils.trainer -    Train loss: 1.36160, Test loss: 1.37775,Epoch time = 2.561s
06/10/2026 15:22:47 - INFO - utils.trainer -   Saving model checkpoint to output_dir/BrainNetCNN
06/10/2026 15:22:49 - INFO - utils.trainer -   ***** Running evaluation on test0 dataset *****
06/10/2026 15:22:51 - INFO - utils.trainer -   AUC: 0.61828
06/10/2026 15:22:51 - INFO - utils.trainer -   Accuracy: 0.32278
06/10/2026 15:22:51 - INFO - utils.trainer -   Precision: 0.31405
06/10/2026 15:22:51 - INFO - utils.trainer -   Recall: 0.33370
06/10/2026 15:22:51 - INFO - utils.trainer -   F_score: 0.25579
06/10/2026 15:22:51 - INFO - utils.trainer -   Loss: 1.46377
06/10/2026 15:22:51 - INFO - utils.trainer -    Train loss: 1.29012, Test loss: 1.46377,Epoch time = 2.407s
06/10/2026 15:22:51 - INFO - utils.trainer -   Saving model checkpoint to output_dir/BrainNetCNN
06/10/2026 15:22:53 - INFO - utils.trainer -   ***** Running evaluation on test0 dataset *****
06/10/2026 15:22:54 - INFO - utils.trainer -   AUC: 0.62506
06/10/2026 15:22:54 - INFO - utils.trainer -   Accuracy: 0.36076
06/10/2026 15:22:54 - INFO - utils.trainer -   Precision: 0.36935
06/10/2026 15:22:54 - INFO - utils.trainer -   Recall: 0.37338
06/10/2026 15:22:54 - INFO - utils.trainer -   F_score: 0.32336
06/10/2026 15:22:54 - INFO - utils.trainer -   Loss: 1.37104
06/10/2026 15:22:54 - INFO - utils.trainer -    Train loss: 1.12685, Test loss: 1.37104,Epoch time = 2.195s
06/10/2026 15:22:54 - INFO - utils.trainer -   Saving model checkpoint to output_dir/BrainNetCNN
06/10/2026 15:22:57 - INFO - utils.trainer -   ***** Running evaluation on test0 dataset *****
06/10/2026 15:22:58 - INFO - utils.trainer -   AUC: 0.59915
06/10/2026 15:22:58 - INFO - utils.trainer -   Accuracy: 0.34810
06/10/2026 15:22:58 - INFO - utils.trainer -   Precision: 0.34581
06/10/2026 15:22:58 - INFO - utils.trainer -   Recall: 0.35525
06/10/2026 15:22:58 - INFO - utils.trainer -   F_score: 0.33572
06/10/2026 15:22:58 - INFO - utils.trainer -   Loss: 1.61545
06/10/2026 15:22:58 - INFO - utils.trainer -    Train loss: 0.99382, Test loss: 1.61545,Epoch time = 2.216s
06/10/2026 15:23:00 - INFO - utils.trainer -   ***** Running evaluation on test0 dataset *****
06/10/2026 15:23:02 - INFO - utils.trainer -   AUC: 0.58042
06/10/2026 15:23:02 - INFO - utils.trainer -   Accuracy: 0.32278
06/10/2026 15:23:02 - INFO - utils.trainer -   Precision: 0.30323
06/10/2026 15:23:02 - INFO - utils.trainer -   Recall: 0.32970
06/10/2026 15:23:02 - INFO - utils.trainer -   F_score: 0.30176
06/10/2026 15:23:02 - INFO - utils.trainer -   Loss: 1.84746
06/10/2026 15:23:02 - INFO - utils.trainer -    Train loss: 0.90487, Test loss: 1.84746,Epoch time = 2.289s
06/10/2026 15:23:04 - INFO - utils.trainer -   ***** Running evaluation on test0 dataset *****
06/10/2026 15:23:06 - INFO - utils.trainer -   AUC: 0.61469
06/10/2026 15:23:06 - INFO - utils.trainer -   Accuracy: 0.30380
06/10/2026 15:23:06 - INFO - utils.trainer -   Precision: 0.29427
06/10/2026 15:23:06 - INFO - utils.trainer -   Recall: 0.32841
06/10/2026 15:23:06 - INFO - utils.trainer -   F_score: 0.23573
06/10/2026 15:23:06 - INFO - utils.trainer -   Loss: 2.69444
06/10/2026 15:23:06 - INFO - utils.trainer -    Train loss: 0.85328, Test loss: 2.69444,Epoch time = 2.350s
06/10/2026 15:23:08 - INFO - utils.trainer -   ***** Running evaluation on test0 dataset *****
06/10/2026 15:23:10 - INFO - utils.trainer -   AUC: 0.58223
06/10/2026 15:23:10 - INFO - utils.trainer -   Accuracy: 0.29747
06/10/2026 15:23:10 - INFO - utils.trainer -   Precision: 0.33951
06/10/2026 15:23:10 - INFO - utils.trainer -   Recall: 0.31266
06/10/2026 15:23:10 - INFO - utils.trainer -   F_score: 0.30379
06/10/2026 15:23:10 - INFO - utils.trainer -   Loss: 1.73682
06/10/2026 15:23:10 - INFO - utils.trainer -    Train loss: 0.84576, Test loss: 1.73682,Epoch time = 2.169s
06/10/2026 15:23:12 - INFO - utils.trainer -   ***** Running evaluation on test0 dataset *****
06/10/2026 15:23:14 - INFO - utils.trainer -   AUC: 0.59635
06/10/2026 15:23:14 - INFO - utils.trainer -   Accuracy: 0.32278
06/10/2026 15:23:14 - INFO - utils.trainer -   Precision: 0.34017
06/10/2026 15:23:14 - INFO - utils.trainer -   Recall: 0.33881
06/10/2026 15:23:14 - INFO - utils.trainer -   F_score: 0.30252
06/10/2026 15:23:14 - INFO - utils.trainer -   Loss: 2.55464
06/10/2026 15:23:14 - INFO - utils.trainer -    Train loss: 0.71716, Test loss: 2.55464,Epoch time = 2.262s
06/10/2026 15:23:16 - INFO - utils.trainer -   ***** Running evaluation on test0 dataset *****
06/10/2026 15:23:17 - INFO - utils.trainer -   AUC: 0.58561
06/10/2026 15:23:17 - INFO - utils.trainer -   Accuracy: 0.30380
06/10/2026 15:23:17 - INFO - utils.trainer -   Precision: 0.31802
06/10/2026 15:23:17 - INFO - utils.trainer -   Recall: 0.32547
06/10/2026 15:23:17 - INFO - utils.trainer -   F_score: 0.27826
06/10/2026 15:23:17 - INFO - utils.trainer -   Loss: 3.24480
06/10/2026 15:23:17 - INFO - utils.trainer -    Train loss: 0.54087, Test loss: 3.24480,Epoch time = 2.262s
06/10/2026 15:23:20 - INFO - utils.trainer -   ***** Running evaluation on test0 dataset *****
06/10/2026 15:23:21 - INFO - utils.trainer -   AUC: 0.60626
06/10/2026 15:23:21 - INFO - utils.trainer -   Accuracy: 0.25949
06/10/2026 15:23:21 - INFO - utils.trainer -   Precision: 0.20919
06/10/2026 15:23:21 - INFO - utils.trainer -   Recall: 0.29098
06/10/2026 15:23:21 - INFO - utils.trainer -   F_score: 0.21569
06/10/2026 15:23:21 - INFO - utils.trainer -   Loss: 3.18202
06/10/2026 15:23:21 - INFO - utils.trainer -    Train loss: 0.55979, Test loss: 3.18202,Epoch time = 2.369s
06/10/2026 15:23:24 - INFO - utils.trainer -   ***** Running evaluation on test0 dataset *****
06/10/2026 15:23:25 - INFO - utils.trainer -   AUC: 0.59546
06/10/2026 15:23:25 - INFO - utils.trainer -   Accuracy: 0.30380
06/10/2026 15:23:25 - INFO - utils.trainer -   Precision: 0.38061
06/10/2026 15:23:25 - INFO - utils.trainer -   Recall: 0.32546
06/10/2026 15:23:25 - INFO - utils.trainer -   F_score: 0.30119
06/10/2026 15:23:25 - INFO - utils.trainer -   Loss: 3.07695
06/10/2026 15:23:25 - INFO - utils.trainer -    Train loss: 0.45587, Test loss: 3.07695,Epoch time = 2.254s
06/10/2026 15:23:27 - INFO - utils.trainer -   ***** Running evaluation on test0 dataset *****
06/10/2026 15:23:29 - INFO - utils.trainer -   AUC: 0.55465
06/10/2026 15:23:29 - INFO - utils.trainer -   Accuracy: 0.25949
06/10/2026 15:23:29 - INFO - utils.trainer -   Precision: 0.33585
06/10/2026 15:23:29 - INFO - utils.trainer -   Recall: 0.26118
06/10/2026 15:23:29 - INFO - utils.trainer -   F_score: 0.26979
06/10/2026 15:23:29 - INFO - utils.trainer -   Loss: 2.78761
06/10/2026 15:23:29 - INFO - utils.trainer -    Train loss: 0.47959, Test loss: 2.78761,Epoch time = 2.232s
06/10/2026 15:23:32 - INFO - utils.trainer -   ***** Running evaluation on test0 dataset *****
06/10/2026 15:23:33 - INFO - utils.trainer -   AUC: 0.59642
06/10/2026 15:23:33 - INFO - utils.trainer -   Accuracy: 0.31013
06/10/2026 15:23:33 - INFO - utils.trainer -   Precision: 0.34834
06/10/2026 15:23:33 - INFO - utils.trainer -   Recall: 0.32931
06/10/2026 15:23:33 - INFO - utils.trainer -   F_score: 0.29446
06/10/2026 15:23:33 - INFO - utils.trainer -   Loss: 2.76374
06/10/2026 15:23:33 - INFO - utils.trainer -    Train loss: 0.51036, Test loss: 2.76374,Epoch time = 2.398s
06/10/2026 15:23:35 - INFO - utils.trainer -   ***** Running evaluation on test0 dataset *****
06/10/2026 15:23:37 - INFO - utils.trainer -   AUC: 0.63090
06/10/2026 15:23:37 - INFO - utils.trainer -   Accuracy: 0.31646
06/10/2026 15:23:37 - INFO - utils.trainer -   Precision: 0.39367
06/10/2026 15:23:37 - INFO - utils.trainer -   Recall: 0.34384
06/10/2026 15:23:37 - INFO - utils.trainer -   F_score: 0.28435
06/10/2026 15:23:37 - INFO - utils.trainer -   Loss: 4.08565
06/10/2026 15:23:37 - INFO - utils.trainer -    Train loss: 0.35186, Test loss: 4.08565,Epoch time = 2.339s
06/10/2026 15:23:39 - INFO - utils.trainer -   ***** Running evaluation on test0 dataset *****
06/10/2026 15:23:41 - INFO - utils.trainer -   AUC: 0.58072
06/10/2026 15:23:41 - INFO - utils.trainer -   Accuracy: 0.27215
06/10/2026 15:23:41 - INFO - utils.trainer -   Precision: 0.33230
06/10/2026 15:23:41 - INFO - utils.trainer -   Recall: 0.29338
06/10/2026 15:23:41 - INFO - utils.trainer -   F_score: 0.25474
06/10/2026 15:23:41 - INFO - utils.trainer -   Loss: 4.63969
06/10/2026 15:23:41 - INFO - utils.trainer -    Train loss: 0.36342, Test loss: 4.63969,Epoch time = 2.233s
06/10/2026 15:23:43 - INFO - utils.trainer -   ***** Running evaluation on test0 dataset *****
06/10/2026 15:23:45 - INFO - utils.trainer -   AUC: 0.58782
06/10/2026 15:23:45 - INFO - utils.trainer -   Accuracy: 0.34177
06/10/2026 15:23:45 - INFO - utils.trainer -   Precision: 0.39121
06/10/2026 15:23:45 - INFO - utils.trainer -   Recall: 0.34313
06/10/2026 15:23:45 - INFO - utils.trainer -   F_score: 0.34834
06/10/2026 15:23:45 - INFO - utils.trainer -   Loss: 3.74251
06/10/2026 15:23:45 - INFO - utils.trainer -    Train loss: 0.27790, Test loss: 3.74251,Epoch time = 2.263s
06/10/2026 15:23:47 - INFO - utils.trainer -   ***** Running evaluation on test0 dataset *****
06/10/2026 15:23:49 - INFO - utils.trainer -   AUC: 0.56935
06/10/2026 15:23:49 - INFO - utils.trainer -   Accuracy: 0.31646
06/10/2026 15:23:49 - INFO - utils.trainer -   Precision: 0.39197
06/10/2026 15:23:49 - INFO - utils.trainer -   Recall: 0.33472
06/10/2026 15:23:49 - INFO - utils.trainer -   F_score: 0.31828
06/10/2026 15:23:49 - INFO - utils.trainer -   Loss: 4.57209
06/10/2026 15:23:49 - INFO - utils.trainer -    Train loss: 0.34592, Test loss: 4.57209,Epoch time = 2.279s
06/10/2026 15:23:51 - INFO - utils.trainer -   ***** Running evaluation on test0 dataset *****
06/10/2026 15:23:53 - INFO - utils.trainer -   AUC: 0.58889
06/10/2026 15:23:53 - INFO - utils.trainer -   Accuracy: 0.32278
06/10/2026 15:23:53 - INFO - utils.trainer -   Precision: 0.44697
06/10/2026 15:23:53 - INFO - utils.trainer -   Recall: 0.33756
06/10/2026 15:23:53 - INFO - utils.trainer -   F_score: 0.32633
06/10/2026 15:23:53 - INFO - utils.trainer -   Loss: 3.16833
06/10/2026 15:23:53 - INFO - utils.trainer -    Train loss: 0.40101, Test loss: 3.16833,Epoch time = 2.278s
06/10/2026 15:23:55 - INFO - utils.trainer -   ***** Running evaluation on test0 dataset *****
06/10/2026 15:23:56 - INFO - utils.trainer -   AUC: 0.60058
06/10/2026 15:23:56 - INFO - utils.trainer -   Accuracy: 0.30380
06/10/2026 15:23:56 - INFO - utils.trainer -   Precision: 0.34101
06/10/2026 15:23:56 - INFO - utils.trainer -   Recall: 0.32198
06/10/2026 15:23:56 - INFO - utils.trainer -   F_score: 0.29997
06/10/2026 15:23:56 - INFO - utils.trainer -   Loss: 4.52605
06/10/2026 15:23:56 - INFO - utils.trainer -    Train loss: 0.22596, Test loss: 4.52605,Epoch time = 2.334s
06/10/2026 15:23:59 - INFO - utils.trainer -   ***** Running evaluation on test0 dataset *****
06/10/2026 15:24:00 - INFO - utils.trainer -   AUC: 0.59140
06/10/2026 15:24:00 - INFO - utils.trainer -   Accuracy: 0.32278
06/10/2026 15:24:00 - INFO - utils.trainer -   Precision: 0.35389
06/10/2026 15:24:00 - INFO - utils.trainer -   Recall: 0.34282
06/10/2026 15:24:00 - INFO - utils.trainer -   F_score: 0.31067
06/10/2026 15:24:00 - INFO - utils.trainer -   Loss: 5.28348
06/10/2026 15:24:00 - INFO - utils.trainer -    Train loss: 0.24600, Test loss: 5.28348,Epoch time = 2.277s
06/10/2026 15:24:03 - INFO - utils.trainer -   ***** Running evaluation on test0 dataset *****
06/10/2026 15:24:04 - INFO - utils.trainer -   AUC: 0.59117
06/10/2026 15:24:04 - INFO - utils.trainer -   Accuracy: 0.30380
06/10/2026 15:24:04 - INFO - utils.trainer -   Precision: 0.39526
06/10/2026 15:24:04 - INFO - utils.trainer -   Recall: 0.32758
06/10/2026 15:24:04 - INFO - utils.trainer -   F_score: 0.28193
06/10/2026 15:24:04 - INFO - utils.trainer -   Loss: 5.24069
06/10/2026 15:24:04 - INFO - utils.trainer -    Train loss: 0.25091, Test loss: 5.24069,Epoch time = 2.288s
06/10/2026 15:24:06 - INFO - utils.trainer -   ***** Running evaluation on test0 dataset *****
06/10/2026 15:24:08 - INFO - utils.trainer -   AUC: 0.57127
06/10/2026 15:24:08 - INFO - utils.trainer -   Accuracy: 0.31013
06/10/2026 15:24:08 - INFO - utils.trainer -   Precision: 0.38026
06/10/2026 15:24:08 - INFO - utils.trainer -   Recall: 0.32613
06/10/2026 15:24:08 - INFO - utils.trainer -   F_score: 0.31600
06/10/2026 15:24:08 - INFO - utils.trainer -   Loss: 4.22941
06/10/2026 15:24:08 - INFO - utils.trainer -    Train loss: 0.26855, Test loss: 4.22941,Epoch time = 2.291s
06/10/2026 15:24:10 - INFO - utils.trainer -   ***** Running evaluation on test0 dataset *****
06/10/2026 15:24:12 - INFO - utils.trainer -   AUC: 0.57917
06/10/2026 15:24:12 - INFO - utils.trainer -   Accuracy: 0.29114
06/10/2026 15:24:12 - INFO - utils.trainer -   Precision: 0.30344
06/10/2026 15:24:12 - INFO - utils.trainer -   Recall: 0.31069
06/10/2026 15:24:12 - INFO - utils.trainer -   F_score: 0.28393
06/10/2026 15:24:12 - INFO - utils.trainer -   Loss: 5.24449
06/10/2026 15:24:12 - INFO - utils.trainer -    Train loss: 0.22918, Test loss: 5.24449,Epoch time = 2.313s
06/10/2026 15:24:14 - INFO - utils.trainer -   ***** Running evaluation on test0 dataset *****
06/10/2026 15:24:16 - INFO - utils.trainer -   AUC: 0.57356
06/10/2026 15:24:16 - INFO - utils.trainer -   Accuracy: 0.27848
06/10/2026 15:24:16 - INFO - utils.trainer -   Precision: 0.33585
06/10/2026 15:24:16 - INFO - utils.trainer -   Recall: 0.30242
06/10/2026 15:24:16 - INFO - utils.trainer -   F_score: 0.26931
06/10/2026 15:24:16 - INFO - utils.trainer -   Loss: 5.49475
06/10/2026 15:24:16 - INFO - utils.trainer -    Train loss: 0.18726, Test loss: 5.49475,Epoch time = 2.274s
06/10/2026 15:24:18 - INFO - utils.trainer -   ***** Running evaluation on test0 dataset *****
06/10/2026 15:24:20 - INFO - utils.trainer -   AUC: 0.60826
06/10/2026 15:24:20 - INFO - utils.trainer -   Accuracy: 0.32278
06/10/2026 15:24:20 - INFO - utils.trainer -   Precision: 0.40095
06/10/2026 15:24:20 - INFO - utils.trainer -   Recall: 0.34595
06/10/2026 15:24:20 - INFO - utils.trainer -   F_score: 0.29476
06/10/2026 15:24:20 - INFO - utils.trainer -   Loss: 6.63429
06/10/2026 15:24:20 - INFO - utils.trainer -    Train loss: 0.11506, Test loss: 6.63429,Epoch time = 2.269s
06/10/2026 15:24:22 - INFO - utils.trainer -   ***** Running evaluation on test0 dataset *****
06/10/2026 15:24:23 - INFO - utils.trainer -   AUC: 0.58498
06/10/2026 15:24:23 - INFO - utils.trainer -   Accuracy: 0.29114
06/10/2026 15:24:23 - INFO - utils.trainer -   Precision: 0.46884
06/10/2026 15:24:23 - INFO - utils.trainer -   Recall: 0.31727
06/10/2026 15:24:23 - INFO - utils.trainer -   F_score: 0.26321
06/10/2026 15:24:23 - INFO - utils.trainer -   Loss: 8.29898
06/10/2026 15:24:23 - INFO - utils.trainer -    Train loss: 0.17855, Test loss: 8.29898,Epoch time = 2.250s
06/10/2026 15:24:26 - INFO - utils.trainer -   ***** Running evaluation on test0 dataset *****
06/10/2026 15:24:27 - INFO - utils.trainer -   AUC: 0.56516
06/10/2026 15:24:27 - INFO - utils.trainer -   Accuracy: 0.27848
06/10/2026 15:24:27 - INFO - utils.trainer -   Precision: 0.33441
06/10/2026 15:24:27 - INFO - utils.trainer -   Recall: 0.29446
06/10/2026 15:24:27 - INFO - utils.trainer -   F_score: 0.27877
06/10/2026 15:24:27 - INFO - utils.trainer -   Loss: 4.35579
06/10/2026 15:24:27 - INFO - utils.trainer -    Train loss: 0.39690, Test loss: 4.35579,Epoch time = 2.268s
06/10/2026 15:24:30 - INFO - utils.trainer -   ***** Running evaluation on test0 dataset *****
06/10/2026 15:24:31 - INFO - utils.trainer -   AUC: 0.55075
06/10/2026 15:24:31 - INFO - utils.trainer -   Accuracy: 0.25316
06/10/2026 15:24:31 - INFO - utils.trainer -   Precision: 0.30382
06/10/2026 15:24:31 - INFO - utils.trainer -   Recall: 0.27265
06/10/2026 15:24:31 - INFO - utils.trainer -   F_score: 0.24728
06/10/2026 15:24:31 - INFO - utils.trainer -   Loss: 5.20938
06/10/2026 15:24:31 - INFO - utils.trainer -    Train loss: 0.18253, Test loss: 5.20938,Epoch time = 2.273s
06/10/2026 15:24:34 - INFO - utils.trainer -   ***** Running evaluation on test0 dataset *****
06/10/2026 15:24:35 - INFO - utils.trainer -   AUC: 0.55071
06/10/2026 15:24:35 - INFO - utils.trainer -   Accuracy: 0.25316
06/10/2026 15:24:35 - INFO - utils.trainer -   Precision: 0.30448
06/10/2026 15:24:35 - INFO - utils.trainer -   Recall: 0.26530
06/10/2026 15:24:35 - INFO - utils.trainer -   F_score: 0.25862
06/10/2026 15:24:35 - INFO - utils.trainer -   Loss: 5.07296
06/10/2026 15:24:35 - INFO - utils.trainer -    Train loss: 0.16662, Test loss: 5.07296,Epoch time = 2.352s
06/10/2026 15:24:37 - INFO - utils.trainer -   ***** Running evaluation on test0 dataset *****
06/10/2026 15:24:39 - INFO - utils.trainer -   AUC: 0.58309
06/10/2026 15:24:39 - INFO - utils.trainer -   Accuracy: 0.29747
06/10/2026 15:24:39 - INFO - utils.trainer -   Precision: 0.35673
06/10/2026 15:24:39 - INFO - utils.trainer -   Recall: 0.31995
06/10/2026 15:24:39 - INFO - utils.trainer -   F_score: 0.28467
06/10/2026 15:24:39 - INFO - utils.trainer -   Loss: 5.58341
06/10/2026 15:24:39 - INFO - utils.trainer -    Train loss: 0.15507, Test loss: 5.58341,Epoch time = 2.282s
06/10/2026 15:24:41 - INFO - utils.trainer -   ***** Running evaluation on test0 dataset *****
06/10/2026 15:24:43 - INFO - utils.trainer -   AUC: 0.57640
06/10/2026 15:24:43 - INFO - utils.trainer -   Accuracy: 0.29747
06/10/2026 15:24:43 - INFO - utils.trainer -   Precision: 0.38935
06/10/2026 15:24:43 - INFO - utils.trainer -   Recall: 0.31688
06/10/2026 15:24:43 - INFO - utils.trainer -   F_score: 0.29807
06/10/2026 15:24:43 - INFO - utils.trainer -   Loss: 6.30802
06/10/2026 15:24:43 - INFO - utils.trainer -    Train loss: 0.10271, Test loss: 6.30802,Epoch time = 2.279s
06/10/2026 15:24:45 - INFO - utils.trainer -   ***** Running evaluation on test0 dataset *****
06/10/2026 15:24:47 - INFO - utils.trainer -   AUC: 0.59685
06/10/2026 15:24:47 - INFO - utils.trainer -   Accuracy: 0.32911
06/10/2026 15:24:47 - INFO - utils.trainer -   Precision: 0.39937
06/10/2026 15:24:47 - INFO - utils.trainer -   Recall: 0.34379
06/10/2026 15:24:47 - INFO - utils.trainer -   F_score: 0.33246
06/10/2026 15:24:47 - INFO - utils.trainer -   Loss: 5.83045
06/10/2026 15:24:47 - INFO - utils.trainer -    Train loss: 0.11783, Test loss: 5.83045,Epoch time = 2.249s
06/10/2026 15:24:49 - INFO - utils.trainer -   ***** Running evaluation on test0 dataset *****
06/10/2026 15:24:51 - INFO - utils.trainer -   AUC: 0.60124
06/10/2026 15:24:51 - INFO - utils.trainer -   Accuracy: 0.28481
06/10/2026 15:24:51 - INFO - utils.trainer -   Precision: 0.30412
06/10/2026 15:24:51 - INFO - utils.trainer -   Recall: 0.30861
06/10/2026 15:24:51 - INFO - utils.trainer -   F_score: 0.26274
06/10/2026 15:24:51 - INFO - utils.trainer -   Loss: 6.96825
06/10/2026 15:24:51 - INFO - utils.trainer -    Train loss: 0.11741, Test loss: 6.96825,Epoch time = 2.251s
06/10/2026 15:24:53 - INFO - utils.trainer -   ***** Running evaluation on test0 dataset *****
06/10/2026 15:24:54 - INFO - utils.trainer -   AUC: 0.60190
06/10/2026 15:24:54 - INFO - utils.trainer -   Accuracy: 0.29114
06/10/2026 15:24:54 - INFO - utils.trainer -   Precision: 0.33553
06/10/2026 15:24:54 - INFO - utils.trainer -   Recall: 0.31153
06/10/2026 15:24:54 - INFO - utils.trainer -   F_score: 0.28662
06/10/2026 15:24:54 - INFO - utils.trainer -   Loss: 7.16236
06/10/2026 15:24:54 - INFO - utils.trainer -    Train loss: 0.09289, Test loss: 7.16236,Epoch time = 2.251s
06/10/2026 15:24:57 - INFO - utils.trainer -   ***** Running evaluation on test0 dataset *****
06/10/2026 15:24:58 - INFO - utils.trainer -   AUC: 0.56335
06/10/2026 15:24:58 - INFO - utils.trainer -   Accuracy: 0.27215
06/10/2026 15:24:58 - INFO - utils.trainer -   Precision: 0.34768
06/10/2026 15:24:58 - INFO - utils.trainer -   Recall: 0.29228
06/10/2026 15:24:58 - INFO - utils.trainer -   F_score: 0.26817
06/10/2026 15:24:58 - INFO - utils.trainer -   Loss: 6.71990
06/10/2026 15:24:58 - INFO - utils.trainer -    Train loss: 0.17185, Test loss: 6.71990,Epoch time = 2.247s
06/10/2026 15:25:01 - INFO - utils.trainer -   ***** Running evaluation on test0 dataset *****
06/10/2026 15:25:02 - INFO - utils.trainer -   AUC: 0.60498
06/10/2026 15:25:02 - INFO - utils.trainer -   Accuracy: 0.34810
06/10/2026 15:25:02 - INFO - utils.trainer -   Precision: 0.40232
06/10/2026 15:25:02 - INFO - utils.trainer -   Recall: 0.36435
06/10/2026 15:25:02 - INFO - utils.trainer -   F_score: 0.35315
06/10/2026 15:25:02 - INFO - utils.trainer -   Loss: 5.54732
06/10/2026 15:25:02 - INFO - utils.trainer -    Train loss: 0.12726, Test loss: 5.54732,Epoch time = 2.406s
06/10/2026 15:25:05 - INFO - utils.trainer -   ***** Running evaluation on test0 dataset *****
06/10/2026 15:25:07 - INFO - utils.trainer -   AUC: 0.58034
06/10/2026 15:25:07 - INFO - utils.trainer -   Accuracy: 0.31013
06/10/2026 15:25:07 - INFO - utils.trainer -   Precision: 0.41557
06/10/2026 15:25:07 - INFO - utils.trainer -   Recall: 0.32289
06/10/2026 15:25:07 - INFO - utils.trainer -   F_score: 0.32143
06/10/2026 15:25:07 - INFO - utils.trainer -   Loss: 4.99555
06/10/2026 15:25:07 - INFO - utils.trainer -    Train loss: 0.22152, Test loss: 4.99555,Epoch time = 2.456s
06/10/2026 15:25:09 - INFO - utils.trainer -   ***** Running evaluation on test0 dataset *****
06/10/2026 15:25:11 - INFO - utils.trainer -   AUC: 0.59080
06/10/2026 15:25:11 - INFO - utils.trainer -   Accuracy: 0.34177
06/10/2026 15:25:11 - INFO - utils.trainer -   Precision: 0.39189
06/10/2026 15:25:11 - INFO - utils.trainer -   Recall: 0.36821
06/10/2026 15:25:11 - INFO - utils.trainer -   F_score: 0.33135
06/10/2026 15:25:11 - INFO - utils.trainer -   Loss: 6.05386
06/10/2026 15:25:11 - INFO - utils.trainer -    Train loss: 0.15952, Test loss: 6.05386,Epoch time = 2.383s
06/10/2026 15:25:13 - INFO - utils.trainer -   ***** Running evaluation on test0 dataset *****
06/10/2026 15:25:15 - INFO - utils.trainer -   AUC: 0.59572
06/10/2026 15:25:15 - INFO - utils.trainer -   Accuracy: 0.33544
06/10/2026 15:25:15 - INFO - utils.trainer -   Precision: 0.41087
06/10/2026 15:25:15 - INFO - utils.trainer -   Recall: 0.36181
06/10/2026 15:25:15 - INFO - utils.trainer -   F_score: 0.31898
06/10/2026 15:25:15 - INFO - utils.trainer -   Loss: 6.52173
06/10/2026 15:25:15 - INFO - utils.trainer -    Train loss: 0.07795, Test loss: 6.52173,Epoch time = 2.373s
06/10/2026 15:25:17 - INFO - utils.trainer -   ***** Running evaluation on test0 dataset *****
06/10/2026 15:25:19 - INFO - utils.trainer -   AUC: 0.58824
06/10/2026 15:25:19 - INFO - utils.trainer -   Accuracy: 0.27215
06/10/2026 15:25:19 - INFO - utils.trainer -   Precision: 0.35436
06/10/2026 15:25:19 - INFO - utils.trainer -   Recall: 0.29809
06/10/2026 15:25:19 - INFO - utils.trainer -   F_score: 0.25310
06/10/2026 15:25:19 - INFO - utils.trainer -   Loss: 7.74261
06/10/2026 15:25:19 - INFO - utils.trainer -    Train loss: 0.14076, Test loss: 7.74261,Epoch time = 2.305s
06/10/2026 15:25:21 - INFO - utils.trainer -   ***** Running evaluation on test0 dataset *****
06/10/2026 15:25:23 - INFO - utils.trainer -   AUC: 0.59923
06/10/2026 15:25:23 - INFO - utils.trainer -   Accuracy: 0.31013
06/10/2026 15:25:23 - INFO - utils.trainer -   Precision: 0.37963
06/10/2026 15:25:23 - INFO - utils.trainer -   Recall: 0.32465
06/10/2026 15:25:23 - INFO - utils.trainer -   F_score: 0.31664
06/10/2026 15:25:23 - INFO - utils.trainer -   Loss: 5.25811
06/10/2026 15:25:23 - INFO - utils.trainer -    Train loss: 0.12284, Test loss: 5.25811,Epoch time = 2.365s
06/10/2026 15:25:25 - INFO - utils.trainer -   ***** Running evaluation on test0 dataset *****
06/10/2026 15:25:27 - INFO - utils.trainer -   AUC: 0.57793
06/10/2026 15:25:27 - INFO - utils.trainer -   Accuracy: 0.32278
06/10/2026 15:25:27 - INFO - utils.trainer -   Precision: 0.34525
06/10/2026 15:25:27 - INFO - utils.trainer -   Recall: 0.34028
06/10/2026 15:25:27 - INFO - utils.trainer -   F_score: 0.31462
06/10/2026 15:25:27 - INFO - utils.trainer -   Loss: 6.88967
06/10/2026 15:25:27 - INFO - utils.trainer -    Train loss: 0.12488, Test loss: 6.88967,Epoch time = 2.417s
06/10/2026 15:25:29 - INFO - utils.trainer -   ***** Running evaluation on test0 dataset *****
06/10/2026 15:25:31 - INFO - utils.trainer -   AUC: 0.60574
06/10/2026 15:25:31 - INFO - utils.trainer -   Accuracy: 0.29114
06/10/2026 15:25:31 - INFO - utils.trainer -   Precision: 0.30436
06/10/2026 15:25:31 - INFO - utils.trainer -   Recall: 0.31924
06/10/2026 15:25:31 - INFO - utils.trainer -   F_score: 0.26874
06/10/2026 15:25:31 - INFO - utils.trainer -   Loss: 7.21181
06/10/2026 15:25:31 - INFO - utils.trainer -    Train loss: 0.09130, Test loss: 7.21181,Epoch time = 2.451s
06/10/2026 15:25:33 - INFO - utils.trainer -   ***** Running evaluation on test0 dataset *****
06/10/2026 15:25:35 - INFO - utils.trainer -   AUC: 0.58164
06/10/2026 15:25:35 - INFO - utils.trainer -   Accuracy: 0.29114
06/10/2026 15:25:35 - INFO - utils.trainer -   Precision: 0.34527
06/10/2026 15:25:35 - INFO - utils.trainer -   Recall: 0.30999
06/10/2026 15:25:35 - INFO - utils.trainer -   F_score: 0.28171
06/10/2026 15:25:35 - INFO - utils.trainer -   Loss: 6.50786
06/10/2026 15:25:35 - INFO - utils.trainer -    Train loss: 0.09181, Test loss: 6.50786,Epoch time = 2.422s
06/10/2026 15:25:37 - INFO - utils.trainer -   ***** Running evaluation on test0 dataset *****
06/10/2026 15:25:39 - INFO - utils.trainer -   AUC: 0.59178
06/10/2026 15:25:39 - INFO - utils.trainer -   Accuracy: 0.29747
06/10/2026 15:25:39 - INFO - utils.trainer -   Precision: 0.37936
06/10/2026 15:25:39 - INFO - utils.trainer -   Recall: 0.31825
06/10/2026 15:25:39 - INFO - utils.trainer -   F_score: 0.29809
06/10/2026 15:25:39 - INFO - utils.trainer -   Loss: 6.81370
06/10/2026 15:25:39 - INFO - utils.trainer -    Train loss: 0.04317, Test loss: 6.81370,Epoch time = 2.392s
06/10/2026 15:25:41 - INFO - utils.trainer -   ***** Running evaluation on test0 dataset *****
06/10/2026 15:25:43 - INFO - utils.trainer -   AUC: 0.59030
06/10/2026 15:25:43 - INFO - utils.trainer -   Accuracy: 0.30380
06/10/2026 15:25:43 - INFO - utils.trainer -   Precision: 0.33344
06/10/2026 15:25:43 - INFO - utils.trainer -   Recall: 0.32498
06/10/2026 15:25:43 - INFO - utils.trainer -   F_score: 0.28626
06/10/2026 15:25:43 - INFO - utils.trainer -   Loss: 7.94140
06/10/2026 15:25:43 - INFO - utils.trainer -    Train loss: 0.03807, Test loss: 7.94140,Epoch time = 2.433s
06/10/2026 15:25:46 - INFO - utils.trainer -   ***** Running evaluation on test0 dataset *****
06/10/2026 15:25:47 - INFO - utils.trainer -   AUC: 0.59759
06/10/2026 15:25:47 - INFO - utils.trainer -   Accuracy: 0.29114
06/10/2026 15:25:47 - INFO - utils.trainer -   Precision: 0.31124
06/10/2026 15:25:47 - INFO - utils.trainer -   Recall: 0.31041
06/10/2026 15:25:47 - INFO - utils.trainer -   F_score: 0.27769
06/10/2026 15:25:47 - INFO - utils.trainer -   Loss: 8.10912
06/10/2026 15:25:47 - INFO - utils.trainer -    Train loss: 0.07974, Test loss: 8.10912,Epoch time = 2.382s
06/10/2026 15:25:50 - INFO - utils.trainer -   ***** Running evaluation on test0 dataset *****
06/10/2026 15:25:51 - INFO - utils.trainer -   AUC: 0.57202
06/10/2026 15:25:51 - INFO - utils.trainer -   Accuracy: 0.29114
06/10/2026 15:25:51 - INFO - utils.trainer -   Precision: 0.34376
06/10/2026 15:25:51 - INFO - utils.trainer -   Recall: 0.31146
06/10/2026 15:25:51 - INFO - utils.trainer -   F_score: 0.27643
06/10/2026 15:25:51 - INFO - utils.trainer -   Loss: 8.73913
06/10/2026 15:25:51 - INFO - utils.trainer -    Train loss: 0.06953, Test loss: 8.73913,Epoch time = 2.389s
06/10/2026 15:25:54 - INFO - utils.trainer -   ***** Running evaluation on test0 dataset *****
06/10/2026 15:25:56 - INFO - utils.trainer -   AUC: 0.56859
06/10/2026 15:25:56 - INFO - utils.trainer -   Accuracy: 0.29114
06/10/2026 15:25:56 - INFO - utils.trainer -   Precision: 0.34579
06/10/2026 15:25:56 - INFO - utils.trainer -   Recall: 0.31330
06/10/2026 15:25:56 - INFO - utils.trainer -   F_score: 0.27132
06/10/2026 15:25:56 - INFO - utils.trainer -   Loss: 9.54691
06/10/2026 15:25:56 - INFO - utils.trainer -    Train loss: 0.04836, Test loss: 9.54691,Epoch time = 2.564s
06/10/2026 15:25:58 - INFO - utils.trainer -   ***** Running evaluation on test0 dataset *****
06/10/2026 15:26:00 - INFO - utils.trainer -   AUC: 0.59961
06/10/2026 15:26:00 - INFO - utils.trainer -   Accuracy: 0.31646
06/10/2026 15:26:00 - INFO - utils.trainer -   Precision: 0.36110
06/10/2026 15:26:00 - INFO - utils.trainer -   Recall: 0.33803
06/10/2026 15:26:00 - INFO - utils.trainer -   F_score: 0.30361
06/10/2026 15:26:00 - INFO - utils.trainer -   Loss: 7.95445
06/10/2026 15:26:00 - INFO - utils.trainer -    Train loss: 0.06248, Test loss: 7.95445,Epoch time = 2.315s
06/10/2026 15:26:02 - INFO - utils.trainer -   ***** Running evaluation on test0 dataset *****
06/10/2026 15:26:04 - INFO - utils.trainer -   AUC: 0.57536
06/10/2026 15:26:04 - INFO - utils.trainer -   Accuracy: 0.29747
06/10/2026 15:26:04 - INFO - utils.trainer -   Precision: 0.32527
06/10/2026 15:26:04 - INFO - utils.trainer -   Recall: 0.32054
06/10/2026 15:26:04 - INFO - utils.trainer -   F_score: 0.27817
06/10/2026 15:26:04 - INFO - utils.trainer -   Loss: 9.12839
06/10/2026 15:26:04 - INFO - utils.trainer -    Train loss: 0.04937, Test loss: 9.12839,Epoch time = 2.345s
06/10/2026 15:26:06 - INFO - utils.trainer -   ***** Running evaluation on test0 dataset *****
06/10/2026 15:26:08 - INFO - utils.trainer -   AUC: 0.58584
06/10/2026 15:26:08 - INFO - utils.trainer -   Accuracy: 0.30380
06/10/2026 15:26:08 - INFO - utils.trainer -   Precision: 0.32968
06/10/2026 15:26:08 - INFO - utils.trainer -   Recall: 0.31675
06/10/2026 15:26:08 - INFO - utils.trainer -   F_score: 0.29647
06/10/2026 15:26:08 - INFO - utils.trainer -   Loss: 8.89769
06/10/2026 15:26:08 - INFO - utils.trainer -    Train loss: 0.03986, Test loss: 8.89769,Epoch time = 2.416s
06/10/2026 15:26:10 - INFO - utils.trainer -   ***** Running evaluation on test0 dataset *****
06/10/2026 15:26:12 - INFO - utils.trainer -   AUC: 0.59580
06/10/2026 15:26:12 - INFO - utils.trainer -   Accuracy: 0.31013
06/10/2026 15:26:12 - INFO - utils.trainer -   Precision: 0.36382
06/10/2026 15:26:12 - INFO - utils.trainer -   Recall: 0.33459
06/10/2026 15:26:12 - INFO - utils.trainer -   F_score: 0.27942
06/10/2026 15:26:12 - INFO - utils.trainer -   Loss: 11.10862
06/10/2026 15:26:12 - INFO - utils.trainer -    Train loss: 0.09613, Test loss: 11.10862,Epoch time = 2.390s
06/10/2026 15:26:14 - INFO - utils.trainer -   ***** Running evaluation on test0 dataset *****
06/10/2026 15:26:16 - INFO - utils.trainer -   AUC: 0.57681
06/10/2026 15:26:16 - INFO - utils.trainer -   Accuracy: 0.26582
06/10/2026 15:26:16 - INFO - utils.trainer -   Precision: 0.29435
06/10/2026 15:26:16 - INFO - utils.trainer -   Recall: 0.29263
06/10/2026 15:26:16 - INFO - utils.trainer -   F_score: 0.25119
06/10/2026 15:26:16 - INFO - utils.trainer -   Loss: 5.88952
06/10/2026 15:26:16 - INFO - utils.trainer -    Train loss: 0.29455, Test loss: 5.88952,Epoch time = 2.322s
06/10/2026 15:26:18 - INFO - utils.trainer -   ***** Running evaluation on test0 dataset *****
06/10/2026 15:26:20 - INFO - utils.trainer -   AUC: 0.57548
06/10/2026 15:26:20 - INFO - utils.trainer -   Accuracy: 0.27848
06/10/2026 15:26:20 - INFO - utils.trainer -   Precision: 0.39833
06/10/2026 15:26:20 - INFO - utils.trainer -   Recall: 0.30062
06/10/2026 15:26:20 - INFO - utils.trainer -   F_score: 0.26638
06/10/2026 15:26:20 - INFO - utils.trainer -   Loss: 4.79079
06/10/2026 15:26:20 - INFO - utils.trainer -    Train loss: 0.11852, Test loss: 4.79079,Epoch time = 2.400s
06/10/2026 15:26:22 - INFO - utils.trainer -   ***** Running evaluation on test0 dataset *****
06/10/2026 15:26:24 - INFO - utils.trainer -   AUC: 0.57950
06/10/2026 15:26:24 - INFO - utils.trainer -   Accuracy: 0.31013
06/10/2026 15:26:24 - INFO - utils.trainer -   Precision: 0.31812
06/10/2026 15:26:24 - INFO - utils.trainer -   Recall: 0.33068
06/10/2026 15:26:24 - INFO - utils.trainer -   F_score: 0.30105
06/10/2026 15:26:24 - INFO - utils.trainer -   Loss: 4.52555
06/10/2026 15:26:24 - INFO - utils.trainer -    Train loss: 0.13259, Test loss: 4.52555,Epoch time = 2.386s
06/10/2026 15:26:26 - INFO - utils.trainer -   ***** Running evaluation on test0 dataset *****
06/10/2026 15:26:28 - INFO - utils.trainer -   AUC: 0.57514
06/10/2026 15:26:28 - INFO - utils.trainer -   Accuracy: 0.30380
06/10/2026 15:26:28 - INFO - utils.trainer -   Precision: 0.35023
06/10/2026 15:26:28 - INFO - utils.trainer -   Recall: 0.32427
06/10/2026 15:26:28 - INFO - utils.trainer -   F_score: 0.29103
06/10/2026 15:26:28 - INFO - utils.trainer -   Loss: 6.17955
06/10/2026 15:26:28 - INFO - utils.trainer -    Train loss: 0.06513, Test loss: 6.17955,Epoch time = 2.302s
06/10/2026 15:26:30 - INFO - utils.trainer -   ***** Running evaluation on test0 dataset *****
06/10/2026 15:26:32 - INFO - utils.trainer -   AUC: 0.56826
06/10/2026 15:26:32 - INFO - utils.trainer -   Accuracy: 0.29747
06/10/2026 15:26:32 - INFO - utils.trainer -   Precision: 0.34593
06/10/2026 15:26:32 - INFO - utils.trainer -   Recall: 0.31663
06/10/2026 15:26:32 - INFO - utils.trainer -   F_score: 0.28978
06/10/2026 15:26:32 - INFO - utils.trainer -   Loss: 7.39833
06/10/2026 15:26:32 - INFO - utils.trainer -    Train loss: 0.02212, Test loss: 7.39833,Epoch time = 2.444s
06/10/2026 15:26:34 - INFO - utils.trainer -   ***** Running evaluation on test0 dataset *****
06/10/2026 15:26:36 - INFO - utils.trainer -   AUC: 0.54332
06/10/2026 15:26:36 - INFO - utils.trainer -   Accuracy: 0.30380
06/10/2026 15:26:36 - INFO - utils.trainer -   Precision: 0.34353
06/10/2026 15:26:36 - INFO - utils.trainer -   Recall: 0.32138
06/10/2026 15:26:36 - INFO - utils.trainer -   F_score: 0.30379
06/10/2026 15:26:36 - INFO - utils.trainer -   Loss: 8.02749
06/10/2026 15:26:36 - INFO - utils.trainer -    Train loss: 0.01483, Test loss: 8.02749,Epoch time = 2.385s
06/10/2026 15:26:39 - INFO - utils.trainer -   ***** Running evaluation on test0 dataset *****
06/10/2026 15:26:40 - INFO - utils.trainer -   AUC: 0.57386
06/10/2026 15:26:40 - INFO - utils.trainer -   Accuracy: 0.29114
06/10/2026 15:26:40 - INFO - utils.trainer -   Precision: 0.32487
06/10/2026 15:26:40 - INFO - utils.trainer -   Recall: 0.30935
06/10/2026 15:26:40 - INFO - utils.trainer -   F_score: 0.28673
06/10/2026 15:26:40 - INFO - utils.trainer -   Loss: 8.59075
06/10/2026 15:26:40 - INFO - utils.trainer -    Train loss: 0.00983, Test loss: 8.59075,Epoch time = 2.373s
06/10/2026 15:26:43 - INFO - utils.trainer -   ***** Running evaluation on test0 dataset *****
06/10/2026 15:26:45 - INFO - utils.trainer -   AUC: 0.59298
06/10/2026 15:26:45 - INFO - utils.trainer -   Accuracy: 0.31646
06/10/2026 15:26:45 - INFO - utils.trainer -   Precision: 0.37091
06/10/2026 15:26:45 - INFO - utils.trainer -   Recall: 0.33591
06/10/2026 15:26:45 - INFO - utils.trainer -   F_score: 0.31693
06/10/2026 15:26:45 - INFO - utils.trainer -   Loss: 8.27480
06/10/2026 15:26:45 - INFO - utils.trainer -    Train loss: 0.00382, Test loss: 8.27480,Epoch time = 2.793s
06/10/2026 15:26:47 - INFO - utils.trainer -   ***** Running evaluation on test0 dataset *****
06/10/2026 15:26:49 - INFO - utils.trainer -   AUC: 0.56808
06/10/2026 15:26:49 - INFO - utils.trainer -   Accuracy: 0.31646
06/10/2026 15:26:49 - INFO - utils.trainer -   Precision: 0.40556
06/10/2026 15:26:49 - INFO - utils.trainer -   Recall: 0.33419
06/10/2026 15:26:49 - INFO - utils.trainer -   F_score: 0.32095
06/10/2026 15:26:49 - INFO - utils.trainer -   Loss: 8.55000
06/10/2026 15:26:49 - INFO - utils.trainer -    Train loss: 0.01822, Test loss: 8.55000,Epoch time = 2.396s
06/10/2026 15:26:51 - INFO - utils.trainer -   ***** Running evaluation on test0 dataset *****
06/10/2026 15:26:53 - INFO - utils.trainer -   AUC: 0.57794
06/10/2026 15:26:53 - INFO - utils.trainer -   Accuracy: 0.32278
06/10/2026 15:26:53 - INFO - utils.trainer -   Precision: 0.36753
06/10/2026 15:26:53 - INFO - utils.trainer -   Recall: 0.33556
06/10/2026 15:26:53 - INFO - utils.trainer -   F_score: 0.32668
06/10/2026 15:26:53 - INFO - utils.trainer -   Loss: 9.29589
06/10/2026 15:26:53 - INFO - utils.trainer -    Train loss: 0.01959, Test loss: 9.29589,Epoch time = 2.450s
06/10/2026 15:26:55 - INFO - utils.trainer -   ***** Running evaluation on test0 dataset *****
06/10/2026 15:26:57 - INFO - utils.trainer -   AUC: 0.57379
06/10/2026 15:26:57 - INFO - utils.trainer -   Accuracy: 0.29747
06/10/2026 15:26:57 - INFO - utils.trainer -   Precision: 0.35117
06/10/2026 15:26:57 - INFO - utils.trainer -   Recall: 0.31959
06/10/2026 15:26:57 - INFO - utils.trainer -   F_score: 0.28243
06/10/2026 15:26:57 - INFO - utils.trainer -   Loss: 11.36765
06/10/2026 15:26:57 - INFO - utils.trainer -    Train loss: 0.01725, Test loss: 11.36765,Epoch time = 2.381s
06/10/2026 15:27:00 - INFO - utils.trainer -   ***** Running evaluation on test0 dataset *****
06/10/2026 15:27:01 - INFO - utils.trainer -   AUC: 0.58781
06/10/2026 15:27:01 - INFO - utils.trainer -   Accuracy: 0.27215
06/10/2026 15:27:01 - INFO - utils.trainer -   Precision: 0.31896
06/10/2026 15:27:01 - INFO - utils.trainer -   Recall: 0.28634
06/10/2026 15:27:01 - INFO - utils.trainer -   F_score: 0.27227
06/10/2026 15:27:01 - INFO - utils.trainer -   Loss: 8.76650
06/10/2026 15:27:01 - INFO - utils.trainer -    Train loss: 0.04009, Test loss: 8.76650,Epoch time = 2.394s
06/10/2026 15:27:04 - INFO - utils.trainer -   ***** Running evaluation on test0 dataset *****
06/10/2026 15:27:05 - INFO - utils.trainer -   AUC: 0.58945
06/10/2026 15:27:05 - INFO - utils.trainer -   Accuracy: 0.25949
06/10/2026 15:27:05 - INFO - utils.trainer -   Precision: 0.26159
06/10/2026 15:27:05 - INFO - utils.trainer -   Recall: 0.27808
06/10/2026 15:27:05 - INFO - utils.trainer -   F_score: 0.24202
06/10/2026 15:27:05 - INFO - utils.trainer -   Loss: 11.25754
06/10/2026 15:27:05 - INFO - utils.trainer -    Train loss: 0.02692, Test loss: 11.25754,Epoch time = 2.343s
06/10/2026 15:27:08 - INFO - utils.trainer -   ***** Running evaluation on test0 dataset *****
06/10/2026 15:27:10 - INFO - utils.trainer -   AUC: 0.54870
06/10/2026 15:27:10 - INFO - utils.trainer -   Accuracy: 0.26582
06/10/2026 15:27:10 - INFO - utils.trainer -   Precision: 0.39073
06/10/2026 15:27:10 - INFO - utils.trainer -   Recall: 0.28369
06/10/2026 15:27:10 - INFO - utils.trainer -   F_score: 0.26675
06/10/2026 15:27:10 - INFO - utils.trainer -   Loss: 10.73105
06/10/2026 15:27:10 - INFO - utils.trainer -    Train loss: 0.06585, Test loss: 10.73105,Epoch time = 2.413s
06/10/2026 15:27:12 - INFO - utils.trainer -   ***** Running evaluation on test0 dataset *****
06/10/2026 15:27:14 - INFO - utils.trainer -   AUC: 0.57438
06/10/2026 15:27:14 - INFO - utils.trainer -   Accuracy: 0.27215
06/10/2026 15:27:14 - INFO - utils.trainer -   Precision: 0.30115
06/10/2026 15:27:14 - INFO - utils.trainer -   Recall: 0.29155
06/10/2026 15:27:14 - INFO - utils.trainer -   F_score: 0.26395
06/10/2026 15:27:14 - INFO - utils.trainer -   Loss: 10.86397
06/10/2026 15:27:14 - INFO - utils.trainer -    Train loss: 0.01714, Test loss: 10.86397,Epoch time = 2.439s
06/10/2026 15:27:16 - INFO - utils.trainer -   ***** Running evaluation on test0 dataset *****
06/10/2026 15:27:18 - INFO - utils.trainer -   AUC: 0.56410
06/10/2026 15:27:18 - INFO - utils.trainer -   Accuracy: 0.31646
06/10/2026 15:27:18 - INFO - utils.trainer -   Precision: 0.36786
06/10/2026 15:27:18 - INFO - utils.trainer -   Recall: 0.31667
06/10/2026 15:27:18 - INFO - utils.trainer -   F_score: 0.32487
06/10/2026 15:27:18 - INFO - utils.trainer -   Loss: 9.66382
06/10/2026 15:27:18 - INFO - utils.trainer -    Train loss: 0.04284, Test loss: 9.66382,Epoch time = 2.328s
06/10/2026 15:27:20 - INFO - utils.trainer -   ***** Running evaluation on test0 dataset *****
06/10/2026 15:27:22 - INFO - utils.trainer -   AUC: 0.54955
06/10/2026 15:27:22 - INFO - utils.trainer -   Accuracy: 0.30380
06/10/2026 15:27:22 - INFO - utils.trainer -   Precision: 0.35850
06/10/2026 15:27:22 - INFO - utils.trainer -   Recall: 0.31814
06/10/2026 15:27:22 - INFO - utils.trainer -   F_score: 0.30098
06/10/2026 15:27:22 - INFO - utils.trainer -   Loss: 9.92618
06/10/2026 15:27:22 - INFO - utils.trainer -    Train loss: 0.06058, Test loss: 9.92618,Epoch time = 2.566s
06/10/2026 15:27:24 - INFO - utils.trainer -   ***** Running evaluation on test0 dataset *****
06/10/2026 15:27:26 - INFO - utils.trainer -   AUC: 0.54708
06/10/2026 15:27:26 - INFO - utils.trainer -   Accuracy: 0.29747
06/10/2026 15:27:26 - INFO - utils.trainer -   Precision: 0.33436
06/10/2026 15:27:26 - INFO - utils.trainer -   Recall: 0.31895
06/10/2026 15:27:26 - INFO - utils.trainer -   F_score: 0.28775
06/10/2026 15:27:26 - INFO - utils.trainer -   Loss: 9.92438
06/10/2026 15:27:26 - INFO - utils.trainer -    Train loss: 0.09410, Test loss: 9.92438,Epoch time = 2.349s
06/10/2026 15:27:28 - INFO - utils.trainer -   ***** Running evaluation on test0 dataset *****
06/10/2026 15:27:30 - INFO - utils.trainer -   AUC: 0.55497
06/10/2026 15:27:30 - INFO - utils.trainer -   Accuracy: 0.29114
06/10/2026 15:27:30 - INFO - utils.trainer -   Precision: 0.37972
06/10/2026 15:27:30 - INFO - utils.trainer -   Recall: 0.29615
06/10/2026 15:27:30 - INFO - utils.trainer -   F_score: 0.30638
06/10/2026 15:27:30 - INFO - utils.trainer -   Loss: 9.57762
06/10/2026 15:27:30 - INFO - utils.trainer -    Train loss: 0.02350, Test loss: 9.57762,Epoch time = 2.449s
06/10/2026 15:27:33 - INFO - utils.trainer -   ***** Running evaluation on test0 dataset *****
06/10/2026 15:27:34 - INFO - utils.trainer -   AUC: 0.58673
06/10/2026 15:27:34 - INFO - utils.trainer -   Accuracy: 0.29747
06/10/2026 15:27:34 - INFO - utils.trainer -   Precision: 0.35746
06/10/2026 15:27:34 - INFO - utils.trainer -   Recall: 0.31895
06/10/2026 15:27:34 - INFO - utils.trainer -   F_score: 0.28770
06/10/2026 15:27:34 - INFO - utils.trainer -   Loss: 9.52210
06/10/2026 15:27:34 - INFO - utils.trainer -    Train loss: 0.03082, Test loss: 9.52210,Epoch time = 2.455s
06/10/2026 15:27:37 - INFO - utils.trainer -   ***** Running evaluation on test0 dataset *****
06/10/2026 15:27:38 - INFO - utils.trainer -   AUC: 0.55506
06/10/2026 15:27:38 - INFO - utils.trainer -   Accuracy: 0.31013
06/10/2026 15:27:38 - INFO - utils.trainer -   Precision: 0.35545
06/10/2026 15:27:38 - INFO - utils.trainer -   Recall: 0.32577
06/10/2026 15:27:38 - INFO - utils.trainer -   F_score: 0.30765
06/10/2026 15:27:38 - INFO - utils.trainer -   Loss: 9.44294
06/10/2026 15:27:38 - INFO - utils.trainer -    Train loss: 0.03255, Test loss: 9.44294,Epoch time = 2.314s
06/10/2026 15:27:41 - INFO - utils.trainer -   ***** Running evaluation on test0 dataset *****
06/10/2026 15:27:42 - INFO - utils.trainer -   AUC: 0.55996
06/10/2026 15:27:42 - INFO - utils.trainer -   Accuracy: 0.28481
06/10/2026 15:27:42 - INFO - utils.trainer -   Precision: 0.33427
06/10/2026 15:27:42 - INFO - utils.trainer -   Recall: 0.30354
06/10/2026 15:27:42 - INFO - utils.trainer -   F_score: 0.28143
06/10/2026 15:27:42 - INFO - utils.trainer -   Loss: 8.59143
06/10/2026 15:27:42 - INFO - utils.trainer -    Train loss: 0.03145, Test loss: 8.59143,Epoch time = 2.330s
06/10/2026 15:27:45 - INFO - utils.trainer -   ***** Running evaluation on test0 dataset *****
06/10/2026 15:27:47 - INFO - utils.trainer -   AUC: 0.56236
06/10/2026 15:27:47 - INFO - utils.trainer -   Accuracy: 0.31013
06/10/2026 15:27:47 - INFO - utils.trainer -   Precision: 0.36435
06/10/2026 15:27:47 - INFO - utils.trainer -   Recall: 0.33063
06/10/2026 15:27:47 - INFO - utils.trainer -   F_score: 0.30538
06/10/2026 15:27:47 - INFO - utils.trainer -   Loss: 8.87796
06/10/2026 15:27:47 - INFO - utils.trainer -    Train loss: 0.04173, Test loss: 8.87796,Epoch time = 2.483s
06/10/2026 15:27:49 - INFO - utils.trainer -   ***** Running evaluation on test0 dataset *****
06/10/2026 15:27:51 - INFO - utils.trainer -   AUC: 0.55330
06/10/2026 15:27:51 - INFO - utils.trainer -   Accuracy: 0.28481
06/10/2026 15:27:51 - INFO - utils.trainer -   Precision: 0.34004
06/10/2026 15:27:51 - INFO - utils.trainer -   Recall: 0.30354
06/10/2026 15:27:51 - INFO - utils.trainer -   F_score: 0.28373
06/10/2026 15:27:51 - INFO - utils.trainer -   Loss: 9.20571
06/10/2026 15:27:51 - INFO - utils.trainer -    Train loss: 0.02902, Test loss: 9.20571,Epoch time = 2.395s
06/10/2026 15:27:53 - INFO - utils.trainer -   ***** Running evaluation on test0 dataset *****
06/10/2026 15:27:55 - INFO - utils.trainer -   AUC: 0.53506
06/10/2026 15:27:55 - INFO - utils.trainer -   Accuracy: 0.28481
06/10/2026 15:27:55 - INFO - utils.trainer -   Precision: 0.35930
06/10/2026 15:27:55 - INFO - utils.trainer -   Recall: 0.29892
06/10/2026 15:27:55 - INFO - utils.trainer -   F_score: 0.28402
06/10/2026 15:27:55 - INFO - utils.trainer -   Loss: 9.95698
06/10/2026 15:27:55 - INFO - utils.trainer -    Train loss: 0.00582, Test loss: 9.95698,Epoch time = 2.439s
06/10/2026 15:27:57 - INFO - utils.trainer -   ***** Running evaluation on test0 dataset *****
06/10/2026 15:27:59 - INFO - utils.trainer -   AUC: 0.55980
06/10/2026 15:27:59 - INFO - utils.trainer -   Accuracy: 0.27848
06/10/2026 15:27:59 - INFO - utils.trainer -   Precision: 0.31053
06/10/2026 15:27:59 - INFO - utils.trainer -   Recall: 0.29956
06/10/2026 15:27:59 - INFO - utils.trainer -   F_score: 0.26808
06/10/2026 15:27:59 - INFO - utils.trainer -   Loss: 9.99757
06/10/2026 15:27:59 - INFO - utils.trainer -    Train loss: 0.04095, Test loss: 9.99757,Epoch time = 2.526s
06/10/2026 15:28:02 - INFO - utils.trainer -   ***** Running evaluation on test0 dataset *****
06/10/2026 15:28:03 - INFO - utils.trainer -   AUC: 0.56480
06/10/2026 15:28:03 - INFO - utils.trainer -   Accuracy: 0.30380
06/10/2026 15:28:03 - INFO - utils.trainer -   Precision: 0.34446
06/10/2026 15:28:03 - INFO - utils.trainer -   Recall: 0.31782
06/10/2026 15:28:03 - INFO - utils.trainer -   F_score: 0.30218
06/10/2026 15:28:03 - INFO - utils.trainer -   Loss: 8.51758
06/10/2026 15:28:03 - INFO - utils.trainer -    Train loss: 0.02244, Test loss: 8.51758,Epoch time = 2.390s
06/10/2026 15:28:06 - INFO - utils.trainer -   ***** Running evaluation on test0 dataset *****
06/10/2026 15:28:07 - INFO - utils.trainer -   AUC: 0.58303
06/10/2026 15:28:07 - INFO - utils.trainer -   Accuracy: 0.33544
06/10/2026 15:28:07 - INFO - utils.trainer -   Precision: 0.36455
06/10/2026 15:28:07 - INFO - utils.trainer -   Recall: 0.35784
06/10/2026 15:28:07 - INFO - utils.trainer -   F_score: 0.32320
06/10/2026 15:28:07 - INFO - utils.trainer -   Loss: 9.68065
06/10/2026 15:28:07 - INFO - utils.trainer -    Train loss: 0.01775, Test loss: 9.68065,Epoch time = 2.366s
06/10/2026 15:28:10 - INFO - utils.trainer -   ***** Running evaluation on test0 dataset *****
06/10/2026 15:28:12 - INFO - utils.trainer -   AUC: 0.55936
06/10/2026 15:28:12 - INFO - utils.trainer -   Accuracy: 0.31013
06/10/2026 15:28:12 - INFO - utils.trainer -   Precision: 0.35116
06/10/2026 15:28:12 - INFO - utils.trainer -   Recall: 0.32276
06/10/2026 15:28:12 - INFO - utils.trainer -   F_score: 0.31154
06/10/2026 15:28:12 - INFO - utils.trainer -   Loss: 9.76115
06/10/2026 15:28:12 - INFO - utils.trainer -    Train loss: 0.00764, Test loss: 9.76115,Epoch time = 2.477s
06/10/2026 15:28:14 - INFO - utils.trainer -   ***** Running evaluation on test0 dataset *****
06/10/2026 15:28:16 - INFO - utils.trainer -   AUC: 0.58350
06/10/2026 15:28:16 - INFO - utils.trainer -   Accuracy: 0.30380
06/10/2026 15:28:16 - INFO - utils.trainer -   Precision: 0.33365
06/10/2026 15:28:16 - INFO - utils.trainer -   Recall: 0.32198
06/10/2026 15:28:16 - INFO - utils.trainer -   F_score: 0.29923
06/10/2026 15:28:16 - INFO - utils.trainer -   Loss: 9.80031
06/10/2026 15:28:16 - INFO - utils.trainer -    Train loss: 0.00484, Test loss: 9.80031,Epoch time = 2.360s
06/10/2026 15:28:18 - INFO - utils.trainer -   ***** Running evaluation on test0 dataset *****
06/10/2026 15:28:20 - INFO - utils.trainer -   AUC: 0.57129
06/10/2026 15:28:20 - INFO - utils.trainer -   Accuracy: 0.32911
06/10/2026 15:28:20 - INFO - utils.trainer -   Precision: 0.37143
06/10/2026 15:28:20 - INFO - utils.trainer -   Recall: 0.34457
06/10/2026 15:28:20 - INFO - utils.trainer -   F_score: 0.33025
06/10/2026 15:28:20 - INFO - utils.trainer -   Loss: 10.57157
06/10/2026 15:28:20 - INFO - utils.trainer -    Train loss: 0.00402, Test loss: 10.57157,Epoch time = 2.395s
06/10/2026 15:28:22 - INFO - utils.trainer -   ***** Running evaluation on test0 dataset *****
06/10/2026 15:28:24 - INFO - utils.trainer -   AUC: 0.54211
06/10/2026 15:28:24 - INFO - utils.trainer -   Accuracy: 0.26582
06/10/2026 15:28:24 - INFO - utils.trainer -   Precision: 0.31412
06/10/2026 15:28:24 - INFO - utils.trainer -   Recall: 0.27332
06/10/2026 15:28:24 - INFO - utils.trainer -   F_score: 0.27047
06/10/2026 15:28:24 - INFO - utils.trainer -   Loss: 10.61284
06/10/2026 15:28:24 - INFO - utils.trainer -    Train loss: 0.00649, Test loss: 10.61284,Epoch time = 2.442s
06/10/2026 15:28:26 - INFO - utils.trainer -   ***** Running evaluation on test0 dataset *****
06/10/2026 15:28:28 - INFO - utils.trainer -   AUC: 0.56190
06/10/2026 15:28:28 - INFO - utils.trainer -   Accuracy: 0.27215
06/10/2026 15:28:28 - INFO - utils.trainer -   Precision: 0.30084
06/10/2026 15:28:28 - INFO - utils.trainer -   Recall: 0.29316
06/10/2026 15:28:28 - INFO - utils.trainer -   F_score: 0.26563
06/10/2026 15:28:28 - INFO - utils.trainer -   Loss: 11.18530
06/10/2026 15:28:28 - INFO - utils.trainer -    Train loss: 0.01125, Test loss: 11.18530,Epoch time = 2.461s
06/10/2026 15:28:30 - INFO - utils.trainer -   ***** Running evaluation on test0 dataset *****
06/10/2026 15:28:32 - INFO - utils.trainer -   AUC: 0.56960
06/10/2026 15:28:32 - INFO - utils.trainer -   Accuracy: 0.31013
06/10/2026 15:28:32 - INFO - utils.trainer -   Precision: 0.32284
06/10/2026 15:28:32 - INFO - utils.trainer -   Recall: 0.32990
06/10/2026 15:28:32 - INFO - utils.trainer -   F_score: 0.30047
06/10/2026 15:28:32 - INFO - utils.trainer -   Loss: 11.01781
06/10/2026 15:28:32 - INFO - utils.trainer -    Train loss: 0.02109, Test loss: 11.01781,Epoch time = 2.422s
06/10/2026 15:28:34 - INFO - utils.trainer -   ***** Running evaluation on test0 dataset *****
06/10/2026 15:28:36 - INFO - utils.trainer -   AUC: 0.57966
06/10/2026 15:28:36 - INFO - utils.trainer -   Accuracy: 0.32911
06/10/2026 15:28:36 - INFO - utils.trainer -   Precision: 0.35559
06/10/2026 15:28:36 - INFO - utils.trainer -   Recall: 0.34587
06/10/2026 15:28:36 - INFO - utils.trainer -   F_score: 0.32634
06/10/2026 15:28:36 - INFO - utils.trainer -   Loss: 10.00832
06/10/2026 15:28:36 - INFO - utils.trainer -    Train loss: 0.02779, Test loss: 10.00832,Epoch time = 2.442s
06/10/2026 15:28:39 - INFO - utils.trainer -   ***** Running evaluation on test0 dataset *****
06/10/2026 15:28:40 - INFO - utils.trainer -   AUC: 0.57784
06/10/2026 15:28:40 - INFO - utils.trainer -   Accuracy: 0.30380
06/10/2026 15:28:40 - INFO - utils.trainer -   Precision: 0.35530
06/10/2026 15:28:40 - INFO - utils.trainer -   Recall: 0.31895
06/10/2026 15:28:40 - INFO - utils.trainer -   F_score: 0.30606
06/10/2026 15:28:40 - INFO - utils.trainer -   Loss: 9.37507
06/10/2026 15:28:40 - INFO - utils.trainer -    Train loss: 0.00814, Test loss: 9.37507,Epoch time = 2.378s
06/10/2026 15:28:43 - INFO - utils.trainer -   ***** Running evaluation on test0 dataset *****
06/10/2026 15:28:44 - INFO - utils.trainer -   AUC: 0.58264
06/10/2026 15:28:44 - INFO - utils.trainer -   Accuracy: 0.32911
06/10/2026 15:28:44 - INFO - utils.trainer -   Precision: 0.37627
06/10/2026 15:28:44 - INFO - utils.trainer -   Recall: 0.34007
06/10/2026 15:28:44 - INFO - utils.trainer -   F_score: 0.33343
06/10/2026 15:28:44 - INFO - utils.trainer -   Loss: 9.91890
06/10/2026 15:28:44 - INFO - utils.trainer -    Train loss: 0.00726, Test loss: 9.91890,Epoch time = 2.399s
06/10/2026 15:28:47 - INFO - utils.trainer -   ***** Running evaluation on test0 dataset *****
06/10/2026 15:28:48 - INFO - utils.trainer -   AUC: 0.58437
06/10/2026 15:28:48 - INFO - utils.trainer -   Accuracy: 0.29114
06/10/2026 15:28:48 - INFO - utils.trainer -   Precision: 0.33760
06/10/2026 15:28:48 - INFO - utils.trainer -   Recall: 0.30608
06/10/2026 15:28:48 - INFO - utils.trainer -   F_score: 0.29021
06/10/2026 15:28:48 - INFO - utils.trainer -   Loss: 10.68880
06/10/2026 15:28:48 - INFO - utils.trainer -    Train loss: 0.00943, Test loss: 10.68880,Epoch time = 2.406s
06/10/2026 15:28:51 - INFO - utils.trainer -   ***** Running evaluation on test0 dataset *****
06/10/2026 15:28:52 - INFO - utils.trainer -   AUC: 0.58608
06/10/2026 15:28:52 - INFO - utils.trainer -   Accuracy: 0.30380
06/10/2026 15:28:52 - INFO - utils.trainer -   Precision: 0.35316
06/10/2026 15:28:52 - INFO - utils.trainer -   Recall: 0.31983
06/10/2026 15:28:52 - INFO - utils.trainer -   F_score: 0.30065
06/10/2026 15:28:52 - INFO - utils.trainer -   Loss: 11.47012
06/10/2026 15:28:52 - INFO - utils.trainer -    Train loss: 0.00936, Test loss: 11.47012,Epoch time = 2.345s
06/10/2026 15:28:55 - INFO - utils.trainer -   ***** Running evaluation on test0 dataset *****
06/10/2026 15:28:57 - INFO - utils.trainer -   AUC: 0.54525
06/10/2026 15:28:57 - INFO - utils.trainer -   Accuracy: 0.27848
06/10/2026 15:28:57 - INFO - utils.trainer -   Precision: 0.33853
06/10/2026 15:28:57 - INFO - utils.trainer -   Recall: 0.28542
06/10/2026 15:28:57 - INFO - utils.trainer -   F_score: 0.28105
06/10/2026 15:28:57 - INFO - utils.trainer -   Loss: 11.09105
06/10/2026 15:28:57 - INFO - utils.trainer -    Train loss: 0.01571, Test loss: 11.09105,Epoch time = 2.436s
06/10/2026 15:28:59 - INFO - utils.trainer -   ***** Running evaluation on test0 dataset *****
06/10/2026 15:29:01 - INFO - utils.trainer -   AUC: 0.57006
06/10/2026 15:29:01 - INFO - utils.trainer -   Accuracy: 0.29114
06/10/2026 15:29:01 - INFO - utils.trainer -   Precision: 0.35013
06/10/2026 15:29:01 - INFO - utils.trainer -   Recall: 0.30882
06/10/2026 15:29:01 - INFO - utils.trainer -   F_score: 0.29092
06/10/2026 15:29:01 - INFO - utils.trainer -   Loss: 12.82290
06/10/2026 15:29:01 - INFO - utils.trainer -    Train loss: 0.00656, Test loss: 12.82290,Epoch time = 2.483s
06/10/2026 15:29:03 - INFO - utils.trainer -   ***** Running evaluation on test0 dataset *****
06/10/2026 15:29:05 - INFO - utils.trainer -   AUC: 0.56474
06/10/2026 15:29:05 - INFO - utils.trainer -   Accuracy: 0.26582
06/10/2026 15:29:05 - INFO - utils.trainer -   Precision: 0.33561
06/10/2026 15:29:05 - INFO - utils.trainer -   Recall: 0.27493
06/10/2026 15:29:05 - INFO - utils.trainer -   F_score: 0.27188
06/10/2026 15:29:05 - INFO - utils.trainer -   Loss: 11.40300
06/10/2026 15:29:05 - INFO - utils.trainer -    Train loss: 0.01632, Test loss: 11.40300,Epoch time = 2.472s
06/10/2026 15:29:07 - INFO - utils.trainer -   ***** Running evaluation on test0 dataset *****
06/10/2026 15:29:09 - INFO - utils.trainer -   AUC: 0.56361
06/10/2026 15:29:09 - INFO - utils.trainer -   Accuracy: 0.28481
06/10/2026 15:29:09 - INFO - utils.trainer -   Precision: 0.32980
06/10/2026 15:29:09 - INFO - utils.trainer -   Recall: 0.29063
06/10/2026 15:29:09 - INFO - utils.trainer -   F_score: 0.29227
06/10/2026 15:29:09 - INFO - utils.trainer -   Loss: 11.46374
06/10/2026 15:29:09 - INFO - utils.trainer -    Train loss: 0.01999, Test loss: 11.46374,Epoch time = 2.430s
06/10/2026 15:29:12 - INFO - utils.trainer -   ***** Running evaluation on test0 dataset *****
06/10/2026 15:29:13 - INFO - utils.trainer -   AUC: 0.58815
06/10/2026 15:29:13 - INFO - utils.trainer -   Accuracy: 0.32911
06/10/2026 15:29:13 - INFO - utils.trainer -   Precision: 0.35689
06/10/2026 15:29:13 - INFO - utils.trainer -   Recall: 0.34331
06/10/2026 15:29:13 - INFO - utils.trainer -   F_score: 0.32181
06/10/2026 15:29:13 - INFO - utils.trainer -   Loss: 12.70212
06/10/2026 15:29:13 - INFO - utils.trainer -    Train loss: 0.05361, Test loss: 12.70212,Epoch time = 2.328s
06/10/2026 15:29:16 - INFO - utils.trainer -   ***** Running evaluation on test0 dataset *****
06/10/2026 15:29:17 - INFO - utils.trainer -   AUC: 0.55933
06/10/2026 15:29:17 - INFO - utils.trainer -   Accuracy: 0.29747
06/10/2026 15:29:17 - INFO - utils.trainer -   Precision: 0.35451
06/10/2026 15:29:17 - INFO - utils.trainer -   Recall: 0.31166
06/10/2026 15:29:17 - INFO - utils.trainer -   F_score: 0.29567
06/10/2026 15:29:17 - INFO - utils.trainer -   Loss: 11.23606
06/10/2026 15:29:17 - INFO - utils.trainer -    Train loss: 0.05444, Test loss: 11.23606,Epoch time = 2.357s
06/10/2026 15:29:20 - INFO - utils.trainer -   ***** Running evaluation on test0 dataset *****
06/10/2026 15:29:21 - INFO - utils.trainer -   AUC: 0.59430
06/10/2026 15:29:21 - INFO - utils.trainer -   Accuracy: 0.32911
06/10/2026 15:29:21 - INFO - utils.trainer -   Precision: 0.36755
06/10/2026 15:29:21 - INFO - utils.trainer -   Recall: 0.34563
06/10/2026 15:29:21 - INFO - utils.trainer -   F_score: 0.32182
06/10/2026 15:29:21 - INFO - utils.trainer -   Loss: 10.32848
06/10/2026 15:29:21 - INFO - utils.trainer -    Train loss: 0.12087, Test loss: 10.32848,Epoch time = 2.375s
06/10/2026 15:29:24 - INFO - utils.trainer -   ***** Running evaluation on test0 dataset *****
06/10/2026 15:29:25 - INFO - utils.trainer -   AUC: 0.55155
06/10/2026 15:29:25 - INFO - utils.trainer -   Accuracy: 0.27215
06/10/2026 15:29:25 - INFO - utils.trainer -   Precision: 0.31290
06/10/2026 15:29:25 - INFO - utils.trainer -   Recall: 0.29084
06/10/2026 15:29:25 - INFO - utils.trainer -   F_score: 0.26750
06/10/2026 15:29:25 - INFO - utils.trainer -   Loss: 9.48147
06/10/2026 15:29:25 - INFO - utils.trainer -    Train loss: 0.25050, Test loss: 9.48147,Epoch time = 2.361s
06/10/2026 15:29:28 - INFO - utils.trainer -   ***** Running evaluation on test0 dataset *****
06/10/2026 15:29:29 - INFO - utils.trainer -   AUC: 0.54539
06/10/2026 15:29:29 - INFO - utils.trainer -   Accuracy: 0.29747
06/10/2026 15:29:29 - INFO - utils.trainer -   Precision: 0.34698
06/10/2026 15:29:29 - INFO - utils.trainer -   Recall: 0.31072
06/10/2026 15:29:29 - INFO - utils.trainer -   F_score: 0.29882
06/10/2026 15:29:29 - INFO - utils.trainer -   Loss: 7.83445
06/10/2026 15:29:29 - INFO - utils.trainer -    Train loss: 0.04232, Test loss: 7.83445,Epoch time = 2.344s
06/10/2026 15:29:32 - INFO - utils.trainer -   ***** Running evaluation on test0 dataset *****
06/10/2026 15:29:34 - INFO - utils.trainer -   AUC: 0.58696
06/10/2026 15:29:34 - INFO - utils.trainer -   Accuracy: 0.29747
06/10/2026 15:29:34 - INFO - utils.trainer -   Precision: 0.33807
06/10/2026 15:29:34 - INFO - utils.trainer -   Recall: 0.31586
06/10/2026 15:29:34 - INFO - utils.trainer -   F_score: 0.29199
06/10/2026 15:29:34 - INFO - utils.trainer -   Loss: 8.97966
06/10/2026 15:29:34 - INFO - utils.trainer -    Train loss: 0.01222, Test loss: 8.97966,Epoch time = 2.374s
06/10/2026 15:29:36 - INFO - utils.trainer -   ***** Running evaluation on test0 dataset *****
06/10/2026 15:29:38 - INFO - utils.trainer -   AUC: 0.58187
06/10/2026 15:29:38 - INFO - utils.trainer -   Accuracy: 0.32278
06/10/2026 15:29:38 - INFO - utils.trainer -   Precision: 0.36199
06/10/2026 15:29:38 - INFO - utils.trainer -   Recall: 0.33894
06/10/2026 15:29:38 - INFO - utils.trainer -   F_score: 0.31976
06/10/2026 15:29:38 - INFO - utils.trainer -   Loss: 8.02690
06/10/2026 15:29:38 - INFO - utils.trainer -    Train loss: 0.01368, Test loss: 8.02690,Epoch time = 2.443s
06/10/2026 15:29:40 - INFO - utils.trainer -   ***** Running evaluation on test0 dataset *****
06/10/2026 15:29:42 - INFO - utils.trainer -   AUC: 0.58287
06/10/2026 15:29:42 - INFO - utils.trainer -   Accuracy: 0.30380
06/10/2026 15:29:42 - INFO - utils.trainer -   Precision: 0.36020
06/10/2026 15:29:42 - INFO - utils.trainer -   Recall: 0.31688
06/10/2026 15:29:42 - INFO - utils.trainer -   F_score: 0.30893
06/10/2026 15:29:42 - INFO - utils.trainer -   Loss: 8.83017
06/10/2026 15:29:42 - INFO - utils.trainer -    Train loss: 0.01619, Test loss: 8.83017,Epoch time = 2.463s
06/10/2026 15:29:44 - INFO - utils.trainer -   ***** Running evaluation on test0 dataset *****
06/10/2026 15:29:46 - INFO - utils.trainer -   AUC: 0.58311
06/10/2026 15:29:46 - INFO - utils.trainer -   Accuracy: 0.32911
06/10/2026 15:29:46 - INFO - utils.trainer -   Precision: 0.37800
06/10/2026 15:29:46 - INFO - utils.trainer -   Recall: 0.34337
06/10/2026 15:29:46 - INFO - utils.trainer -   F_score: 0.32962
06/10/2026 15:29:46 - INFO - utils.trainer -   Loss: 8.03282
06/10/2026 15:29:46 - INFO - utils.trainer -    Train loss: 0.01004, Test loss: 8.03282,Epoch time = 2.370s
06/10/2026 15:29:48 - INFO - utils.trainer -   ***** Running evaluation on test0 dataset *****
06/10/2026 15:29:50 - INFO - utils.trainer -   AUC: 0.56863
06/10/2026 15:29:50 - INFO - utils.trainer -   Accuracy: 0.30380
06/10/2026 15:29:50 - INFO - utils.trainer -   Precision: 0.35431
06/10/2026 15:29:50 - INFO - utils.trainer -   Recall: 0.32061
06/10/2026 15:29:50 - INFO - utils.trainer -   F_score: 0.30618
06/10/2026 15:29:50 - INFO - utils.trainer -   Loss: 9.27770
06/10/2026 15:29:50 - INFO - utils.trainer -    Train loss: 0.01368, Test loss: 9.27770,Epoch time = 2.325s
06/10/2026 15:29:52 - INFO - utils.trainer -   ***** Running evaluation on test0 dataset *****
06/10/2026 15:29:54 - INFO - utils.trainer -   AUC: 0.56539
06/10/2026 15:29:54 - INFO - utils.trainer -   Accuracy: 0.31013
06/10/2026 15:29:54 - INFO - utils.trainer -   Precision: 0.37472
06/10/2026 15:29:54 - INFO - utils.trainer -   Recall: 0.31885
06/10/2026 15:29:54 - INFO - utils.trainer -   F_score: 0.31994
06/10/2026 15:29:54 - INFO - utils.trainer -   Loss: 8.25375
06/10/2026 15:29:54 - INFO - utils.trainer -    Train loss: 0.02622, Test loss: 8.25375,Epoch time = 2.335s
06/10/2026 15:29:56 - INFO - utils.trainer -   ***** Running evaluation on test0 dataset *****
06/10/2026 15:29:58 - INFO - utils.trainer -   AUC: 0.56965
06/10/2026 15:29:58 - INFO - utils.trainer -   Accuracy: 0.30380
06/10/2026 15:29:58 - INFO - utils.trainer -   Precision: 0.34363
06/10/2026 15:29:58 - INFO - utils.trainer -   Recall: 0.31618
06/10/2026 15:29:58 - INFO - utils.trainer -   F_score: 0.30238
06/10/2026 15:29:58 - INFO - utils.trainer -   Loss: 9.67675
06/10/2026 15:29:58 - INFO - utils.trainer -    Train loss: 0.01293, Test loss: 9.67675,Epoch time = 2.390s
06/10/2026 15:30:01 - INFO - utils.trainer -   ***** Running evaluation on test0 dataset *****
06/10/2026 15:30:02 - INFO - utils.trainer -   AUC: 0.58634
06/10/2026 15:30:02 - INFO - utils.trainer -   Accuracy: 0.31646
06/10/2026 15:30:02 - INFO - utils.trainer -   Precision: 0.36970
06/10/2026 15:30:02 - INFO - utils.trainer -   Recall: 0.33130
06/10/2026 15:30:02 - INFO - utils.trainer -   F_score: 0.31845
06/10/2026 15:30:02 - INFO - utils.trainer -   Loss: 8.53709
06/10/2026 15:30:02 - INFO - utils.trainer -    Train loss: 0.01181, Test loss: 8.53709,Epoch time = 2.426s
06/10/2026 15:30:05 - INFO - utils.trainer -   ***** Running evaluation on test0 dataset *****
06/10/2026 15:30:06 - INFO - utils.trainer -   AUC: 0.59116
06/10/2026 15:30:06 - INFO - utils.trainer -   Accuracy: 0.32278
06/10/2026 15:30:06 - INFO - utils.trainer -   Precision: 0.37409
06/10/2026 15:30:06 - INFO - utils.trainer -   Recall: 0.33739
06/10/2026 15:30:06 - INFO - utils.trainer -   F_score: 0.32569
06/10/2026 15:30:06 - INFO - utils.trainer -   Loss: 9.78483
06/10/2026 15:30:06 - INFO - utils.trainer -    Train loss: 0.00738, Test loss: 9.78483,Epoch time = 2.425s
06/10/2026 15:30:09 - INFO - utils.trainer -   ***** Running evaluation on test0 dataset *****
06/10/2026 15:30:10 - INFO - utils.trainer -   AUC: 0.57162
06/10/2026 15:30:10 - INFO - utils.trainer -   Accuracy: 0.30380
06/10/2026 15:30:10 - INFO - utils.trainer -   Precision: 0.34174
06/10/2026 15:30:10 - INFO - utils.trainer -   Recall: 0.32198
06/10/2026 15:30:10 - INFO - utils.trainer -   F_score: 0.30043
06/10/2026 15:30:10 - INFO - utils.trainer -   Loss: 10.38706
06/10/2026 15:30:11 - INFO - utils.trainer -    Train loss: 0.00303, Test loss: 10.38706,Epoch time = 2.439s
06/10/2026 15:30:13 - INFO - utils.trainer -   ***** Running evaluation on test0 dataset *****
06/10/2026 15:30:15 - INFO - utils.trainer -   AUC: 0.58623
06/10/2026 15:30:15 - INFO - utils.trainer -   Accuracy: 0.32911
06/10/2026 15:30:15 - INFO - utils.trainer -   Precision: 0.37524
06/10/2026 15:30:15 - INFO - utils.trainer -   Recall: 0.34658
06/10/2026 15:30:15 - INFO - utils.trainer -   F_score: 0.32748
06/10/2026 15:30:15 - INFO - utils.trainer -   Loss: 10.01755
06/10/2026 15:30:15 - INFO - utils.trainer -    Train loss: 0.00485, Test loss: 10.01755,Epoch time = 2.515s
06/10/2026 15:30:17 - INFO - utils.trainer -   ***** Running evaluation on test0 dataset *****
06/10/2026 15:30:19 - INFO - utils.trainer -   AUC: 0.55759
06/10/2026 15:30:19 - INFO - utils.trainer -   Accuracy: 0.29747
06/10/2026 15:30:19 - INFO - utils.trainer -   Precision: 0.34095
06/10/2026 15:30:19 - INFO - utils.trainer -   Recall: 0.31297
06/10/2026 15:30:19 - INFO - utils.trainer -   F_score: 0.30049
06/10/2026 15:30:19 - INFO - utils.trainer -   Loss: 10.41413
06/10/2026 15:30:19 - INFO - utils.trainer -    Train loss: 0.01375, Test loss: 10.41413,Epoch time = 2.387s
06/10/2026 15:30:21 - INFO - utils.trainer -   ***** Running evaluation on test0 dataset *****
06/10/2026 15:30:23 - INFO - utils.trainer -   AUC: 0.56378
06/10/2026 15:30:23 - INFO - utils.trainer -   Accuracy: 0.31013
06/10/2026 15:30:23 - INFO - utils.trainer -   Precision: 0.35904
06/10/2026 15:30:23 - INFO - utils.trainer -   Recall: 0.32198
06/10/2026 15:30:23 - INFO - utils.trainer -   F_score: 0.31470
06/10/2026 15:30:23 - INFO - utils.trainer -   Loss: 11.39939
06/10/2026 15:30:23 - INFO - utils.trainer -    Train loss: 0.00889, Test loss: 11.39939,Epoch time = 2.396s
06/10/2026 15:30:25 - INFO - utils.trainer -   ***** Running evaluation on test0 dataset *****
06/10/2026 15:30:27 - INFO - utils.trainer -   AUC: 0.57595
06/10/2026 15:30:27 - INFO - utils.trainer -   Accuracy: 0.29747
06/10/2026 15:30:27 - INFO - utils.trainer -   Precision: 0.34730
06/10/2026 15:30:27 - INFO - utils.trainer -   Recall: 0.31238
06/10/2026 15:30:27 - INFO - utils.trainer -   F_score: 0.29819
06/10/2026 15:30:27 - INFO - utils.trainer -   Loss: 10.17609
06/10/2026 15:30:27 - INFO - utils.trainer -    Train loss: 0.00654, Test loss: 10.17609,Epoch time = 2.364s
06/10/2026 15:30:30 - INFO - utils.trainer -   ***** Running evaluation on test0 dataset *****
06/10/2026 15:30:31 - INFO - utils.trainer -   AUC: 0.59122
06/10/2026 15:30:31 - INFO - utils.trainer -   Accuracy: 0.31646
06/10/2026 15:30:31 - INFO - utils.trainer -   Precision: 0.35720
06/10/2026 15:30:31 - INFO - utils.trainer -   Recall: 0.33205
06/10/2026 15:30:31 - INFO - utils.trainer -   F_score: 0.31444
06/10/2026 15:30:31 - INFO - utils.trainer -   Loss: 10.13184
06/10/2026 15:30:31 - INFO - utils.trainer -    Train loss: 0.00742, Test loss: 10.13184,Epoch time = 2.580s
06/10/2026 15:30:34 - INFO - utils.trainer -   ***** Running evaluation on test0 dataset *****
06/10/2026 15:30:35 - INFO - utils.trainer -   AUC: 0.57337
06/10/2026 15:30:35 - INFO - utils.trainer -   Accuracy: 0.34177
06/10/2026 15:30:35 - INFO - utils.trainer -   Precision: 0.39298
06/10/2026 15:30:35 - INFO - utils.trainer -   Recall: 0.35340
06/10/2026 15:30:35 - INFO - utils.trainer -   F_score: 0.34802
06/10/2026 15:30:35 - INFO - utils.trainer -   Loss: 9.51509
06/10/2026 15:30:35 - INFO - utils.trainer -    Train loss: 0.00741, Test loss: 9.51509,Epoch time = 2.329s
06/10/2026 15:30:38 - INFO - utils.trainer -   ***** Running evaluation on test0 dataset *****
06/10/2026 15:30:40 - INFO - utils.trainer -   AUC: 0.58132
06/10/2026 15:30:40 - INFO - utils.trainer -   Accuracy: 0.32911
06/10/2026 15:30:40 - INFO - utils.trainer -   Precision: 0.38530
06/10/2026 15:30:40 - INFO - utils.trainer -   Recall: 0.33996
06/10/2026 15:30:40 - INFO - utils.trainer -   F_score: 0.33600
06/10/2026 15:30:40 - INFO - utils.trainer -   Loss: 10.32712
06/10/2026 15:30:40 - INFO - utils.trainer -    Train loss: 0.00295, Test loss: 10.32712,Epoch time = 2.407s
06/10/2026 15:30:42 - INFO - utils.trainer -   ***** Running evaluation on test0 dataset *****
06/10/2026 15:30:44 - INFO - utils.trainer -   AUC: 0.58026
06/10/2026 15:30:44 - INFO - utils.trainer -   Accuracy: 0.31013
06/10/2026 15:30:44 - INFO - utils.trainer -   Precision: 0.35680
06/10/2026 15:30:44 - INFO - utils.trainer -   Recall: 0.32163
06/10/2026 15:30:44 - INFO - utils.trainer -   F_score: 0.31351
06/10/2026 15:30:44 - INFO - utils.trainer -   Loss: 10.71820
06/10/2026 15:30:44 - INFO - utils.trainer -    Train loss: 0.00137, Test loss: 10.71820,Epoch time = 2.346s
06/10/2026 15:30:46 - INFO - utils.trainer -   ***** Running evaluation on test0 dataset *****
06/10/2026 15:30:48 - INFO - utils.trainer -   AUC: 0.57995
06/10/2026 15:30:48 - INFO - utils.trainer -   Accuracy: 0.31646
06/10/2026 15:30:48 - INFO - utils.trainer -   Precision: 0.36172
06/10/2026 15:30:48 - INFO - utils.trainer -   Recall: 0.32543
06/10/2026 15:30:48 - INFO - utils.trainer -   F_score: 0.32300
06/10/2026 15:30:48 - INFO - utils.trainer -   Loss: 10.08921
06/10/2026 15:30:48 - INFO - utils.trainer -    Train loss: 0.00375, Test loss: 10.08921,Epoch time = 2.431s
06/10/2026 15:30:50 - INFO - utils.trainer -   ***** Running evaluation on test0 dataset *****
06/10/2026 15:30:52 - INFO - utils.trainer -   AUC: 0.58400
06/10/2026 15:30:52 - INFO - utils.trainer -   Accuracy: 0.32911
06/10/2026 15:30:52 - INFO - utils.trainer -   Precision: 0.36990
06/10/2026 15:30:52 - INFO - utils.trainer -   Recall: 0.33929
06/10/2026 15:30:52 - INFO - utils.trainer -   F_score: 0.33149
06/10/2026 15:30:52 - INFO - utils.trainer -   Loss: 10.59861
06/10/2026 15:30:52 - INFO - utils.trainer -    Train loss: 0.00088, Test loss: 10.59861,Epoch time = 2.555s
06/10/2026 15:30:55 - INFO - utils.trainer -   ***** Running evaluation on test0 dataset *****
06/10/2026 15:30:56 - INFO - utils.trainer -   AUC: 0.58561
06/10/2026 15:30:56 - INFO - utils.trainer -   Accuracy: 0.34810
06/10/2026 15:30:56 - INFO - utils.trainer -   Precision: 0.39813
06/10/2026 15:30:56 - INFO - utils.trainer -   Recall: 0.36093
06/10/2026 15:30:56 - INFO - utils.trainer -   F_score: 0.35530
06/10/2026 15:30:56 - INFO - utils.trainer -   Loss: 11.08298
06/10/2026 15:30:56 - INFO - utils.trainer -    Train loss: 0.00273, Test loss: 11.08298,Epoch time = 2.443s
06/10/2026 15:30:59 - INFO - utils.trainer -   ***** Running evaluation on test0 dataset *****
06/10/2026 15:31:00 - INFO - utils.trainer -   AUC: 0.58852
06/10/2026 15:31:00 - INFO - utils.trainer -   Accuracy: 0.31646
06/10/2026 15:31:00 - INFO - utils.trainer -   Precision: 0.36672
06/10/2026 15:31:00 - INFO - utils.trainer -   Recall: 0.33022
06/10/2026 15:31:00 - INFO - utils.trainer -   F_score: 0.31675
06/10/2026 15:31:00 - INFO - utils.trainer -   Loss: 10.91119
06/10/2026 15:31:00 - INFO - utils.trainer -    Train loss: 0.00166, Test loss: 10.91119,Epoch time = 2.350s
06/10/2026 15:31:03 - INFO - utils.trainer -   ***** Running evaluation on test0 dataset *****
06/10/2026 15:31:04 - INFO - utils.trainer -   AUC: 0.57910
06/10/2026 15:31:04 - INFO - utils.trainer -   Accuracy: 0.34177
06/10/2026 15:31:04 - INFO - utils.trainer -   Precision: 0.39349
06/10/2026 15:31:04 - INFO - utils.trainer -   Recall: 0.35632
06/10/2026 15:31:04 - INFO - utils.trainer -   F_score: 0.34478
06/10/2026 15:31:04 - INFO - utils.trainer -   Loss: 10.41898
06/10/2026 15:31:04 - INFO - utils.trainer -    Train loss: 0.00095, Test loss: 10.41898,Epoch time = 2.417s
06/10/2026 15:31:07 - INFO - utils.trainer -   ***** Running evaluation on test0 dataset *****
06/10/2026 15:31:09 - INFO - utils.trainer -   AUC: 0.58688
06/10/2026 15:31:09 - INFO - utils.trainer -   Accuracy: 0.33544
06/10/2026 15:31:09 - INFO - utils.trainer -   Precision: 0.38202
06/10/2026 15:31:09 - INFO - utils.trainer -   Recall: 0.34819
06/10/2026 15:31:09 - INFO - utils.trainer -   F_score: 0.33858
06/10/2026 15:31:09 - INFO - utils.trainer -   Loss: 11.47581
06/10/2026 15:31:09 - INFO - utils.trainer -    Train loss: 0.00174, Test loss: 11.47581,Epoch time = 2.488s
06/10/2026 15:31:11 - INFO - utils.trainer -   ***** Running evaluation on test0 dataset *****
06/10/2026 15:31:13 - INFO - utils.trainer -   AUC: 0.57332
06/10/2026 15:31:13 - INFO - utils.trainer -   Accuracy: 0.32911
06/10/2026 15:31:13 - INFO - utils.trainer -   Precision: 0.37778
06/10/2026 15:31:13 - INFO - utils.trainer -   Recall: 0.34066
06/10/2026 15:31:13 - INFO - utils.trainer -   F_score: 0.33151
06/10/2026 15:31:13 - INFO - utils.trainer -   Loss: 10.77040
06/10/2026 15:31:13 - INFO - utils.trainer -    Train loss: 0.00502, Test loss: 10.77040,Epoch time = 2.412s
06/10/2026 15:31:15 - INFO - utils.trainer -   ***** Running evaluation on test0 dataset *****
06/10/2026 15:31:17 - INFO - utils.trainer -   AUC: 0.57150
06/10/2026 15:31:17 - INFO - utils.trainer -   Accuracy: 0.34177
06/10/2026 15:31:17 - INFO - utils.trainer -   Precision: 0.38692
06/10/2026 15:31:17 - INFO - utils.trainer -   Recall: 0.35555
06/10/2026 15:31:17 - INFO - utils.trainer -   F_score: 0.34530
06/10/2026 15:31:17 - INFO - utils.trainer -   Loss: 10.47586
06/10/2026 15:31:17 - INFO - utils.trainer -    Train loss: 0.00475, Test loss: 10.47586,Epoch time = 2.524s
06/10/2026 15:31:19 - INFO - utils.trainer -   ***** Running evaluation on test0 dataset *****
06/10/2026 15:31:21 - INFO - utils.trainer -   AUC: 0.57040
06/10/2026 15:31:21 - INFO - utils.trainer -   Accuracy: 0.32278
06/10/2026 15:31:21 - INFO - utils.trainer -   Precision: 0.39097
06/10/2026 15:31:21 - INFO - utils.trainer -   Recall: 0.33486
06/10/2026 15:31:21 - INFO - utils.trainer -   F_score: 0.33000
06/10/2026 15:31:21 - INFO - utils.trainer -   Loss: 11.34148
06/10/2026 15:31:21 - INFO - utils.trainer -    Train loss: 0.00561, Test loss: 11.34148,Epoch time = 2.395s
06/10/2026 15:31:24 - INFO - utils.trainer -   ***** Running evaluation on test0 dataset *****
06/10/2026 15:31:25 - INFO - utils.trainer -   AUC: 0.56641
06/10/2026 15:31:25 - INFO - utils.trainer -   Accuracy: 0.29114
06/10/2026 15:31:25 - INFO - utils.trainer -   Precision: 0.34999
06/10/2026 15:31:25 - INFO - utils.trainer -   Recall: 0.30016
06/10/2026 15:31:25 - INFO - utils.trainer -   F_score: 0.29694
06/10/2026 15:31:25 - INFO - utils.trainer -   Loss: 10.94398
06/10/2026 15:31:25 - INFO - utils.trainer -    Train loss: 0.00263, Test loss: 10.94398,Epoch time = 2.517s
06/10/2026 15:31:28 - INFO - utils.trainer -   ***** Running evaluation on test0 dataset *****
06/10/2026 15:31:30 - INFO - utils.trainer -   AUC: 0.57009
06/10/2026 15:31:30 - INFO - utils.trainer -   Accuracy: 0.31646
06/10/2026 15:31:30 - INFO - utils.trainer -   Precision: 0.37466
06/10/2026 15:31:30 - INFO - utils.trainer -   Recall: 0.32331
06/10/2026 15:31:30 - INFO - utils.trainer -   F_score: 0.32254
06/10/2026 15:31:30 - INFO - utils.trainer -   Loss: 11.01716
06/10/2026 15:31:30 - INFO - utils.trainer -    Train loss: 0.00780, Test loss: 11.01716,Epoch time = 2.468s
06/10/2026 15:31:32 - INFO - utils.trainer -   ***** Running evaluation on test0 dataset *****
06/10/2026 15:31:34 - INFO - utils.trainer -   AUC: 0.57325
06/10/2026 15:31:34 - INFO - utils.trainer -   Accuracy: 0.32911
06/10/2026 15:31:34 - INFO - utils.trainer -   Precision: 0.37970
06/10/2026 15:31:34 - INFO - utils.trainer -   Recall: 0.33985
06/10/2026 15:31:34 - INFO - utils.trainer -   F_score: 0.33246
06/10/2026 15:31:34 - INFO - utils.trainer -   Loss: 10.50222
06/10/2026 15:31:34 - INFO - utils.trainer -    Train loss: 0.00151, Test loss: 10.50222,Epoch time = 2.522s
06/10/2026 15:31:36 - INFO - utils.trainer -   ***** Running evaluation on test0 dataset *****
06/10/2026 15:31:38 - INFO - utils.trainer -   AUC: 0.58048
06/10/2026 15:31:38 - INFO - utils.trainer -   Accuracy: 0.34177
06/10/2026 15:31:38 - INFO - utils.trainer -   Precision: 0.39824
06/10/2026 15:31:38 - INFO - utils.trainer -   Recall: 0.35425
06/10/2026 15:31:38 - INFO - utils.trainer -   F_score: 0.34617
06/10/2026 15:31:38 - INFO - utils.trainer -   Loss: 11.13996
06/10/2026 15:31:38 - INFO - utils.trainer -    Train loss: 0.00180, Test loss: 11.13996,Epoch time = 2.425s
06/10/2026 15:31:40 - INFO - utils.trainer -   ***** Running evaluation on test0 dataset *****
06/10/2026 15:31:42 - INFO - utils.trainer -   AUC: 0.57801
06/10/2026 15:31:42 - INFO - utils.trainer -   Accuracy: 0.30380
06/10/2026 15:31:42 - INFO - utils.trainer -   Precision: 0.34143
06/10/2026 15:31:42 - INFO - utils.trainer -   Recall: 0.31825
06/10/2026 15:31:42 - INFO - utils.trainer -   F_score: 0.30659
06/10/2026 15:31:42 - INFO - utils.trainer -   Loss: 12.00657
06/10/2026 15:31:42 - INFO - utils.trainer -    Train loss: 0.00147, Test loss: 12.00657,Epoch time = 2.378s
06/10/2026 15:31:44 - INFO - utils.trainer -   ***** Running evaluation on test0 dataset *****
06/10/2026 15:31:46 - INFO - utils.trainer -   AUC: 0.58985
06/10/2026 15:31:46 - INFO - utils.trainer -   Accuracy: 0.35443
06/10/2026 15:31:46 - INFO - utils.trainer -   Precision: 0.40462
06/10/2026 15:31:46 - INFO - utils.trainer -   Recall: 0.37043
06/10/2026 15:31:46 - INFO - utils.trainer -   F_score: 0.35603
06/10/2026 15:31:46 - INFO - utils.trainer -   Loss: 11.20841
06/10/2026 15:31:46 - INFO - utils.trainer -    Train loss: 0.00117, Test loss: 11.20841,Epoch time = 2.395s
06/10/2026 15:31:49 - INFO - utils.trainer -   ***** Running evaluation on test0 dataset *****
06/10/2026 15:31:50 - INFO - utils.trainer -   AUC: 0.58216
06/10/2026 15:31:50 - INFO - utils.trainer -   Accuracy: 0.35443
06/10/2026 15:31:50 - INFO - utils.trainer -   Precision: 0.40608
06/10/2026 15:31:50 - INFO - utils.trainer -   Recall: 0.36244
06/10/2026 15:31:50 - INFO - utils.trainer -   F_score: 0.35973
06/10/2026 15:31:50 - INFO - utils.trainer -   Loss: 10.51765
06/10/2026 15:31:50 - INFO - utils.trainer -    Train loss: 0.00537, Test loss: 10.51765,Epoch time = 2.449s
06/10/2026 15:31:53 - INFO - utils.trainer -   ***** Running evaluation on test0 dataset *****
06/10/2026 15:31:54 - INFO - utils.trainer -   AUC: 0.59214
06/10/2026 15:31:54 - INFO - utils.trainer -   Accuracy: 0.34177
06/10/2026 15:31:54 - INFO - utils.trainer -   Precision: 0.40710
06/10/2026 15:31:54 - INFO - utils.trainer -   Recall: 0.35329
06/10/2026 15:31:54 - INFO - utils.trainer -   F_score: 0.34789
06/10/2026 15:31:54 - INFO - utils.trainer -   Loss: 11.00016
06/10/2026 15:31:54 - INFO - utils.trainer -    Train loss: 0.03318, Test loss: 11.00016,Epoch time = 2.439s
06/10/2026 15:31:57 - INFO - utils.trainer -   ***** Running evaluation on test0 dataset *****
06/10/2026 15:31:59 - INFO - utils.trainer -   AUC: 0.57734
06/10/2026 15:31:59 - INFO - utils.trainer -   Accuracy: 0.31646
06/10/2026 15:31:59 - INFO - utils.trainer -   Precision: 0.36765
06/10/2026 15:31:59 - INFO - utils.trainer -   Recall: 0.32483
06/10/2026 15:31:59 - INFO - utils.trainer -   F_score: 0.32329
06/10/2026 15:31:59 - INFO - utils.trainer -   Loss: 11.04041
06/10/2026 15:31:59 - INFO - utils.trainer -    Train loss: 0.00170, Test loss: 11.04041,Epoch time = 2.323s
06/10/2026 15:32:01 - INFO - utils.trainer -   ***** Running evaluation on test0 dataset *****
06/10/2026 15:32:03 - INFO - utils.trainer -   AUC: 0.57446
06/10/2026 15:32:03 - INFO - utils.trainer -   Accuracy: 0.29747
06/10/2026 15:32:03 - INFO - utils.trainer -   Precision: 0.34643
06/10/2026 15:32:03 - INFO - utils.trainer -   Recall: 0.30467
06/10/2026 15:32:03 - INFO - utils.trainer -   F_score: 0.30303
06/10/2026 15:32:03 - INFO - utils.trainer -   Loss: 10.87033
06/10/2026 15:32:03 - INFO - utils.trainer -    Train loss: 0.00184, Test loss: 10.87033,Epoch time = 2.377s
06/10/2026 15:32:05 - INFO - utils.trainer -   ***** Running evaluation on test0 dataset *****
06/10/2026 15:32:07 - INFO - utils.trainer -   AUC: 0.59558
06/10/2026 15:32:07 - INFO - utils.trainer -   Accuracy: 0.35443
06/10/2026 15:32:07 - INFO - utils.trainer -   Precision: 0.41093
06/10/2026 15:32:07 - INFO - utils.trainer -   Recall: 0.36515
06/10/2026 15:32:07 - INFO - utils.trainer -   F_score: 0.35877
06/10/2026 15:32:07 - INFO - utils.trainer -   Loss: 10.27695
06/10/2026 15:32:07 - INFO - utils.trainer -    Train loss: 0.00294, Test loss: 10.27695,Epoch time = 2.385s
06/10/2026 15:32:09 - INFO - utils.trainer -   ***** Running evaluation on test0 dataset *****
06/10/2026 15:32:11 - INFO - utils.trainer -   AUC: 0.59264
06/10/2026 15:32:11 - INFO - utils.trainer -   Accuracy: 0.33544
06/10/2026 15:32:11 - INFO - utils.trainer -   Precision: 0.36193
06/10/2026 15:32:11 - INFO - utils.trainer -   Recall: 0.34954
06/10/2026 15:32:11 - INFO - utils.trainer -   F_score: 0.33458
06/10/2026 15:32:11 - INFO - utils.trainer -   Loss: 11.76904
06/10/2026 15:32:11 - INFO - utils.trainer -    Train loss: 0.02694, Test loss: 11.76904,Epoch time = 2.480s
06/10/2026 15:32:13 - INFO - utils.trainer -   ***** Running evaluation on test0 dataset *****
06/10/2026 15:32:15 - INFO - utils.trainer -   AUC: 0.56402
06/10/2026 15:32:15 - INFO - utils.trainer -   Accuracy: 0.29114
06/10/2026 15:32:15 - INFO - utils.trainer -   Precision: 0.32424
06/10/2026 15:32:15 - INFO - utils.trainer -   Recall: 0.29891
06/10/2026 15:32:15 - INFO - utils.trainer -   F_score: 0.29446
06/10/2026 15:32:15 - INFO - utils.trainer -   Loss: 10.99935
06/10/2026 15:32:15 - INFO - utils.trainer -    Train loss: 0.00284, Test loss: 10.99935,Epoch time = 2.455s
06/10/2026 15:32:18 - INFO - utils.trainer -   ***** Running evaluation on test0 dataset *****
06/10/2026 15:32:19 - INFO - utils.trainer -   AUC: 0.57263
06/10/2026 15:32:19 - INFO - utils.trainer -   Accuracy: 0.32278
06/10/2026 15:32:19 - INFO - utils.trainer -   Precision: 0.36116
06/10/2026 15:32:19 - INFO - utils.trainer -   Recall: 0.32994
06/10/2026 15:32:19 - INFO - utils.trainer -   F_score: 0.32642
06/10/2026 15:32:19 - INFO - utils.trainer -   Loss: 10.40681
06/10/2026 15:32:19 - INFO - utils.trainer -    Train loss: 0.00454, Test loss: 10.40681,Epoch time = 2.505s
06/10/2026 15:32:22 - INFO - utils.trainer -   ***** Running evaluation on test0 dataset *****
06/10/2026 15:32:24 - INFO - utils.trainer -   AUC: 0.56732
06/10/2026 15:32:24 - INFO - utils.trainer -   Accuracy: 0.32278
06/10/2026 15:32:24 - INFO - utils.trainer -   Precision: 0.36982
06/10/2026 15:32:24 - INFO - utils.trainer -   Recall: 0.33331
06/10/2026 15:32:24 - INFO - utils.trainer -   F_score: 0.32503
06/10/2026 15:32:24 - INFO - utils.trainer -   Loss: 11.67515
06/10/2026 15:32:24 - INFO - utils.trainer -    Train loss: 0.00293, Test loss: 11.67515,Epoch time = 2.425s
06/10/2026 15:32:26 - INFO - utils.trainer -   ***** Running evaluation on test0 dataset *****
06/10/2026 15:32:28 - INFO - utils.trainer -   AUC: 0.58361
06/10/2026 15:32:28 - INFO - utils.trainer -   Accuracy: 0.31646
06/10/2026 15:32:28 - INFO - utils.trainer -   Precision: 0.35590
06/10/2026 15:32:28 - INFO - utils.trainer -   Recall: 0.32269
06/10/2026 15:32:28 - INFO - utils.trainer -   F_score: 0.32101
06/10/2026 15:32:28 - INFO - utils.trainer -   Loss: 11.38769
06/10/2026 15:32:28 - INFO - utils.trainer -    Train loss: 0.00683, Test loss: 11.38769,Epoch time = 2.409s
06/10/2026 15:32:30 - INFO - utils.trainer -   ***** Running evaluation on test0 dataset *****
06/10/2026 15:32:32 - INFO - utils.trainer -   AUC: 0.58667
06/10/2026 15:32:32 - INFO - utils.trainer -   Accuracy: 0.35443
06/10/2026 15:32:32 - INFO - utils.trainer -   Precision: 0.38482
06/10/2026 15:32:32 - INFO - utils.trainer -   Recall: 0.36882
06/10/2026 15:32:32 - INFO - utils.trainer -   F_score: 0.35394
06/10/2026 15:32:32 - INFO - utils.trainer -   Loss: 11.02954
06/10/2026 15:32:32 - INFO - utils.trainer -    Train loss: 0.00638, Test loss: 11.02954,Epoch time = 2.423s
06/10/2026 15:32:34 - INFO - utils.trainer -   ***** Running evaluation on test0 dataset *****
06/10/2026 15:32:36 - INFO - utils.trainer -   AUC: 0.56405
06/10/2026 15:32:36 - INFO - utils.trainer -   Accuracy: 0.31013
06/10/2026 15:32:36 - INFO - utils.trainer -   Precision: 0.33967
06/10/2026 15:32:36 - INFO - utils.trainer -   Recall: 0.32033
06/10/2026 15:32:36 - INFO - utils.trainer -   F_score: 0.31235
06/10/2026 15:32:36 - INFO - utils.trainer -   Loss: 12.20879
06/10/2026 15:32:36 - INFO - utils.trainer -    Train loss: 0.00377, Test loss: 12.20879,Epoch time = 2.418s
06/10/2026 15:32:38 - INFO - utils.trainer -   ***** Running evaluation on test0 dataset *****
06/10/2026 15:32:40 - INFO - utils.trainer -   AUC: 0.57336
06/10/2026 15:32:40 - INFO - utils.trainer -   Accuracy: 0.32278
06/10/2026 15:32:40 - INFO - utils.trainer -   Precision: 0.35921
06/10/2026 15:32:40 - INFO - utils.trainer -   Recall: 0.33159
06/10/2026 15:32:40 - INFO - utils.trainer -   F_score: 0.32700
06/10/2026 15:32:40 - INFO - utils.trainer -   Loss: 11.48996
06/10/2026 15:32:40 - INFO - utils.trainer -    Train loss: 0.00178, Test loss: 11.48996,Epoch time = 2.404s
06/10/2026 15:32:43 - INFO - utils.trainer -   ***** Running evaluation on test0 dataset *****
06/10/2026 15:32:44 - INFO - utils.trainer -   AUC: 0.57582
06/10/2026 15:32:44 - INFO - utils.trainer -   Accuracy: 0.33544
06/10/2026 15:32:44 - INFO - utils.trainer -   Precision: 0.37873
06/10/2026 15:32:44 - INFO - utils.trainer -   Recall: 0.34718
06/10/2026 15:32:44 - INFO - utils.trainer -   F_score: 0.33683
06/10/2026 15:32:44 - INFO - utils.trainer -   Loss: 11.88268
06/10/2026 15:32:44 - INFO - utils.trainer -    Train loss: 0.00700, Test loss: 11.88268,Epoch time = 2.406s
06/10/2026 15:32:47 - INFO - utils.trainer -   ***** Running evaluation on test0 dataset *****
06/10/2026 15:32:48 - INFO - utils.trainer -   AUC: 0.58197
06/10/2026 15:32:48 - INFO - utils.trainer -   Accuracy: 0.34177
06/10/2026 15:32:48 - INFO - utils.trainer -   Precision: 0.37381
06/10/2026 15:32:48 - INFO - utils.trainer -   Recall: 0.35453
06/10/2026 15:32:48 - INFO - utils.trainer -   F_score: 0.34194
06/10/2026 15:32:48 - INFO - utils.trainer -   Loss: 11.22170
06/10/2026 15:32:48 - INFO - utils.trainer -    Train loss: 0.00148, Test loss: 11.22170,Epoch time = 2.350s
06/10/2026 15:32:51 - INFO - utils.trainer -   ***** Running evaluation on test0 dataset *****
06/10/2026 15:32:53 - INFO - utils.trainer -   AUC: 0.57747
06/10/2026 15:32:53 - INFO - utils.trainer -   Accuracy: 0.32911
06/10/2026 15:32:53 - INFO - utils.trainer -   Precision: 0.37257
06/10/2026 15:32:53 - INFO - utils.trainer -   Recall: 0.34000
06/10/2026 15:32:53 - INFO - utils.trainer -   F_score: 0.33026
06/10/2026 15:32:53 - INFO - utils.trainer -   Loss: 11.68981
06/10/2026 15:32:53 - INFO - utils.trainer -    Train loss: 0.00202, Test loss: 11.68981,Epoch time = 2.421s
06/10/2026 15:32:55 - INFO - utils.trainer -   ***** Running evaluation on test0 dataset *****
06/10/2026 15:32:57 - INFO - utils.trainer -   AUC: 0.56237
06/10/2026 15:32:57 - INFO - utils.trainer -   Accuracy: 0.32911
06/10/2026 15:32:57 - INFO - utils.trainer -   Precision: 0.36947
06/10/2026 15:32:57 - INFO - utils.trainer -   Recall: 0.33905
06/10/2026 15:32:57 - INFO - utils.trainer -   F_score: 0.33165
06/10/2026 15:32:57 - INFO - utils.trainer -   Loss: 12.88773
06/10/2026 15:32:57 - INFO - utils.trainer -    Train loss: 0.00131, Test loss: 12.88773,Epoch time = 2.412s
06/10/2026 15:32:59 - INFO - utils.trainer -   ***** Running evaluation on test0 dataset *****
06/10/2026 15:33:01 - INFO - utils.trainer -   AUC: 0.59343
06/10/2026 15:33:01 - INFO - utils.trainer -   Accuracy: 0.33544
06/10/2026 15:33:01 - INFO - utils.trainer -   Precision: 0.36724
06/10/2026 15:33:01 - INFO - utils.trainer -   Recall: 0.35305
06/10/2026 15:33:01 - INFO - utils.trainer -   F_score: 0.33217
06/10/2026 15:33:01 - INFO - utils.trainer -   Loss: 11.79273
06/10/2026 15:33:01 - INFO - utils.trainer -    Train loss: 0.00623, Test loss: 11.79273,Epoch time = 2.461s
06/10/2026 15:33:03 - INFO - utils.trainer -   ***** Running evaluation on test0 dataset *****
06/10/2026 15:33:05 - INFO - utils.trainer -   AUC: 0.59855
06/10/2026 15:33:05 - INFO - utils.trainer -   Accuracy: 0.35443
06/10/2026 15:33:05 - INFO - utils.trainer -   Precision: 0.39058
06/10/2026 15:33:05 - INFO - utils.trainer -   Recall: 0.36727
06/10/2026 15:33:05 - INFO - utils.trainer -   F_score: 0.35472
06/10/2026 15:33:05 - INFO - utils.trainer -   Loss: 10.81349
06/10/2026 15:33:05 - INFO - utils.trainer -    Train loss: 0.00146, Test loss: 10.81349,Epoch time = 2.427s
06/10/2026 15:33:07 - INFO - utils.trainer -   ***** Running evaluation on test0 dataset *****
06/10/2026 15:33:09 - INFO - utils.trainer -   AUC: 0.58826
06/10/2026 15:33:09 - INFO - utils.trainer -   Accuracy: 0.35443
06/10/2026 15:33:09 - INFO - utils.trainer -   Precision: 0.39237
06/10/2026 15:33:09 - INFO - utils.trainer -   Recall: 0.36758
06/10/2026 15:33:09 - INFO - utils.trainer -   F_score: 0.35573
06/10/2026 15:33:09 - INFO - utils.trainer -   Loss: 12.15750
06/10/2026 15:33:09 - INFO - utils.trainer -    Train loss: 0.00360, Test loss: 12.15750,Epoch time = 2.453s
06/10/2026 15:33:12 - INFO - utils.trainer -   ***** Running evaluation on test0 dataset *****
06/10/2026 15:33:13 - INFO - utils.trainer -   AUC: 0.58826
06/10/2026 15:33:13 - INFO - utils.trainer -   Accuracy: 0.34177
06/10/2026 15:33:13 - INFO - utils.trainer -   Precision: 0.39032
06/10/2026 15:33:13 - INFO - utils.trainer -   Recall: 0.35228
06/10/2026 15:33:13 - INFO - utils.trainer -   F_score: 0.34565
06/10/2026 15:33:13 - INFO - utils.trainer -   Loss: 11.67461
06/10/2026 15:33:13 - INFO - utils.trainer -    Train loss: 0.00300, Test loss: 11.67461,Epoch time = 2.385s
06/10/2026 15:33:16 - INFO - utils.trainer -   ***** Running evaluation on test0 dataset *****
06/10/2026 15:33:17 - INFO - utils.trainer -   AUC: 0.57447
06/10/2026 15:33:17 - INFO - utils.trainer -   Accuracy: 0.32278
06/10/2026 15:33:17 - INFO - utils.trainer -   Precision: 0.35636
06/10/2026 15:33:17 - INFO - utils.trainer -   Recall: 0.33490
06/10/2026 15:33:17 - INFO - utils.trainer -   F_score: 0.32082
06/10/2026 15:33:17 - INFO - utils.trainer -   Loss: 11.93501
06/10/2026 15:33:17 - INFO - utils.trainer -    Train loss: 0.01599, Test loss: 11.93501,Epoch time = 2.446s
06/10/2026 15:33:20 - INFO - utils.trainer -   ***** Running evaluation on test0 dataset *****
06/10/2026 15:33:22 - INFO - utils.trainer -   AUC: 0.57304
06/10/2026 15:33:22 - INFO - utils.trainer -   Accuracy: 0.29114
06/10/2026 15:33:22 - INFO - utils.trainer -   Precision: 0.33444
06/10/2026 15:33:22 - INFO - utils.trainer -   Recall: 0.29697
06/10/2026 15:33:22 - INFO - utils.trainer -   F_score: 0.29406
06/10/2026 15:33:22 - INFO - utils.trainer -   Loss: 11.92006
06/10/2026 15:33:22 - INFO - utils.trainer -    Train loss: 0.00194, Test loss: 11.92006,Epoch time = 2.407s
06/10/2026 15:33:24 - INFO - utils.trainer -   ***** Running evaluation on test0 dataset *****
06/10/2026 15:33:26 - INFO - utils.trainer -   AUC: 0.60153
06/10/2026 15:33:26 - INFO - utils.trainer -   Accuracy: 0.36076
06/10/2026 15:33:26 - INFO - utils.trainer -   Precision: 0.39736
06/10/2026 15:33:26 - INFO - utils.trainer -   Recall: 0.37219
06/10/2026 15:33:26 - INFO - utils.trainer -   F_score: 0.36230
06/10/2026 15:33:26 - INFO - utils.trainer -   Loss: 11.45638
06/10/2026 15:33:26 - INFO - utils.trainer -    Train loss: 0.00202, Test loss: 11.45638,Epoch time = 2.353s
06/10/2026 15:33:26 - INFO - utils.trainer -   Saving model checkpoint to output_dir/BrainNetCNN
06/10/2026 15:33:28 - INFO - utils.trainer -   ***** Running evaluation on test0 dataset *****
06/10/2026 15:33:30 - INFO - utils.trainer -   AUC: 0.57406
06/10/2026 15:33:30 - INFO - utils.trainer -   Accuracy: 0.31013
06/10/2026 15:33:30 - INFO - utils.trainer -   Precision: 0.33851
06/10/2026 15:33:30 - INFO - utils.trainer -   Recall: 0.32322
06/10/2026 15:33:30 - INFO - utils.trainer -   F_score: 0.30838
06/10/2026 15:33:30 - INFO - utils.trainer -   Loss: 11.98341
06/10/2026 15:33:30 - INFO - utils.trainer -    Train loss: 0.00064, Test loss: 11.98341,Epoch time = 2.401s
06/10/2026 15:33:32 - INFO - utils.trainer -   ***** Running evaluation on test0 dataset *****
06/10/2026 15:33:34 - INFO - utils.trainer -   AUC: 0.59175
06/10/2026 15:33:34 - INFO - utils.trainer -   Accuracy: 0.35443
06/10/2026 15:33:34 - INFO - utils.trainer -   Precision: 0.39715
06/10/2026 15:33:34 - INFO - utils.trainer -   Recall: 0.36621
06/10/2026 15:33:34 - INFO - utils.trainer -   F_score: 0.35595
06/10/2026 15:33:34 - INFO - utils.trainer -   Loss: 11.86707
06/10/2026 15:33:34 - INFO - utils.trainer -    Train loss: 0.00265, Test loss: 11.86707,Epoch time = 2.381s
06/10/2026 15:33:36 - INFO - utils.trainer -   ***** Running evaluation on test0 dataset *****
06/10/2026 15:33:38 - INFO - utils.trainer -   AUC: 0.59646
06/10/2026 15:33:38 - INFO - utils.trainer -   Accuracy: 0.32911
06/10/2026 15:33:38 - INFO - utils.trainer -   Precision: 0.35623
06/10/2026 15:33:38 - INFO - utils.trainer -   Recall: 0.34296
06/10/2026 15:33:38 - INFO - utils.trainer -   F_score: 0.32744
06/10/2026 15:33:38 - INFO - utils.trainer -   Loss: 11.84281
06/10/2026 15:33:38 - INFO - utils.trainer -    Train loss: 0.00170, Test loss: 11.84281,Epoch time = 2.429s
06/10/2026 15:33:40 - INFO - utils.trainer -   ***** Running evaluation on test0 dataset *****
06/10/2026 15:33:42 - INFO - utils.trainer -   AUC: 0.57574
06/10/2026 15:33:42 - INFO - utils.trainer -   Accuracy: 0.32911
06/10/2026 15:33:42 - INFO - utils.trainer -   Precision: 0.36817
06/10/2026 15:33:42 - INFO - utils.trainer -   Recall: 0.34243
06/10/2026 15:33:42 - INFO - utils.trainer -   F_score: 0.32705
06/10/2026 15:33:42 - INFO - utils.trainer -   Loss: 12.18856
06/10/2026 15:33:42 - INFO - utils.trainer -    Train loss: 0.00339, Test loss: 12.18856,Epoch time = 2.360s
06/10/2026 15:33:45 - INFO - utils.trainer -   ***** Running evaluation on test0 dataset *****
06/10/2026 15:33:46 - INFO - utils.trainer -   AUC: 0.58449
06/10/2026 15:33:46 - INFO - utils.trainer -   Accuracy: 0.31646
06/10/2026 15:33:46 - INFO - utils.trainer -   Precision: 0.34635
06/10/2026 15:33:46 - INFO - utils.trainer -   Recall: 0.32867
06/10/2026 15:33:46 - INFO - utils.trainer -   F_score: 0.31662
06/10/2026 15:33:46 - INFO - utils.trainer -   Loss: 12.07032
06/10/2026 15:33:46 - INFO - utils.trainer -    Train loss: 0.00078, Test loss: 12.07032,Epoch time = 2.370s
06/10/2026 15:33:49 - INFO - utils.trainer -   ***** Running evaluation on test0 dataset *****
06/10/2026 15:33:50 - INFO - utils.trainer -   AUC: 0.59455
06/10/2026 15:33:50 - INFO - utils.trainer -   Accuracy: 0.31646
06/10/2026 15:33:50 - INFO - utils.trainer -   Precision: 0.36063
06/10/2026 15:33:50 - INFO - utils.trainer -   Recall: 0.32874
06/10/2026 15:33:50 - INFO - utils.trainer -   F_score: 0.31751
06/10/2026 15:33:50 - INFO - utils.trainer -   Loss: 11.76381
06/10/2026 15:33:50 - INFO - utils.trainer -    Train loss: 0.00437, Test loss: 11.76381,Epoch time = 2.368s
06/10/2026 15:33:53 - INFO - utils.trainer -   ***** Running evaluation on test0 dataset *****
06/10/2026 15:33:55 - INFO - utils.trainer -   AUC: 0.57215
06/10/2026 15:33:55 - INFO - utils.trainer -   Accuracy: 0.33544
06/10/2026 15:33:55 - INFO - utils.trainer -   Precision: 0.37649
06/10/2026 15:33:55 - INFO - utils.trainer -   Recall: 0.34570
06/10/2026 15:33:55 - INFO - utils.trainer -   F_score: 0.33740
06/10/2026 15:33:55 - INFO - utils.trainer -   Loss: 12.63600
06/10/2026 15:33:55 - INFO - utils.trainer -    Train loss: 0.03160, Test loss: 12.63600,Epoch time = 2.410s
06/10/2026 15:33:57 - INFO - utils.trainer -   ***** Running evaluation on test0 dataset *****
06/10/2026 15:33:59 - INFO - utils.trainer -   AUC: 0.58722
06/10/2026 15:33:59 - INFO - utils.trainer -   Accuracy: 0.32911
06/10/2026 15:33:59 - INFO - utils.trainer -   Precision: 0.37307
06/10/2026 15:33:59 - INFO - utils.trainer -   Recall: 0.33982
06/10/2026 15:33:59 - INFO - utils.trainer -   F_score: 0.32998
06/10/2026 15:33:59 - INFO - utils.trainer -   Loss: 11.80102
06/10/2026 15:33:59 - INFO - utils.trainer -    Train loss: 0.00346, Test loss: 11.80102,Epoch time = 2.445s
06/10/2026 15:34:01 - INFO - utils.trainer -   ***** Running evaluation on test0 dataset *****
06/10/2026 15:34:03 - INFO - utils.trainer -   AUC: 0.57013
06/10/2026 15:34:03 - INFO - utils.trainer -   Accuracy: 0.32911
06/10/2026 15:34:03 - INFO - utils.trainer -   Precision: 0.37931
06/10/2026 15:34:03 - INFO - utils.trainer -   Recall: 0.33990
06/10/2026 15:34:03 - INFO - utils.trainer -   F_score: 0.33079
06/10/2026 15:34:03 - INFO - utils.trainer -   Loss: 12.14535
06/10/2026 15:34:03 - INFO - utils.trainer -    Train loss: 0.00235, Test loss: 12.14535,Epoch time = 2.358s
06/10/2026 15:34:05 - INFO - utils.trainer -   ***** Running evaluation on test0 dataset *****
06/10/2026 15:34:07 - INFO - utils.trainer -   AUC: 0.58486
06/10/2026 15:34:07 - INFO - utils.trainer -   Accuracy: 0.32278
06/10/2026 15:34:07 - INFO - utils.trainer -   Precision: 0.34827
06/10/2026 15:34:07 - INFO - utils.trainer -   Recall: 0.33332
06/10/2026 15:34:07 - INFO - utils.trainer -   F_score: 0.32183
06/10/2026 15:34:07 - INFO - utils.trainer -   Loss: 10.98728
06/10/2026 15:34:07 - INFO - utils.trainer -    Train loss: 0.00323, Test loss: 10.98728,Epoch time = 2.400s
06/10/2026 15:34:09 - INFO - utils.trainer -   ***** Running evaluation on test0 dataset *****
06/10/2026 15:34:11 - INFO - utils.trainer -   AUC: 0.58452
06/10/2026 15:34:11 - INFO - utils.trainer -   Accuracy: 0.32278
06/10/2026 15:34:11 - INFO - utils.trainer -   Precision: 0.35739
06/10/2026 15:34:11 - INFO - utils.trainer -   Recall: 0.33177
06/10/2026 15:34:11 - INFO - utils.trainer -   F_score: 0.32438
06/10/2026 15:34:11 - INFO - utils.trainer -   Loss: 10.96692
06/10/2026 15:34:11 - INFO - utils.trainer -    Train loss: 0.00934, Test loss: 10.96692,Epoch time = 2.378s
06/10/2026 15:34:13 - INFO - utils.trainer -   ***** Running evaluation on test0 dataset *****
06/10/2026 15:34:15 - INFO - utils.trainer -   AUC: 0.58358
06/10/2026 15:34:15 - INFO - utils.trainer -   Accuracy: 0.31646
06/10/2026 15:34:15 - INFO - utils.trainer -   Precision: 0.34570
06/10/2026 15:34:15 - INFO - utils.trainer -   Recall: 0.32364
06/10/2026 15:34:15 - INFO - utils.trainer -   F_score: 0.31828
06/10/2026 15:34:15 - INFO - utils.trainer -   Loss: 11.42294
06/10/2026 15:34:15 - INFO - utils.trainer -    Train loss: 0.00304, Test loss: 11.42294,Epoch time = 2.445s
06/10/2026 15:34:17 - INFO - utils.trainer -   ***** Running evaluation on test0 dataset *****
06/10/2026 15:34:19 - INFO - utils.trainer -   AUC: 0.58945
06/10/2026 15:34:19 - INFO - utils.trainer -   Accuracy: 0.34810
06/10/2026 15:34:19 - INFO - utils.trainer -   Precision: 0.37286
06/10/2026 15:34:19 - INFO - utils.trainer -   Recall: 0.36224
06/10/2026 15:34:19 - INFO - utils.trainer -   F_score: 0.34567
06/10/2026 15:34:19 - INFO - utils.trainer -   Loss: 11.88398
06/10/2026 15:34:19 - INFO - utils.trainer -    Train loss: 0.00282, Test loss: 11.88398,Epoch time = 2.387s
06/10/2026 15:34:22 - INFO - utils.trainer -   ***** Running evaluation on test0 dataset *****
06/10/2026 15:34:23 - INFO - utils.trainer -   AUC: 0.59196
06/10/2026 15:34:23 - INFO - utils.trainer -   Accuracy: 0.31646
06/10/2026 15:34:23 - INFO - utils.trainer -   Precision: 0.34734
06/10/2026 15:34:23 - INFO - utils.trainer -   Recall: 0.32442
06/10/2026 15:34:23 - INFO - utils.trainer -   F_score: 0.31797
06/10/2026 15:34:23 - INFO - utils.trainer -   Loss: 12.26260
06/10/2026 15:34:23 - INFO - utils.trainer -    Train loss: 0.00141, Test loss: 12.26260,Epoch time = 2.408s
06/10/2026 15:34:26 - INFO - utils.trainer -   ***** Running evaluation on test0 dataset *****
06/10/2026 15:34:27 - INFO - utils.trainer -   AUC: 0.59528
06/10/2026 15:34:27 - INFO - utils.trainer -   Accuracy: 0.31013
06/10/2026 15:34:27 - INFO - utils.trainer -   Precision: 0.33477
06/10/2026 15:34:27 - INFO - utils.trainer -   Recall: 0.32286
06/10/2026 15:34:27 - INFO - utils.trainer -   F_score: 0.30878
06/10/2026 15:34:27 - INFO - utils.trainer -   Loss: 11.80174
06/10/2026 15:34:27 - INFO - utils.trainer -    Train loss: 0.00093, Test loss: 11.80174,Epoch time = 2.480s
06/10/2026 15:34:30 - INFO - utils.trainer -   ***** Running evaluation on test0 dataset *****
06/10/2026 15:34:32 - INFO - utils.trainer -   AUC: 0.58712
06/10/2026 15:34:32 - INFO - utils.trainer -   Accuracy: 0.32911
06/10/2026 15:34:32 - INFO - utils.trainer -   Precision: 0.37436
06/10/2026 15:34:32 - INFO - utils.trainer -   Recall: 0.34190
06/10/2026 15:34:32 - INFO - utils.trainer -   F_score: 0.33070
06/10/2026 15:34:32 - INFO - utils.trainer -   Loss: 11.21449
06/10/2026 15:34:32 - INFO - utils.trainer -    Train loss: 0.00173, Test loss: 11.21449,Epoch time = 2.504s
06/10/2026 15:34:34 - INFO - utils.trainer -   ***** Running evaluation on test0 dataset *****
06/10/2026 15:34:36 - INFO - utils.trainer -   AUC: 0.57019
06/10/2026 15:34:36 - INFO - utils.trainer -   Accuracy: 0.32911
06/10/2026 15:34:36 - INFO - utils.trainer -   Precision: 0.35917
06/10/2026 15:34:36 - INFO - utils.trainer -   Recall: 0.34267
06/10/2026 15:34:36 - INFO - utils.trainer -   F_score: 0.32911
06/10/2026 15:34:36 - INFO - utils.trainer -   Loss: 12.09118
06/10/2026 15:34:36 - INFO - utils.trainer -    Train loss: 0.00200, Test loss: 12.09118,Epoch time = 2.459s
06/10/2026 15:34:38 - INFO - utils.trainer -   ***** Running evaluation on test0 dataset *****
06/10/2026 15:34:40 - INFO - utils.trainer -   AUC: 0.56965
06/10/2026 15:34:40 - INFO - utils.trainer -   Accuracy: 0.30380
06/10/2026 15:34:40 - INFO - utils.trainer -   Precision: 0.34574
06/10/2026 15:34:40 - INFO - utils.trainer -   Recall: 0.31375
06/10/2026 15:34:40 - INFO - utils.trainer -   F_score: 0.30732
06/10/2026 15:34:40 - INFO - utils.trainer -   Loss: 12.30043
06/10/2026 15:34:40 - INFO - utils.trainer -    Train loss: 0.00125, Test loss: 12.30043,Epoch time = 2.470s
06/10/2026 15:34:43 - INFO - utils.trainer -   ***** Running evaluation on test0 dataset *****
06/10/2026 15:34:44 - INFO - utils.trainer -   AUC: 0.58517
06/10/2026 15:34:44 - INFO - utils.trainer -   Accuracy: 0.31646
06/10/2026 15:34:44 - INFO - utils.trainer -   Precision: 0.35868
06/10/2026 15:34:44 - INFO - utils.trainer -   Recall: 0.32554
06/10/2026 15:34:44 - INFO - utils.trainer -   F_score: 0.32144
06/10/2026 15:34:44 - INFO - utils.trainer -   Loss: 11.06946
06/10/2026 15:34:44 - INFO - utils.trainer -    Train loss: 0.00175, Test loss: 11.06946,Epoch time = 2.495s
06/10/2026 15:34:47 - INFO - utils.trainer -   ***** Running evaluation on test0 dataset *****
06/10/2026 15:34:48 - INFO - utils.trainer -   AUC: 0.57244
06/10/2026 15:34:48 - INFO - utils.trainer -   Accuracy: 0.27848
06/10/2026 15:34:48 - INFO - utils.trainer -   Precision: 0.31459
06/10/2026 15:34:48 - INFO - utils.trainer -   Recall: 0.28304
06/10/2026 15:34:48 - INFO - utils.trainer -   F_score: 0.28170
06/10/2026 15:34:48 - INFO - utils.trainer -   Loss: 11.56388
06/10/2026 15:34:48 - INFO - utils.trainer -    Train loss: 0.00156, Test loss: 11.56388,Epoch time = 2.455s
06/10/2026 15:34:51 - INFO - utils.trainer -   ***** Running evaluation on test0 dataset *****
06/10/2026 15:34:53 - INFO - utils.trainer -   AUC: 0.57596
06/10/2026 15:34:53 - INFO - utils.trainer -   Accuracy: 0.31013
06/10/2026 15:34:53 - INFO - utils.trainer -   Precision: 0.34043
06/10/2026 15:34:53 - INFO - utils.trainer -   Recall: 0.31534
06/10/2026 15:34:53 - INFO - utils.trainer -   F_score: 0.31202
06/10/2026 15:34:53 - INFO - utils.trainer -   Loss: 12.99926
06/10/2026 15:34:53 - INFO - utils.trainer -    Train loss: 0.02395, Test loss: 12.99926,Epoch time = 2.587s
06/10/2026 15:34:55 - INFO - utils.trainer -   ***** Running evaluation on test0 dataset *****
06/10/2026 15:34:57 - INFO - utils.trainer -   AUC: 0.60142
06/10/2026 15:34:57 - INFO - utils.trainer -   Accuracy: 0.33544
06/10/2026 15:34:57 - INFO - utils.trainer -   Precision: 0.38326
06/10/2026 15:34:57 - INFO - utils.trainer -   Recall: 0.34493
06/10/2026 15:34:57 - INFO - utils.trainer -   F_score: 0.34116
06/10/2026 15:34:57 - INFO - utils.trainer -   Loss: 11.02628
06/10/2026 15:34:57 - INFO - utils.trainer -    Train loss: 0.00130, Test loss: 11.02628,Epoch time = 2.483s
06/10/2026 15:35:00 - INFO - utils.trainer -   ***** Running evaluation on test0 dataset *****
06/10/2026 15:35:01 - INFO - utils.trainer -   AUC: 0.58161
06/10/2026 15:35:01 - INFO - utils.trainer -   Accuracy: 0.31646
06/10/2026 15:35:01 - INFO - utils.trainer -   Precision: 0.35933
06/10/2026 15:35:01 - INFO - utils.trainer -   Recall: 0.32424
06/10/2026 15:35:01 - INFO - utils.trainer -   F_score: 0.32164
06/10/2026 15:35:01 - INFO - utils.trainer -   Loss: 11.33594
06/10/2026 15:35:01 - INFO - utils.trainer -    Train loss: 0.00094, Test loss: 11.33594,Epoch time = 2.436s
06/10/2026 15:35:04 - INFO - utils.trainer -   ***** Running evaluation on test0 dataset *****
06/10/2026 15:35:06 - INFO - utils.trainer -   AUC: 0.57518
06/10/2026 15:35:06 - INFO - utils.trainer -   Accuracy: 0.31646
06/10/2026 15:35:06 - INFO - utils.trainer -   Precision: 0.35032
06/10/2026 15:35:06 - INFO - utils.trainer -   Recall: 0.32874
06/10/2026 15:35:06 - INFO - utils.trainer -   F_score: 0.31736
06/10/2026 15:35:06 - INFO - utils.trainer -   Loss: 12.34017
06/10/2026 15:35:06 - INFO - utils.trainer -    Train loss: 0.00243, Test loss: 12.34017,Epoch time = 2.479s
06/10/2026 15:35:08 - INFO - utils.trainer -   ***** Running evaluation on test0 dataset *****
06/10/2026 15:35:10 - INFO - utils.trainer -   AUC: 0.59577
06/10/2026 15:35:10 - INFO - utils.trainer -   Accuracy: 0.33544
06/10/2026 15:35:10 - INFO - utils.trainer -   Precision: 0.37042
06/10/2026 15:35:10 - INFO - utils.trainer -   Recall: 0.34837
06/10/2026 15:35:10 - INFO - utils.trainer -   F_score: 0.33613
06/10/2026 15:35:10 - INFO - utils.trainer -   Loss: 11.68830
06/10/2026 15:35:10 - INFO - utils.trainer -    Train loss: 0.00893, Test loss: 11.68830,Epoch time = 2.436s
06/10/2026 15:35:12 - INFO - utils.trainer -   ***** Running evaluation on test0 dataset *****
06/10/2026 15:35:14 - INFO - utils.trainer -   AUC: 0.59022
06/10/2026 15:35:14 - INFO - utils.trainer -   Accuracy: 0.32911
06/10/2026 15:35:14 - INFO - utils.trainer -   Precision: 0.34997
06/10/2026 15:35:14 - INFO - utils.trainer -   Recall: 0.34380
06/10/2026 15:35:14 - INFO - utils.trainer -   F_score: 0.32612
06/10/2026 15:35:14 - INFO - utils.trainer -   Loss: 11.63204
06/10/2026 15:35:14 - INFO - utils.trainer -    Train loss: 0.00131, Test loss: 11.63204,Epoch time = 2.440s
06/10/2026 15:35:17 - INFO - utils.trainer -   ***** Running evaluation on test0 dataset *****
06/10/2026 15:35:18 - INFO - utils.trainer -   AUC: 0.56465
06/10/2026 15:35:18 - INFO - utils.trainer -   Accuracy: 0.32278
06/10/2026 15:35:18 - INFO - utils.trainer -   Precision: 0.34688
06/10/2026 15:35:18 - INFO - utils.trainer -   Recall: 0.33627
06/10/2026 15:35:18 - INFO - utils.trainer -   F_score: 0.32203
06/10/2026 15:35:18 - INFO - utils.trainer -   Loss: 11.85104
06/10/2026 15:35:18 - INFO - utils.trainer -    Train loss: 0.00164, Test loss: 11.85104,Epoch time = 2.466s
06/10/2026 15:35:21 - INFO - utils.trainer -   ***** Running evaluation on test0 dataset *****
06/10/2026 15:35:22 - INFO - utils.trainer -   AUC: 0.58140
06/10/2026 15:35:22 - INFO - utils.trainer -   Accuracy: 0.32278
06/10/2026 15:35:22 - INFO - utils.trainer -   Precision: 0.35147
06/10/2026 15:35:22 - INFO - utils.trainer -   Recall: 0.33195
06/10/2026 15:35:22 - INFO - utils.trainer -   F_score: 0.32308
06/10/2026 15:35:22 - INFO - utils.trainer -   Loss: 12.26943
06/10/2026 15:35:22 - INFO - utils.trainer -    Train loss: 0.00156, Test loss: 12.26943,Epoch time = 2.479s
06/10/2026 15:35:25 - INFO - utils.trainer -   ***** Running evaluation on test0 dataset *****
06/10/2026 15:35:26 - INFO - utils.trainer -   AUC: 0.57777
06/10/2026 15:35:26 - INFO - utils.trainer -   Accuracy: 0.32911
06/10/2026 15:35:26 - INFO - utils.trainer -   Precision: 0.36540
06/10/2026 15:35:26 - INFO - utils.trainer -   Recall: 0.34060
06/10/2026 15:35:26 - INFO - utils.trainer -   F_score: 0.33014
06/10/2026 15:35:26 - INFO - utils.trainer -   Loss: 11.47258
06/10/2026 15:35:26 - INFO - utils.trainer -    Train loss: 0.00122, Test loss: 11.47258,Epoch time = 2.332s
06/10/2026 15:35:29 - INFO - utils.trainer -   ***** Running evaluation on test0 dataset *****
06/10/2026 15:35:31 - INFO - utils.trainer -   AUC: 0.59898
06/10/2026 15:35:31 - INFO - utils.trainer -   Accuracy: 0.34810
06/10/2026 15:35:31 - INFO - utils.trainer -   Precision: 0.38654
06/10/2026 15:35:31 - INFO - utils.trainer -   Recall: 0.36041
06/10/2026 15:35:31 - INFO - utils.trainer -   F_score: 0.35044
06/10/2026 15:35:31 - INFO - utils.trainer -   Loss: 11.81289
06/10/2026 15:35:31 - INFO - utils.trainer -    Train loss: 0.00215, Test loss: 11.81289,Epoch time = 2.475s
06/10/2026 15:35:33 - INFO - utils.trainer -   ***** Running evaluation on test0 dataset *****
06/10/2026 15:35:35 - INFO - utils.trainer -   AUC: 0.58176
06/10/2026 15:35:35 - INFO - utils.trainer -   Accuracy: 0.32911
06/10/2026 15:35:35 - INFO - utils.trainer -   Precision: 0.36673
06/10/2026 15:35:35 - INFO - utils.trainer -   Recall: 0.34137
06/10/2026 15:35:35 - INFO - utils.trainer -   F_score: 0.32998
06/10/2026 15:35:35 - INFO - utils.trainer -   Loss: 12.06696
06/10/2026 15:35:35 - INFO - utils.trainer -    Train loss: 0.00258, Test loss: 12.06696,Epoch time = 2.461s
06/10/2026 15:35:37 - INFO - utils.trainer -   ***** Running evaluation on test0 dataset *****
06/10/2026 15:35:39 - INFO - utils.trainer -   AUC: 0.57670
06/10/2026 15:35:39 - INFO - utils.trainer -   Accuracy: 0.29747
06/10/2026 15:35:39 - INFO - utils.trainer -   Precision: 0.33307
06/10/2026 15:35:39 - INFO - utils.trainer -   Recall: 0.30598
06/10/2026 15:35:39 - INFO - utils.trainer -   F_score: 0.30099
06/10/2026 15:35:39 - INFO - utils.trainer -   Loss: 11.90401
06/10/2026 15:35:39 - INFO - utils.trainer -    Train loss: 0.00722, Test loss: 11.90401,Epoch time = 2.472s
06/10/2026 15:35:41 - INFO - utils.trainer -   ***** Running evaluation on test0 dataset *****
06/10/2026 15:35:43 - INFO - utils.trainer -   AUC: 0.58184
06/10/2026 15:35:43 - INFO - utils.trainer -   Accuracy: 0.31646
06/10/2026 15:35:43 - INFO - utils.trainer -   Precision: 0.33826
06/10/2026 15:35:43 - INFO - utils.trainer -   Recall: 0.33047
06/10/2026 15:35:43 - INFO - utils.trainer -   F_score: 0.31409
06/10/2026 15:35:43 - INFO - utils.trainer -   Loss: 12.91891
06/10/2026 15:35:43 - INFO - utils.trainer -    Train loss: 0.00284, Test loss: 12.91891,Epoch time = 2.370s
06/10/2026 15:35:46 - INFO - utils.trainer -   ***** Running evaluation on test0 dataset *****
06/10/2026 15:35:47 - INFO - utils.trainer -   AUC: 0.56539
06/10/2026 15:35:47 - INFO - utils.trainer -   Accuracy: 0.31013
06/10/2026 15:35:47 - INFO - utils.trainer -   Precision: 0.36380
06/10/2026 15:35:47 - INFO - utils.trainer -   Recall: 0.32121
06/10/2026 15:35:47 - INFO - utils.trainer -   F_score: 0.31265
06/10/2026 15:35:47 - INFO - utils.trainer -   Loss: 12.19006
06/10/2026 15:35:47 - INFO - utils.trainer -    Train loss: 0.00099, Test loss: 12.19006,Epoch time = 2.509s
06/10/2026 15:35:50 - INFO - utils.trainer -   ***** Running evaluation on test0 dataset *****
06/10/2026 15:35:51 - INFO - utils.trainer -   AUC: 0.59498
06/10/2026 15:35:51 - INFO - utils.trainer -   Accuracy: 0.35443
06/10/2026 15:35:51 - INFO - utils.trainer -   Precision: 0.39376
06/10/2026 15:35:51 - INFO - utils.trainer -   Recall: 0.36716
06/10/2026 15:35:51 - INFO - utils.trainer -   F_score: 0.35521
06/10/2026 15:35:51 - INFO - utils.trainer -   Loss: 11.64058
06/10/2026 15:35:51 - INFO - utils.trainer -    Train loss: 0.00041, Test loss: 11.64058,Epoch time = 2.465s
06/10/2026 15:35:54 - INFO - utils.trainer -   ***** Running evaluation on test0 dataset *****
06/10/2026 15:35:56 - INFO - utils.trainer -   AUC: 0.59284
06/10/2026 15:35:56 - INFO - utils.trainer -   Accuracy: 0.33544
06/10/2026 15:35:56 - INFO - utils.trainer -   Precision: 0.36579
06/10/2026 15:35:56 - INFO - utils.trainer -   Recall: 0.34873
06/10/2026 15:35:56 - INFO - utils.trainer -   F_score: 0.33492
06/10/2026 15:35:56 - INFO - utils.trainer -   Loss: 11.94193
06/10/2026 15:35:56 - INFO - utils.trainer -    Train loss: 0.00357, Test loss: 11.94193,Epoch time = 2.364s
06/10/2026 15:35:58 - INFO - utils.trainer -   ***** Running evaluation on test0 dataset *****
06/10/2026 15:36:00 - INFO - utils.trainer -   AUC: 0.58101
06/10/2026 15:36:00 - INFO - utils.trainer -   Accuracy: 0.32911
06/10/2026 15:36:00 - INFO - utils.trainer -   Precision: 0.34971
06/10/2026 15:36:00 - INFO - utils.trainer -   Recall: 0.34440
06/10/2026 15:36:00 - INFO - utils.trainer -   F_score: 0.32559
06/10/2026 15:36:00 - INFO - utils.trainer -   Loss: 11.89584
06/10/2026 15:36:00 - INFO - utils.trainer -    Train loss: 0.00249, Test loss: 11.89584,Epoch time = 2.382s
06/10/2026 15:36:02 - INFO - utils.trainer -   ***** Running evaluation on test0 dataset *****
06/10/2026 15:36:04 - INFO - utils.trainer -   AUC: 0.56705
06/10/2026 15:36:04 - INFO - utils.trainer -   Accuracy: 0.31646
06/10/2026 15:36:04 - INFO - utils.trainer -   Precision: 0.36568
06/10/2026 15:36:04 - INFO - utils.trainer -   Recall: 0.32916
06/10/2026 15:36:04 - INFO - utils.trainer -   F_score: 0.31848
06/10/2026 15:36:04 - INFO - utils.trainer -   Loss: 12.06065
06/10/2026 15:36:04 - INFO - utils.trainer -    Train loss: 0.00540, Test loss: 12.06065,Epoch time = 2.467s
06/10/2026 15:36:06 - INFO - utils.trainer -   ***** Running evaluation on test0 dataset *****
06/10/2026 15:36:08 - INFO - utils.trainer -   AUC: 0.57789
06/10/2026 15:36:08 - INFO - utils.trainer -   Accuracy: 0.32911
06/10/2026 15:36:08 - INFO - utils.trainer -   Precision: 0.36650
06/10/2026 15:36:08 - INFO - utils.trainer -   Recall: 0.33965
06/10/2026 15:36:08 - INFO - utils.trainer -   F_score: 0.33193
06/10/2026 15:36:08 - INFO - utils.trainer -   Loss: 12.11649
06/10/2026 15:36:08 - INFO - utils.trainer -    Train loss: 0.00334, Test loss: 12.11649,Epoch time = 2.388s
06/10/2026 15:36:15 - INFO - __main__ -   ########## Repeat:1 ##########
06/10/2026 15:36:15 - INFO - utils.trainer -   ***** Running training *****
06/10/2026 15:36:15 - INFO - utils.trainer -     Num examples = 19
06/10/2026 15:36:15 - INFO - utils.trainer -     Num Epochs = 200
06/10/2026 15:36:15 - INFO - utils.trainer -     Total train batch size = 16
06/10/2026 15:36:15 - INFO - utils.trainer -     warmup steps = 400
06/10/2026 15:36:15 - INFO - utils.trainer -     Total optimization steps = 3800
06/10/2026 15:36:15 - INFO - utils.trainer -     Save steps = 200
06/10/2026 15:36:15 - INFO - root -   Parameters [normal] length [18]
06/10/2026 15:36:18 - INFO - utils.trainer -   ***** Running evaluation on test1 dataset *****
06/10/2026 15:36:20 - INFO - utils.trainer -   AUC: 0.52861
06/10/2026 15:36:20 - INFO - utils.trainer -   Accuracy: 0.32051
06/10/2026 15:36:20 - INFO - utils.trainer -   Precision: 0.26027
06/10/2026 15:36:20 - INFO - utils.trainer -   Recall: 0.27888
06/10/2026 15:36:20 - INFO - utils.trainer -   F_score: 0.26414
06/10/2026 15:36:20 - INFO - utils.trainer -   Loss: 1.38384
06/10/2026 15:36:20 - INFO - utils.trainer -    Train loss: 1.38754, Test loss: 1.38384,Epoch time = 2.852s
06/10/2026 15:36:20 - INFO - utils.trainer -   Saving model checkpoint to output_dir/BrainNetCNN
06/10/2026 15:36:22 - INFO - utils.trainer -   ***** Running evaluation on test1 dataset *****
06/10/2026 15:36:24 - INFO - utils.trainer -   AUC: 0.54699
06/10/2026 15:36:24 - INFO - utils.trainer -   Accuracy: 0.26923
06/10/2026 15:36:24 - INFO - utils.trainer -   Precision: 0.19252
06/10/2026 15:36:24 - INFO - utils.trainer -   Recall: 0.30291
06/10/2026 15:36:24 - INFO - utils.trainer -   F_score: 0.19881
06/10/2026 15:36:24 - INFO - utils.trainer -   Loss: 1.38948
06/10/2026 15:36:24 - INFO - utils.trainer -    Train loss: 1.39322, Test loss: 1.38948,Epoch time = 2.502s
06/10/2026 15:36:26 - INFO - utils.trainer -   ***** Running evaluation on test1 dataset *****
06/10/2026 15:36:28 - INFO - utils.trainer -   AUC: 0.51710
06/10/2026 15:36:28 - INFO - utils.trainer -   Accuracy: 0.19231
06/10/2026 15:36:28 - INFO - utils.trainer -   Precision: 0.25636
06/10/2026 15:36:28 - INFO - utils.trainer -   Recall: 0.26420
06/10/2026 15:36:28 - INFO - utils.trainer -   F_score: 0.16953
06/10/2026 15:36:28 - INFO - utils.trainer -   Loss: 1.47393
06/10/2026 15:36:28 - INFO - utils.trainer -    Train loss: 1.34798, Test loss: 1.47393,Epoch time = 2.581s
06/10/2026 15:36:30 - INFO - utils.trainer -   ***** Running evaluation on test1 dataset *****
06/10/2026 15:36:32 - INFO - utils.trainer -   AUC: 0.55516
06/10/2026 15:36:32 - INFO - utils.trainer -   Accuracy: 0.22436
06/10/2026 15:36:32 - INFO - utils.trainer -   Precision: 0.28457
06/10/2026 15:36:32 - INFO - utils.trainer -   Recall: 0.25080
06/10/2026 15:36:32 - INFO - utils.trainer -   F_score: 0.19285
06/10/2026 15:36:32 - INFO - utils.trainer -   Loss: 1.40093
06/10/2026 15:36:32 - INFO - utils.trainer -    Train loss: 1.36092, Test loss: 1.40093,Epoch time = 2.375s
06/10/2026 15:36:35 - INFO - utils.trainer -   ***** Running evaluation on test1 dataset *****
06/10/2026 15:36:37 - INFO - utils.trainer -   AUC: 0.56927
06/10/2026 15:36:37 - INFO - utils.trainer -   Accuracy: 0.25641
06/10/2026 15:36:37 - INFO - utils.trainer -   Precision: 0.26121
06/10/2026 15:36:37 - INFO - utils.trainer -   Recall: 0.32718
06/10/2026 15:36:37 - INFO - utils.trainer -   F_score: 0.21492
06/10/2026 15:36:37 - INFO - utils.trainer -   Loss: 1.50251
06/10/2026 15:36:37 - INFO - utils.trainer -    Train loss: 1.28754, Test loss: 1.50251,Epoch time = 2.541s
06/10/2026 15:36:39 - INFO - utils.trainer -   ***** Running evaluation on test1 dataset *****
06/10/2026 15:36:41 - INFO - utils.trainer -   AUC: 0.54888
06/10/2026 15:36:41 - INFO - utils.trainer -   Accuracy: 0.22436
06/10/2026 15:36:41 - INFO - utils.trainer -   Precision: 0.21518
06/10/2026 15:36:41 - INFO - utils.trainer -   Recall: 0.25709
06/10/2026 15:36:41 - INFO - utils.trainer -   F_score: 0.17937
06/10/2026 15:36:41 - INFO - utils.trainer -   Loss: 1.59145
06/10/2026 15:36:41 - INFO - utils.trainer -    Train loss: 1.14118, Test loss: 1.59145,Epoch time = 2.543s
06/10/2026 15:36:44 - INFO - utils.trainer -   ***** Running evaluation on test1 dataset *****
06/10/2026 15:36:45 - INFO - utils.trainer -   AUC: 0.53219
06/10/2026 15:36:45 - INFO - utils.trainer -   Accuracy: 0.19872
06/10/2026 15:36:45 - INFO - utils.trainer -   Precision: 0.23273
06/10/2026 15:36:45 - INFO - utils.trainer -   Recall: 0.26066
06/10/2026 15:36:45 - INFO - utils.trainer -   F_score: 0.17246
06/10/2026 15:36:45 - INFO - utils.trainer -   Loss: 1.48318
06/10/2026 15:36:45 - INFO - utils.trainer -    Train loss: 1.22222, Test loss: 1.48318,Epoch time = 2.749s
06/10/2026 15:36:48 - INFO - utils.trainer -   ***** Running evaluation on test1 dataset *****
06/10/2026 15:36:50 - INFO - utils.trainer -   AUC: 0.58179
06/10/2026 15:36:50 - INFO - utils.trainer -   Accuracy: 0.30769
06/10/2026 15:36:50 - INFO - utils.trainer -   Precision: 0.31067
06/10/2026 15:36:50 - INFO - utils.trainer -   Recall: 0.32871
06/10/2026 15:36:50 - INFO - utils.trainer -   F_score: 0.27920
06/10/2026 15:36:50 - INFO - utils.trainer -   Loss: 1.70964
06/10/2026 15:36:50 - INFO - utils.trainer -    Train loss: 1.07799, Test loss: 1.70964,Epoch time = 2.521s
06/10/2026 15:36:52 - INFO - utils.trainer -   ***** Running evaluation on test1 dataset *****
06/10/2026 15:36:54 - INFO - utils.trainer -   AUC: 0.55202
06/10/2026 15:36:54 - INFO - utils.trainer -   Accuracy: 0.28205
06/10/2026 15:36:54 - INFO - utils.trainer -   Precision: 0.19429
06/10/2026 15:36:54 - INFO - utils.trainer -   Recall: 0.25312
06/10/2026 15:36:54 - INFO - utils.trainer -   F_score: 0.21741
06/10/2026 15:36:54 - INFO - utils.trainer -   Loss: 1.56845
06/10/2026 15:36:54 - INFO - utils.trainer -    Train loss: 1.04713, Test loss: 1.56845,Epoch time = 2.573s
06/10/2026 15:36:57 - INFO - utils.trainer -   ***** Running evaluation on test1 dataset *****
06/10/2026 15:36:58 - INFO - utils.trainer -   AUC: 0.58655
06/10/2026 15:36:58 - INFO - utils.trainer -   Accuracy: 0.27564
06/10/2026 15:36:58 - INFO - utils.trainer -   Precision: 0.29068
06/10/2026 15:36:58 - INFO - utils.trainer -   Recall: 0.31732
06/10/2026 15:36:58 - INFO - utils.trainer -   F_score: 0.24545
06/10/2026 15:36:58 - INFO - utils.trainer -   Loss: 2.00404
06/10/2026 15:36:58 - INFO - utils.trainer -    Train loss: 0.99017, Test loss: 2.00404,Epoch time = 2.564s
06/10/2026 15:37:01 - INFO - utils.trainer -   ***** Running evaluation on test1 dataset *****
06/10/2026 15:37:03 - INFO - utils.trainer -   AUC: 0.59664
06/10/2026 15:37:03 - INFO - utils.trainer -   Accuracy: 0.32692
06/10/2026 15:37:03 - INFO - utils.trainer -   Precision: 0.32390
06/10/2026 15:37:03 - INFO - utils.trainer -   Recall: 0.34724
06/10/2026 15:37:03 - INFO - utils.trainer -   F_score: 0.29177
06/10/2026 15:37:03 - INFO - utils.trainer -   Loss: 1.69275
06/10/2026 15:37:03 - INFO - utils.trainer -    Train loss: 0.86304, Test loss: 1.69275,Epoch time = 2.622s
06/10/2026 15:37:03 - INFO - utils.trainer -   Saving model checkpoint to output_dir/BrainNetCNN
06/10/2026 15:37:05 - INFO - utils.trainer -   ***** Running evaluation on test1 dataset *****
06/10/2026 15:37:07 - INFO - utils.trainer -   AUC: 0.59064
06/10/2026 15:37:07 - INFO - utils.trainer -   Accuracy: 0.24359
06/10/2026 15:37:07 - INFO - utils.trainer -   Precision: 0.26436
06/10/2026 15:37:07 - INFO - utils.trainer -   Recall: 0.28371
06/10/2026 15:37:07 - INFO - utils.trainer -   F_score: 0.22911
06/10/2026 15:37:07 - INFO - utils.trainer -   Loss: 1.91041
06/10/2026 15:37:07 - INFO - utils.trainer -    Train loss: 0.76270, Test loss: 1.91041,Epoch time = 2.735s
06/10/2026 15:37:10 - INFO - utils.trainer -   ***** Running evaluation on test1 dataset *****
06/10/2026 15:37:11 - INFO - utils.trainer -   AUC: 0.58275
06/10/2026 15:37:11 - INFO - utils.trainer -   Accuracy: 0.28205
06/10/2026 15:37:11 - INFO - utils.trainer -   Precision: 0.32993
06/10/2026 15:37:11 - INFO - utils.trainer -   Recall: 0.31154
06/10/2026 15:37:11 - INFO - utils.trainer -   F_score: 0.24897
06/10/2026 15:37:11 - INFO - utils.trainer -   Loss: 3.00108
06/10/2026 15:37:11 - INFO - utils.trainer -    Train loss: 0.60498, Test loss: 3.00108,Epoch time = 2.420s
06/10/2026 15:37:14 - INFO - utils.trainer -   ***** Running evaluation on test1 dataset *****
06/10/2026 15:37:16 - INFO - utils.trainer -   AUC: 0.57317
06/10/2026 15:37:16 - INFO - utils.trainer -   Accuracy: 0.28205
06/10/2026 15:37:16 - INFO - utils.trainer -   Precision: 0.29118
06/10/2026 15:37:16 - INFO - utils.trainer -   Recall: 0.27663
06/10/2026 15:37:16 - INFO - utils.trainer -   F_score: 0.27190
06/10/2026 15:37:16 - INFO - utils.trainer -   Loss: 2.33114
06/10/2026 15:37:16 - INFO - utils.trainer -    Train loss: 0.55322, Test loss: 2.33114,Epoch time = 2.468s
06/10/2026 15:37:18 - INFO - utils.trainer -   ***** Running evaluation on test1 dataset *****
06/10/2026 15:37:20 - INFO - utils.trainer -   AUC: 0.59086
06/10/2026 15:37:20 - INFO - utils.trainer -   Accuracy: 0.30128
06/10/2026 15:37:20 - INFO - utils.trainer -   Precision: 0.33244
06/10/2026 15:37:20 - INFO - utils.trainer -   Recall: 0.35408
06/10/2026 15:37:20 - INFO - utils.trainer -   F_score: 0.27662
06/10/2026 15:37:20 - INFO - utils.trainer -   Loss: 3.15041
06/10/2026 15:37:20 - INFO - utils.trainer -    Train loss: 0.49791, Test loss: 3.15041,Epoch time = 2.498s
06/10/2026 15:37:22 - INFO - utils.trainer -   ***** Running evaluation on test1 dataset *****
06/10/2026 15:37:24 - INFO - utils.trainer -   AUC: 0.59944
06/10/2026 15:37:24 - INFO - utils.trainer -   Accuracy: 0.29487
06/10/2026 15:37:24 - INFO - utils.trainer -   Precision: 0.32569
06/10/2026 15:37:24 - INFO - utils.trainer -   Recall: 0.32721
06/10/2026 15:37:24 - INFO - utils.trainer -   F_score: 0.27899
06/10/2026 15:37:24 - INFO - utils.trainer -   Loss: 3.59832
06/10/2026 15:37:24 - INFO - utils.trainer -    Train loss: 0.37975, Test loss: 3.59832,Epoch time = 2.554s
06/10/2026 15:37:27 - INFO - utils.trainer -   ***** Running evaluation on test1 dataset *****
06/10/2026 15:37:29 - INFO - utils.trainer -   AUC: 0.58179
06/10/2026 15:37:29 - INFO - utils.trainer -   Accuracy: 0.37179
06/10/2026 15:37:29 - INFO - utils.trainer -   Precision: 0.26971
06/10/2026 15:37:29 - INFO - utils.trainer -   Recall: 0.35383
06/10/2026 15:37:29 - INFO - utils.trainer -   F_score: 0.29618
06/10/2026 15:37:29 - INFO - utils.trainer -   Loss: 3.13464
06/10/2026 15:37:29 - INFO - utils.trainer -    Train loss: 0.57933, Test loss: 3.13464,Epoch time = 2.542s
06/10/2026 15:37:29 - INFO - utils.trainer -   Saving model checkpoint to output_dir/BrainNetCNN
06/10/2026 15:37:31 - INFO - utils.trainer -   ***** Running evaluation on test1 dataset *****
06/10/2026 15:37:33 - INFO - utils.trainer -   AUC: 0.53005
06/10/2026 15:37:33 - INFO - utils.trainer -   Accuracy: 0.24359
06/10/2026 15:37:33 - INFO - utils.trainer -   Precision: 0.29652
06/10/2026 15:37:33 - INFO - utils.trainer -   Recall: 0.29660
06/10/2026 15:37:33 - INFO - utils.trainer -   F_score: 0.22460
06/10/2026 15:37:33 - INFO - utils.trainer -   Loss: 2.85668
06/10/2026 15:37:33 - INFO - utils.trainer -    Train loss: 0.52444, Test loss: 2.85668,Epoch time = 2.562s
06/10/2026 15:37:35 - INFO - utils.trainer -   ***** Running evaluation on test1 dataset *****
06/10/2026 15:37:37 - INFO - utils.trainer -   AUC: 0.57396
06/10/2026 15:37:37 - INFO - utils.trainer -   Accuracy: 0.29487
06/10/2026 15:37:37 - INFO - utils.trainer -   Precision: 0.30388
06/10/2026 15:37:37 - INFO - utils.trainer -   Recall: 0.31938
06/10/2026 15:37:37 - INFO - utils.trainer -   F_score: 0.27870
06/10/2026 15:37:37 - INFO - utils.trainer -   Loss: 3.56621
06/10/2026 15:37:37 - INFO - utils.trainer -    Train loss: 0.33148, Test loss: 3.56621,Epoch time = 2.503s
06/10/2026 15:37:40 - INFO - utils.trainer -   ***** Running evaluation on test1 dataset *****
06/10/2026 15:37:41 - INFO - utils.trainer -   AUC: 0.54230
06/10/2026 15:37:41 - INFO - utils.trainer -   Accuracy: 0.32051
06/10/2026 15:37:41 - INFO - utils.trainer -   Precision: 0.36492
06/10/2026 15:37:41 - INFO - utils.trainer -   Recall: 0.34676
06/10/2026 15:37:41 - INFO - utils.trainer -   F_score: 0.30368
06/10/2026 15:37:41 - INFO - utils.trainer -   Loss: 4.34052
06/10/2026 15:37:41 - INFO - utils.trainer -    Train loss: 0.20715, Test loss: 4.34052,Epoch time = 2.506s
06/10/2026 15:37:44 - INFO - utils.trainer -   ***** Running evaluation on test1 dataset *****
06/10/2026 15:37:45 - INFO - utils.trainer -   AUC: 0.62009
06/10/2026 15:37:45 - INFO - utils.trainer -   Accuracy: 0.28205
06/10/2026 15:37:45 - INFO - utils.trainer -   Precision: 0.35844
06/10/2026 15:37:45 - INFO - utils.trainer -   Recall: 0.35253
06/10/2026 15:37:45 - INFO - utils.trainer -   F_score: 0.27803
06/10/2026 15:37:45 - INFO - utils.trainer -   Loss: 4.83111
06/10/2026 15:37:45 - INFO - utils.trainer -    Train loss: 0.25239, Test loss: 4.83111,Epoch time = 2.316s
06/10/2026 15:37:48 - INFO - utils.trainer -   ***** Running evaluation on test1 dataset *****
06/10/2026 15:37:50 - INFO - utils.trainer -   AUC: 0.55088
06/10/2026 15:37:50 - INFO - utils.trainer -   Accuracy: 0.30769
06/10/2026 15:37:50 - INFO - utils.trainer -   Precision: 0.34355
06/10/2026 15:37:50 - INFO - utils.trainer -   Recall: 0.33131
06/10/2026 15:37:50 - INFO - utils.trainer -   F_score: 0.30687
06/10/2026 15:37:50 - INFO - utils.trainer -   Loss: 4.21914
06/10/2026 15:37:50 - INFO - utils.trainer -    Train loss: 0.30879, Test loss: 4.21914,Epoch time = 2.475s
06/10/2026 15:37:52 - INFO - utils.trainer -   ***** Running evaluation on test1 dataset *****
06/10/2026 15:37:54 - INFO - utils.trainer -   AUC: 0.60522
06/10/2026 15:37:54 - INFO - utils.trainer -   Accuracy: 0.32692
06/10/2026 15:37:54 - INFO - utils.trainer -   Precision: 0.36309
06/10/2026 15:37:54 - INFO - utils.trainer -   Recall: 0.38165
06/10/2026 15:37:54 - INFO - utils.trainer -   F_score: 0.32062
06/10/2026 15:37:54 - INFO - utils.trainer -   Loss: 4.77656
06/10/2026 15:37:54 - INFO - utils.trainer -    Train loss: 0.21609, Test loss: 4.77656,Epoch time = 2.380s
06/10/2026 15:37:56 - INFO - utils.trainer -   ***** Running evaluation on test1 dataset *****
06/10/2026 15:37:58 - INFO - utils.trainer -   AUC: 0.58038
06/10/2026 15:37:58 - INFO - utils.trainer -   Accuracy: 0.28205
06/10/2026 15:37:58 - INFO - utils.trainer -   Precision: 0.27083
06/10/2026 15:37:58 - INFO - utils.trainer -   Recall: 0.32623
06/10/2026 15:37:58 - INFO - utils.trainer -   F_score: 0.24866
06/10/2026 15:37:58 - INFO - utils.trainer -   Loss: 6.36903
06/10/2026 15:37:58 - INFO - utils.trainer -    Train loss: 0.11312, Test loss: 6.36903,Epoch time = 2.522s
06/10/2026 15:38:01 - INFO - utils.trainer -   ***** Running evaluation on test1 dataset *****
06/10/2026 15:38:02 - INFO - utils.trainer -   AUC: 0.56967
06/10/2026 15:38:02 - INFO - utils.trainer -   Accuracy: 0.33974
06/10/2026 15:38:02 - INFO - utils.trainer -   Precision: 0.38532
06/10/2026 15:38:02 - INFO - utils.trainer -   Recall: 0.32930
06/10/2026 15:38:02 - INFO - utils.trainer -   F_score: 0.33104
06/10/2026 15:38:02 - INFO - utils.trainer -   Loss: 4.36492
06/10/2026 15:38:02 - INFO - utils.trainer -    Train loss: 0.39151, Test loss: 4.36492,Epoch time = 2.520s
06/10/2026 15:38:05 - INFO - utils.trainer -   ***** Running evaluation on test1 dataset *****
06/10/2026 15:38:06 - INFO - utils.trainer -   AUC: 0.61486
06/10/2026 15:38:06 - INFO - utils.trainer -   Accuracy: 0.34615
06/10/2026 15:38:06 - INFO - utils.trainer -   Precision: 0.41546
06/10/2026 15:38:06 - INFO - utils.trainer -   Recall: 0.39659
06/10/2026 15:38:06 - INFO - utils.trainer -   F_score: 0.34309
06/10/2026 15:38:06 - INFO - utils.trainer -   Loss: 3.80544
06/10/2026 15:38:06 - INFO - utils.trainer -    Train loss: 0.44793, Test loss: 3.80544,Epoch time = 2.401s
06/10/2026 15:38:09 - INFO - utils.trainer -   ***** Running evaluation on test1 dataset *****
06/10/2026 15:38:11 - INFO - utils.trainer -   AUC: 0.56196
06/10/2026 15:38:11 - INFO - utils.trainer -   Accuracy: 0.30128
06/10/2026 15:38:11 - INFO - utils.trainer -   Precision: 0.38404
06/10/2026 15:38:11 - INFO - utils.trainer -   Recall: 0.32953
06/10/2026 15:38:11 - INFO - utils.trainer -   F_score: 0.30228
06/10/2026 15:38:11 - INFO - utils.trainer -   Loss: 5.60133
06/10/2026 15:38:11 - INFO - utils.trainer -    Train loss: 0.20147, Test loss: 5.60133,Epoch time = 2.515s
06/10/2026 15:38:13 - INFO - utils.trainer -   ***** Running evaluation on test1 dataset *****
06/10/2026 15:38:15 - INFO - utils.trainer -   AUC: 0.58893
06/10/2026 15:38:15 - INFO - utils.trainer -   Accuracy: 0.34615
06/10/2026 15:38:15 - INFO - utils.trainer -   Precision: 0.37997
06/10/2026 15:38:15 - INFO - utils.trainer -   Recall: 0.36217
06/10/2026 15:38:15 - INFO - utils.trainer -   F_score: 0.33262
06/10/2026 15:38:15 - INFO - utils.trainer -   Loss: 4.48254
06/10/2026 15:38:15 - INFO - utils.trainer -    Train loss: 0.26574, Test loss: 4.48254,Epoch time = 2.486s
06/10/2026 15:38:17 - INFO - utils.trainer -   ***** Running evaluation on test1 dataset *****
06/10/2026 15:38:19 - INFO - utils.trainer -   AUC: 0.56131
06/10/2026 15:38:19 - INFO - utils.trainer -   Accuracy: 0.31410
06/10/2026 15:38:19 - INFO - utils.trainer -   Precision: 0.37932
06/10/2026 15:38:19 - INFO - utils.trainer -   Recall: 0.34596
06/10/2026 15:38:19 - INFO - utils.trainer -   F_score: 0.31533
06/10/2026 15:38:19 - INFO - utils.trainer -   Loss: 5.19141
06/10/2026 15:38:19 - INFO - utils.trainer -    Train loss: 0.18068, Test loss: 5.19141,Epoch time = 2.430s
06/10/2026 15:38:21 - INFO - utils.trainer -   ***** Running evaluation on test1 dataset *****
06/10/2026 15:38:23 - INFO - utils.trainer -   AUC: 0.56996
06/10/2026 15:38:23 - INFO - utils.trainer -   Accuracy: 0.29487
06/10/2026 15:38:23 - INFO - utils.trainer -   Precision: 0.34061
06/10/2026 15:38:23 - INFO - utils.trainer -   Recall: 0.32776
06/10/2026 15:38:23 - INFO - utils.trainer -   F_score: 0.28340
06/10/2026 15:38:23 - INFO - utils.trainer -   Loss: 6.14368
06/10/2026 15:38:23 - INFO - utils.trainer -    Train loss: 0.16234, Test loss: 6.14368,Epoch time = 2.407s
06/10/2026 15:38:26 - INFO - utils.trainer -   ***** Running evaluation on test1 dataset *****
06/10/2026 15:38:27 - INFO - utils.trainer -   AUC: 0.53845
06/10/2026 15:38:27 - INFO - utils.trainer -   Accuracy: 0.30128
06/10/2026 15:38:27 - INFO - utils.trainer -   Precision: 0.32980
06/10/2026 15:38:27 - INFO - utils.trainer -   Recall: 0.31863
06/10/2026 15:38:27 - INFO - utils.trainer -   F_score: 0.29115
06/10/2026 15:38:27 - INFO - utils.trainer -   Loss: 6.73941
06/10/2026 15:38:27 - INFO - utils.trainer -    Train loss: 0.20005, Test loss: 6.73941,Epoch time = 2.514s
06/10/2026 15:38:30 - INFO - utils.trainer -   ***** Running evaluation on test1 dataset *****
06/10/2026 15:38:32 - INFO - utils.trainer -   AUC: 0.58321
06/10/2026 15:38:32 - INFO - utils.trainer -   Accuracy: 0.32051
06/10/2026 15:38:32 - INFO - utils.trainer -   Precision: 0.36424
06/10/2026 15:38:32 - INFO - utils.trainer -   Recall: 0.33660
06/10/2026 15:38:32 - INFO - utils.trainer -   F_score: 0.29608
06/10/2026 15:38:32 - INFO - utils.trainer -   Loss: 6.77927
06/10/2026 15:38:32 - INFO - utils.trainer -    Train loss: 0.09748, Test loss: 6.77927,Epoch time = 2.503s
06/10/2026 15:38:34 - INFO - utils.trainer -   ***** Running evaluation on test1 dataset *****
06/10/2026 15:38:36 - INFO - utils.trainer -   AUC: 0.58059
06/10/2026 15:38:36 - INFO - utils.trainer -   Accuracy: 0.28846
06/10/2026 15:38:36 - INFO - utils.trainer -   Precision: 0.31163
06/10/2026 15:38:36 - INFO - utils.trainer -   Recall: 0.32395
06/10/2026 15:38:36 - INFO - utils.trainer -   F_score: 0.25843
06/10/2026 15:38:36 - INFO - utils.trainer -   Loss: 9.01838
06/10/2026 15:38:36 - INFO - utils.trainer -    Train loss: 0.11238, Test loss: 9.01838,Epoch time = 2.489s
06/10/2026 15:38:38 - INFO - utils.trainer -   ***** Running evaluation on test1 dataset *****
06/10/2026 15:38:40 - INFO - utils.trainer -   AUC: 0.55739
06/10/2026 15:38:40 - INFO - utils.trainer -   Accuracy: 0.26282
06/10/2026 15:38:40 - INFO - utils.trainer -   Precision: 0.31134
06/10/2026 15:38:40 - INFO - utils.trainer -   Recall: 0.29888
06/10/2026 15:38:40 - INFO - utils.trainer -   F_score: 0.24787
06/10/2026 15:38:40 - INFO - utils.trainer -   Loss: 7.81707
06/10/2026 15:38:40 - INFO - utils.trainer -    Train loss: 0.17322, Test loss: 7.81707,Epoch time = 2.490s
06/10/2026 15:38:43 - INFO - utils.trainer -   ***** Running evaluation on test1 dataset *****
06/10/2026 15:38:44 - INFO - utils.trainer -   AUC: 0.53121
06/10/2026 15:38:44 - INFO - utils.trainer -   Accuracy: 0.31410
06/10/2026 15:38:44 - INFO - utils.trainer -   Precision: 0.32827
06/10/2026 15:38:44 - INFO - utils.trainer -   Recall: 0.33735
06/10/2026 15:38:44 - INFO - utils.trainer -   F_score: 0.28089
06/10/2026 15:38:44 - INFO - utils.trainer -   Loss: 9.27934
06/10/2026 15:38:44 - INFO - utils.trainer -    Train loss: 0.08974, Test loss: 9.27934,Epoch time = 2.503s
06/10/2026 15:38:47 - INFO - utils.trainer -   ***** Running evaluation on test1 dataset *****
06/10/2026 15:38:49 - INFO - utils.trainer -   AUC: 0.57556
06/10/2026 15:38:49 - INFO - utils.trainer -   Accuracy: 0.33333
06/10/2026 15:38:49 - INFO - utils.trainer -   Precision: 0.38635
06/10/2026 15:38:49 - INFO - utils.trainer -   Recall: 0.35637
06/10/2026 15:38:49 - INFO - utils.trainer -   F_score: 0.33011
06/10/2026 15:38:49 - INFO - utils.trainer -   Loss: 8.22978
06/10/2026 15:38:49 - INFO - utils.trainer -    Train loss: 0.16977, Test loss: 8.22978,Epoch time = 2.546s
06/10/2026 15:38:51 - INFO - utils.trainer -   ***** Running evaluation on test1 dataset *****
06/10/2026 15:38:53 - INFO - utils.trainer -   AUC: 0.57631
06/10/2026 15:38:53 - INFO - utils.trainer -   Accuracy: 0.35256
06/10/2026 15:38:53 - INFO - utils.trainer -   Precision: 0.36392
06/10/2026 15:38:53 - INFO - utils.trainer -   Recall: 0.37229
06/10/2026 15:38:53 - INFO - utils.trainer -   F_score: 0.33290
06/10/2026 15:38:53 - INFO - utils.trainer -   Loss: 5.16910
06/10/2026 15:38:53 - INFO - utils.trainer -    Train loss: 0.39828, Test loss: 5.16910,Epoch time = 2.507s
06/10/2026 15:38:56 - INFO - utils.trainer -   ***** Running evaluation on test1 dataset *****
06/10/2026 15:38:57 - INFO - utils.trainer -   AUC: 0.57296
06/10/2026 15:38:57 - INFO - utils.trainer -   Accuracy: 0.32051
06/10/2026 15:38:57 - INFO - utils.trainer -   Precision: 0.28392
06/10/2026 15:38:57 - INFO - utils.trainer -   Recall: 0.33309
06/10/2026 15:38:57 - INFO - utils.trainer -   F_score: 0.28360
06/10/2026 15:38:57 - INFO - utils.trainer -   Loss: 4.60731
06/10/2026 15:38:57 - INFO - utils.trainer -    Train loss: 0.17469, Test loss: 4.60731,Epoch time = 2.549s
06/10/2026 15:39:00 - INFO - utils.trainer -   ***** Running evaluation on test1 dataset *****
06/10/2026 15:39:02 - INFO - utils.trainer -   AUC: 0.58452
06/10/2026 15:39:02 - INFO - utils.trainer -   Accuracy: 0.32692
06/10/2026 15:39:02 - INFO - utils.trainer -   Precision: 0.37672
06/10/2026 15:39:02 - INFO - utils.trainer -   Recall: 0.37078
06/10/2026 15:39:02 - INFO - utils.trainer -   F_score: 0.32054
06/10/2026 15:39:02 - INFO - utils.trainer -   Loss: 6.08751
06/10/2026 15:39:02 - INFO - utils.trainer -    Train loss: 0.14856, Test loss: 6.08751,Epoch time = 2.428s
06/10/2026 15:39:04 - INFO - utils.trainer -   ***** Running evaluation on test1 dataset *****
06/10/2026 15:39:06 - INFO - utils.trainer -   AUC: 0.55146
06/10/2026 15:39:06 - INFO - utils.trainer -   Accuracy: 0.32051
06/10/2026 15:39:06 - INFO - utils.trainer -   Precision: 0.34023
06/10/2026 15:39:06 - INFO - utils.trainer -   Recall: 0.32269
06/10/2026 15:39:06 - INFO - utils.trainer -   F_score: 0.30101
06/10/2026 15:39:06 - INFO - utils.trainer -   Loss: 6.60308
06/10/2026 15:39:06 - INFO - utils.trainer -    Train loss: 0.12607, Test loss: 6.60308,Epoch time = 2.502s
06/10/2026 15:39:08 - INFO - utils.trainer -   ***** Running evaluation on test1 dataset *****
06/10/2026 15:39:10 - INFO - utils.trainer -   AUC: 0.54458
06/10/2026 15:39:10 - INFO - utils.trainer -   Accuracy: 0.28846
06/10/2026 15:39:10 - INFO - utils.trainer -   Precision: 0.32358
06/10/2026 15:39:10 - INFO - utils.trainer -   Recall: 0.30677
06/10/2026 15:39:10 - INFO - utils.trainer -   F_score: 0.27800
06/10/2026 15:39:10 - INFO - utils.trainer -   Loss: 5.90548
06/10/2026 15:39:10 - INFO - utils.trainer -    Train loss: 0.09452, Test loss: 5.90548,Epoch time = 2.575s
06/10/2026 15:39:13 - INFO - utils.trainer -   ***** Running evaluation on test1 dataset *****
06/10/2026 15:39:14 - INFO - utils.trainer -   AUC: 0.54173
06/10/2026 15:39:14 - INFO - utils.trainer -   Accuracy: 0.27564
06/10/2026 15:39:14 - INFO - utils.trainer -   Precision: 0.28736
06/10/2026 15:39:14 - INFO - utils.trainer -   Recall: 0.28498
06/10/2026 15:39:14 - INFO - utils.trainer -   F_score: 0.25930
06/10/2026 15:39:14 - INFO - utils.trainer -   Loss: 6.65892
06/10/2026 15:39:14 - INFO - utils.trainer -    Train loss: 0.11832, Test loss: 6.65892,Epoch time = 2.501s
06/10/2026 15:39:17 - INFO - utils.trainer -   ***** Running evaluation on test1 dataset *****
06/10/2026 15:39:19 - INFO - utils.trainer -   AUC: 0.58246
06/10/2026 15:39:19 - INFO - utils.trainer -   Accuracy: 0.32051
06/10/2026 15:39:19 - INFO - utils.trainer -   Precision: 0.34235
06/10/2026 15:39:19 - INFO - utils.trainer -   Recall: 0.33407
06/10/2026 15:39:19 - INFO - utils.trainer -   F_score: 0.30726
06/10/2026 15:39:19 - INFO - utils.trainer -   Loss: 6.91176
06/10/2026 15:39:19 - INFO - utils.trainer -    Train loss: 0.08325, Test loss: 6.91176,Epoch time = 2.566s
06/10/2026 15:39:21 - INFO - utils.trainer -   ***** Running evaluation on test1 dataset *****
06/10/2026 15:39:23 - INFO - utils.trainer -   AUC: 0.56540
06/10/2026 15:39:23 - INFO - utils.trainer -   Accuracy: 0.34615
06/10/2026 15:39:23 - INFO - utils.trainer -   Precision: 0.37805
06/10/2026 15:39:23 - INFO - utils.trainer -   Recall: 0.37686
06/10/2026 15:39:23 - INFO - utils.trainer -   F_score: 0.33069
06/10/2026 15:39:23 - INFO - utils.trainer -   Loss: 7.98816
06/10/2026 15:39:23 - INFO - utils.trainer -    Train loss: 0.10412, Test loss: 7.98816,Epoch time = 2.408s
06/10/2026 15:39:26 - INFO - utils.trainer -   ***** Running evaluation on test1 dataset *****
06/10/2026 15:39:27 - INFO - utils.trainer -   AUC: 0.56299
06/10/2026 15:39:27 - INFO - utils.trainer -   Accuracy: 0.32692
06/10/2026 15:39:27 - INFO - utils.trainer -   Precision: 0.35078
06/10/2026 15:39:27 - INFO - utils.trainer -   Recall: 0.34648
06/10/2026 15:39:27 - INFO - utils.trainer -   F_score: 0.31559
06/10/2026 15:39:27 - INFO - utils.trainer -   Loss: 7.71512
06/10/2026 15:39:27 - INFO - utils.trainer -    Train loss: 0.02944, Test loss: 7.71512,Epoch time = 2.503s
06/10/2026 15:39:30 - INFO - utils.trainer -   ***** Running evaluation on test1 dataset *****
06/10/2026 15:39:32 - INFO - utils.trainer -   AUC: 0.55703
06/10/2026 15:39:32 - INFO - utils.trainer -   Accuracy: 0.29487
06/10/2026 15:39:32 - INFO - utils.trainer -   Precision: 0.32227
06/10/2026 15:39:32 - INFO - utils.trainer -   Recall: 0.30448
06/10/2026 15:39:32 - INFO - utils.trainer -   F_score: 0.28438
06/10/2026 15:39:32 - INFO - utils.trainer -   Loss: 7.99158
06/10/2026 15:39:32 - INFO - utils.trainer -    Train loss: 0.03084, Test loss: 7.99158,Epoch time = 2.468s
06/10/2026 15:39:34 - INFO - utils.trainer -   ***** Running evaluation on test1 dataset *****
06/10/2026 15:39:36 - INFO - utils.trainer -   AUC: 0.53713
06/10/2026 15:39:36 - INFO - utils.trainer -   Accuracy: 0.32692
06/10/2026 15:39:36 - INFO - utils.trainer -   Precision: 0.34365
06/10/2026 15:39:36 - INFO - utils.trainer -   Recall: 0.34041
06/10/2026 15:39:36 - INFO - utils.trainer -   F_score: 0.31676
06/10/2026 15:39:36 - INFO - utils.trainer -   Loss: 9.45107
06/10/2026 15:39:36 - INFO - utils.trainer -    Train loss: 0.02367, Test loss: 9.45107,Epoch time = 2.445s
06/10/2026 15:39:38 - INFO - utils.trainer -   ***** Running evaluation on test1 dataset *****
06/10/2026 15:39:40 - INFO - utils.trainer -   AUC: 0.55381
06/10/2026 15:39:40 - INFO - utils.trainer -   Accuracy: 0.30769
06/10/2026 15:39:40 - INFO - utils.trainer -   Precision: 0.34794
06/10/2026 15:39:40 - INFO - utils.trainer -   Recall: 0.32572
06/10/2026 15:39:40 - INFO - utils.trainer -   F_score: 0.30273
06/10/2026 15:39:40 - INFO - utils.trainer -   Loss: 9.72929
06/10/2026 15:39:40 - INFO - utils.trainer -    Train loss: 0.03004, Test loss: 9.72929,Epoch time = 2.543s
06/10/2026 15:39:43 - INFO - utils.trainer -   ***** Running evaluation on test1 dataset *****
06/10/2026 15:39:44 - INFO - utils.trainer -   AUC: 0.55619
06/10/2026 15:39:44 - INFO - utils.trainer -   Accuracy: 0.31410
06/10/2026 15:39:44 - INFO - utils.trainer -   Precision: 0.36032
06/10/2026 15:39:44 - INFO - utils.trainer -   Recall: 0.31638
06/10/2026 15:39:44 - INFO - utils.trainer -   F_score: 0.30876
06/10/2026 15:39:44 - INFO - utils.trainer -   Loss: 8.49953
06/10/2026 15:39:44 - INFO - utils.trainer -    Train loss: 0.09464, Test loss: 8.49953,Epoch time = 2.539s
06/10/2026 15:39:47 - INFO - utils.trainer -   ***** Running evaluation on test1 dataset *****
06/10/2026 15:39:49 - INFO - utils.trainer -   AUC: 0.59831
06/10/2026 15:39:49 - INFO - utils.trainer -   Accuracy: 0.33974
06/10/2026 15:39:49 - INFO - utils.trainer -   Precision: 0.35042
06/10/2026 15:39:49 - INFO - utils.trainer -   Recall: 0.34976
06/10/2026 15:39:49 - INFO - utils.trainer -   F_score: 0.30240
06/10/2026 15:39:49 - INFO - utils.trainer -   Loss: 9.36350
06/10/2026 15:39:49 - INFO - utils.trainer -    Train loss: 0.09686, Test loss: 9.36350,Epoch time = 2.509s
06/10/2026 15:39:51 - INFO - utils.trainer -   ***** Running evaluation on test1 dataset *****
06/10/2026 15:39:53 - INFO - utils.trainer -   AUC: 0.57065
06/10/2026 15:39:53 - INFO - utils.trainer -   Accuracy: 0.31410
06/10/2026 15:39:53 - INFO - utils.trainer -   Precision: 0.35265
06/10/2026 15:39:53 - INFO - utils.trainer -   Recall: 0.32726
06/10/2026 15:39:53 - INFO - utils.trainer -   F_score: 0.30228
06/10/2026 15:39:53 - INFO - utils.trainer -   Loss: 7.49650
06/10/2026 15:39:53 - INFO - utils.trainer -    Train loss: 0.16400, Test loss: 7.49650,Epoch time = 2.569s
06/10/2026 15:39:56 - INFO - utils.trainer -   ***** Running evaluation on test1 dataset *****
06/10/2026 15:39:57 - INFO - utils.trainer -   AUC: 0.58580
06/10/2026 15:39:57 - INFO - utils.trainer -   Accuracy: 0.35256
06/10/2026 15:39:57 - INFO - utils.trainer -   Precision: 0.36339
06/10/2026 15:39:57 - INFO - utils.trainer -   Recall: 0.36142
06/10/2026 15:39:57 - INFO - utils.trainer -   F_score: 0.33865
06/10/2026 15:39:57 - INFO - utils.trainer -   Loss: 6.58710
06/10/2026 15:39:57 - INFO - utils.trainer -    Train loss: 0.12952, Test loss: 6.58710,Epoch time = 2.557s
06/10/2026 15:40:00 - INFO - utils.trainer -   ***** Running evaluation on test1 dataset *****
06/10/2026 15:40:02 - INFO - utils.trainer -   AUC: 0.58752
06/10/2026 15:40:02 - INFO - utils.trainer -   Accuracy: 0.33974
06/10/2026 15:40:02 - INFO - utils.trainer -   Precision: 0.37497
06/10/2026 15:40:02 - INFO - utils.trainer -   Recall: 0.38694
06/10/2026 15:40:02 - INFO - utils.trainer -   F_score: 0.32228
06/10/2026 15:40:02 - INFO - utils.trainer -   Loss: 6.82413
06/10/2026 15:40:02 - INFO - utils.trainer -    Train loss: 0.12952, Test loss: 6.82413,Epoch time = 2.508s
06/10/2026 15:40:04 - INFO - utils.trainer -   ***** Running evaluation on test1 dataset *****
06/10/2026 15:40:06 - INFO - utils.trainer -   AUC: 0.59183
06/10/2026 15:40:06 - INFO - utils.trainer -   Accuracy: 0.28205
06/10/2026 15:40:06 - INFO - utils.trainer -   Precision: 0.31142
06/10/2026 15:40:06 - INFO - utils.trainer -   Recall: 0.34671
06/10/2026 15:40:06 - INFO - utils.trainer -   F_score: 0.26391
06/10/2026 15:40:06 - INFO - utils.trainer -   Loss: 7.54035
06/10/2026 15:40:06 - INFO - utils.trainer -    Train loss: 0.13213, Test loss: 7.54035,Epoch time = 2.427s
06/10/2026 15:40:08 - INFO - utils.trainer -   ***** Running evaluation on test1 dataset *****
06/10/2026 15:40:10 - INFO - utils.trainer -   AUC: 0.61915
06/10/2026 15:40:10 - INFO - utils.trainer -   Accuracy: 0.35256
06/10/2026 15:40:10 - INFO - utils.trainer -   Precision: 0.32544
06/10/2026 15:40:10 - INFO - utils.trainer -   Recall: 0.38317
06/10/2026 15:40:10 - INFO - utils.trainer -   F_score: 0.31380
06/10/2026 15:40:10 - INFO - utils.trainer -   Loss: 6.25853
06/10/2026 15:40:10 - INFO - utils.trainer -    Train loss: 0.17095, Test loss: 6.25853,Epoch time = 2.539s
06/10/2026 15:40:13 - INFO - utils.trainer -   ***** Running evaluation on test1 dataset *****
06/10/2026 15:40:14 - INFO - utils.trainer -   AUC: 0.57731
06/10/2026 15:40:14 - INFO - utils.trainer -   Accuracy: 0.30769
06/10/2026 15:40:14 - INFO - utils.trainer -   Precision: 0.34812
06/10/2026 15:40:14 - INFO - utils.trainer -   Recall: 0.36164
06/10/2026 15:40:14 - INFO - utils.trainer -   F_score: 0.29474
06/10/2026 15:40:14 - INFO - utils.trainer -   Loss: 5.52124
06/10/2026 15:40:14 - INFO - utils.trainer -    Train loss: 0.22920, Test loss: 5.52124,Epoch time = 2.476s
06/10/2026 15:40:17 - INFO - utils.trainer -   ***** Running evaluation on test1 dataset *****
06/10/2026 15:40:19 - INFO - utils.trainer -   AUC: 0.56255
06/10/2026 15:40:19 - INFO - utils.trainer -   Accuracy: 0.35256
06/10/2026 15:40:19 - INFO - utils.trainer -   Precision: 0.36831
06/10/2026 15:40:19 - INFO - utils.trainer -   Recall: 0.36091
06/10/2026 15:40:19 - INFO - utils.trainer -   F_score: 0.33743
06/10/2026 15:40:19 - INFO - utils.trainer -   Loss: 5.17937
06/10/2026 15:40:19 - INFO - utils.trainer -    Train loss: 0.11529, Test loss: 5.17937,Epoch time = 2.586s
06/10/2026 15:40:21 - INFO - utils.trainer -   ***** Running evaluation on test1 dataset *****
06/10/2026 15:40:23 - INFO - utils.trainer -   AUC: 0.58214
06/10/2026 15:40:23 - INFO - utils.trainer -   Accuracy: 0.33333
06/10/2026 15:40:23 - INFO - utils.trainer -   Precision: 0.39450
06/10/2026 15:40:23 - INFO - utils.trainer -   Recall: 0.38091
06/10/2026 15:40:23 - INFO - utils.trainer -   F_score: 0.33077
06/10/2026 15:40:23 - INFO - utils.trainer -   Loss: 6.32262
06/10/2026 15:40:23 - INFO - utils.trainer -    Train loss: 0.12497, Test loss: 6.32262,Epoch time = 2.450s
06/10/2026 15:40:26 - INFO - utils.trainer -   ***** Running evaluation on test1 dataset *****
06/10/2026 15:40:27 - INFO - utils.trainer -   AUC: 0.56507
06/10/2026 15:40:27 - INFO - utils.trainer -   Accuracy: 0.30769
06/10/2026 15:40:27 - INFO - utils.trainer -   Precision: 0.36126
06/10/2026 15:40:27 - INFO - utils.trainer -   Recall: 0.33939
06/10/2026 15:40:27 - INFO - utils.trainer -   F_score: 0.30424
06/10/2026 15:40:27 - INFO - utils.trainer -   Loss: 7.17752
06/10/2026 15:40:27 - INFO - utils.trainer -    Train loss: 0.10590, Test loss: 7.17752,Epoch time = 2.527s
06/10/2026 15:40:30 - INFO - utils.trainer -   ***** Running evaluation on test1 dataset *****
06/10/2026 15:40:32 - INFO - utils.trainer -   AUC: 0.57385
06/10/2026 15:40:32 - INFO - utils.trainer -   Accuracy: 0.33974
06/10/2026 15:40:32 - INFO - utils.trainer -   Precision: 0.32301
06/10/2026 15:40:32 - INFO - utils.trainer -   Recall: 0.36548
06/10/2026 15:40:32 - INFO - utils.trainer -   F_score: 0.30067
06/10/2026 15:40:32 - INFO - utils.trainer -   Loss: 7.60320
06/10/2026 15:40:32 - INFO - utils.trainer -    Train loss: 0.05891, Test loss: 7.60320,Epoch time = 2.464s
06/10/2026 15:40:34 - INFO - utils.trainer -   ***** Running evaluation on test1 dataset *****
06/10/2026 15:40:36 - INFO - utils.trainer -   AUC: 0.55532
06/10/2026 15:40:36 - INFO - utils.trainer -   Accuracy: 0.33333
06/10/2026 15:40:36 - INFO - utils.trainer -   Precision: 0.36138
06/10/2026 15:40:36 - INFO - utils.trainer -   Recall: 0.34522
06/10/2026 15:40:36 - INFO - utils.trainer -   F_score: 0.32405
06/10/2026 15:40:36 - INFO - utils.trainer -   Loss: 7.76429
06/10/2026 15:40:36 - INFO - utils.trainer -    Train loss: 0.04417, Test loss: 7.76429,Epoch time = 2.403s
06/10/2026 15:40:38 - INFO - utils.trainer -   ***** Running evaluation on test1 dataset *****
06/10/2026 15:40:40 - INFO - utils.trainer -   AUC: 0.56125
06/10/2026 15:40:40 - INFO - utils.trainer -   Accuracy: 0.29487
06/10/2026 15:40:40 - INFO - utils.trainer -   Precision: 0.32970
06/10/2026 15:40:40 - INFO - utils.trainer -   Recall: 0.33052
06/10/2026 15:40:40 - INFO - utils.trainer -   F_score: 0.27313
06/10/2026 15:40:40 - INFO - utils.trainer -   Loss: 8.48271
06/10/2026 15:40:40 - INFO - utils.trainer -    Train loss: 0.11894, Test loss: 8.48271,Epoch time = 2.331s
06/10/2026 15:40:42 - INFO - utils.trainer -   ***** Running evaluation on test1 dataset *****
06/10/2026 15:40:44 - INFO - utils.trainer -   AUC: 0.53099
06/10/2026 15:40:44 - INFO - utils.trainer -   Accuracy: 0.28846
06/10/2026 15:40:44 - INFO - utils.trainer -   Precision: 0.30044
06/10/2026 15:40:44 - INFO - utils.trainer -   Recall: 0.28979
06/10/2026 15:40:44 - INFO - utils.trainer -   F_score: 0.27424
06/10/2026 15:40:44 - INFO - utils.trainer -   Loss: 8.56929
06/10/2026 15:40:44 - INFO - utils.trainer -    Train loss: 0.07500, Test loss: 8.56929,Epoch time = 2.568s
06/10/2026 15:40:46 - INFO - utils.trainer -   ***** Running evaluation on test1 dataset *****
06/10/2026 15:40:48 - INFO - utils.trainer -   AUC: 0.57294
06/10/2026 15:40:48 - INFO - utils.trainer -   Accuracy: 0.30128
06/10/2026 15:40:48 - INFO - utils.trainer -   Precision: 0.33171
06/10/2026 15:40:48 - INFO - utils.trainer -   Recall: 0.31812
06/10/2026 15:40:48 - INFO - utils.trainer -   F_score: 0.28979
06/10/2026 15:40:48 - INFO - utils.trainer -   Loss: 7.75739
06/10/2026 15:40:48 - INFO - utils.trainer -    Train loss: 0.09498, Test loss: 7.75739,Epoch time = 2.455s
06/10/2026 15:40:51 - INFO - utils.trainer -   ***** Running evaluation on test1 dataset *****
06/10/2026 15:40:53 - INFO - utils.trainer -   AUC: 0.58526
06/10/2026 15:40:53 - INFO - utils.trainer -   Accuracy: 0.35897
06/10/2026 15:40:53 - INFO - utils.trainer -   Precision: 0.38159
06/10/2026 15:40:53 - INFO - utils.trainer -   Recall: 0.37734
06/10/2026 15:40:53 - INFO - utils.trainer -   F_score: 0.33224
06/10/2026 15:40:53 - INFO - utils.trainer -   Loss: 7.07173
06/10/2026 15:40:53 - INFO - utils.trainer -    Train loss: 0.05471, Test loss: 7.07173,Epoch time = 2.550s
06/10/2026 15:40:55 - INFO - utils.trainer -   ***** Running evaluation on test1 dataset *****
06/10/2026 15:40:57 - INFO - utils.trainer -   AUC: 0.58387
06/10/2026 15:40:57 - INFO - utils.trainer -   Accuracy: 0.32692
06/10/2026 15:40:57 - INFO - utils.trainer -   Precision: 0.35319
06/10/2026 15:40:57 - INFO - utils.trainer -   Recall: 0.34900
06/10/2026 15:40:57 - INFO - utils.trainer -   F_score: 0.31807
06/10/2026 15:40:57 - INFO - utils.trainer -   Loss: 7.58465
06/10/2026 15:40:57 - INFO - utils.trainer -    Train loss: 0.06185, Test loss: 7.58465,Epoch time = 2.601s
06/10/2026 15:40:59 - INFO - utils.trainer -   ***** Running evaluation on test1 dataset *****
06/10/2026 15:41:01 - INFO - utils.trainer -   AUC: 0.57375
06/10/2026 15:41:01 - INFO - utils.trainer -   Accuracy: 0.33333
06/10/2026 15:41:01 - INFO - utils.trainer -   Precision: 0.35995
06/10/2026 15:41:01 - INFO - utils.trainer -   Recall: 0.35483
06/10/2026 15:41:01 - INFO - utils.trainer -   F_score: 0.32500
06/10/2026 15:41:01 - INFO - utils.trainer -   Loss: 8.59039
06/10/2026 15:41:01 - INFO - utils.trainer -    Train loss: 0.02864, Test loss: 8.59039,Epoch time = 2.483s
06/10/2026 15:41:04 - INFO - utils.trainer -   ***** Running evaluation on test1 dataset *****
06/10/2026 15:41:06 - INFO - utils.trainer -   AUC: 0.57284
06/10/2026 15:41:06 - INFO - utils.trainer -   Accuracy: 0.32051
06/10/2026 15:41:06 - INFO - utils.trainer -   Precision: 0.33622
06/10/2026 15:41:06 - INFO - utils.trainer -   Recall: 0.32269
06/10/2026 15:41:06 - INFO - utils.trainer -   F_score: 0.31144
06/10/2026 15:41:06 - INFO - utils.trainer -   Loss: 8.20154
06/10/2026 15:41:06 - INFO - utils.trainer -    Train loss: 0.01419, Test loss: 8.20154,Epoch time = 2.594s
06/10/2026 15:41:08 - INFO - utils.trainer -   ***** Running evaluation on test1 dataset *****
06/10/2026 15:41:10 - INFO - utils.trainer -   AUC: 0.58272
06/10/2026 15:41:10 - INFO - utils.trainer -   Accuracy: 0.31410
06/10/2026 15:41:10 - INFO - utils.trainer -   Precision: 0.32757
06/10/2026 15:41:10 - INFO - utils.trainer -   Recall: 0.33888
06/10/2026 15:41:10 - INFO - utils.trainer -   F_score: 0.28927
06/10/2026 15:41:10 - INFO - utils.trainer -   Loss: 9.52660
06/10/2026 15:41:10 - INFO - utils.trainer -    Train loss: 0.02414, Test loss: 9.52660,Epoch time = 2.467s
06/10/2026 15:41:13 - INFO - utils.trainer -   ***** Running evaluation on test1 dataset *****
06/10/2026 15:41:14 - INFO - utils.trainer -   AUC: 0.59185
06/10/2026 15:41:14 - INFO - utils.trainer -   Accuracy: 0.36538
06/10/2026 15:41:14 - INFO - utils.trainer -   Precision: 0.39635
06/10/2026 15:41:14 - INFO - utils.trainer -   Recall: 0.39356
06/10/2026 15:41:14 - INFO - utils.trainer -   F_score: 0.35200
06/10/2026 15:41:14 - INFO - utils.trainer -   Loss: 8.66346
06/10/2026 15:41:14 - INFO - utils.trainer -    Train loss: 0.05915, Test loss: 8.66346,Epoch time = 2.642s
06/10/2026 15:41:17 - INFO - utils.trainer -   ***** Running evaluation on test1 dataset *****
06/10/2026 15:41:18 - INFO - utils.trainer -   AUC: 0.54368
06/10/2026 15:41:18 - INFO - utils.trainer -   Accuracy: 0.32692
06/10/2026 15:41:18 - INFO - utils.trainer -   Precision: 0.36826
06/10/2026 15:41:18 - INFO - utils.trainer -   Recall: 0.35660
06/10/2026 15:41:18 - INFO - utils.trainer -   F_score: 0.32135
06/10/2026 15:41:18 - INFO - utils.trainer -   Loss: 9.08238
06/10/2026 15:41:18 - INFO - utils.trainer -    Train loss: 0.03440, Test loss: 9.08238,Epoch time = 2.497s
06/10/2026 15:41:21 - INFO - utils.trainer -   ***** Running evaluation on test1 dataset *****
06/10/2026 15:41:23 - INFO - utils.trainer -   AUC: 0.57801
06/10/2026 15:41:23 - INFO - utils.trainer -   Accuracy: 0.28205
06/10/2026 15:41:23 - INFO - utils.trainer -   Precision: 0.24559
06/10/2026 15:41:23 - INFO - utils.trainer -   Recall: 0.32469
06/10/2026 15:41:23 - INFO - utils.trainer -   F_score: 0.23982
06/10/2026 15:41:23 - INFO - utils.trainer -   Loss: 9.71883
06/10/2026 15:41:23 - INFO - utils.trainer -    Train loss: 0.13265, Test loss: 9.71883,Epoch time = 2.554s
06/10/2026 15:41:25 - INFO - utils.trainer -   ***** Running evaluation on test1 dataset *****
06/10/2026 15:41:27 - INFO - utils.trainer -   AUC: 0.56985
06/10/2026 15:41:27 - INFO - utils.trainer -   Accuracy: 0.33333
06/10/2026 15:41:27 - INFO - utils.trainer -   Precision: 0.38192
06/10/2026 15:41:27 - INFO - utils.trainer -   Recall: 0.35609
06/10/2026 15:41:27 - INFO - utils.trainer -   F_score: 0.33069
06/10/2026 15:41:27 - INFO - utils.trainer -   Loss: 8.61495
06/10/2026 15:41:27 - INFO - utils.trainer -    Train loss: 0.05689, Test loss: 8.61495,Epoch time = 2.696s
06/10/2026 15:41:30 - INFO - utils.trainer -   ***** Running evaluation on test1 dataset *****
06/10/2026 15:41:31 - INFO - utils.trainer -   AUC: 0.57602
06/10/2026 15:41:31 - INFO - utils.trainer -   Accuracy: 0.32692
06/10/2026 15:41:31 - INFO - utils.trainer -   Precision: 0.37116
06/10/2026 15:41:31 - INFO - utils.trainer -   Recall: 0.31816
06/10/2026 15:41:31 - INFO - utils.trainer -   F_score: 0.29991
06/10/2026 15:41:31 - INFO - utils.trainer -   Loss: 8.07916
06/10/2026 15:41:31 - INFO - utils.trainer -    Train loss: 0.24728, Test loss: 8.07916,Epoch time = 2.481s
06/10/2026 15:41:34 - INFO - utils.trainer -   ***** Running evaluation on test1 dataset *****
06/10/2026 15:41:36 - INFO - utils.trainer -   AUC: 0.60106
06/10/2026 15:41:36 - INFO - utils.trainer -   Accuracy: 0.30769
06/10/2026 15:41:36 - INFO - utils.trainer -   Precision: 0.42042
06/10/2026 15:41:36 - INFO - utils.trainer -   Recall: 0.35609
06/10/2026 15:41:36 - INFO - utils.trainer -   F_score: 0.30768
06/10/2026 15:41:36 - INFO - utils.trainer -   Loss: 7.26458
06/10/2026 15:41:36 - INFO - utils.trainer -    Train loss: 0.25930, Test loss: 7.26458,Epoch time = 2.512s
06/10/2026 15:41:38 - INFO - utils.trainer -   ***** Running evaluation on test1 dataset *****
06/10/2026 15:41:40 - INFO - utils.trainer -   AUC: 0.58055
06/10/2026 15:41:40 - INFO - utils.trainer -   Accuracy: 0.34615
06/10/2026 15:41:40 - INFO - utils.trainer -   Precision: 0.39006
06/10/2026 15:41:40 - INFO - utils.trainer -   Recall: 0.35940
06/10/2026 15:41:40 - INFO - utils.trainer -   F_score: 0.34537
06/10/2026 15:41:40 - INFO - utils.trainer -   Loss: 5.73338
06/10/2026 15:41:40 - INFO - utils.trainer -    Train loss: 0.10073, Test loss: 5.73338,Epoch time = 2.571s
06/10/2026 15:41:42 - INFO - utils.trainer -   ***** Running evaluation on test1 dataset *****
06/10/2026 15:41:44 - INFO - utils.trainer -   AUC: 0.59738
06/10/2026 15:41:44 - INFO - utils.trainer -   Accuracy: 0.35256
06/10/2026 15:41:44 - INFO - utils.trainer -   Precision: 0.38171
06/10/2026 15:41:44 - INFO - utils.trainer -   Recall: 0.36622
06/10/2026 15:41:44 - INFO - utils.trainer -   F_score: 0.33415
06/10/2026 15:41:44 - INFO - utils.trainer -   Loss: 6.29859
06/10/2026 15:41:44 - INFO - utils.trainer -    Train loss: 0.04296, Test loss: 6.29859,Epoch time = 2.467s
06/10/2026 15:41:47 - INFO - utils.trainer -   ***** Running evaluation on test1 dataset *****
06/10/2026 15:41:48 - INFO - utils.trainer -   AUC: 0.59343
06/10/2026 15:41:48 - INFO - utils.trainer -   Accuracy: 0.31410
06/10/2026 15:41:48 - INFO - utils.trainer -   Precision: 0.35641
06/10/2026 15:41:48 - INFO - utils.trainer -   Recall: 0.34597
06/10/2026 15:41:48 - INFO - utils.trainer -   F_score: 0.30722
06/10/2026 15:41:48 - INFO - utils.trainer -   Loss: 6.72823
06/10/2026 15:41:48 - INFO - utils.trainer -    Train loss: 0.03883, Test loss: 6.72823,Epoch time = 2.527s
06/10/2026 15:41:51 - INFO - utils.trainer -   ***** Running evaluation on test1 dataset *****
06/10/2026 15:41:53 - INFO - utils.trainer -   AUC: 0.57747
06/10/2026 15:41:53 - INFO - utils.trainer -   Accuracy: 0.28846
06/10/2026 15:41:53 - INFO - utils.trainer -   Precision: 0.34514
06/10/2026 15:41:53 - INFO - utils.trainer -   Recall: 0.32142
06/10/2026 15:41:53 - INFO - utils.trainer -   F_score: 0.29042
06/10/2026 15:41:53 - INFO - utils.trainer -   Loss: 7.15417
06/10/2026 15:41:53 - INFO - utils.trainer -    Train loss: 0.01023, Test loss: 7.15417,Epoch time = 2.522s
06/10/2026 15:41:55 - INFO - utils.trainer -   ***** Running evaluation on test1 dataset *****
06/10/2026 15:41:57 - INFO - utils.trainer -   AUC: 0.57657
06/10/2026 15:41:57 - INFO - utils.trainer -   Accuracy: 0.30128
06/10/2026 15:41:57 - INFO - utils.trainer -   Precision: 0.36977
06/10/2026 15:41:57 - INFO - utils.trainer -   Recall: 0.33584
06/10/2026 15:41:57 - INFO - utils.trainer -   F_score: 0.29980
06/10/2026 15:41:57 - INFO - utils.trainer -   Loss: 7.30612
06/10/2026 15:41:57 - INFO - utils.trainer -    Train loss: 0.02331, Test loss: 7.30612,Epoch time = 2.486s
06/10/2026 15:42:00 - INFO - utils.trainer -   ***** Running evaluation on test1 dataset *****
06/10/2026 15:42:01 - INFO - utils.trainer -   AUC: 0.56570
06/10/2026 15:42:01 - INFO - utils.trainer -   Accuracy: 0.32692
06/10/2026 15:42:01 - INFO - utils.trainer -   Precision: 0.37721
06/10/2026 15:42:01 - INFO - utils.trainer -   Recall: 0.33182
06/10/2026 15:42:01 - INFO - utils.trainer -   F_score: 0.32498
06/10/2026 15:42:01 - INFO - utils.trainer -   Loss: 6.84994
06/10/2026 15:42:01 - INFO - utils.trainer -    Train loss: 0.07000, Test loss: 6.84994,Epoch time = 2.576s
06/10/2026 15:42:04 - INFO - utils.trainer -   ***** Running evaluation on test1 dataset *****
06/10/2026 15:42:06 - INFO - utils.trainer -   AUC: 0.57674
06/10/2026 15:42:06 - INFO - utils.trainer -   Accuracy: 0.33974
06/10/2026 15:42:06 - INFO - utils.trainer -   Precision: 0.39565
06/10/2026 15:42:06 - INFO - utils.trainer -   Recall: 0.37330
06/10/2026 15:42:06 - INFO - utils.trainer -   F_score: 0.34133
06/10/2026 15:42:06 - INFO - utils.trainer -   Loss: 6.52172
06/10/2026 15:42:06 - INFO - utils.trainer -    Train loss: 0.03483, Test loss: 6.52172,Epoch time = 2.534s
06/10/2026 15:42:08 - INFO - utils.trainer -   ***** Running evaluation on test1 dataset *****
06/10/2026 15:42:10 - INFO - utils.trainer -   AUC: 0.56654
06/10/2026 15:42:10 - INFO - utils.trainer -   Accuracy: 0.32692
06/10/2026 15:42:10 - INFO - utils.trainer -   Precision: 0.32905
06/10/2026 15:42:10 - INFO - utils.trainer -   Recall: 0.34747
06/10/2026 15:42:10 - INFO - utils.trainer -   F_score: 0.29295
06/10/2026 15:42:10 - INFO - utils.trainer -   Loss: 7.89767
06/10/2026 15:42:10 - INFO - utils.trainer -    Train loss: 0.02104, Test loss: 7.89767,Epoch time = 2.480s
06/10/2026 15:42:12 - INFO - utils.trainer -   ***** Running evaluation on test1 dataset *****
06/10/2026 15:42:14 - INFO - utils.trainer -   AUC: 0.58163
06/10/2026 15:42:14 - INFO - utils.trainer -   Accuracy: 0.34615
06/10/2026 15:42:14 - INFO - utils.trainer -   Precision: 0.38154
06/10/2026 15:42:14 - INFO - utils.trainer -   Recall: 0.37709
06/10/2026 15:42:14 - INFO - utils.trainer -   F_score: 0.34187
06/10/2026 15:42:14 - INFO - utils.trainer -   Loss: 8.14412
06/10/2026 15:42:14 - INFO - utils.trainer -    Train loss: 0.02111, Test loss: 8.14412,Epoch time = 2.456s
06/10/2026 15:42:17 - INFO - utils.trainer -   ***** Running evaluation on test1 dataset *****
06/10/2026 15:42:18 - INFO - utils.trainer -   AUC: 0.56708
06/10/2026 15:42:18 - INFO - utils.trainer -   Accuracy: 0.32051
06/10/2026 15:42:18 - INFO - utils.trainer -   Precision: 0.36042
06/10/2026 15:42:18 - INFO - utils.trainer -   Recall: 0.33837
06/10/2026 15:42:18 - INFO - utils.trainer -   F_score: 0.30227
06/10/2026 15:42:18 - INFO - utils.trainer -   Loss: 7.91182
06/10/2026 15:42:18 - INFO - utils.trainer -    Train loss: 0.01177, Test loss: 7.91182,Epoch time = 2.648s
06/10/2026 15:42:21 - INFO - utils.trainer -   ***** Running evaluation on test1 dataset *****
06/10/2026 15:42:23 - INFO - utils.trainer -   AUC: 0.59114
06/10/2026 15:42:23 - INFO - utils.trainer -   Accuracy: 0.36538
06/10/2026 15:42:23 - INFO - utils.trainer -   Precision: 0.44123
06/10/2026 15:42:23 - INFO - utils.trainer -   Recall: 0.40215
06/10/2026 15:42:23 - INFO - utils.trainer -   F_score: 0.35449
06/10/2026 15:42:23 - INFO - utils.trainer -   Loss: 8.07311
06/10/2026 15:42:23 - INFO - utils.trainer -    Train loss: 0.02804, Test loss: 8.07311,Epoch time = 2.484s
06/10/2026 15:42:25 - INFO - utils.trainer -   ***** Running evaluation on test1 dataset *****
06/10/2026 15:42:27 - INFO - utils.trainer -   AUC: 0.56189
06/10/2026 15:42:27 - INFO - utils.trainer -   Accuracy: 0.31410
06/10/2026 15:42:27 - INFO - utils.trainer -   Precision: 0.36103
06/10/2026 15:42:27 - INFO - utils.trainer -   Recall: 0.33714
06/10/2026 15:42:27 - INFO - utils.trainer -   F_score: 0.30188
06/10/2026 15:42:27 - INFO - utils.trainer -   Loss: 8.21806
06/10/2026 15:42:27 - INFO - utils.trainer -    Train loss: 0.05407, Test loss: 8.21806,Epoch time = 2.391s
06/10/2026 15:42:29 - INFO - utils.trainer -   ***** Running evaluation on test1 dataset *****
06/10/2026 15:42:31 - INFO - utils.trainer -   AUC: 0.60456
06/10/2026 15:42:31 - INFO - utils.trainer -   Accuracy: 0.36538
06/10/2026 15:42:31 - INFO - utils.trainer -   Precision: 0.41766
06/10/2026 15:42:31 - INFO - utils.trainer -   Recall: 0.39533
06/10/2026 15:42:31 - INFO - utils.trainer -   F_score: 0.35488
06/10/2026 15:42:31 - INFO - utils.trainer -   Loss: 7.41098
06/10/2026 15:42:31 - INFO - utils.trainer -    Train loss: 0.02045, Test loss: 7.41098,Epoch time = 2.518s
06/10/2026 15:42:34 - INFO - utils.trainer -   ***** Running evaluation on test1 dataset *****
06/10/2026 15:42:35 - INFO - utils.trainer -   AUC: 0.58558
06/10/2026 15:42:35 - INFO - utils.trainer -   Accuracy: 0.32692
06/10/2026 15:42:35 - INFO - utils.trainer -   Precision: 0.40416
06/10/2026 15:42:35 - INFO - utils.trainer -   Recall: 0.37634
06/10/2026 15:42:35 - INFO - utils.trainer -   F_score: 0.32880
06/10/2026 15:42:35 - INFO - utils.trainer -   Loss: 8.44790
06/10/2026 15:42:35 - INFO - utils.trainer -    Train loss: 0.00489, Test loss: 8.44790,Epoch time = 2.504s
06/10/2026 15:42:38 - INFO - utils.trainer -   ***** Running evaluation on test1 dataset *****
06/10/2026 15:42:40 - INFO - utils.trainer -   AUC: 0.57951
06/10/2026 15:42:40 - INFO - utils.trainer -   Accuracy: 0.30769
06/10/2026 15:42:40 - INFO - utils.trainer -   Precision: 0.35545
06/10/2026 15:42:40 - INFO - utils.trainer -   Recall: 0.31941
06/10/2026 15:42:40 - INFO - utils.trainer -   F_score: 0.30439
06/10/2026 15:42:40 - INFO - utils.trainer -   Loss: 8.34152
06/10/2026 15:42:40 - INFO - utils.trainer -    Train loss: 0.01608, Test loss: 8.34152,Epoch time = 2.477s
06/10/2026 15:42:42 - INFO - utils.trainer -   ***** Running evaluation on test1 dataset *****
06/10/2026 15:42:44 - INFO - utils.trainer -   AUC: 0.59208
06/10/2026 15:42:44 - INFO - utils.trainer -   Accuracy: 0.32692
06/10/2026 15:42:44 - INFO - utils.trainer -   Precision: 0.34359
06/10/2026 15:42:44 - INFO - utils.trainer -   Recall: 0.34041
06/10/2026 15:42:44 - INFO - utils.trainer -   F_score: 0.31577
06/10/2026 15:42:44 - INFO - utils.trainer -   Loss: 7.62965
06/10/2026 15:42:44 - INFO - utils.trainer -    Train loss: 0.01308, Test loss: 7.62965,Epoch time = 2.410s
06/10/2026 15:42:46 - INFO - utils.trainer -   ***** Running evaluation on test1 dataset *****
06/10/2026 15:42:48 - INFO - utils.trainer -   AUC: 0.59807
06/10/2026 15:42:48 - INFO - utils.trainer -   Accuracy: 0.33974
06/10/2026 15:42:48 - INFO - utils.trainer -   Precision: 0.35925
06/10/2026 15:42:48 - INFO - utils.trainer -   Recall: 0.33915
06/10/2026 15:42:48 - INFO - utils.trainer -   F_score: 0.33018
06/10/2026 15:42:48 - INFO - utils.trainer -   Loss: 7.62732
06/10/2026 15:42:48 - INFO - utils.trainer -    Train loss: 0.03294, Test loss: 7.62732,Epoch time = 2.616s
06/10/2026 15:42:51 - INFO - utils.trainer -   ***** Running evaluation on test1 dataset *****
06/10/2026 15:42:52 - INFO - utils.trainer -   AUC: 0.60034
06/10/2026 15:42:52 - INFO - utils.trainer -   Accuracy: 0.34615
06/10/2026 15:42:52 - INFO - utils.trainer -   Precision: 0.37899
06/10/2026 15:42:52 - INFO - utils.trainer -   Recall: 0.37634
06/10/2026 15:42:52 - INFO - utils.trainer -   F_score: 0.34224
06/10/2026 15:42:52 - INFO - utils.trainer -   Loss: 8.20302
06/10/2026 15:42:52 - INFO - utils.trainer -    Train loss: 0.00821, Test loss: 8.20302,Epoch time = 2.507s
06/10/2026 15:42:55 - INFO - utils.trainer -   ***** Running evaluation on test1 dataset *****
06/10/2026 15:42:57 - INFO - utils.trainer -   AUC: 0.60260
06/10/2026 15:42:57 - INFO - utils.trainer -   Accuracy: 0.35897
06/10/2026 15:42:57 - INFO - utils.trainer -   Precision: 0.40250
06/10/2026 15:42:57 - INFO - utils.trainer -   Recall: 0.37331
06/10/2026 15:42:57 - INFO - utils.trainer -   F_score: 0.34554
06/10/2026 15:42:57 - INFO - utils.trainer -   Loss: 8.67634
06/10/2026 15:42:57 - INFO - utils.trainer -    Train loss: 0.00538, Test loss: 8.67634,Epoch time = 2.476s
06/10/2026 15:42:59 - INFO - utils.trainer -   ***** Running evaluation on test1 dataset *****
06/10/2026 15:43:01 - INFO - utils.trainer -   AUC: 0.56000
06/10/2026 15:43:01 - INFO - utils.trainer -   Accuracy: 0.32692
06/10/2026 15:43:01 - INFO - utils.trainer -   Precision: 0.35254
06/10/2026 15:43:01 - INFO - utils.trainer -   Recall: 0.35153
06/10/2026 15:43:01 - INFO - utils.trainer -   F_score: 0.30720
06/10/2026 15:43:01 - INFO - utils.trainer -   Loss: 9.41223
06/10/2026 15:43:01 - INFO - utils.trainer -    Train loss: 0.00474, Test loss: 9.41223,Epoch time = 2.485s
06/10/2026 15:43:04 - INFO - utils.trainer -   ***** Running evaluation on test1 dataset *****
06/10/2026 15:43:05 - INFO - utils.trainer -   AUC: 0.59317
06/10/2026 15:43:05 - INFO - utils.trainer -   Accuracy: 0.33974
06/10/2026 15:43:05 - INFO - utils.trainer -   Precision: 0.38093
06/10/2026 15:43:05 - INFO - utils.trainer -   Recall: 0.37812
06/10/2026 15:43:05 - INFO - utils.trainer -   F_score: 0.32013
06/10/2026 15:43:05 - INFO - utils.trainer -   Loss: 9.32233
06/10/2026 15:43:05 - INFO - utils.trainer -    Train loss: 0.00499, Test loss: 9.32233,Epoch time = 2.693s
06/10/2026 15:43:08 - INFO - utils.trainer -   ***** Running evaluation on test1 dataset *****
06/10/2026 15:43:10 - INFO - utils.trainer -   AUC: 0.57837
06/10/2026 15:43:10 - INFO - utils.trainer -   Accuracy: 0.30128
06/10/2026 15:43:10 - INFO - utils.trainer -   Precision: 0.35369
06/10/2026 15:43:10 - INFO - utils.trainer -   Recall: 0.30701
06/10/2026 15:43:10 - INFO - utils.trainer -   F_score: 0.28601
06/10/2026 15:43:10 - INFO - utils.trainer -   Loss: 9.67378
06/10/2026 15:43:10 - INFO - utils.trainer -    Train loss: 0.00458, Test loss: 9.67378,Epoch time = 2.696s
06/10/2026 15:43:12 - INFO - utils.trainer -   ***** Running evaluation on test1 dataset *****
06/10/2026 15:43:14 - INFO - utils.trainer -   AUC: 0.58603
06/10/2026 15:43:14 - INFO - utils.trainer -   Accuracy: 0.33333
06/10/2026 15:43:14 - INFO - utils.trainer -   Precision: 0.41219
06/10/2026 15:43:14 - INFO - utils.trainer -   Recall: 0.35306
06/10/2026 15:43:14 - INFO - utils.trainer -   F_score: 0.32876
06/10/2026 15:43:14 - INFO - utils.trainer -   Loss: 9.52015
06/10/2026 15:43:14 - INFO - utils.trainer -    Train loss: 0.00362, Test loss: 9.52015,Epoch time = 2.580s
06/10/2026 15:43:17 - INFO - utils.trainer -   ***** Running evaluation on test1 dataset *****
06/10/2026 15:43:19 - INFO - utils.trainer -   AUC: 0.58557
06/10/2026 15:43:19 - INFO - utils.trainer -   Accuracy: 0.33974
06/10/2026 15:43:19 - INFO - utils.trainer -   Precision: 0.38987
06/10/2026 15:43:19 - INFO - utils.trainer -   Recall: 0.35889
06/10/2026 15:43:19 - INFO - utils.trainer -   F_score: 0.33041
06/10/2026 15:43:19 - INFO - utils.trainer -   Loss: 9.43309
06/10/2026 15:43:19 - INFO - utils.trainer -    Train loss: 0.00847, Test loss: 9.43309,Epoch time = 2.594s
06/10/2026 15:43:21 - INFO - utils.trainer -   ***** Running evaluation on test1 dataset *****
06/10/2026 15:43:23 - INFO - utils.trainer -   AUC: 0.57640
06/10/2026 15:43:23 - INFO - utils.trainer -   Accuracy: 0.33974
06/10/2026 15:43:23 - INFO - utils.trainer -   Precision: 0.37972
06/10/2026 15:43:23 - INFO - utils.trainer -   Recall: 0.36295
06/10/2026 15:43:23 - INFO - utils.trainer -   F_score: 0.31840
06/10/2026 15:43:23 - INFO - utils.trainer -   Loss: 9.84807
06/10/2026 15:43:23 - INFO - utils.trainer -    Train loss: 0.01907, Test loss: 9.84807,Epoch time = 2.493s
06/10/2026 15:43:25 - INFO - utils.trainer -   ***** Running evaluation on test1 dataset *****
06/10/2026 15:43:27 - INFO - utils.trainer -   AUC: 0.58289
06/10/2026 15:43:27 - INFO - utils.trainer -   Accuracy: 0.33974
06/10/2026 15:43:27 - INFO - utils.trainer -   Precision: 0.38836
06/10/2026 15:43:27 - INFO - utils.trainer -   Recall: 0.37484
06/10/2026 15:43:27 - INFO - utils.trainer -   F_score: 0.32910
06/10/2026 15:43:27 - INFO - utils.trainer -   Loss: 9.99449
06/10/2026 15:43:27 - INFO - utils.trainer -    Train loss: 0.00211, Test loss: 9.99449,Epoch time = 2.442s
06/10/2026 15:43:29 - INFO - utils.trainer -   ***** Running evaluation on test1 dataset *****
06/10/2026 15:43:31 - INFO - utils.trainer -   AUC: 0.59761
06/10/2026 15:43:31 - INFO - utils.trainer -   Accuracy: 0.34615
06/10/2026 15:43:31 - INFO - utils.trainer -   Precision: 0.37528
06/10/2026 15:43:31 - INFO - utils.trainer -   Recall: 0.35484
06/10/2026 15:43:31 - INFO - utils.trainer -   F_score: 0.33306
06/10/2026 15:43:31 - INFO - utils.trainer -   Loss: 9.04949
06/10/2026 15:43:31 - INFO - utils.trainer -    Train loss: 0.00609, Test loss: 9.04949,Epoch time = 2.461s
06/10/2026 15:43:34 - INFO - utils.trainer -   ***** Running evaluation on test1 dataset *****
06/10/2026 15:43:36 - INFO - utils.trainer -   AUC: 0.55613
06/10/2026 15:43:36 - INFO - utils.trainer -   Accuracy: 0.32051
06/10/2026 15:43:36 - INFO - utils.trainer -   Precision: 0.36503
06/10/2026 15:43:36 - INFO - utils.trainer -   Recall: 0.34065
06/10/2026 15:43:36 - INFO - utils.trainer -   F_score: 0.30816
06/10/2026 15:43:36 - INFO - utils.trainer -   Loss: 9.86234
06/10/2026 15:43:36 - INFO - utils.trainer -    Train loss: 0.01587, Test loss: 9.86234,Epoch time = 2.574s
06/10/2026 15:43:38 - INFO - utils.trainer -   ***** Running evaluation on test1 dataset *****
06/10/2026 15:43:40 - INFO - utils.trainer -   AUC: 0.57764
06/10/2026 15:43:40 - INFO - utils.trainer -   Accuracy: 0.33974
06/10/2026 15:43:40 - INFO - utils.trainer -   Precision: 0.39125
06/10/2026 15:43:40 - INFO - utils.trainer -   Recall: 0.34117
06/10/2026 15:43:40 - INFO - utils.trainer -   F_score: 0.32642
06/10/2026 15:43:40 - INFO - utils.trainer -   Loss: 9.82995
06/10/2026 15:43:40 - INFO - utils.trainer -    Train loss: 0.00541, Test loss: 9.82995,Epoch time = 2.518s
06/10/2026 15:43:42 - INFO - utils.trainer -   ***** Running evaluation on test1 dataset *****
06/10/2026 15:43:44 - INFO - utils.trainer -   AUC: 0.57878
06/10/2026 15:43:44 - INFO - utils.trainer -   Accuracy: 0.32692
06/10/2026 15:43:44 - INFO - utils.trainer -   Precision: 0.35839
06/10/2026 15:43:44 - INFO - utils.trainer -   Recall: 0.34345
06/10/2026 15:43:44 - INFO - utils.trainer -   F_score: 0.30691
06/10/2026 15:43:44 - INFO - utils.trainer -   Loss: 9.85881
06/10/2026 15:43:44 - INFO - utils.trainer -    Train loss: 0.00206, Test loss: 9.85881,Epoch time = 2.446s
06/10/2026 15:43:47 - INFO - utils.trainer -   ***** Running evaluation on test1 dataset *****
06/10/2026 15:43:48 - INFO - utils.trainer -   AUC: 0.55781
06/10/2026 15:43:48 - INFO - utils.trainer -   Accuracy: 0.30769
06/10/2026 15:43:48 - INFO - utils.trainer -   Precision: 0.36945
06/10/2026 15:43:48 - INFO - utils.trainer -   Recall: 0.33104
06/10/2026 15:43:48 - INFO - utils.trainer -   F_score: 0.29987
06/10/2026 15:43:48 - INFO - utils.trainer -   Loss: 10.41678
06/10/2026 15:43:48 - INFO - utils.trainer -    Train loss: 0.00655, Test loss: 10.41678,Epoch time = 2.466s
06/10/2026 15:43:51 - INFO - utils.trainer -   ***** Running evaluation on test1 dataset *****
06/10/2026 15:43:53 - INFO - utils.trainer -   AUC: 0.57945
06/10/2026 15:43:53 - INFO - utils.trainer -   Accuracy: 0.34615
06/10/2026 15:43:53 - INFO - utils.trainer -   Precision: 0.37528
06/10/2026 15:43:53 - INFO - utils.trainer -   Recall: 0.36319
06/10/2026 15:43:53 - INFO - utils.trainer -   F_score: 0.33342
06/10/2026 15:43:53 - INFO - utils.trainer -   Loss: 9.84660
06/10/2026 15:43:53 - INFO - utils.trainer -    Train loss: 0.02280, Test loss: 9.84660,Epoch time = 2.613s
06/10/2026 15:43:55 - INFO - utils.trainer -   ***** Running evaluation on test1 dataset *****
06/10/2026 15:43:57 - INFO - utils.trainer -   AUC: 0.57025
06/10/2026 15:43:57 - INFO - utils.trainer -   Accuracy: 0.33974
06/10/2026 15:43:57 - INFO - utils.trainer -   Precision: 0.36803
06/10/2026 15:43:57 - INFO - utils.trainer -   Recall: 0.34648
06/10/2026 15:43:57 - INFO - utils.trainer -   F_score: 0.33200
06/10/2026 15:43:57 - INFO - utils.trainer -   Loss: 10.11990
06/10/2026 15:43:57 - INFO - utils.trainer -    Train loss: 0.00443, Test loss: 10.11990,Epoch time = 2.483s
06/10/2026 15:43:59 - INFO - utils.trainer -   ***** Running evaluation on test1 dataset *****
06/10/2026 15:44:01 - INFO - utils.trainer -   AUC: 0.56699
06/10/2026 15:44:01 - INFO - utils.trainer -   Accuracy: 0.32692
06/10/2026 15:44:01 - INFO - utils.trainer -   Precision: 0.34786
06/10/2026 15:44:01 - INFO - utils.trainer -   Recall: 0.32978
06/10/2026 15:44:01 - INFO - utils.trainer -   F_score: 0.31114
06/10/2026 15:44:01 - INFO - utils.trainer -   Loss: 10.36103
06/10/2026 15:44:01 - INFO - utils.trainer -    Train loss: 0.00221, Test loss: 10.36103,Epoch time = 2.335s
06/10/2026 15:44:04 - INFO - utils.trainer -   ***** Running evaluation on test1 dataset *****
06/10/2026 15:44:05 - INFO - utils.trainer -   AUC: 0.58935
06/10/2026 15:44:05 - INFO - utils.trainer -   Accuracy: 0.35256
06/10/2026 15:44:05 - INFO - utils.trainer -   Precision: 0.38718
06/10/2026 15:44:05 - INFO - utils.trainer -   Recall: 0.37205
06/10/2026 15:44:05 - INFO - utils.trainer -   F_score: 0.34589
06/10/2026 15:44:05 - INFO - utils.trainer -   Loss: 10.34410
06/10/2026 15:44:05 - INFO - utils.trainer -    Train loss: 0.00647, Test loss: 10.34410,Epoch time = 2.482s
06/10/2026 15:44:08 - INFO - utils.trainer -   ***** Running evaluation on test1 dataset *****
06/10/2026 15:44:09 - INFO - utils.trainer -   AUC: 0.57466
06/10/2026 15:44:09 - INFO - utils.trainer -   Accuracy: 0.32692
06/10/2026 15:44:09 - INFO - utils.trainer -   Precision: 0.35671
06/10/2026 15:44:09 - INFO - utils.trainer -   Recall: 0.33915
06/10/2026 15:44:09 - INFO - utils.trainer -   F_score: 0.31436
06/10/2026 15:44:09 - INFO - utils.trainer -   Loss: 11.21986
06/10/2026 15:44:09 - INFO - utils.trainer -    Train loss: 0.00569, Test loss: 11.21986,Epoch time = 2.416s
06/10/2026 15:44:12 - INFO - utils.trainer -   ***** Running evaluation on test1 dataset *****
06/10/2026 15:44:14 - INFO - utils.trainer -   AUC: 0.57952
06/10/2026 15:44:14 - INFO - utils.trainer -   Accuracy: 0.34615
06/10/2026 15:44:14 - INFO - utils.trainer -   Precision: 0.38611
06/10/2026 15:44:14 - INFO - utils.trainer -   Recall: 0.35889
06/10/2026 15:44:14 - INFO - utils.trainer -   F_score: 0.33963
06/10/2026 15:44:14 - INFO - utils.trainer -   Loss: 10.49453
06/10/2026 15:44:14 - INFO - utils.trainer -    Train loss: 0.00426, Test loss: 10.49453,Epoch time = 2.570s
06/10/2026 15:44:16 - INFO - utils.trainer -   ***** Running evaluation on test1 dataset *****
06/10/2026 15:44:18 - INFO - utils.trainer -   AUC: 0.57742
06/10/2026 15:44:18 - INFO - utils.trainer -   Accuracy: 0.36538
06/10/2026 15:44:18 - INFO - utils.trainer -   Precision: 0.38885
06/10/2026 15:44:18 - INFO - utils.trainer -   Recall: 0.37938
06/10/2026 15:44:18 - INFO - utils.trainer -   F_score: 0.35213
06/10/2026 15:44:18 - INFO - utils.trainer -   Loss: 11.33236
06/10/2026 15:44:18 - INFO - utils.trainer -    Train loss: 0.00109, Test loss: 11.33236,Epoch time = 2.447s
06/10/2026 15:44:20 - INFO - utils.trainer -   ***** Running evaluation on test1 dataset *****
06/10/2026 15:44:22 - INFO - utils.trainer -   AUC: 0.58428
06/10/2026 15:44:22 - INFO - utils.trainer -   Accuracy: 0.33333
06/10/2026 15:44:22 - INFO - utils.trainer -   Precision: 0.37713
06/10/2026 15:44:22 - INFO - utils.trainer -   Recall: 0.33687
06/10/2026 15:44:22 - INFO - utils.trainer -   F_score: 0.32176
06/10/2026 15:44:22 - INFO - utils.trainer -   Loss: 10.40414
06/10/2026 15:44:22 - INFO - utils.trainer -    Train loss: 0.00333, Test loss: 10.40414,Epoch time = 2.429s
06/10/2026 15:44:25 - INFO - utils.trainer -   ***** Running evaluation on test1 dataset *****
06/10/2026 15:44:26 - INFO - utils.trainer -   AUC: 0.56709
06/10/2026 15:44:26 - INFO - utils.trainer -   Accuracy: 0.34615
06/10/2026 15:44:26 - INFO - utils.trainer -   Precision: 0.35182
06/10/2026 15:44:26 - INFO - utils.trainer -   Recall: 0.35913
06/10/2026 15:44:26 - INFO - utils.trainer -   F_score: 0.32412
06/10/2026 15:44:26 - INFO - utils.trainer -   Loss: 11.16873
06/10/2026 15:44:26 - INFO - utils.trainer -    Train loss: 0.00711, Test loss: 11.16873,Epoch time = 2.540s
06/10/2026 15:44:29 - INFO - utils.trainer -   ***** Running evaluation on test1 dataset *****
06/10/2026 15:44:31 - INFO - utils.trainer -   AUC: 0.58700
06/10/2026 15:44:31 - INFO - utils.trainer -   Accuracy: 0.37179
06/10/2026 15:44:31 - INFO - utils.trainer -   Precision: 0.39528
06/10/2026 15:44:31 - INFO - utils.trainer -   Recall: 0.39179
06/10/2026 15:44:31 - INFO - utils.trainer -   F_score: 0.35672
06/10/2026 15:44:31 - INFO - utils.trainer -   Loss: 11.87329
06/10/2026 15:44:31 - INFO - utils.trainer -    Train loss: 0.00275, Test loss: 11.87329,Epoch time = 2.486s
06/10/2026 15:44:31 - INFO - utils.trainer -   Saving model checkpoint to output_dir/BrainNetCNN
06/10/2026 15:44:33 - INFO - utils.trainer -   ***** Running evaluation on test1 dataset *****
06/10/2026 15:44:35 - INFO - utils.trainer -   AUC: 0.57008
06/10/2026 15:44:35 - INFO - utils.trainer -   Accuracy: 0.35256
06/10/2026 15:44:35 - INFO - utils.trainer -   Precision: 0.38466
06/10/2026 15:44:35 - INFO - utils.trainer -   Recall: 0.36902
06/10/2026 15:44:35 - INFO - utils.trainer -   F_score: 0.34038
06/10/2026 15:44:35 - INFO - utils.trainer -   Loss: 12.28658
06/10/2026 15:44:35 - INFO - utils.trainer -    Train loss: 0.00092, Test loss: 12.28658,Epoch time = 2.447s
06/10/2026 15:44:37 - INFO - utils.trainer -   ***** Running evaluation on test1 dataset *****
06/10/2026 15:44:39 - INFO - utils.trainer -   AUC: 0.57153
06/10/2026 15:44:39 - INFO - utils.trainer -   Accuracy: 0.32692
06/10/2026 15:44:39 - INFO - utils.trainer -   Precision: 0.35961
06/10/2026 15:44:39 - INFO - utils.trainer -   Recall: 0.35002
06/10/2026 15:44:39 - INFO - utils.trainer -   F_score: 0.32050
06/10/2026 15:44:39 - INFO - utils.trainer -   Loss: 11.36359
06/10/2026 15:44:39 - INFO - utils.trainer -    Train loss: 0.00146, Test loss: 11.36359,Epoch time = 2.413s
06/10/2026 15:44:41 - INFO - utils.trainer -   ***** Running evaluation on test1 dataset *****
06/10/2026 15:44:43 - INFO - utils.trainer -   AUC: 0.59085
06/10/2026 15:44:43 - INFO - utils.trainer -   Accuracy: 0.37179
06/10/2026 15:44:43 - INFO - utils.trainer -   Precision: 0.40781
06/10/2026 15:44:43 - INFO - utils.trainer -   Recall: 0.41278
06/10/2026 15:44:43 - INFO - utils.trainer -   F_score: 0.36753
06/10/2026 15:44:43 - INFO - utils.trainer -   Loss: 10.86446
06/10/2026 15:44:43 - INFO - utils.trainer -    Train loss: 0.00283, Test loss: 10.86446,Epoch time = 2.398s
06/10/2026 15:44:43 - INFO - utils.trainer -   Saving model checkpoint to output_dir/BrainNetCNN
06/10/2026 15:44:46 - INFO - utils.trainer -   ***** Running evaluation on test1 dataset *****
06/10/2026 15:44:47 - INFO - utils.trainer -   AUC: 0.57566
06/10/2026 15:44:47 - INFO - utils.trainer -   Accuracy: 0.33974
06/10/2026 15:44:47 - INFO - utils.trainer -   Precision: 0.38223
06/10/2026 15:44:47 - INFO - utils.trainer -   Recall: 0.37709
06/10/2026 15:44:47 - INFO - utils.trainer -   F_score: 0.33540
06/10/2026 15:44:47 - INFO - utils.trainer -   Loss: 10.95122
06/10/2026 15:44:47 - INFO - utils.trainer -    Train loss: 0.00131, Test loss: 10.95122,Epoch time = 2.506s
06/10/2026 15:44:50 - INFO - utils.trainer -   ***** Running evaluation on test1 dataset *****
06/10/2026 15:44:52 - INFO - utils.trainer -   AUC: 0.57989
06/10/2026 15:44:52 - INFO - utils.trainer -   Accuracy: 0.35256
06/10/2026 15:44:52 - INFO - utils.trainer -   Precision: 0.39025
06/10/2026 15:44:52 - INFO - utils.trainer -   Recall: 0.36874
06/10/2026 15:44:52 - INFO - utils.trainer -   F_score: 0.34128
06/10/2026 15:44:52 - INFO - utils.trainer -   Loss: 11.62227
06/10/2026 15:44:52 - INFO - utils.trainer -    Train loss: 0.00809, Test loss: 11.62227,Epoch time = 2.487s
06/10/2026 15:44:54 - INFO - utils.trainer -   ***** Running evaluation on test1 dataset *****
06/10/2026 15:44:56 - INFO - utils.trainer -   AUC: 0.59806
06/10/2026 15:44:56 - INFO - utils.trainer -   Accuracy: 0.30769
06/10/2026 15:44:56 - INFO - utils.trainer -   Precision: 0.36518
06/10/2026 15:44:56 - INFO - utils.trainer -   Recall: 0.34013
06/10/2026 15:44:56 - INFO - utils.trainer -   F_score: 0.30186
06/10/2026 15:44:56 - INFO - utils.trainer -   Loss: 10.38969
06/10/2026 15:44:56 - INFO - utils.trainer -    Train loss: 0.00329, Test loss: 10.38969,Epoch time = 2.466s
06/10/2026 15:44:58 - INFO - utils.trainer -   ***** Running evaluation on test1 dataset *****
06/10/2026 15:45:00 - INFO - utils.trainer -   AUC: 0.58016
06/10/2026 15:45:00 - INFO - utils.trainer -   Accuracy: 0.30128
06/10/2026 15:45:00 - INFO - utils.trainer -   Precision: 0.34205
06/10/2026 15:45:00 - INFO - utils.trainer -   Recall: 0.32166
06/10/2026 15:45:00 - INFO - utils.trainer -   F_score: 0.29751
06/10/2026 15:45:00 - INFO - utils.trainer -   Loss: 11.61769
06/10/2026 15:45:00 - INFO - utils.trainer -    Train loss: 0.00988, Test loss: 11.61769,Epoch time = 2.456s
06/10/2026 15:45:03 - INFO - utils.trainer -   ***** Running evaluation on test1 dataset *****
06/10/2026 15:45:04 - INFO - utils.trainer -   AUC: 0.56067
06/10/2026 15:45:04 - INFO - utils.trainer -   Accuracy: 0.31410
06/10/2026 15:45:04 - INFO - utils.trainer -   Precision: 0.34905
06/10/2026 15:45:04 - INFO - utils.trainer -   Recall: 0.33230
06/10/2026 15:45:04 - INFO - utils.trainer -   F_score: 0.30898
06/10/2026 15:45:04 - INFO - utils.trainer -   Loss: 12.12442
06/10/2026 15:45:04 - INFO - utils.trainer -    Train loss: 0.00032, Test loss: 12.12442,Epoch time = 2.387s
06/10/2026 15:45:07 - INFO - utils.trainer -   ***** Running evaluation on test1 dataset *****
06/10/2026 15:45:09 - INFO - utils.trainer -   AUC: 0.59006
06/10/2026 15:45:09 - INFO - utils.trainer -   Accuracy: 0.36538
06/10/2026 15:45:09 - INFO - utils.trainer -   Precision: 0.40216
06/10/2026 15:45:09 - INFO - utils.trainer -   Recall: 0.41302
06/10/2026 15:45:09 - INFO - utils.trainer -   F_score: 0.35771
06/10/2026 15:45:09 - INFO - utils.trainer -   Loss: 12.20000
06/10/2026 15:45:09 - INFO - utils.trainer -    Train loss: 0.00075, Test loss: 12.20000,Epoch time = 2.595s
06/10/2026 15:45:11 - INFO - utils.trainer -   ***** Running evaluation on test1 dataset *****
06/10/2026 15:45:13 - INFO - utils.trainer -   AUC: 0.61793
06/10/2026 15:45:13 - INFO - utils.trainer -   Accuracy: 0.39744
06/10/2026 15:45:13 - INFO - utils.trainer -   Precision: 0.43852
06/10/2026 15:45:13 - INFO - utils.trainer -   Recall: 0.42772
06/10/2026 15:45:13 - INFO - utils.trainer -   F_score: 0.38138
06/10/2026 15:45:13 - INFO - utils.trainer -   Loss: 10.87804
06/10/2026 15:45:13 - INFO - utils.trainer -    Train loss: 0.03819, Test loss: 10.87804,Epoch time = 2.434s
06/10/2026 15:45:13 - INFO - utils.trainer -   Saving model checkpoint to output_dir/BrainNetCNN
06/10/2026 15:45:15 - INFO - utils.trainer -   ***** Running evaluation on test1 dataset *****
06/10/2026 15:45:17 - INFO - utils.trainer -   AUC: 0.58157
06/10/2026 15:45:17 - INFO - utils.trainer -   Accuracy: 0.37179
06/10/2026 15:45:17 - INFO - utils.trainer -   Precision: 0.40075
06/10/2026 15:45:17 - INFO - utils.trainer -   Recall: 0.39912
06/10/2026 15:45:17 - INFO - utils.trainer -   F_score: 0.35600
06/10/2026 15:45:17 - INFO - utils.trainer -   Loss: 11.87150
06/10/2026 15:45:17 - INFO - utils.trainer -    Train loss: 0.00469, Test loss: 11.87150,Epoch time = 2.496s
06/10/2026 15:45:20 - INFO - utils.trainer -   ***** Running evaluation on test1 dataset *****
06/10/2026 15:45:21 - INFO - utils.trainer -   AUC: 0.57605
06/10/2026 15:45:21 - INFO - utils.trainer -   Accuracy: 0.32692
06/10/2026 15:45:21 - INFO - utils.trainer -   Precision: 0.37639
06/10/2026 15:45:21 - INFO - utils.trainer -   Recall: 0.35279
06/10/2026 15:45:21 - INFO - utils.trainer -   F_score: 0.30982
06/10/2026 15:45:21 - INFO - utils.trainer -   Loss: 11.30096
06/10/2026 15:45:21 - INFO - utils.trainer -    Train loss: 0.00342, Test loss: 11.30096,Epoch time = 2.611s
06/10/2026 15:45:24 - INFO - utils.trainer -   ***** Running evaluation on test1 dataset *****
06/10/2026 15:45:26 - INFO - utils.trainer -   AUC: 0.56777
06/10/2026 15:45:26 - INFO - utils.trainer -   Accuracy: 0.35256
06/10/2026 15:45:26 - INFO - utils.trainer -   Precision: 0.39992
06/10/2026 15:45:26 - INFO - utils.trainer -   Recall: 0.36520
06/10/2026 15:45:26 - INFO - utils.trainer -   F_score: 0.33246
06/10/2026 15:45:26 - INFO - utils.trainer -   Loss: 11.57317
06/10/2026 15:45:26 - INFO - utils.trainer -    Train loss: 0.00406, Test loss: 11.57317,Epoch time = 2.483s
06/10/2026 15:45:28 - INFO - utils.trainer -   ***** Running evaluation on test1 dataset *****
06/10/2026 15:45:30 - INFO - utils.trainer -   AUC: 0.55625
06/10/2026 15:45:30 - INFO - utils.trainer -   Accuracy: 0.33333
06/10/2026 15:45:30 - INFO - utils.trainer -   Precision: 0.37358
06/10/2026 15:45:30 - INFO - utils.trainer -   Recall: 0.35279
06/10/2026 15:45:30 - INFO - utils.trainer -   F_score: 0.32089
06/10/2026 15:45:30 - INFO - utils.trainer -   Loss: 12.26750
06/10/2026 15:45:30 - INFO - utils.trainer -    Train loss: 0.00090, Test loss: 12.26750,Epoch time = 2.461s
06/10/2026 15:45:32 - INFO - utils.trainer -   ***** Running evaluation on test1 dataset *****
06/10/2026 15:45:34 - INFO - utils.trainer -   AUC: 0.58227
06/10/2026 15:45:34 - INFO - utils.trainer -   Accuracy: 0.33333
06/10/2026 15:45:34 - INFO - utils.trainer -   Precision: 0.36733
06/10/2026 15:45:34 - INFO - utils.trainer -   Recall: 0.35964
06/10/2026 15:45:34 - INFO - utils.trainer -   F_score: 0.32076
06/10/2026 15:45:34 - INFO - utils.trainer -   Loss: 11.32432
06/10/2026 15:45:34 - INFO - utils.trainer -    Train loss: 0.00267, Test loss: 11.32432,Epoch time = 2.595s
06/10/2026 15:45:37 - INFO - utils.trainer -   ***** Running evaluation on test1 dataset *****
06/10/2026 15:45:39 - INFO - utils.trainer -   AUC: 0.57474
06/10/2026 15:45:39 - INFO - utils.trainer -   Accuracy: 0.33974
06/10/2026 15:45:39 - INFO - utils.trainer -   Precision: 0.37691
06/10/2026 15:45:39 - INFO - utils.trainer -   Recall: 0.33814
06/10/2026 15:45:39 - INFO - utils.trainer -   F_score: 0.31851
06/10/2026 15:45:39 - INFO - utils.trainer -   Loss: 11.46557
06/10/2026 15:45:39 - INFO - utils.trainer -    Train loss: 0.00451, Test loss: 11.46557,Epoch time = 2.623s
06/10/2026 15:45:41 - INFO - utils.trainer -   ***** Running evaluation on test1 dataset *****
06/10/2026 15:45:43 - INFO - utils.trainer -   AUC: 0.58866
06/10/2026 15:45:43 - INFO - utils.trainer -   Accuracy: 0.35897
06/10/2026 15:45:43 - INFO - utils.trainer -   Precision: 0.37155
06/10/2026 15:45:43 - INFO - utils.trainer -   Recall: 0.38545
06/10/2026 15:45:43 - INFO - utils.trainer -   F_score: 0.33593
06/10/2026 15:45:43 - INFO - utils.trainer -   Loss: 11.97581
06/10/2026 15:45:43 - INFO - utils.trainer -    Train loss: 0.00322, Test loss: 11.97581,Epoch time = 2.537s
06/10/2026 15:45:46 - INFO - utils.trainer -   ***** Running evaluation on test1 dataset *****
06/10/2026 15:45:48 - INFO - utils.trainer -   AUC: 0.58054
06/10/2026 15:45:48 - INFO - utils.trainer -   Accuracy: 0.34615
06/10/2026 15:45:48 - INFO - utils.trainer -   Precision: 0.36214
06/10/2026 15:45:48 - INFO - utils.trainer -   Recall: 0.34826
06/10/2026 15:45:48 - INFO - utils.trainer -   F_score: 0.33106
06/10/2026 15:45:48 - INFO - utils.trainer -   Loss: 11.74300
06/10/2026 15:45:48 - INFO - utils.trainer -    Train loss: 0.00281, Test loss: 11.74300,Epoch time = 2.566s
06/10/2026 15:45:50 - INFO - utils.trainer -   ***** Running evaluation on test1 dataset *****
06/10/2026 15:45:52 - INFO - utils.trainer -   AUC: 0.57410
06/10/2026 15:45:52 - INFO - utils.trainer -   Accuracy: 0.36538
06/10/2026 15:45:52 - INFO - utils.trainer -   Precision: 0.40417
06/10/2026 15:45:52 - INFO - utils.trainer -   Recall: 0.37836
06/10/2026 15:45:52 - INFO - utils.trainer -   F_score: 0.35058
06/10/2026 15:45:52 - INFO - utils.trainer -   Loss: 11.18207
06/10/2026 15:45:52 - INFO - utils.trainer -    Train loss: 0.00095, Test loss: 11.18207,Epoch time = 2.403s
06/10/2026 15:45:54 - INFO - utils.trainer -   ***** Running evaluation on test1 dataset *****
06/10/2026 15:45:56 - INFO - utils.trainer -   AUC: 0.57107
06/10/2026 15:45:56 - INFO - utils.trainer -   Accuracy: 0.35256
06/10/2026 15:45:56 - INFO - utils.trainer -   Precision: 0.38178
06/10/2026 15:45:56 - INFO - utils.trainer -   Recall: 0.36874
06/10/2026 15:45:56 - INFO - utils.trainer -   F_score: 0.33972
06/10/2026 15:45:56 - INFO - utils.trainer -   Loss: 11.25761
06/10/2026 15:45:56 - INFO - utils.trainer -    Train loss: 0.00246, Test loss: 11.25761,Epoch time = 2.511s
06/10/2026 15:45:58 - INFO - utils.trainer -   ***** Running evaluation on test1 dataset *****
06/10/2026 15:46:00 - INFO - utils.trainer -   AUC: 0.58967
06/10/2026 15:46:00 - INFO - utils.trainer -   Accuracy: 0.36538
06/10/2026 15:46:00 - INFO - utils.trainer -   Precision: 0.39643
06/10/2026 15:46:00 - INFO - utils.trainer -   Recall: 0.38545
06/10/2026 15:46:00 - INFO - utils.trainer -   F_score: 0.34935
06/10/2026 15:46:00 - INFO - utils.trainer -   Loss: 10.62767
06/10/2026 15:46:00 - INFO - utils.trainer -    Train loss: 0.00186, Test loss: 10.62767,Epoch time = 2.440s
06/10/2026 15:46:03 - INFO - utils.trainer -   ***** Running evaluation on test1 dataset *****
06/10/2026 15:46:04 - INFO - utils.trainer -   AUC: 0.56977
06/10/2026 15:46:04 - INFO - utils.trainer -   Accuracy: 0.33333
06/10/2026 15:46:04 - INFO - utils.trainer -   Precision: 0.35161
06/10/2026 15:46:04 - INFO - utils.trainer -   Recall: 0.34014
06/10/2026 15:46:04 - INFO - utils.trainer -   F_score: 0.32267
06/10/2026 15:46:04 - INFO - utils.trainer -   Loss: 11.24247
06/10/2026 15:46:04 - INFO - utils.trainer -    Train loss: 0.04059, Test loss: 11.24247,Epoch time = 2.527s
06/10/2026 15:46:07 - INFO - utils.trainer -   ***** Running evaluation on test1 dataset *****
06/10/2026 15:46:09 - INFO - utils.trainer -   AUC: 0.59452
06/10/2026 15:46:09 - INFO - utils.trainer -   Accuracy: 0.33974
06/10/2026 15:46:09 - INFO - utils.trainer -   Precision: 0.36721
06/10/2026 15:46:09 - INFO - utils.trainer -   Recall: 0.35078
06/10/2026 15:46:09 - INFO - utils.trainer -   F_score: 0.32785
06/10/2026 15:46:09 - INFO - utils.trainer -   Loss: 10.74776
06/10/2026 15:46:09 - INFO - utils.trainer -    Train loss: 0.05871, Test loss: 10.74776,Epoch time = 2.494s
06/10/2026 15:46:11 - INFO - utils.trainer -   ***** Running evaluation on test1 dataset *****
06/10/2026 15:46:13 - INFO - utils.trainer -   AUC: 0.58105
06/10/2026 15:46:13 - INFO - utils.trainer -   Accuracy: 0.32692
06/10/2026 15:46:13 - INFO - utils.trainer -   Precision: 0.37044
06/10/2026 15:46:13 - INFO - utils.trainer -   Recall: 0.35456
06/10/2026 15:46:13 - INFO - utils.trainer -   F_score: 0.28781
06/10/2026 15:46:13 - INFO - utils.trainer -   Loss: 12.97014
06/10/2026 15:46:13 - INFO - utils.trainer -    Train loss: 0.03068, Test loss: 12.97014,Epoch time = 2.475s
06/10/2026 15:46:15 - INFO - utils.trainer -   ***** Running evaluation on test1 dataset *****
06/10/2026 15:46:17 - INFO - utils.trainer -   AUC: 0.59391
06/10/2026 15:46:17 - INFO - utils.trainer -   Accuracy: 0.32692
06/10/2026 15:46:17 - INFO - utils.trainer -   Precision: 0.37446
06/10/2026 15:46:17 - INFO - utils.trainer -   Recall: 0.35432
06/10/2026 15:46:17 - INFO - utils.trainer -   F_score: 0.31692
06/10/2026 15:46:17 - INFO - utils.trainer -   Loss: 10.30001
06/10/2026 15:46:17 - INFO - utils.trainer -    Train loss: 0.03112, Test loss: 10.30001,Epoch time = 2.504s
06/10/2026 15:46:20 - INFO - utils.trainer -   ***** Running evaluation on test1 dataset *****
06/10/2026 15:46:21 - INFO - utils.trainer -   AUC: 0.59075
06/10/2026 15:46:21 - INFO - utils.trainer -   Accuracy: 0.36538
06/10/2026 15:46:21 - INFO - utils.trainer -   Precision: 0.42263
06/10/2026 15:46:21 - INFO - utils.trainer -   Recall: 0.41152
06/10/2026 15:46:21 - INFO - utils.trainer -   F_score: 0.35763
06/10/2026 15:46:21 - INFO - utils.trainer -   Loss: 12.21867
06/10/2026 15:46:21 - INFO - utils.trainer -    Train loss: 0.00242, Test loss: 12.21867,Epoch time = 2.485s
06/10/2026 15:46:24 - INFO - utils.trainer -   ***** Running evaluation on test1 dataset *****
06/10/2026 15:46:26 - INFO - utils.trainer -   AUC: 0.56260
06/10/2026 15:46:26 - INFO - utils.trainer -   Accuracy: 0.31410
06/10/2026 15:46:26 - INFO - utils.trainer -   Precision: 0.36577
06/10/2026 15:46:26 - INFO - utils.trainer -   Recall: 0.35357
06/10/2026 15:46:26 - INFO - utils.trainer -   F_score: 0.30908
06/10/2026 15:46:26 - INFO - utils.trainer -   Loss: 12.50124
06/10/2026 15:46:26 - INFO - utils.trainer -    Train loss: 0.00331, Test loss: 12.50124,Epoch time = 2.693s
06/10/2026 15:46:28 - INFO - utils.trainer -   ***** Running evaluation on test1 dataset *****
06/10/2026 15:46:30 - INFO - utils.trainer -   AUC: 0.58132
06/10/2026 15:46:30 - INFO - utils.trainer -   Accuracy: 0.30769
06/10/2026 15:46:30 - INFO - utils.trainer -   Precision: 0.36809
06/10/2026 15:46:30 - INFO - utils.trainer -   Recall: 0.34876
06/10/2026 15:46:30 - INFO - utils.trainer -   F_score: 0.30389
06/10/2026 15:46:30 - INFO - utils.trainer -   Loss: 11.23648
06/10/2026 15:46:30 - INFO - utils.trainer -    Train loss: 0.00361, Test loss: 11.23648,Epoch time = 2.566s
06/10/2026 15:46:33 - INFO - utils.trainer -   ***** Running evaluation on test1 dataset *****
06/10/2026 15:46:34 - INFO - utils.trainer -   AUC: 0.59580
06/10/2026 15:46:34 - INFO - utils.trainer -   Accuracy: 0.34615
06/10/2026 15:46:34 - INFO - utils.trainer -   Precision: 0.41199
06/10/2026 15:46:34 - INFO - utils.trainer -   Recall: 0.39785
06/10/2026 15:46:34 - INFO - utils.trainer -   F_score: 0.34337
06/10/2026 15:46:34 - INFO - utils.trainer -   Loss: 11.77626
06/10/2026 15:46:34 - INFO - utils.trainer -    Train loss: 0.00847, Test loss: 11.77626,Epoch time = 2.402s
06/10/2026 15:46:37 - INFO - utils.trainer -   ***** Running evaluation on test1 dataset *****
06/10/2026 15:46:39 - INFO - utils.trainer -   AUC: 0.59060
06/10/2026 15:46:39 - INFO - utils.trainer -   Accuracy: 0.33333
06/10/2026 15:46:39 - INFO - utils.trainer -   Precision: 0.39869
06/10/2026 15:46:39 - INFO - utils.trainer -   Recall: 0.38721
06/10/2026 15:46:39 - INFO - utils.trainer -   F_score: 0.33065
06/10/2026 15:46:39 - INFO - utils.trainer -   Loss: 12.10496
06/10/2026 15:46:39 - INFO - utils.trainer -    Train loss: 0.00139, Test loss: 12.10496,Epoch time = 2.435s
06/10/2026 15:46:41 - INFO - utils.trainer -   ***** Running evaluation on test1 dataset *****
06/10/2026 15:46:43 - INFO - utils.trainer -   AUC: 0.57496
06/10/2026 15:46:43 - INFO - utils.trainer -   Accuracy: 0.31410
06/10/2026 15:46:43 - INFO - utils.trainer -   Precision: 0.37544
06/10/2026 15:46:43 - INFO - utils.trainer -   Recall: 0.34648
06/10/2026 15:46:43 - INFO - utils.trainer -   F_score: 0.31128
06/10/2026 15:46:43 - INFO - utils.trainer -   Loss: 11.86904
06/10/2026 15:46:43 - INFO - utils.trainer -    Train loss: 0.00396, Test loss: 11.86904,Epoch time = 2.538s
06/10/2026 15:46:45 - INFO - utils.trainer -   ***** Running evaluation on test1 dataset *****
06/10/2026 15:46:47 - INFO - utils.trainer -   AUC: 0.59125
06/10/2026 15:46:47 - INFO - utils.trainer -   Accuracy: 0.32692
06/10/2026 15:46:47 - INFO - utils.trainer -   Precision: 0.37511
06/10/2026 15:46:47 - INFO - utils.trainer -   Recall: 0.34648
06/10/2026 15:46:47 - INFO - utils.trainer -   F_score: 0.31794
06/10/2026 15:46:47 - INFO - utils.trainer -   Loss: 10.94385
06/10/2026 15:46:47 - INFO - utils.trainer -    Train loss: 0.02161, Test loss: 10.94385,Epoch time = 2.433s
06/10/2026 15:46:49 - INFO - utils.trainer -   ***** Running evaluation on test1 dataset *****
06/10/2026 15:46:51 - INFO - utils.trainer -   AUC: 0.59248
06/10/2026 15:46:51 - INFO - utils.trainer -   Accuracy: 0.33333
06/10/2026 15:46:51 - INFO - utils.trainer -   Precision: 0.34883
06/10/2026 15:46:51 - INFO - utils.trainer -   Recall: 0.36622
06/10/2026 15:46:51 - INFO - utils.trainer -   F_score: 0.31885
06/10/2026 15:46:51 - INFO - utils.trainer -   Loss: 10.77247
06/10/2026 15:46:51 - INFO - utils.trainer -    Train loss: 0.00266, Test loss: 10.77247,Epoch time = 2.488s
06/10/2026 15:46:54 - INFO - utils.trainer -   ***** Running evaluation on test1 dataset *****
06/10/2026 15:46:55 - INFO - utils.trainer -   AUC: 0.57822
06/10/2026 15:46:55 - INFO - utils.trainer -   Accuracy: 0.33974
06/10/2026 15:46:55 - INFO - utils.trainer -   Precision: 0.39364
06/10/2026 15:46:55 - INFO - utils.trainer -   Recall: 0.35357
06/10/2026 15:46:55 - INFO - utils.trainer -   F_score: 0.33563
06/10/2026 15:46:55 - INFO - utils.trainer -   Loss: 11.45985
06/10/2026 15:46:55 - INFO - utils.trainer -    Train loss: 0.00482, Test loss: 11.45985,Epoch time = 2.464s
06/10/2026 15:46:58 - INFO - utils.trainer -   ***** Running evaluation on test1 dataset *****
06/10/2026 15:47:00 - INFO - utils.trainer -   AUC: 0.59162
06/10/2026 15:47:00 - INFO - utils.trainer -   Accuracy: 0.35256
06/10/2026 15:47:00 - INFO - utils.trainer -   Precision: 0.41583
06/10/2026 15:47:00 - INFO - utils.trainer -   Recall: 0.37079
06/10/2026 15:47:00 - INFO - utils.trainer -   F_score: 0.34818
06/10/2026 15:47:00 - INFO - utils.trainer -   Loss: 11.44212
06/10/2026 15:47:00 - INFO - utils.trainer -    Train loss: 0.00439, Test loss: 11.44212,Epoch time = 2.632s
06/10/2026 15:47:02 - INFO - utils.trainer -   ***** Running evaluation on test1 dataset *****
06/10/2026 15:47:04 - INFO - utils.trainer -   AUC: 0.57775
06/10/2026 15:47:04 - INFO - utils.trainer -   Accuracy: 0.33333
06/10/2026 15:47:04 - INFO - utils.trainer -   Precision: 0.40129
06/10/2026 15:47:04 - INFO - utils.trainer -   Recall: 0.36243
06/10/2026 15:47:04 - INFO - utils.trainer -   F_score: 0.32841
06/10/2026 15:47:04 - INFO - utils.trainer -   Loss: 12.16526
06/10/2026 15:47:04 - INFO - utils.trainer -    Train loss: 0.00040, Test loss: 12.16526,Epoch time = 2.554s
06/10/2026 15:47:06 - INFO - utils.trainer -   ***** Running evaluation on test1 dataset *****
06/10/2026 15:47:08 - INFO - utils.trainer -   AUC: 0.56969
06/10/2026 15:47:08 - INFO - utils.trainer -   Accuracy: 0.33333
06/10/2026 15:47:08 - INFO - utils.trainer -   Precision: 0.36141
06/10/2026 15:47:08 - INFO - utils.trainer -   Recall: 0.34522
06/10/2026 15:47:08 - INFO - utils.trainer -   F_score: 0.32250
06/10/2026 15:47:08 - INFO - utils.trainer -   Loss: 11.52315
06/10/2026 15:47:08 - INFO - utils.trainer -    Train loss: 0.04742, Test loss: 11.52315,Epoch time = 2.437s
06/10/2026 15:47:11 - INFO - utils.trainer -   ***** Running evaluation on test1 dataset *****
06/10/2026 15:47:12 - INFO - utils.trainer -   AUC: 0.58619
06/10/2026 15:47:12 - INFO - utils.trainer -   Accuracy: 0.37179
06/10/2026 15:47:12 - INFO - utils.trainer -   Precision: 0.42424
06/10/2026 15:47:12 - INFO - utils.trainer -   Recall: 0.40924
06/10/2026 15:47:12 - INFO - utils.trainer -   F_score: 0.36357
06/10/2026 15:47:12 - INFO - utils.trainer -   Loss: 11.52321
06/10/2026 15:47:12 - INFO - utils.trainer -    Train loss: 0.00999, Test loss: 11.52321,Epoch time = 2.485s
06/10/2026 15:47:15 - INFO - utils.trainer -   ***** Running evaluation on test1 dataset *****
06/10/2026 15:47:17 - INFO - utils.trainer -   AUC: 0.59157
06/10/2026 15:47:17 - INFO - utils.trainer -   Accuracy: 0.35256
06/10/2026 15:47:17 - INFO - utils.trainer -   Precision: 0.38219
06/10/2026 15:47:17 - INFO - utils.trainer -   Recall: 0.37430
06/10/2026 15:47:17 - INFO - utils.trainer -   F_score: 0.33533
06/10/2026 15:47:17 - INFO - utils.trainer -   Loss: 10.51101
06/10/2026 15:47:17 - INFO - utils.trainer -    Train loss: 0.00097, Test loss: 10.51101,Epoch time = 2.561s
06/10/2026 15:47:19 - INFO - utils.trainer -   ***** Running evaluation on test1 dataset *****
06/10/2026 15:47:21 - INFO - utils.trainer -   AUC: 0.58142
06/10/2026 15:47:21 - INFO - utils.trainer -   Accuracy: 0.36538
06/10/2026 15:47:21 - INFO - utils.trainer -   Precision: 0.40346
06/10/2026 15:47:21 - INFO - utils.trainer -   Recall: 0.37989
06/10/2026 15:47:21 - INFO - utils.trainer -   F_score: 0.35375
06/10/2026 15:47:21 - INFO - utils.trainer -   Loss: 11.42191
06/10/2026 15:47:21 - INFO - utils.trainer -    Train loss: 0.01359, Test loss: 11.42191,Epoch time = 2.600s
06/10/2026 15:47:24 - INFO - utils.trainer -   ***** Running evaluation on test1 dataset *****
06/10/2026 15:47:25 - INFO - utils.trainer -   AUC: 0.57968
06/10/2026 15:47:25 - INFO - utils.trainer -   Accuracy: 0.34615
06/10/2026 15:47:25 - INFO - utils.trainer -   Precision: 0.38829
06/10/2026 15:47:25 - INFO - utils.trainer -   Recall: 0.35559
06/10/2026 15:47:25 - INFO - utils.trainer -   F_score: 0.33512
06/10/2026 15:47:25 - INFO - utils.trainer -   Loss: 11.67001
06/10/2026 15:47:25 - INFO - utils.trainer -    Train loss: 0.00366, Test loss: 11.67001,Epoch time = 2.560s
06/10/2026 15:47:28 - INFO - utils.trainer -   ***** Running evaluation on test1 dataset *****
06/10/2026 15:47:30 - INFO - utils.trainer -   AUC: 0.55873
06/10/2026 15:47:30 - INFO - utils.trainer -   Accuracy: 0.32692
06/10/2026 15:47:30 - INFO - utils.trainer -   Precision: 0.35337
06/10/2026 15:47:30 - INFO - utils.trainer -   Recall: 0.35381
06/10/2026 15:47:30 - INFO - utils.trainer -   F_score: 0.31299
06/10/2026 15:47:30 - INFO - utils.trainer -   Loss: 11.50668
06/10/2026 15:47:30 - INFO - utils.trainer -    Train loss: 0.01961, Test loss: 11.50668,Epoch time = 2.510s
06/10/2026 15:47:32 - INFO - utils.trainer -   ***** Running evaluation on test1 dataset *****
06/10/2026 15:47:34 - INFO - utils.trainer -   AUC: 0.59655
06/10/2026 15:47:34 - INFO - utils.trainer -   Accuracy: 0.33974
06/10/2026 15:47:34 - INFO - utils.trainer -   Precision: 0.36497
06/10/2026 15:47:34 - INFO - utils.trainer -   Recall: 0.35330
06/10/2026 15:47:34 - INFO - utils.trainer -   F_score: 0.33108
06/10/2026 15:47:34 - INFO - utils.trainer -   Loss: 10.58745
06/10/2026 15:47:34 - INFO - utils.trainer -    Train loss: 0.00294, Test loss: 10.58745,Epoch time = 2.498s
06/10/2026 15:47:36 - INFO - utils.trainer -   ***** Running evaluation on test1 dataset *****
06/10/2026 15:47:38 - INFO - utils.trainer -   AUC: 0.57669
06/10/2026 15:47:38 - INFO - utils.trainer -   Accuracy: 0.32692
06/10/2026 15:47:38 - INFO - utils.trainer -   Precision: 0.37307
06/10/2026 15:47:38 - INFO - utils.trainer -   Recall: 0.34014
06/10/2026 15:47:38 - INFO - utils.trainer -   F_score: 0.31769
06/10/2026 15:47:38 - INFO - utils.trainer -   Loss: 11.74920
06/10/2026 15:47:38 - INFO - utils.trainer -    Train loss: 0.00375, Test loss: 11.74920,Epoch time = 2.456s
06/10/2026 15:47:41 - INFO - utils.trainer -   ***** Running evaluation on test1 dataset *****
06/10/2026 15:47:43 - INFO - utils.trainer -   AUC: 0.56548
06/10/2026 15:47:43 - INFO - utils.trainer -   Accuracy: 0.33333
06/10/2026 15:47:43 - INFO - utils.trainer -   Precision: 0.35042
06/10/2026 15:47:43 - INFO - utils.trainer -   Recall: 0.32624
06/10/2026 15:47:43 - INFO - utils.trainer -   F_score: 0.31334
06/10/2026 15:47:43 - INFO - utils.trainer -   Loss: 11.18543
06/10/2026 15:47:43 - INFO - utils.trainer -    Train loss: 0.00183, Test loss: 11.18543,Epoch time = 2.546s
06/10/2026 15:47:45 - INFO - utils.trainer -   ***** Running evaluation on test1 dataset *****
06/10/2026 15:47:47 - INFO - utils.trainer -   AUC: 0.60720
06/10/2026 15:47:47 - INFO - utils.trainer -   Accuracy: 0.32692
06/10/2026 15:47:47 - INFO - utils.trainer -   Precision: 0.35899
06/10/2026 15:47:47 - INFO - utils.trainer -   Recall: 0.34924
06/10/2026 15:47:47 - INFO - utils.trainer -   F_score: 0.31740
06/10/2026 15:47:47 - INFO - utils.trainer -   Loss: 10.53004
06/10/2026 15:47:47 - INFO - utils.trainer -    Train loss: 0.00161, Test loss: 10.53004,Epoch time = 2.477s
06/10/2026 15:47:49 - INFO - utils.trainer -   ***** Running evaluation on test1 dataset *****
06/10/2026 15:47:51 - INFO - utils.trainer -   AUC: 0.57121
06/10/2026 15:47:51 - INFO - utils.trainer -   Accuracy: 0.36538
06/10/2026 15:47:51 - INFO - utils.trainer -   Precision: 0.39507
06/10/2026 15:47:51 - INFO - utils.trainer -   Recall: 0.39329
06/10/2026 15:47:51 - INFO - utils.trainer -   F_score: 0.35002
06/10/2026 15:47:51 - INFO - utils.trainer -   Loss: 12.74936
06/10/2026 15:47:51 - INFO - utils.trainer -    Train loss: 0.00289, Test loss: 12.74936,Epoch time = 2.549s
06/10/2026 15:47:54 - INFO - utils.trainer -   ***** Running evaluation on test1 dataset *****
06/10/2026 15:47:55 - INFO - utils.trainer -   AUC: 0.57712
06/10/2026 15:47:55 - INFO - utils.trainer -   Accuracy: 0.35256
06/10/2026 15:47:55 - INFO - utils.trainer -   Precision: 0.37832
06/10/2026 15:47:55 - INFO - utils.trainer -   Recall: 0.36114
06/10/2026 15:47:55 - INFO - utils.trainer -   F_score: 0.33754
06/10/2026 15:47:55 - INFO - utils.trainer -   Loss: 11.90278
06/10/2026 15:47:55 - INFO - utils.trainer -    Train loss: 0.00218, Test loss: 11.90278,Epoch time = 2.465s
06/10/2026 15:47:58 - INFO - utils.trainer -   ***** Running evaluation on test1 dataset *****
06/10/2026 15:47:59 - INFO - utils.trainer -   AUC: 0.57909
06/10/2026 15:47:59 - INFO - utils.trainer -   Accuracy: 0.37821
06/10/2026 15:47:59 - INFO - utils.trainer -   Precision: 0.42560
06/10/2026 15:47:59 - INFO - utils.trainer -   Recall: 0.38975
06/10/2026 15:47:59 - INFO - utils.trainer -   F_score: 0.36525
06/10/2026 15:47:59 - INFO - utils.trainer -   Loss: 12.27613
06/10/2026 15:47:59 - INFO - utils.trainer -    Train loss: 0.00298, Test loss: 12.27613,Epoch time = 2.455s
06/10/2026 15:48:02 - INFO - utils.trainer -   ***** Running evaluation on test1 dataset *****
06/10/2026 15:48:04 - INFO - utils.trainer -   AUC: 0.57836
06/10/2026 15:48:04 - INFO - utils.trainer -   Accuracy: 0.34615
06/10/2026 15:48:04 - INFO - utils.trainer -   Precision: 0.38652
06/10/2026 15:48:04 - INFO - utils.trainer -   Recall: 0.35559
06/10/2026 15:48:04 - INFO - utils.trainer -   F_score: 0.33413
06/10/2026 15:48:04 - INFO - utils.trainer -   Loss: 11.18660
06/10/2026 15:48:04 - INFO - utils.trainer -    Train loss: 0.00249, Test loss: 11.18660,Epoch time = 2.397s
06/10/2026 15:48:06 - INFO - utils.trainer -   ***** Running evaluation on test1 dataset *****
06/10/2026 15:48:08 - INFO - utils.trainer -   AUC: 0.59949
06/10/2026 15:48:08 - INFO - utils.trainer -   Accuracy: 0.33333
06/10/2026 15:48:08 - INFO - utils.trainer -   Precision: 0.36941
06/10/2026 15:48:08 - INFO - utils.trainer -   Recall: 0.34420
06/10/2026 15:48:08 - INFO - utils.trainer -   F_score: 0.32102
06/10/2026 15:48:08 - INFO - utils.trainer -   Loss: 10.42021
06/10/2026 15:48:08 - INFO - utils.trainer -    Train loss: 0.00173, Test loss: 10.42021,Epoch time = 2.560s
06/10/2026 15:48:10 - INFO - utils.trainer -   ***** Running evaluation on test1 dataset *****
06/10/2026 15:48:12 - INFO - utils.trainer -   AUC: 0.60650
06/10/2026 15:48:12 - INFO - utils.trainer -   Accuracy: 0.37179
06/10/2026 15:48:12 - INFO - utils.trainer -   Precision: 0.42363
06/10/2026 15:48:12 - INFO - utils.trainer -   Recall: 0.39380
06/10/2026 15:48:12 - INFO - utils.trainer -   F_score: 0.36342
06/10/2026 15:48:12 - INFO - utils.trainer -   Loss: 10.93420
06/10/2026 15:48:12 - INFO - utils.trainer -    Train loss: 0.00302, Test loss: 10.93420,Epoch time = 2.609s
06/10/2026 15:48:15 - INFO - utils.trainer -   ***** Running evaluation on test1 dataset *****
06/10/2026 15:48:16 - INFO - utils.trainer -   AUC: 0.57867
06/10/2026 15:48:16 - INFO - utils.trainer -   Accuracy: 0.32051
06/10/2026 15:48:16 - INFO - utils.trainer -   Precision: 0.35037
06/10/2026 15:48:16 - INFO - utils.trainer -   Recall: 0.34266
06/10/2026 15:48:16 - INFO - utils.trainer -   F_score: 0.30947
06/10/2026 15:48:16 - INFO - utils.trainer -   Loss: 11.58391
06/10/2026 15:48:16 - INFO - utils.trainer -    Train loss: 0.00442, Test loss: 11.58391,Epoch time = 2.505s
06/10/2026 15:48:19 - INFO - utils.trainer -   ***** Running evaluation on test1 dataset *****
06/10/2026 15:48:21 - INFO - utils.trainer -   AUC: 0.56715
06/10/2026 15:48:21 - INFO - utils.trainer -   Accuracy: 0.31410
06/10/2026 15:48:21 - INFO - utils.trainer -   Precision: 0.34821
06/10/2026 15:48:21 - INFO - utils.trainer -   Recall: 0.33127
06/10/2026 15:48:21 - INFO - utils.trainer -   F_score: 0.30573
06/10/2026 15:48:21 - INFO - utils.trainer -   Loss: 11.82282
06/10/2026 15:48:21 - INFO - utils.trainer -    Train loss: 0.00728, Test loss: 11.82282,Epoch time = 2.485s
06/10/2026 15:48:23 - INFO - utils.trainer -   ***** Running evaluation on test1 dataset *****
06/10/2026 15:48:25 - INFO - utils.trainer -   AUC: 0.58854
06/10/2026 15:48:25 - INFO - utils.trainer -   Accuracy: 0.35256
06/10/2026 15:48:25 - INFO - utils.trainer -   Precision: 0.37401
06/10/2026 15:48:25 - INFO - utils.trainer -   Recall: 0.36748
06/10/2026 15:48:25 - INFO - utils.trainer -   F_score: 0.33719
06/10/2026 15:48:25 - INFO - utils.trainer -   Loss: 11.45525
06/10/2026 15:48:25 - INFO - utils.trainer -    Train loss: 0.00959, Test loss: 11.45525,Epoch time = 2.465s
06/10/2026 15:48:27 - INFO - utils.trainer -   ***** Running evaluation on test1 dataset *****
06/10/2026 15:48:29 - INFO - utils.trainer -   AUC: 0.57191
06/10/2026 15:48:29 - INFO - utils.trainer -   Accuracy: 0.35256
06/10/2026 15:48:29 - INFO - utils.trainer -   Precision: 0.40339
06/10/2026 15:48:29 - INFO - utils.trainer -   Recall: 0.36268
06/10/2026 15:48:29 - INFO - utils.trainer -   F_score: 0.34525
06/10/2026 15:48:29 - INFO - utils.trainer -   Loss: 12.22361
06/10/2026 15:48:29 - INFO - utils.trainer -    Train loss: 0.00293, Test loss: 12.22361,Epoch time = 2.506s
06/10/2026 15:48:32 - INFO - utils.trainer -   ***** Running evaluation on test1 dataset *****
06/10/2026 15:48:33 - INFO - utils.trainer -   AUC: 0.58720
06/10/2026 15:48:33 - INFO - utils.trainer -   Accuracy: 0.34615
06/10/2026 15:48:33 - INFO - utils.trainer -   Precision: 0.38309
06/10/2026 15:48:33 - INFO - utils.trainer -   Recall: 0.37784
06/10/2026 15:48:33 - INFO - utils.trainer -   F_score: 0.33290
06/10/2026 15:48:33 - INFO - utils.trainer -   Loss: 12.47699
06/10/2026 15:48:33 - INFO - utils.trainer -    Train loss: 0.00231, Test loss: 12.47699,Epoch time = 2.454s
06/10/2026 15:48:36 - INFO - utils.trainer -   ***** Running evaluation on test1 dataset *****
06/10/2026 15:48:38 - INFO - utils.trainer -   AUC: 0.58058
06/10/2026 15:48:38 - INFO - utils.trainer -   Accuracy: 0.37821
06/10/2026 15:48:38 - INFO - utils.trainer -   Precision: 0.43151
06/10/2026 15:48:38 - INFO - utils.trainer -   Recall: 0.38900
06/10/2026 15:48:38 - INFO - utils.trainer -   F_score: 0.36404
06/10/2026 15:48:38 - INFO - utils.trainer -   Loss: 11.50130
06/10/2026 15:48:38 - INFO - utils.trainer -    Train loss: 0.00135, Test loss: 11.50130,Epoch time = 2.588s
06/10/2026 15:48:40 - INFO - utils.trainer -   ***** Running evaluation on test1 dataset *****
06/10/2026 15:48:42 - INFO - utils.trainer -   AUC: 0.58052
06/10/2026 15:48:42 - INFO - utils.trainer -   Accuracy: 0.35897
06/10/2026 15:48:42 - INFO - utils.trainer -   Precision: 0.39934
06/10/2026 15:48:42 - INFO - utils.trainer -   Recall: 0.38115
06/10/2026 15:48:42 - INFO - utils.trainer -   F_score: 0.34639
06/10/2026 15:48:42 - INFO - utils.trainer -   Loss: 12.05475
06/10/2026 15:48:42 - INFO - utils.trainer -    Train loss: 0.00119, Test loss: 12.05475,Epoch time = 2.539s
06/10/2026 15:48:44 - INFO - utils.trainer -   ***** Running evaluation on test1 dataset *****
06/10/2026 15:48:46 - INFO - utils.trainer -   AUC: 0.55488
06/10/2026 15:48:46 - INFO - utils.trainer -   Accuracy: 0.30128
06/10/2026 15:48:46 - INFO - utils.trainer -   Precision: 0.33293
06/10/2026 15:48:46 - INFO - utils.trainer -   Recall: 0.32572
06/10/2026 15:48:46 - INFO - utils.trainer -   F_score: 0.29090
06/10/2026 15:48:46 - INFO - utils.trainer -   Loss: 12.81490
06/10/2026 15:48:46 - INFO - utils.trainer -    Train loss: 0.00103, Test loss: 12.81490,Epoch time = 2.464s
06/10/2026 15:48:49 - INFO - utils.trainer -   ***** Running evaluation on test1 dataset *****
06/10/2026 15:48:50 - INFO - utils.trainer -   AUC: 0.58931
06/10/2026 15:48:50 - INFO - utils.trainer -   Accuracy: 0.34615
06/10/2026 15:48:50 - INFO - utils.trainer -   Precision: 0.37701
06/10/2026 15:48:50 - INFO - utils.trainer -   Recall: 0.35507
06/10/2026 15:48:50 - INFO - utils.trainer -   F_score: 0.33148
06/10/2026 15:48:50 - INFO - utils.trainer -   Loss: 11.52559
06/10/2026 15:48:50 - INFO - utils.trainer -    Train loss: 0.00252, Test loss: 11.52559,Epoch time = 2.526s
06/10/2026 15:48:53 - INFO - utils.trainer -   ***** Running evaluation on test1 dataset *****
06/10/2026 15:48:54 - INFO - utils.trainer -   AUC: 0.59163
06/10/2026 15:48:54 - INFO - utils.trainer -   Accuracy: 0.34615
06/10/2026 15:48:54 - INFO - utils.trainer -   Precision: 0.37825
06/10/2026 15:48:54 - INFO - utils.trainer -   Recall: 0.37709
06/10/2026 15:48:54 - INFO - utils.trainer -   F_score: 0.33107
06/10/2026 15:48:54 - INFO - utils.trainer -   Loss: 12.18734
06/10/2026 15:48:54 - INFO - utils.trainer -    Train loss: 0.00077, Test loss: 12.18734,Epoch time = 2.414s
06/10/2026 15:48:57 - INFO - utils.trainer -   ***** Running evaluation on test1 dataset *****
06/10/2026 15:48:59 - INFO - utils.trainer -   AUC: 0.58911
06/10/2026 15:48:59 - INFO - utils.trainer -   Accuracy: 0.35256
06/10/2026 15:48:59 - INFO - utils.trainer -   Precision: 0.38872
06/10/2026 15:48:59 - INFO - utils.trainer -   Recall: 0.38670
06/10/2026 15:48:59 - INFO - utils.trainer -   F_score: 0.34534
06/10/2026 15:48:59 - INFO - utils.trainer -   Loss: 11.11237
06/10/2026 15:48:59 - INFO - utils.trainer -    Train loss: 0.00167, Test loss: 11.11237,Epoch time = 2.475s
06/10/2026 15:49:01 - INFO - utils.trainer -   ***** Running evaluation on test1 dataset *****
06/10/2026 15:49:03 - INFO - utils.trainer -   AUC: 0.58050
06/10/2026 15:49:03 - INFO - utils.trainer -   Accuracy: 0.33974
06/10/2026 15:49:03 - INFO - utils.trainer -   Precision: 0.37228
06/10/2026 15:49:03 - INFO - utils.trainer -   Recall: 0.35231
06/10/2026 15:49:03 - INFO - utils.trainer -   F_score: 0.33079
06/10/2026 15:49:03 - INFO - utils.trainer -   Loss: 12.24338
06/10/2026 15:49:03 - INFO - utils.trainer -    Train loss: 0.00077, Test loss: 12.24338,Epoch time = 2.488s
06/10/2026 15:49:05 - INFO - utils.trainer -   ***** Running evaluation on test1 dataset *****
06/10/2026 15:49:07 - INFO - utils.trainer -   AUC: 0.56755
06/10/2026 15:49:07 - INFO - utils.trainer -   Accuracy: 0.35256
06/10/2026 15:49:07 - INFO - utils.trainer -   Precision: 0.38580
06/10/2026 15:49:07 - INFO - utils.trainer -   Recall: 0.36091
06/10/2026 15:49:07 - INFO - utils.trainer -   F_score: 0.34038
06/10/2026 15:49:07 - INFO - utils.trainer -   Loss: 12.47949
06/10/2026 15:49:07 - INFO - utils.trainer -    Train loss: 0.00314, Test loss: 12.47949,Epoch time = 2.366s
06/10/2026 15:49:10 - INFO - utils.trainer -   ***** Running evaluation on test1 dataset *****
06/10/2026 15:49:11 - INFO - utils.trainer -   AUC: 0.56622
06/10/2026 15:49:11 - INFO - utils.trainer -   Accuracy: 0.35256
06/10/2026 15:49:11 - INFO - utils.trainer -   Precision: 0.39271
06/10/2026 15:49:11 - INFO - utils.trainer -   Recall: 0.37052
06/10/2026 15:49:11 - INFO - utils.trainer -   F_score: 0.34454
06/10/2026 15:49:11 - INFO - utils.trainer -   Loss: 11.75664
06/10/2026 15:49:11 - INFO - utils.trainer -    Train loss: 0.00300, Test loss: 11.75664,Epoch time = 2.527s
06/10/2026 15:49:14 - INFO - utils.trainer -   ***** Running evaluation on test1 dataset *****
06/10/2026 15:49:15 - INFO - utils.trainer -   AUC: 0.56640
06/10/2026 15:49:15 - INFO - utils.trainer -   Accuracy: 0.32692
06/10/2026 15:49:15 - INFO - utils.trainer -   Precision: 0.37711
06/10/2026 15:49:15 - INFO - utils.trainer -   Recall: 0.34116
06/10/2026 15:49:15 - INFO - utils.trainer -   F_score: 0.31990
06/10/2026 15:49:15 - INFO - utils.trainer -   Loss: 12.24265
06/10/2026 15:49:15 - INFO - utils.trainer -    Train loss: 0.00184, Test loss: 12.24265,Epoch time = 2.366s
06/10/2026 15:49:18 - INFO - utils.trainer -   ***** Running evaluation on test1 dataset *****
06/10/2026 15:49:19 - INFO - utils.trainer -   AUC: 0.59221
06/10/2026 15:49:19 - INFO - utils.trainer -   Accuracy: 0.35256
06/10/2026 15:49:19 - INFO - utils.trainer -   Precision: 0.41429
06/10/2026 15:49:19 - INFO - utils.trainer -   Recall: 0.37938
06/10/2026 15:49:19 - INFO - utils.trainer -   F_score: 0.34961
06/10/2026 15:49:19 - INFO - utils.trainer -   Loss: 11.95221
06/10/2026 15:49:19 - INFO - utils.trainer -    Train loss: 0.00194, Test loss: 11.95221,Epoch time = 2.475s
06/10/2026 15:49:22 - INFO - utils.trainer -   ***** Running evaluation on test1 dataset *****
06/10/2026 15:49:24 - INFO - utils.trainer -   AUC: 0.60267
06/10/2026 15:49:24 - INFO - utils.trainer -   Accuracy: 0.36538
06/10/2026 15:49:24 - INFO - utils.trainer -   Precision: 0.39435
06/10/2026 15:49:24 - INFO - utils.trainer -   Recall: 0.38722
06/10/2026 15:49:24 - INFO - utils.trainer -   F_score: 0.35246
06/10/2026 15:49:24 - INFO - utils.trainer -   Loss: 11.28228
06/10/2026 15:49:24 - INFO - utils.trainer -    Train loss: 0.00108, Test loss: 11.28228,Epoch time = 2.488s
06/10/2026 15:49:26 - INFO - utils.trainer -   ***** Running evaluation on test1 dataset *****
06/10/2026 15:49:28 - INFO - utils.trainer -   AUC: 0.58763
06/10/2026 15:49:28 - INFO - utils.trainer -   Accuracy: 0.37179
06/10/2026 15:49:28 - INFO - utils.trainer -   Precision: 0.42769
06/10/2026 15:49:28 - INFO - utils.trainer -   Recall: 0.39380
06/10/2026 15:49:28 - INFO - utils.trainer -   F_score: 0.36523
06/10/2026 15:49:28 - INFO - utils.trainer -   Loss: 12.50972
06/10/2026 15:49:28 - INFO - utils.trainer -    Train loss: 0.00123, Test loss: 12.50972,Epoch time = 2.465s
06/10/2026 15:49:31 - INFO - utils.trainer -   ***** Running evaluation on test1 dataset *****
06/10/2026 15:49:32 - INFO - utils.trainer -   AUC: 0.59062
06/10/2026 15:49:32 - INFO - utils.trainer -   Accuracy: 0.33974
06/10/2026 15:49:32 - INFO - utils.trainer -   Precision: 0.37559
06/10/2026 15:49:32 - INFO - utils.trainer -   Recall: 0.35913
06/10/2026 15:49:32 - INFO - utils.trainer -   F_score: 0.33091
06/10/2026 15:49:32 - INFO - utils.trainer -   Loss: 10.83891
06/10/2026 15:49:32 - INFO - utils.trainer -    Train loss: 0.00225, Test loss: 10.83891,Epoch time = 2.537s
06/10/2026 15:49:35 - INFO - utils.trainer -   ***** Running evaluation on test1 dataset *****
06/10/2026 15:49:37 - INFO - utils.trainer -   AUC: 0.56629
06/10/2026 15:49:37 - INFO - utils.trainer -   Accuracy: 0.34615
06/10/2026 15:49:37 - INFO - utils.trainer -   Precision: 0.38663
06/10/2026 15:49:37 - INFO - utils.trainer -   Recall: 0.36394
06/10/2026 15:49:37 - INFO - utils.trainer -   F_score: 0.33631
06/10/2026 15:49:37 - INFO - utils.trainer -   Loss: 13.04073
06/10/2026 15:49:37 - INFO - utils.trainer -    Train loss: 0.00062, Test loss: 13.04073,Epoch time = 2.592s
06/10/2026 15:49:39 - INFO - utils.trainer -   ***** Running evaluation on test1 dataset *****
06/10/2026 15:49:41 - INFO - utils.trainer -   AUC: 0.57501
06/10/2026 15:49:41 - INFO - utils.trainer -   Accuracy: 0.36538
06/10/2026 15:49:41 - INFO - utils.trainer -   Precision: 0.42263
06/10/2026 15:49:41 - INFO - utils.trainer -   Recall: 0.38292
06/10/2026 15:49:41 - INFO - utils.trainer -   F_score: 0.36195
06/10/2026 15:49:41 - INFO - utils.trainer -   Loss: 12.07610
06/10/2026 15:49:41 - INFO - utils.trainer -    Train loss: 0.00256, Test loss: 12.07610,Epoch time = 2.511s
06/10/2026 15:49:44 - INFO - utils.trainer -   ***** Running evaluation on test1 dataset *****
06/10/2026 15:49:45 - INFO - utils.trainer -   AUC: 0.57059
06/10/2026 15:49:45 - INFO - utils.trainer -   Accuracy: 0.35897
06/10/2026 15:49:45 - INFO - utils.trainer -   Precision: 0.40393
06/10/2026 15:49:45 - INFO - utils.trainer -   Recall: 0.37761
06/10/2026 15:49:45 - INFO - utils.trainer -   F_score: 0.35448
06/10/2026 15:49:45 - INFO - utils.trainer -   Loss: 12.41881
06/10/2026 15:49:45 - INFO - utils.trainer -    Train loss: 0.00169, Test loss: 12.41881,Epoch time = 2.533s
06/10/2026 15:49:48 - INFO - utils.trainer -   ***** Running evaluation on test1 dataset *****
06/10/2026 15:49:50 - INFO - utils.trainer -   AUC: 0.58214
06/10/2026 15:49:50 - INFO - utils.trainer -   Accuracy: 0.32051
06/10/2026 15:49:50 - INFO - utils.trainer -   Precision: 0.36346
06/10/2026 15:49:50 - INFO - utils.trainer -   Recall: 0.34140
06/10/2026 15:49:50 - INFO - utils.trainer -   F_score: 0.30958
06/10/2026 15:49:50 - INFO - utils.trainer -   Loss: 11.32853
06/10/2026 15:49:50 - INFO - utils.trainer -    Train loss: 0.01193, Test loss: 11.32853,Epoch time = 2.508s
06/10/2026 15:49:52 - INFO - utils.trainer -   ***** Running evaluation on test1 dataset *****
06/10/2026 15:49:54 - INFO - utils.trainer -   AUC: 0.58703
06/10/2026 15:49:54 - INFO - utils.trainer -   Accuracy: 0.31410
06/10/2026 15:49:54 - INFO - utils.trainer -   Precision: 0.35838
06/10/2026 15:49:54 - INFO - utils.trainer -   Recall: 0.32091
06/10/2026 15:49:54 - INFO - utils.trainer -   F_score: 0.30566
06/10/2026 15:49:54 - INFO - utils.trainer -   Loss: 11.70955
06/10/2026 15:49:54 - INFO - utils.trainer -    Train loss: 0.00595, Test loss: 11.70955,Epoch time = 2.527s
06/10/2026 15:49:56 - INFO - utils.trainer -   ***** Running evaluation on test1 dataset *****
06/10/2026 15:49:58 - INFO - utils.trainer -   AUC: 0.57626
06/10/2026 15:49:58 - INFO - utils.trainer -   Accuracy: 0.34615
06/10/2026 15:49:58 - INFO - utils.trainer -   Precision: 0.39416
06/10/2026 15:49:58 - INFO - utils.trainer -   Recall: 0.36697
06/10/2026 15:49:58 - INFO - utils.trainer -   F_score: 0.34096
06/10/2026 15:49:58 - INFO - utils.trainer -   Loss: 11.88644
06/10/2026 15:49:58 - INFO - utils.trainer -    Train loss: 0.00912, Test loss: 11.88644,Epoch time = 2.455s
06/10/2026 15:50:01 - INFO - utils.trainer -   ***** Running evaluation on test1 dataset *****
06/10/2026 15:50:03 - INFO - utils.trainer -   AUC: 0.54530
06/10/2026 15:50:03 - INFO - utils.trainer -   Accuracy: 0.35256
06/10/2026 15:50:03 - INFO - utils.trainer -   Precision: 0.38305
06/10/2026 15:50:03 - INFO - utils.trainer -   Recall: 0.36039
06/10/2026 15:50:03 - INFO - utils.trainer -   F_score: 0.33971
06/10/2026 15:50:03 - INFO - utils.trainer -   Loss: 13.13958
06/10/2026 15:50:03 - INFO - utils.trainer -    Train loss: 0.00154, Test loss: 13.13958,Epoch time = 2.558s
06/10/2026 15:50:05 - INFO - utils.trainer -   ***** Running evaluation on test1 dataset *****
06/10/2026 15:50:07 - INFO - utils.trainer -   AUC: 0.58470
06/10/2026 15:50:07 - INFO - utils.trainer -   Accuracy: 0.35256
06/10/2026 15:50:07 - INFO - utils.trainer -   Precision: 0.37917
06/10/2026 15:50:07 - INFO - utils.trainer -   Recall: 0.36091
06/10/2026 15:50:07 - INFO - utils.trainer -   F_score: 0.33957
06/10/2026 15:50:07 - INFO - utils.trainer -   Loss: 11.40271
06/10/2026 15:50:07 - INFO - utils.trainer -    Train loss: 0.00057, Test loss: 11.40271,Epoch time = 2.613s
06/10/2026 15:50:10 - INFO - utils.trainer -   ***** Running evaluation on test1 dataset *****
06/10/2026 15:50:11 - INFO - utils.trainer -   AUC: 0.58725
06/10/2026 15:50:11 - INFO - utils.trainer -   Accuracy: 0.33974
06/10/2026 15:50:11 - INFO - utils.trainer -   Precision: 0.36826
06/10/2026 15:50:11 - INFO - utils.trainer -   Recall: 0.35736
06/10/2026 15:50:11 - INFO - utils.trainer -   F_score: 0.32703
06/10/2026 15:50:11 - INFO - utils.trainer -   Loss: 11.53951
06/10/2026 15:50:11 - INFO - utils.trainer -    Train loss: 0.00123, Test loss: 11.53951,Epoch time = 2.617s
06/10/2026 15:50:14 - INFO - utils.trainer -   ***** Running evaluation on test1 dataset *****
06/10/2026 15:50:16 - INFO - utils.trainer -   AUC: 0.59793
06/10/2026 15:50:16 - INFO - utils.trainer -   Accuracy: 0.35897
06/10/2026 15:50:16 - INFO - utils.trainer -   Precision: 0.40208
06/10/2026 15:50:16 - INFO - utils.trainer -   Recall: 0.37686
06/10/2026 15:50:16 - INFO - utils.trainer -   F_score: 0.35222
06/10/2026 15:50:16 - INFO - utils.trainer -   Loss: 11.45189
06/10/2026 15:50:16 - INFO - utils.trainer -    Train loss: 0.00144, Test loss: 11.45189,Epoch time = 2.484s
06/10/2026 15:50:18 - INFO - utils.trainer -   ***** Running evaluation on test1 dataset *****
06/10/2026 15:50:20 - INFO - utils.trainer -   AUC: 0.57485
06/10/2026 15:50:20 - INFO - utils.trainer -   Accuracy: 0.35897
06/10/2026 15:50:20 - INFO - utils.trainer -   Precision: 0.39635
06/10/2026 15:50:20 - INFO - utils.trainer -   Recall: 0.39100
06/10/2026 15:50:20 - INFO - utils.trainer -   F_score: 0.34859
06/10/2026 15:50:20 - INFO - utils.trainer -   Loss: 12.59770
06/10/2026 15:50:20 - INFO - utils.trainer -    Train loss: 0.00441, Test loss: 12.59770,Epoch time = 2.433s
06/10/2026 15:50:22 - INFO - utils.trainer -   ***** Running evaluation on test1 dataset *****
06/10/2026 15:50:24 - INFO - utils.trainer -   AUC: 0.56667
06/10/2026 15:50:24 - INFO - utils.trainer -   Accuracy: 0.31410
06/10/2026 15:50:24 - INFO - utils.trainer -   Precision: 0.34143
06/10/2026 15:50:24 - INFO - utils.trainer -   Recall: 0.32749
06/10/2026 15:50:24 - INFO - utils.trainer -   F_score: 0.30124
06/10/2026 15:50:24 - INFO - utils.trainer -   Loss: 12.51929
06/10/2026 15:50:24 - INFO - utils.trainer -    Train loss: 0.00616, Test loss: 12.51929,Epoch time = 2.541s
06/10/2026 15:50:27 - INFO - utils.trainer -   ***** Running evaluation on test1 dataset *****
06/10/2026 15:50:28 - INFO - utils.trainer -   AUC: 0.57497
06/10/2026 15:50:28 - INFO - utils.trainer -   Accuracy: 0.34615
06/10/2026 15:50:28 - INFO - utils.trainer -   Precision: 0.39755
06/10/2026 15:50:28 - INFO - utils.trainer -   Recall: 0.36571
06/10/2026 15:50:28 - INFO - utils.trainer -   F_score: 0.34082
06/10/2026 15:50:28 - INFO - utils.trainer -   Loss: 11.58530
06/10/2026 15:50:28 - INFO - utils.trainer -    Train loss: 0.00080, Test loss: 11.58530,Epoch time = 2.380s
06/10/2026 15:50:35 - INFO - __main__ -   ########## Repeat:2 ##########
06/10/2026 15:50:35 - INFO - utils.trainer -   ***** Running training *****
06/10/2026 15:50:35 - INFO - utils.trainer -     Num examples = 19
06/10/2026 15:50:35 - INFO - utils.trainer -     Num Epochs = 200
06/10/2026 15:50:35 - INFO - utils.trainer -     Total train batch size = 16
06/10/2026 15:50:35 - INFO - utils.trainer -     warmup steps = 400
06/10/2026 15:50:35 - INFO - utils.trainer -     Total optimization steps = 3800
06/10/2026 15:50:35 - INFO - utils.trainer -     Save steps = 200
06/10/2026 15:50:35 - INFO - root -   Parameters [normal] length [18]
06/10/2026 15:50:37 - INFO - utils.trainer -   ***** Running evaluation on test2 dataset *****
06/10/2026 15:50:39 - INFO - utils.trainer -   AUC: 0.54336
06/10/2026 15:50:39 - INFO - utils.trainer -   Accuracy: 0.30128
06/10/2026 15:50:39 - INFO - utils.trainer -   Precision: 0.15000
06/10/2026 15:50:39 - INFO - utils.trainer -   Recall: 0.27326
06/10/2026 15:50:39 - INFO - utils.trainer -   F_score: 0.19244
06/10/2026 15:50:39 - INFO - utils.trainer -   Loss: 1.38019
06/10/2026 15:50:39 - INFO - utils.trainer -    Train loss: 1.39557, Test loss: 1.38019,Epoch time = 2.314s
06/10/2026 15:50:39 - INFO - utils.trainer -   Saving model checkpoint to output_dir/BrainNetCNN
06/10/2026 15:50:42 - INFO - utils.trainer -   ***** Running evaluation on test2 dataset *****
06/10/2026 15:50:44 - INFO - utils.trainer -   AUC: 0.55083
06/10/2026 15:50:44 - INFO - utils.trainer -   Accuracy: 0.29487
06/10/2026 15:50:44 - INFO - utils.trainer -   Precision: 0.25261
06/10/2026 15:50:44 - INFO - utils.trainer -   Recall: 0.27069
06/10/2026 15:50:44 - INFO - utils.trainer -   F_score: 0.19766
06/10/2026 15:50:44 - INFO - utils.trainer -   Loss: 1.36840
06/10/2026 15:50:44 - INFO - utils.trainer -    Train loss: 1.35575, Test loss: 1.36840,Epoch time = 2.578s
06/10/2026 15:50:46 - INFO - utils.trainer -   ***** Running evaluation on test2 dataset *****
06/10/2026 15:50:48 - INFO - utils.trainer -   AUC: 0.54822
06/10/2026 15:50:48 - INFO - utils.trainer -   Accuracy: 0.30128
06/10/2026 15:50:48 - INFO - utils.trainer -   Precision: 0.32484
06/10/2026 15:50:48 - INFO - utils.trainer -   Recall: 0.29146
06/10/2026 15:50:48 - INFO - utils.trainer -   F_score: 0.28939
06/10/2026 15:50:48 - INFO - utils.trainer -   Loss: 1.46653
06/10/2026 15:50:48 - INFO - utils.trainer -    Train loss: 1.20158, Test loss: 1.46653,Epoch time = 2.449s
06/10/2026 15:50:48 - INFO - utils.trainer -   Saving model checkpoint to output_dir/BrainNetCNN
06/10/2026 15:50:50 - INFO - utils.trainer -   ***** Running evaluation on test2 dataset *****
06/10/2026 15:50:52 - INFO - utils.trainer -   AUC: 0.56192
06/10/2026 15:50:52 - INFO - utils.trainer -   Accuracy: 0.28205
06/10/2026 15:50:52 - INFO - utils.trainer -   Precision: 0.27304
06/10/2026 15:50:52 - INFO - utils.trainer -   Recall: 0.27263
06/10/2026 15:50:52 - INFO - utils.trainer -   F_score: 0.26872
06/10/2026 15:50:52 - INFO - utils.trainer -   Loss: 1.55515
06/10/2026 15:50:52 - INFO - utils.trainer -    Train loss: 1.03927, Test loss: 1.55515,Epoch time = 2.388s
06/10/2026 15:50:54 - INFO - utils.trainer -   ***** Running evaluation on test2 dataset *****
06/10/2026 15:50:56 - INFO - utils.trainer -   AUC: 0.59526
06/10/2026 15:50:56 - INFO - utils.trainer -   Accuracy: 0.33333
06/10/2026 15:50:56 - INFO - utils.trainer -   Precision: 0.30532
06/10/2026 15:50:56 - INFO - utils.trainer -   Recall: 0.31548
06/10/2026 15:50:56 - INFO - utils.trainer -   F_score: 0.28928
06/10/2026 15:50:56 - INFO - utils.trainer -   Loss: 1.65820
06/10/2026 15:50:56 - INFO - utils.trainer -    Train loss: 0.92609, Test loss: 1.65820,Epoch time = 2.375s
06/10/2026 15:50:56 - INFO - utils.trainer -   Saving model checkpoint to output_dir/BrainNetCNN
06/10/2026 15:50:58 - INFO - utils.trainer -   ***** Running evaluation on test2 dataset *****
06/10/2026 15:51:00 - INFO - utils.trainer -   AUC: 0.58180
06/10/2026 15:51:00 - INFO - utils.trainer -   Accuracy: 0.35897
06/10/2026 15:51:00 - INFO - utils.trainer -   Precision: 0.34636
06/10/2026 15:51:00 - INFO - utils.trainer -   Recall: 0.34808
06/10/2026 15:51:00 - INFO - utils.trainer -   F_score: 0.32443
06/10/2026 15:51:00 - INFO - utils.trainer -   Loss: 1.80482
06/10/2026 15:51:00 - INFO - utils.trainer -    Train loss: 0.92930, Test loss: 1.80482,Epoch time = 2.483s
06/10/2026 15:51:00 - INFO - utils.trainer -   Saving model checkpoint to output_dir/BrainNetCNN
06/10/2026 15:51:03 - INFO - utils.trainer -   ***** Running evaluation on test2 dataset *****
06/10/2026 15:51:04 - INFO - utils.trainer -   AUC: 0.55642
06/10/2026 15:51:04 - INFO - utils.trainer -   Accuracy: 0.30769
06/10/2026 15:51:04 - INFO - utils.trainer -   Precision: 0.31427
06/10/2026 15:51:04 - INFO - utils.trainer -   Recall: 0.31783
06/10/2026 15:51:04 - INFO - utils.trainer -   F_score: 0.30731
06/10/2026 15:51:04 - INFO - utils.trainer -   Loss: 1.79542
06/10/2026 15:51:04 - INFO - utils.trainer -    Train loss: 0.82358, Test loss: 1.79542,Epoch time = 2.493s
06/10/2026 15:51:07 - INFO - utils.trainer -   ***** Running evaluation on test2 dataset *****
06/10/2026 15:51:08 - INFO - utils.trainer -   AUC: 0.52540
06/10/2026 15:51:08 - INFO - utils.trainer -   Accuracy: 0.24359
06/10/2026 15:51:08 - INFO - utils.trainer -   Precision: 0.24293
06/10/2026 15:51:08 - INFO - utils.trainer -   Recall: 0.25249
06/10/2026 15:51:08 - INFO - utils.trainer -   F_score: 0.23311
06/10/2026 15:51:08 - INFO - utils.trainer -   Loss: 2.26401
06/10/2026 15:51:08 - INFO - utils.trainer -    Train loss: 0.71858, Test loss: 2.26401,Epoch time = 2.451s
06/10/2026 15:51:11 - INFO - utils.trainer -   ***** Running evaluation on test2 dataset *****
06/10/2026 15:51:13 - INFO - utils.trainer -   AUC: 0.55045
06/10/2026 15:51:13 - INFO - utils.trainer -   Accuracy: 0.28205
06/10/2026 15:51:13 - INFO - utils.trainer -   Precision: 0.30628
06/10/2026 15:51:13 - INFO - utils.trainer -   Recall: 0.27153
06/10/2026 15:51:13 - INFO - utils.trainer -   F_score: 0.21266
06/10/2026 15:51:13 - INFO - utils.trainer -   Loss: 5.91350
06/10/2026 15:51:13 - INFO - utils.trainer -    Train loss: 0.68160, Test loss: 5.91350,Epoch time = 2.471s
06/10/2026 15:51:15 - INFO - utils.trainer -   ***** Running evaluation on test2 dataset *****
06/10/2026 15:51:17 - INFO - utils.trainer -   AUC: 0.54690
06/10/2026 15:51:17 - INFO - utils.trainer -   Accuracy: 0.26282
06/10/2026 15:51:17 - INFO - utils.trainer -   Precision: 0.29142
06/10/2026 15:51:17 - INFO - utils.trainer -   Recall: 0.29257
06/10/2026 15:51:17 - INFO - utils.trainer -   F_score: 0.25310
06/10/2026 15:51:17 - INFO - utils.trainer -   Loss: 1.89417
06/10/2026 15:51:17 - INFO - utils.trainer -    Train loss: 0.81538, Test loss: 1.89417,Epoch time = 2.560s
06/10/2026 15:51:19 - INFO - utils.trainer -   ***** Running evaluation on test2 dataset *****
06/10/2026 15:51:21 - INFO - utils.trainer -   AUC: 0.57176
06/10/2026 15:51:21 - INFO - utils.trainer -   Accuracy: 0.31410
06/10/2026 15:51:21 - INFO - utils.trainer -   Precision: 0.25692
06/10/2026 15:51:21 - INFO - utils.trainer -   Recall: 0.29748
06/10/2026 15:51:21 - INFO - utils.trainer -   F_score: 0.25683
06/10/2026 15:51:21 - INFO - utils.trainer -   Loss: 3.08635
06/10/2026 15:51:21 - INFO - utils.trainer -    Train loss: 0.69932, Test loss: 3.08635,Epoch time = 2.413s
06/10/2026 15:51:24 - INFO - utils.trainer -   ***** Running evaluation on test2 dataset *****
06/10/2026 15:51:25 - INFO - utils.trainer -   AUC: 0.55386
06/10/2026 15:51:25 - INFO - utils.trainer -   Accuracy: 0.32692
06/10/2026 15:51:25 - INFO - utils.trainer -   Precision: 0.31622
06/10/2026 15:51:25 - INFO - utils.trainer -   Recall: 0.32835
06/10/2026 15:51:25 - INFO - utils.trainer -   F_score: 0.31084
06/10/2026 15:51:25 - INFO - utils.trainer -   Loss: 3.33496
06/10/2026 15:51:25 - INFO - utils.trainer -    Train loss: 0.54210, Test loss: 3.33496,Epoch time = 2.530s
06/10/2026 15:51:28 - INFO - utils.trainer -   ***** Running evaluation on test2 dataset *****
06/10/2026 15:51:29 - INFO - utils.trainer -   AUC: 0.57550
06/10/2026 15:51:29 - INFO - utils.trainer -   Accuracy: 0.31410
06/10/2026 15:51:29 - INFO - utils.trainer -   Precision: 0.32978
06/10/2026 15:51:29 - INFO - utils.trainer -   Recall: 0.33001
06/10/2026 15:51:29 - INFO - utils.trainer -   F_score: 0.31383
06/10/2026 15:51:29 - INFO - utils.trainer -   Loss: 2.55768
06/10/2026 15:51:29 - INFO - utils.trainer -    Train loss: 0.56880, Test loss: 2.55768,Epoch time = 2.380s
06/10/2026 15:51:32 - INFO - utils.trainer -   ***** Running evaluation on test2 dataset *****
06/10/2026 15:51:34 - INFO - utils.trainer -   AUC: 0.57518
06/10/2026 15:51:34 - INFO - utils.trainer -   Accuracy: 0.32692
06/10/2026 15:51:34 - INFO - utils.trainer -   Precision: 0.31080
06/10/2026 15:51:34 - INFO - utils.trainer -   Recall: 0.31063
06/10/2026 15:51:34 - INFO - utils.trainer -   F_score: 0.30765
06/10/2026 15:51:34 - INFO - utils.trainer -   Loss: 2.75478
06/10/2026 15:51:34 - INFO - utils.trainer -    Train loss: 0.54922, Test loss: 2.75478,Epoch time = 2.417s
06/10/2026 15:51:36 - INFO - utils.trainer -   ***** Running evaluation on test2 dataset *****
06/10/2026 15:51:38 - INFO - utils.trainer -   AUC: 0.55078
06/10/2026 15:51:38 - INFO - utils.trainer -   Accuracy: 0.26282
06/10/2026 15:51:38 - INFO - utils.trainer -   Precision: 0.26664
06/10/2026 15:51:38 - INFO - utils.trainer -   Recall: 0.27983
06/10/2026 15:51:38 - INFO - utils.trainer -   F_score: 0.25444
06/10/2026 15:51:38 - INFO - utils.trainer -   Loss: 3.14040
06/10/2026 15:51:38 - INFO - utils.trainer -    Train loss: 0.60005, Test loss: 3.14040,Epoch time = 2.713s
06/10/2026 15:51:40 - INFO - utils.trainer -   ***** Running evaluation on test2 dataset *****
06/10/2026 15:51:42 - INFO - utils.trainer -   AUC: 0.53527
06/10/2026 15:51:42 - INFO - utils.trainer -   Accuracy: 0.26282
06/10/2026 15:51:42 - INFO - utils.trainer -   Precision: 0.28060
06/10/2026 15:51:42 - INFO - utils.trainer -   Recall: 0.26481
06/10/2026 15:51:42 - INFO - utils.trainer -   F_score: 0.26476
06/10/2026 15:51:42 - INFO - utils.trainer -   Loss: 2.67571
06/10/2026 15:51:42 - INFO - utils.trainer -    Train loss: 0.49973, Test loss: 2.67571,Epoch time = 2.466s
06/10/2026 15:51:45 - INFO - utils.trainer -   ***** Running evaluation on test2 dataset *****
06/10/2026 15:51:46 - INFO - utils.trainer -   AUC: 0.54797
06/10/2026 15:51:46 - INFO - utils.trainer -   Accuracy: 0.28205
06/10/2026 15:51:46 - INFO - utils.trainer -   Precision: 0.28472
06/10/2026 15:51:46 - INFO - utils.trainer -   Recall: 0.29672
06/10/2026 15:51:46 - INFO - utils.trainer -   F_score: 0.26542
06/10/2026 15:51:46 - INFO - utils.trainer -   Loss: 4.47167
06/10/2026 15:51:46 - INFO - utils.trainer -    Train loss: 0.45215, Test loss: 4.47167,Epoch time = 2.454s
06/10/2026 15:51:49 - INFO - utils.trainer -   ***** Running evaluation on test2 dataset *****
06/10/2026 15:51:51 - INFO - utils.trainer -   AUC: 0.56161
06/10/2026 15:51:51 - INFO - utils.trainer -   Accuracy: 0.29487
06/10/2026 15:51:51 - INFO - utils.trainer -   Precision: 0.30128
06/10/2026 15:51:51 - INFO - utils.trainer -   Recall: 0.30053
06/10/2026 15:51:51 - INFO - utils.trainer -   F_score: 0.29382
06/10/2026 15:51:51 - INFO - utils.trainer -   Loss: 2.85385
06/10/2026 15:51:51 - INFO - utils.trainer -    Train loss: 0.42559, Test loss: 2.85385,Epoch time = 2.524s
06/10/2026 15:51:53 - INFO - utils.trainer -   ***** Running evaluation on test2 dataset *****
06/10/2026 15:51:55 - INFO - utils.trainer -   AUC: 0.55060
06/10/2026 15:51:55 - INFO - utils.trainer -   Accuracy: 0.30769
06/10/2026 15:51:55 - INFO - utils.trainer -   Precision: 0.47518
06/10/2026 15:51:55 - INFO - utils.trainer -   Recall: 0.30724
06/10/2026 15:51:55 - INFO - utils.trainer -   F_score: 0.26705
06/10/2026 15:51:55 - INFO - utils.trainer -   Loss: 4.79571
06/10/2026 15:51:55 - INFO - utils.trainer -    Train loss: 0.41546, Test loss: 4.79571,Epoch time = 2.480s
06/10/2026 15:51:57 - INFO - utils.trainer -   ***** Running evaluation on test2 dataset *****
06/10/2026 15:51:59 - INFO - utils.trainer -   AUC: 0.57543
06/10/2026 15:51:59 - INFO - utils.trainer -   Accuracy: 0.29487
06/10/2026 15:51:59 - INFO - utils.trainer -   Precision: 0.31249
06/10/2026 15:51:59 - INFO - utils.trainer -   Recall: 0.31271
06/10/2026 15:51:59 - INFO - utils.trainer -   F_score: 0.29000
06/10/2026 15:51:59 - INFO - utils.trainer -   Loss: 3.26808
06/10/2026 15:51:59 - INFO - utils.trainer -    Train loss: 0.37988, Test loss: 3.26808,Epoch time = 2.443s
06/10/2026 15:52:02 - INFO - utils.trainer -   ***** Running evaluation on test2 dataset *****
06/10/2026 15:52:03 - INFO - utils.trainer -   AUC: 0.55704
06/10/2026 15:52:03 - INFO - utils.trainer -   Accuracy: 0.29487
06/10/2026 15:52:03 - INFO - utils.trainer -   Precision: 0.33229
06/10/2026 15:52:03 - INFO - utils.trainer -   Recall: 0.30959
06/10/2026 15:52:03 - INFO - utils.trainer -   F_score: 0.29537
06/10/2026 15:52:03 - INFO - utils.trainer -   Loss: 4.02846
06/10/2026 15:52:03 - INFO - utils.trainer -    Train loss: 0.29764, Test loss: 4.02846,Epoch time = 2.597s
06/10/2026 15:52:06 - INFO - utils.trainer -   ***** Running evaluation on test2 dataset *****
06/10/2026 15:52:08 - INFO - utils.trainer -   AUC: 0.56905
06/10/2026 15:52:08 - INFO - utils.trainer -   Accuracy: 0.32051
06/10/2026 15:52:08 - INFO - utils.trainer -   Precision: 0.32151
06/10/2026 15:52:08 - INFO - utils.trainer -   Recall: 0.32634
06/10/2026 15:52:08 - INFO - utils.trainer -   F_score: 0.31823
06/10/2026 15:52:08 - INFO - utils.trainer -   Loss: 4.34369
06/10/2026 15:52:08 - INFO - utils.trainer -    Train loss: 0.26427, Test loss: 4.34369,Epoch time = 2.521s
06/10/2026 15:52:10 - INFO - utils.trainer -   ***** Running evaluation on test2 dataset *****
06/10/2026 15:52:12 - INFO - utils.trainer -   AUC: 0.56320
06/10/2026 15:52:12 - INFO - utils.trainer -   Accuracy: 0.31410
06/10/2026 15:52:12 - INFO - utils.trainer -   Precision: 0.32270
06/10/2026 15:52:12 - INFO - utils.trainer -   Recall: 0.32053
06/10/2026 15:52:12 - INFO - utils.trainer -   F_score: 0.31258
06/10/2026 15:52:12 - INFO - utils.trainer -   Loss: 5.82517
06/10/2026 15:52:12 - INFO - utils.trainer -    Train loss: 0.19134, Test loss: 5.82517,Epoch time = 2.421s
06/10/2026 15:52:14 - INFO - utils.trainer -   ***** Running evaluation on test2 dataset *****
06/10/2026 15:52:16 - INFO - utils.trainer -   AUC: 0.58608
06/10/2026 15:52:16 - INFO - utils.trainer -   Accuracy: 0.32692
06/10/2026 15:52:16 - INFO - utils.trainer -   Precision: 0.34532
06/10/2026 15:52:16 - INFO - utils.trainer -   Recall: 0.33811
06/10/2026 15:52:16 - INFO - utils.trainer -   F_score: 0.31949
06/10/2026 15:52:16 - INFO - utils.trainer -   Loss: 6.17796
06/10/2026 15:52:16 - INFO - utils.trainer -    Train loss: 0.17631, Test loss: 6.17796,Epoch time = 2.464s
06/10/2026 15:52:18 - INFO - utils.trainer -   ***** Running evaluation on test2 dataset *****
06/10/2026 15:52:20 - INFO - utils.trainer -   AUC: 0.56278
06/10/2026 15:52:20 - INFO - utils.trainer -   Accuracy: 0.30769
06/10/2026 15:52:20 - INFO - utils.trainer -   Precision: 0.31123
06/10/2026 15:52:20 - INFO - utils.trainer -   Recall: 0.30537
06/10/2026 15:52:20 - INFO - utils.trainer -   F_score: 0.29801
06/10/2026 15:52:20 - INFO - utils.trainer -   Loss: 5.42863
06/10/2026 15:52:20 - INFO - utils.trainer -    Train loss: 0.21291, Test loss: 5.42863,Epoch time = 2.428s
06/10/2026 15:52:22 - INFO - utils.trainer -   ***** Running evaluation on test2 dataset *****
06/10/2026 15:52:24 - INFO - utils.trainer -   AUC: 0.57103
06/10/2026 15:52:24 - INFO - utils.trainer -   Accuracy: 0.35256
06/10/2026 15:52:24 - INFO - utils.trainer -   Precision: 0.35394
06/10/2026 15:52:24 - INFO - utils.trainer -   Recall: 0.35853
06/10/2026 15:52:24 - INFO - utils.trainer -   F_score: 0.34693
06/10/2026 15:52:24 - INFO - utils.trainer -   Loss: 5.44292
06/10/2026 15:52:24 - INFO - utils.trainer -    Train loss: 0.14696, Test loss: 5.44292,Epoch time = 2.419s
06/10/2026 15:52:26 - INFO - utils.trainer -   ***** Running evaluation on test2 dataset *****
06/10/2026 15:52:28 - INFO - utils.trainer -   AUC: 0.58180
06/10/2026 15:52:28 - INFO - utils.trainer -   Accuracy: 0.35256
06/10/2026 15:52:28 - INFO - utils.trainer -   Precision: 0.36944
06/10/2026 15:52:28 - INFO - utils.trainer -   Recall: 0.36150
06/10/2026 15:52:28 - INFO - utils.trainer -   F_score: 0.34709
06/10/2026 15:52:28 - INFO - utils.trainer -   Loss: 6.32489
06/10/2026 15:52:28 - INFO - utils.trainer -    Train loss: 0.14778, Test loss: 6.32489,Epoch time = 2.427s
06/10/2026 15:52:31 - INFO - utils.trainer -   ***** Running evaluation on test2 dataset *****
06/10/2026 15:52:32 - INFO - utils.trainer -   AUC: 0.56724
06/10/2026 15:52:32 - INFO - utils.trainer -   Accuracy: 0.27564
06/10/2026 15:52:32 - INFO - utils.trainer -   Precision: 0.28982
06/10/2026 15:52:32 - INFO - utils.trainer -   Recall: 0.29174
06/10/2026 15:52:32 - INFO - utils.trainer -   F_score: 0.26519
06/10/2026 15:52:32 - INFO - utils.trainer -   Loss: 6.22364
06/10/2026 15:52:32 - INFO - utils.trainer -    Train loss: 0.09398, Test loss: 6.22364,Epoch time = 2.469s
06/10/2026 15:52:35 - INFO - utils.trainer -   ***** Running evaluation on test2 dataset *****
06/10/2026 15:52:36 - INFO - utils.trainer -   AUC: 0.55547
06/10/2026 15:52:36 - INFO - utils.trainer -   Accuracy: 0.27564
06/10/2026 15:52:36 - INFO - utils.trainer -   Precision: 0.36554
06/10/2026 15:52:36 - INFO - utils.trainer -   Recall: 0.28170
06/10/2026 15:52:36 - INFO - utils.trainer -   F_score: 0.26206
06/10/2026 15:52:36 - INFO - utils.trainer -   Loss: 4.56204
06/10/2026 15:52:36 - INFO - utils.trainer -    Train loss: 0.59416, Test loss: 4.56204,Epoch time = 2.452s
06/10/2026 15:52:39 - INFO - utils.trainer -   ***** Running evaluation on test2 dataset *****
06/10/2026 15:52:40 - INFO - utils.trainer -   AUC: 0.56227
06/10/2026 15:52:40 - INFO - utils.trainer -   Accuracy: 0.28846
06/10/2026 15:52:40 - INFO - utils.trainer -   Precision: 0.31524
06/10/2026 15:52:40 - INFO - utils.trainer -   Recall: 0.30945
06/10/2026 15:52:40 - INFO - utils.trainer -   F_score: 0.28629
06/10/2026 15:52:40 - INFO - utils.trainer -   Loss: 3.72889
06/10/2026 15:52:40 - INFO - utils.trainer -    Train loss: 0.39174, Test loss: 3.72889,Epoch time = 2.411s
06/10/2026 15:52:43 - INFO - utils.trainer -   ***** Running evaluation on test2 dataset *****
06/10/2026 15:52:45 - INFO - utils.trainer -   AUC: 0.55586
06/10/2026 15:52:45 - INFO - utils.trainer -   Accuracy: 0.26923
06/10/2026 15:52:45 - INFO - utils.trainer -   Precision: 0.29136
06/10/2026 15:52:45 - INFO - utils.trainer -   Recall: 0.28253
06/10/2026 15:52:45 - INFO - utils.trainer -   F_score: 0.26771
06/10/2026 15:52:45 - INFO - utils.trainer -   Loss: 3.92750
06/10/2026 15:52:45 - INFO - utils.trainer -    Train loss: 0.33434, Test loss: 3.92750,Epoch time = 2.660s
06/10/2026 15:52:47 - INFO - utils.trainer -   ***** Running evaluation on test2 dataset *****
06/10/2026 15:52:49 - INFO - utils.trainer -   AUC: 0.57166
06/10/2026 15:52:49 - INFO - utils.trainer -   Accuracy: 0.28846
06/10/2026 15:52:49 - INFO - utils.trainer -   Precision: 0.32110
06/10/2026 15:52:49 - INFO - utils.trainer -   Recall: 0.29444
06/10/2026 15:52:49 - INFO - utils.trainer -   F_score: 0.28806
06/10/2026 15:52:49 - INFO - utils.trainer -   Loss: 3.15848
06/10/2026 15:52:49 - INFO - utils.trainer -    Train loss: 0.24142, Test loss: 3.15848,Epoch time = 2.465s
06/10/2026 15:52:52 - INFO - utils.trainer -   ***** Running evaluation on test2 dataset *****
06/10/2026 15:52:53 - INFO - utils.trainer -   AUC: 0.58448
06/10/2026 15:52:53 - INFO - utils.trainer -   Accuracy: 0.35256
06/10/2026 15:52:53 - INFO - utils.trainer -   Precision: 0.36854
06/10/2026 15:52:53 - INFO - utils.trainer -   Recall: 0.36801
06/10/2026 15:52:53 - INFO - utils.trainer -   F_score: 0.35093
06/10/2026 15:52:53 - INFO - utils.trainer -   Loss: 5.03753
06/10/2026 15:52:53 - INFO - utils.trainer -    Train loss: 0.17807, Test loss: 5.03753,Epoch time = 2.504s
06/10/2026 15:52:56 - INFO - utils.trainer -   ***** Running evaluation on test2 dataset *****
06/10/2026 15:52:57 - INFO - utils.trainer -   AUC: 0.57584
06/10/2026 15:52:57 - INFO - utils.trainer -   Accuracy: 0.35897
06/10/2026 15:52:57 - INFO - utils.trainer -   Precision: 0.37259
06/10/2026 15:52:57 - INFO - utils.trainer -   Recall: 0.36123
06/10/2026 15:52:57 - INFO - utils.trainer -   F_score: 0.35480
06/10/2026 15:52:57 - INFO - utils.trainer -   Loss: 6.40317
06/10/2026 15:52:57 - INFO - utils.trainer -    Train loss: 0.09764, Test loss: 6.40317,Epoch time = 2.453s
06/10/2026 15:52:57 - INFO - utils.trainer -   Saving model checkpoint to output_dir/BrainNetCNN
06/10/2026 15:53:00 - INFO - utils.trainer -   ***** Running evaluation on test2 dataset *****
06/10/2026 15:53:02 - INFO - utils.trainer -   AUC: 0.58568
06/10/2026 15:53:02 - INFO - utils.trainer -   Accuracy: 0.32051
06/10/2026 15:53:02 - INFO - utils.trainer -   Precision: 0.34211
06/10/2026 15:53:02 - INFO - utils.trainer -   Recall: 0.33541
06/10/2026 15:53:02 - INFO - utils.trainer -   F_score: 0.31670
06/10/2026 15:53:02 - INFO - utils.trainer -   Loss: 6.49245
06/10/2026 15:53:02 - INFO - utils.trainer -    Train loss: 0.06493, Test loss: 6.49245,Epoch time = 2.432s
06/10/2026 15:53:04 - INFO - utils.trainer -   ***** Running evaluation on test2 dataset *****
06/10/2026 15:53:06 - INFO - utils.trainer -   AUC: 0.57953
06/10/2026 15:53:06 - INFO - utils.trainer -   Accuracy: 0.32051
06/10/2026 15:53:06 - INFO - utils.trainer -   Precision: 0.33058
06/10/2026 15:53:06 - INFO - utils.trainer -   Recall: 0.32634
06/10/2026 15:53:06 - INFO - utils.trainer -   F_score: 0.31818
06/10/2026 15:53:06 - INFO - utils.trainer -   Loss: 6.79897
06/10/2026 15:53:06 - INFO - utils.trainer -    Train loss: 0.04601, Test loss: 6.79897,Epoch time = 2.415s
06/10/2026 15:53:08 - INFO - utils.trainer -   ***** Running evaluation on test2 dataset *****
06/10/2026 15:53:10 - INFO - utils.trainer -   AUC: 0.59331
06/10/2026 15:53:10 - INFO - utils.trainer -   Accuracy: 0.35256
06/10/2026 15:53:10 - INFO - utils.trainer -   Precision: 0.37835
06/10/2026 15:53:10 - INFO - utils.trainer -   Recall: 0.36462
06/10/2026 15:53:10 - INFO - utils.trainer -   F_score: 0.34855
06/10/2026 15:53:10 - INFO - utils.trainer -   Loss: 7.65487
06/10/2026 15:53:10 - INFO - utils.trainer -    Train loss: 0.08077, Test loss: 7.65487,Epoch time = 2.470s
06/10/2026 15:53:12 - INFO - utils.trainer -   ***** Running evaluation on test2 dataset *****
06/10/2026 15:53:14 - INFO - utils.trainer -   AUC: 0.58730
06/10/2026 15:53:14 - INFO - utils.trainer -   Accuracy: 0.33333
06/10/2026 15:53:14 - INFO - utils.trainer -   Precision: 0.33701
06/10/2026 15:53:14 - INFO - utils.trainer -   Recall: 0.33825
06/10/2026 15:53:14 - INFO - utils.trainer -   F_score: 0.33204
06/10/2026 15:53:14 - INFO - utils.trainer -   Loss: 6.50632
06/10/2026 15:53:14 - INFO - utils.trainer -    Train loss: 0.08240, Test loss: 6.50632,Epoch time = 2.502s
06/10/2026 15:53:17 - INFO - utils.trainer -   ***** Running evaluation on test2 dataset *****
06/10/2026 15:53:18 - INFO - utils.trainer -   AUC: 0.58492
06/10/2026 15:53:18 - INFO - utils.trainer -   Accuracy: 0.30769
06/10/2026 15:53:18 - INFO - utils.trainer -   Precision: 0.31771
06/10/2026 15:53:18 - INFO - utils.trainer -   Recall: 0.30876
06/10/2026 15:53:18 - INFO - utils.trainer -   F_score: 0.30629
06/10/2026 15:53:18 - INFO - utils.trainer -   Loss: 6.65182
06/10/2026 15:53:18 - INFO - utils.trainer -    Train loss: 0.10600, Test loss: 6.65182,Epoch time = 2.497s
06/10/2026 15:53:21 - INFO - utils.trainer -   ***** Running evaluation on test2 dataset *****
06/10/2026 15:53:22 - INFO - utils.trainer -   AUC: 0.59620
06/10/2026 15:53:22 - INFO - utils.trainer -   Accuracy: 0.34615
06/10/2026 15:53:22 - INFO - utils.trainer -   Precision: 0.36165
06/10/2026 15:53:22 - INFO - utils.trainer -   Recall: 0.35285
06/10/2026 15:53:22 - INFO - utils.trainer -   F_score: 0.34420
06/10/2026 15:53:22 - INFO - utils.trainer -   Loss: 7.02428
06/10/2026 15:53:22 - INFO - utils.trainer -    Train loss: 0.05667, Test loss: 7.02428,Epoch time = 2.437s
06/10/2026 15:53:25 - INFO - utils.trainer -   ***** Running evaluation on test2 dataset *****
06/10/2026 15:53:27 - INFO - utils.trainer -   AUC: 0.58553
06/10/2026 15:53:27 - INFO - utils.trainer -   Accuracy: 0.32692
06/10/2026 15:53:27 - INFO - utils.trainer -   Precision: 0.34081
06/10/2026 15:53:27 - INFO - utils.trainer -   Recall: 0.32877
06/10/2026 15:53:27 - INFO - utils.trainer -   F_score: 0.31752
06/10/2026 15:53:27 - INFO - utils.trainer -   Loss: 8.49296
06/10/2026 15:53:27 - INFO - utils.trainer -    Train loss: 0.02627, Test loss: 8.49296,Epoch time = 2.530s
06/10/2026 15:53:29 - INFO - utils.trainer -   ***** Running evaluation on test2 dataset *****
06/10/2026 15:53:31 - INFO - utils.trainer -   AUC: 0.57524
06/10/2026 15:53:31 - INFO - utils.trainer -   Accuracy: 0.33333
06/10/2026 15:53:31 - INFO - utils.trainer -   Precision: 0.33682
06/10/2026 15:53:31 - INFO - utils.trainer -   Recall: 0.33458
06/10/2026 15:53:31 - INFO - utils.trainer -   F_score: 0.32493
06/10/2026 15:53:31 - INFO - utils.trainer -   Loss: 8.55728
06/10/2026 15:53:31 - INFO - utils.trainer -    Train loss: 0.04891, Test loss: 8.55728,Epoch time = 2.479s
06/10/2026 15:53:33 - INFO - utils.trainer -   ***** Running evaluation on test2 dataset *****
06/10/2026 15:53:35 - INFO - utils.trainer -   AUC: 0.57318
06/10/2026 15:53:35 - INFO - utils.trainer -   Accuracy: 0.33333
06/10/2026 15:53:35 - INFO - utils.trainer -   Precision: 0.34085
06/10/2026 15:53:35 - INFO - utils.trainer -   Recall: 0.34745
06/10/2026 15:53:35 - INFO - utils.trainer -   F_score: 0.33287
06/10/2026 15:53:35 - INFO - utils.trainer -   Loss: 8.27657
06/10/2026 15:53:35 - INFO - utils.trainer -    Train loss: 0.08920, Test loss: 8.27657,Epoch time = 2.492s
06/10/2026 15:53:38 - INFO - utils.trainer -   ***** Running evaluation on test2 dataset *****
06/10/2026 15:53:39 - INFO - utils.trainer -   AUC: 0.55250
06/10/2026 15:53:39 - INFO - utils.trainer -   Accuracy: 0.25000
06/10/2026 15:53:39 - INFO - utils.trainer -   Precision: 0.25975
06/10/2026 15:53:39 - INFO - utils.trainer -   Recall: 0.27090
06/10/2026 15:53:39 - INFO - utils.trainer -   F_score: 0.24064
06/10/2026 15:53:39 - INFO - utils.trainer -   Loss: 7.39406
06/10/2026 15:53:39 - INFO - utils.trainer -    Train loss: 0.28573, Test loss: 7.39406,Epoch time = 2.594s
06/10/2026 15:53:42 - INFO - utils.trainer -   ***** Running evaluation on test2 dataset *****
06/10/2026 15:53:44 - INFO - utils.trainer -   AUC: 0.58298
06/10/2026 15:53:44 - INFO - utils.trainer -   Accuracy: 0.36538
06/10/2026 15:53:44 - INFO - utils.trainer -   Precision: 0.40018
06/10/2026 15:53:44 - INFO - utils.trainer -   Recall: 0.37666
06/10/2026 15:53:44 - INFO - utils.trainer -   F_score: 0.36014
06/10/2026 15:53:44 - INFO - utils.trainer -   Loss: 7.06431
06/10/2026 15:53:44 - INFO - utils.trainer -    Train loss: 0.13551, Test loss: 7.06431,Epoch time = 2.496s
06/10/2026 15:53:44 - INFO - utils.trainer -   Saving model checkpoint to output_dir/BrainNetCNN
06/10/2026 15:53:46 - INFO - utils.trainer -   ***** Running evaluation on test2 dataset *****
06/10/2026 15:53:48 - INFO - utils.trainer -   AUC: 0.53340
06/10/2026 15:53:48 - INFO - utils.trainer -   Accuracy: 0.28205
06/10/2026 15:53:48 - INFO - utils.trainer -   Precision: 0.26374
06/10/2026 15:53:48 - INFO - utils.trainer -   Recall: 0.29499
06/10/2026 15:53:48 - INFO - utils.trainer -   F_score: 0.26269
06/10/2026 15:53:48 - INFO - utils.trainer -   Loss: 5.47432
06/10/2026 15:53:48 - INFO - utils.trainer -    Train loss: 0.30521, Test loss: 5.47432,Epoch time = 2.460s
06/10/2026 15:53:51 - INFO - utils.trainer -   ***** Running evaluation on test2 dataset *****
06/10/2026 15:53:52 - INFO - utils.trainer -   AUC: 0.58332
06/10/2026 15:53:52 - INFO - utils.trainer -   Accuracy: 0.35256
06/10/2026 15:53:52 - INFO - utils.trainer -   Precision: 0.38168
06/10/2026 15:53:52 - INFO - utils.trainer -   Recall: 0.36801
06/10/2026 15:53:52 - INFO - utils.trainer -   F_score: 0.35187
06/10/2026 15:53:52 - INFO - utils.trainer -   Loss: 5.84112
06/10/2026 15:53:52 - INFO - utils.trainer -    Train loss: 0.27186, Test loss: 5.84112,Epoch time = 2.530s
06/10/2026 15:53:55 - INFO - utils.trainer -   ***** Running evaluation on test2 dataset *****
06/10/2026 15:53:57 - INFO - utils.trainer -   AUC: 0.56321
06/10/2026 15:53:57 - INFO - utils.trainer -   Accuracy: 0.32051
06/10/2026 15:53:57 - INFO - utils.trainer -   Precision: 0.34354
06/10/2026 15:53:57 - INFO - utils.trainer -   Recall: 0.32662
06/10/2026 15:53:57 - INFO - utils.trainer -   F_score: 0.32197
06/10/2026 15:53:57 - INFO - utils.trainer -   Loss: 4.90530
06/10/2026 15:53:57 - INFO - utils.trainer -    Train loss: 0.10856, Test loss: 4.90530,Epoch time = 2.485s
06/10/2026 15:53:59 - INFO - utils.trainer -   ***** Running evaluation on test2 dataset *****
06/10/2026 15:54:01 - INFO - utils.trainer -   AUC: 0.58341
06/10/2026 15:54:01 - INFO - utils.trainer -   Accuracy: 0.32051
06/10/2026 15:54:01 - INFO - utils.trainer -   Precision: 0.35347
06/10/2026 15:54:01 - INFO - utils.trainer -   Recall: 0.32662
06/10/2026 15:54:01 - INFO - utils.trainer -   F_score: 0.32248
06/10/2026 15:54:01 - INFO - utils.trainer -   Loss: 5.48834
06/10/2026 15:54:01 - INFO - utils.trainer -    Train loss: 0.09087, Test loss: 5.48834,Epoch time = 2.535s
06/10/2026 15:54:03 - INFO - utils.trainer -   ***** Running evaluation on test2 dataset *****
06/10/2026 15:54:05 - INFO - utils.trainer -   AUC: 0.59100
06/10/2026 15:54:05 - INFO - utils.trainer -   Accuracy: 0.33974
06/10/2026 15:54:05 - INFO - utils.trainer -   Precision: 0.35418
06/10/2026 15:54:05 - INFO - utils.trainer -   Recall: 0.35299
06/10/2026 15:54:05 - INFO - utils.trainer -   F_score: 0.33633
06/10/2026 15:54:05 - INFO - utils.trainer -   Loss: 7.06364
06/10/2026 15:54:05 - INFO - utils.trainer -    Train loss: 0.07323, Test loss: 7.06364,Epoch time = 2.577s
06/10/2026 15:54:08 - INFO - utils.trainer -   ***** Running evaluation on test2 dataset *****
06/10/2026 15:54:09 - INFO - utils.trainer -   AUC: 0.55901
06/10/2026 15:54:09 - INFO - utils.trainer -   Accuracy: 0.32051
06/10/2026 15:54:09 - INFO - utils.trainer -   Precision: 0.35396
06/10/2026 15:54:09 - INFO - utils.trainer -   Recall: 0.32987
06/10/2026 15:54:09 - INFO - utils.trainer -   F_score: 0.32307
06/10/2026 15:54:09 - INFO - utils.trainer -   Loss: 7.51887
06/10/2026 15:54:09 - INFO - utils.trainer -    Train loss: 0.07400, Test loss: 7.51887,Epoch time = 2.551s
06/10/2026 15:54:12 - INFO - utils.trainer -   ***** Running evaluation on test2 dataset *****
06/10/2026 15:54:14 - INFO - utils.trainer -   AUC: 0.58907
06/10/2026 15:54:14 - INFO - utils.trainer -   Accuracy: 0.34615
06/10/2026 15:54:14 - INFO - utils.trainer -   Precision: 0.37677
06/10/2026 15:54:14 - INFO - utils.trainer -   Recall: 0.34635
06/10/2026 15:54:14 - INFO - utils.trainer -   F_score: 0.33976
06/10/2026 15:54:14 - INFO - utils.trainer -   Loss: 7.07868
06/10/2026 15:54:14 - INFO - utils.trainer -    Train loss: 0.05860, Test loss: 7.07868,Epoch time = 2.462s
06/10/2026 15:54:16 - INFO - utils.trainer -   ***** Running evaluation on test2 dataset *****
06/10/2026 15:54:18 - INFO - utils.trainer -   AUC: 0.58558
06/10/2026 15:54:18 - INFO - utils.trainer -   Accuracy: 0.33333
06/10/2026 15:54:18 - INFO - utils.trainer -   Precision: 0.35890
06/10/2026 15:54:18 - INFO - utils.trainer -   Recall: 0.34718
06/10/2026 15:54:18 - INFO - utils.trainer -   F_score: 0.33076
06/10/2026 15:54:18 - INFO - utils.trainer -   Loss: 7.92930
06/10/2026 15:54:18 - INFO - utils.trainer -    Train loss: 0.01895, Test loss: 7.92930,Epoch time = 2.594s
06/10/2026 15:54:20 - INFO - utils.trainer -   ***** Running evaluation on test2 dataset *****
06/10/2026 15:54:22 - INFO - utils.trainer -   AUC: 0.58845
06/10/2026 15:54:22 - INFO - utils.trainer -   Accuracy: 0.33974
06/10/2026 15:54:22 - INFO - utils.trainer -   Precision: 0.36300
06/10/2026 15:54:22 - INFO - utils.trainer -   Recall: 0.34351
06/10/2026 15:54:22 - INFO - utils.trainer -   F_score: 0.33184
06/10/2026 15:54:22 - INFO - utils.trainer -   Loss: 8.79968
06/10/2026 15:54:22 - INFO - utils.trainer -    Train loss: 0.04157, Test loss: 8.79968,Epoch time = 2.538s
06/10/2026 15:54:25 - INFO - utils.trainer -   ***** Running evaluation on test2 dataset *****
06/10/2026 15:54:26 - INFO - utils.trainer -   AUC: 0.56275
06/10/2026 15:54:26 - INFO - utils.trainer -   Accuracy: 0.25641
06/10/2026 15:54:26 - INFO - utils.trainer -   Precision: 0.26611
06/10/2026 15:54:26 - INFO - utils.trainer -   Recall: 0.27782
06/10/2026 15:54:26 - INFO - utils.trainer -   F_score: 0.25050
06/10/2026 15:54:26 - INFO - utils.trainer -   Loss: 8.14413
06/10/2026 15:54:26 - INFO - utils.trainer -    Train loss: 0.05132, Test loss: 8.14413,Epoch time = 2.545s
06/10/2026 15:54:29 - INFO - utils.trainer -   ***** Running evaluation on test2 dataset *****
06/10/2026 15:54:31 - INFO - utils.trainer -   AUC: 0.56823
06/10/2026 15:54:31 - INFO - utils.trainer -   Accuracy: 0.31410
06/10/2026 15:54:31 - INFO - utils.trainer -   Precision: 0.30935
06/10/2026 15:54:31 - INFO - utils.trainer -   Recall: 0.32364
06/10/2026 15:54:31 - INFO - utils.trainer -   F_score: 0.30449
06/10/2026 15:54:31 - INFO - utils.trainer -   Loss: 7.70092
06/10/2026 15:54:31 - INFO - utils.trainer -    Train loss: 0.07238, Test loss: 7.70092,Epoch time = 2.438s
06/10/2026 15:54:33 - INFO - utils.trainer -   ***** Running evaluation on test2 dataset *****
06/10/2026 15:54:35 - INFO - utils.trainer -   AUC: 0.58080
06/10/2026 15:54:35 - INFO - utils.trainer -   Accuracy: 0.30128
06/10/2026 15:54:35 - INFO - utils.trainer -   Precision: 0.30884
06/10/2026 15:54:35 - INFO - utils.trainer -   Recall: 0.31555
06/10/2026 15:54:35 - INFO - utils.trainer -   F_score: 0.29898
06/10/2026 15:54:35 - INFO - utils.trainer -   Loss: 7.48289
06/10/2026 15:54:35 - INFO - utils.trainer -    Train loss: 0.13122, Test loss: 7.48289,Epoch time = 2.402s
06/10/2026 15:54:37 - INFO - utils.trainer -   ***** Running evaluation on test2 dataset *****
06/10/2026 15:54:39 - INFO - utils.trainer -   AUC: 0.61696
06/10/2026 15:54:39 - INFO - utils.trainer -   Accuracy: 0.41026
06/10/2026 15:54:39 - INFO - utils.trainer -   Precision: 0.44208
06/10/2026 15:54:39 - INFO - utils.trainer -   Recall: 0.41085
06/10/2026 15:54:39 - INFO - utils.trainer -   F_score: 0.39993
06/10/2026 15:54:39 - INFO - utils.trainer -   Loss: 6.79441
06/10/2026 15:54:39 - INFO - utils.trainer -    Train loss: 0.16220, Test loss: 6.79441,Epoch time = 2.412s
06/10/2026 15:54:39 - INFO - utils.trainer -   Saving model checkpoint to output_dir/BrainNetCNN
06/10/2026 15:54:41 - INFO - utils.trainer -   ***** Running evaluation on test2 dataset *****
06/10/2026 15:54:43 - INFO - utils.trainer -   AUC: 0.61257
06/10/2026 15:54:43 - INFO - utils.trainer -   Accuracy: 0.35897
06/10/2026 15:54:43 - INFO - utils.trainer -   Precision: 0.37723
06/10/2026 15:54:43 - INFO - utils.trainer -   Recall: 0.37085
06/10/2026 15:54:43 - INFO - utils.trainer -   F_score: 0.35892
06/10/2026 15:54:43 - INFO - utils.trainer -   Loss: 7.56862
06/10/2026 15:54:43 - INFO - utils.trainer -    Train loss: 0.08362, Test loss: 7.56862,Epoch time = 2.436s
06/10/2026 15:54:46 - INFO - utils.trainer -   ***** Running evaluation on test2 dataset *****
06/10/2026 15:54:47 - INFO - utils.trainer -   AUC: 0.60671
06/10/2026 15:54:47 - INFO - utils.trainer -   Accuracy: 0.32051
06/10/2026 15:54:47 - INFO - utils.trainer -   Precision: 0.34142
06/10/2026 15:54:47 - INFO - utils.trainer -   Recall: 0.34815
06/10/2026 15:54:47 - INFO - utils.trainer -   F_score: 0.30803
06/10/2026 15:54:47 - INFO - utils.trainer -   Loss: 7.44322
06/10/2026 15:54:47 - INFO - utils.trainer -    Train loss: 0.08457, Test loss: 7.44322,Epoch time = 2.505s
06/10/2026 15:54:50 - INFO - utils.trainer -   ***** Running evaluation on test2 dataset *****
06/10/2026 15:54:51 - INFO - utils.trainer -   AUC: 0.60168
06/10/2026 15:54:51 - INFO - utils.trainer -   Accuracy: 0.35897
06/10/2026 15:54:51 - INFO - utils.trainer -   Precision: 0.36427
06/10/2026 15:54:51 - INFO - utils.trainer -   Recall: 0.36192
06/10/2026 15:54:51 - INFO - utils.trainer -   F_score: 0.35283
06/10/2026 15:54:51 - INFO - utils.trainer -   Loss: 7.44233
06/10/2026 15:54:51 - INFO - utils.trainer -    Train loss: 0.18187, Test loss: 7.44233,Epoch time = 2.389s
06/10/2026 15:54:54 - INFO - utils.trainer -   ***** Running evaluation on test2 dataset *****
06/10/2026 15:54:55 - INFO - utils.trainer -   AUC: 0.58627
06/10/2026 15:54:55 - INFO - utils.trainer -   Accuracy: 0.33974
06/10/2026 15:54:55 - INFO - utils.trainer -   Precision: 0.34876
06/10/2026 15:54:55 - INFO - utils.trainer -   Recall: 0.34420
06/10/2026 15:54:55 - INFO - utils.trainer -   F_score: 0.33925
06/10/2026 15:54:55 - INFO - utils.trainer -   Loss: 6.41039
06/10/2026 15:54:55 - INFO - utils.trainer -    Train loss: 0.22692, Test loss: 6.41039,Epoch time = 2.437s
06/10/2026 15:54:58 - INFO - utils.trainer -   ***** Running evaluation on test2 dataset *****
06/10/2026 15:55:00 - INFO - utils.trainer -   AUC: 0.58081
06/10/2026 15:55:00 - INFO - utils.trainer -   Accuracy: 0.30128
06/10/2026 15:55:00 - INFO - utils.trainer -   Precision: 0.30463
06/10/2026 15:55:00 - INFO - utils.trainer -   Recall: 0.32191
06/10/2026 15:55:00 - INFO - utils.trainer -   F_score: 0.29756
06/10/2026 15:55:00 - INFO - utils.trainer -   Loss: 5.95260
06/10/2026 15:55:00 - INFO - utils.trainer -    Train loss: 0.18345, Test loss: 5.95260,Epoch time = 2.439s
06/10/2026 15:55:02 - INFO - utils.trainer -   ***** Running evaluation on test2 dataset *****
06/10/2026 15:55:04 - INFO - utils.trainer -   AUC: 0.58579
06/10/2026 15:55:04 - INFO - utils.trainer -   Accuracy: 0.33974
06/10/2026 15:55:04 - INFO - utils.trainer -   Precision: 0.35809
06/10/2026 15:55:04 - INFO - utils.trainer -   Recall: 0.34012
06/10/2026 15:55:04 - INFO - utils.trainer -   F_score: 0.32380
06/10/2026 15:55:04 - INFO - utils.trainer -   Loss: 7.85942
06/10/2026 15:55:04 - INFO - utils.trainer -    Train loss: 0.06181, Test loss: 7.85942,Epoch time = 2.531s
06/10/2026 15:55:06 - INFO - utils.trainer -   ***** Running evaluation on test2 dataset *****
06/10/2026 15:55:08 - INFO - utils.trainer -   AUC: 0.60713
06/10/2026 15:55:08 - INFO - utils.trainer -   Accuracy: 0.35256
06/10/2026 15:55:08 - INFO - utils.trainer -   Precision: 0.36008
06/10/2026 15:55:08 - INFO - utils.trainer -   Recall: 0.37126
06/10/2026 15:55:08 - INFO - utils.trainer -   F_score: 0.35195
06/10/2026 15:55:08 - INFO - utils.trainer -   Loss: 7.44947
06/10/2026 15:55:08 - INFO - utils.trainer -    Train loss: 0.04450, Test loss: 7.44947,Epoch time = 2.452s
06/10/2026 15:55:10 - INFO - utils.trainer -   ***** Running evaluation on test2 dataset *****
06/10/2026 15:55:12 - INFO - utils.trainer -   AUC: 0.59299
06/10/2026 15:55:12 - INFO - utils.trainer -   Accuracy: 0.35897
06/10/2026 15:55:12 - INFO - utils.trainer -   Precision: 0.35884
06/10/2026 15:55:12 - INFO - utils.trainer -   Recall: 0.35216
06/10/2026 15:55:12 - INFO - utils.trainer -   F_score: 0.35076
06/10/2026 15:55:12 - INFO - utils.trainer -   Loss: 8.41924
06/10/2026 15:55:12 - INFO - utils.trainer -    Train loss: 0.04338, Test loss: 8.41924,Epoch time = 2.431s
06/10/2026 15:55:15 - INFO - utils.trainer -   ***** Running evaluation on test2 dataset *****
06/10/2026 15:55:17 - INFO - utils.trainer -   AUC: 0.59002
06/10/2026 15:55:17 - INFO - utils.trainer -   Accuracy: 0.35897
06/10/2026 15:55:17 - INFO - utils.trainer -   Precision: 0.39506
06/10/2026 15:55:17 - INFO - utils.trainer -   Recall: 0.38303
06/10/2026 15:55:17 - INFO - utils.trainer -   F_score: 0.35592
06/10/2026 15:55:17 - INFO - utils.trainer -   Loss: 8.48221
06/10/2026 15:55:17 - INFO - utils.trainer -    Train loss: 0.04376, Test loss: 8.48221,Epoch time = 2.572s
06/10/2026 15:55:19 - INFO - utils.trainer -   ***** Running evaluation on test2 dataset *****
06/10/2026 15:55:21 - INFO - utils.trainer -   AUC: 0.58964
06/10/2026 15:55:21 - INFO - utils.trainer -   Accuracy: 0.35256
06/10/2026 15:55:21 - INFO - utils.trainer -   Precision: 0.35444
06/10/2026 15:55:21 - INFO - utils.trainer -   Recall: 0.34918
06/10/2026 15:55:21 - INFO - utils.trainer -   F_score: 0.34335
06/10/2026 15:55:21 - INFO - utils.trainer -   Loss: 9.11387
06/10/2026 15:55:21 - INFO - utils.trainer -    Train loss: 0.03247, Test loss: 9.11387,Epoch time = 2.517s
06/10/2026 15:55:24 - INFO - utils.trainer -   ***** Running evaluation on test2 dataset *****
06/10/2026 15:55:25 - INFO - utils.trainer -   AUC: 0.60310
06/10/2026 15:55:25 - INFO - utils.trainer -   Accuracy: 0.35897
06/10/2026 15:55:25 - INFO - utils.trainer -   Precision: 0.38399
06/10/2026 15:55:25 - INFO - utils.trainer -   Recall: 0.37043
06/10/2026 15:55:25 - INFO - utils.trainer -   F_score: 0.35417
06/10/2026 15:55:25 - INFO - utils.trainer -   Loss: 10.06670
06/10/2026 15:55:25 - INFO - utils.trainer -    Train loss: 0.03269, Test loss: 10.06670,Epoch time = 2.594s
06/10/2026 15:55:28 - INFO - utils.trainer -   ***** Running evaluation on test2 dataset *****
06/10/2026 15:55:30 - INFO - utils.trainer -   AUC: 0.59173
06/10/2026 15:55:30 - INFO - utils.trainer -   Accuracy: 0.29487
06/10/2026 15:55:30 - INFO - utils.trainer -   Precision: 0.30504
06/10/2026 15:55:30 - INFO - utils.trainer -   Recall: 0.30295
06/10/2026 15:55:30 - INFO - utils.trainer -   F_score: 0.29335
06/10/2026 15:55:30 - INFO - utils.trainer -   Loss: 9.39344
06/10/2026 15:55:30 - INFO - utils.trainer -    Train loss: 0.01414, Test loss: 9.39344,Epoch time = 2.559s
06/10/2026 15:55:32 - INFO - utils.trainer -   ***** Running evaluation on test2 dataset *****
06/10/2026 15:55:34 - INFO - utils.trainer -   AUC: 0.58950
06/10/2026 15:55:34 - INFO - utils.trainer -   Accuracy: 0.30769
06/10/2026 15:55:34 - INFO - utils.trainer -   Precision: 0.30686
06/10/2026 15:55:34 - INFO - utils.trainer -   Recall: 0.30862
06/10/2026 15:55:34 - INFO - utils.trainer -   F_score: 0.30452
06/10/2026 15:55:34 - INFO - utils.trainer -   Loss: 8.42695
06/10/2026 15:55:34 - INFO - utils.trainer -    Train loss: 0.02118, Test loss: 8.42695,Epoch time = 2.424s
06/10/2026 15:55:36 - INFO - utils.trainer -   ***** Running evaluation on test2 dataset *****
06/10/2026 15:55:38 - INFO - utils.trainer -   AUC: 0.57394
06/10/2026 15:55:38 - INFO - utils.trainer -   Accuracy: 0.30769
06/10/2026 15:55:38 - INFO - utils.trainer -   Precision: 0.32054
06/10/2026 15:55:38 - INFO - utils.trainer -   Recall: 0.30835
06/10/2026 15:55:38 - INFO - utils.trainer -   F_score: 0.29643
06/10/2026 15:55:38 - INFO - utils.trainer -   Loss: 11.92785
06/10/2026 15:55:38 - INFO - utils.trainer -    Train loss: 0.02436, Test loss: 11.92785,Epoch time = 2.516s
06/10/2026 15:55:41 - INFO - utils.trainer -   ***** Running evaluation on test2 dataset *****
06/10/2026 15:55:42 - INFO - utils.trainer -   AUC: 0.58028
06/10/2026 15:55:42 - INFO - utils.trainer -   Accuracy: 0.32051
06/10/2026 15:55:42 - INFO - utils.trainer -   Precision: 0.32232
06/10/2026 15:55:42 - INFO - utils.trainer -   Recall: 0.32337
06/10/2026 15:55:42 - INFO - utils.trainer -   F_score: 0.31756
06/10/2026 15:55:42 - INFO - utils.trainer -   Loss: 11.28356
06/10/2026 15:55:42 - INFO - utils.trainer -    Train loss: 0.01910, Test loss: 11.28356,Epoch time = 2.564s
06/10/2026 15:55:45 - INFO - utils.trainer -   ***** Running evaluation on test2 dataset *****
06/10/2026 15:55:47 - INFO - utils.trainer -   AUC: 0.57149
06/10/2026 15:55:47 - INFO - utils.trainer -   Accuracy: 0.32051
06/10/2026 15:55:47 - INFO - utils.trainer -   Precision: 0.32965
06/10/2026 15:55:47 - INFO - utils.trainer -   Recall: 0.33257
06/10/2026 15:55:47 - INFO - utils.trainer -   F_score: 0.31568
06/10/2026 15:55:47 - INFO - utils.trainer -   Loss: 11.96011
06/10/2026 15:55:47 - INFO - utils.trainer -    Train loss: 0.01464, Test loss: 11.96011,Epoch time = 2.462s
06/10/2026 15:55:49 - INFO - utils.trainer -   ***** Running evaluation on test2 dataset *****
06/10/2026 15:55:51 - INFO - utils.trainer -   AUC: 0.58272
06/10/2026 15:55:51 - INFO - utils.trainer -   Accuracy: 0.33333
06/10/2026 15:55:51 - INFO - utils.trainer -   Precision: 0.33894
06/10/2026 15:55:51 - INFO - utils.trainer -   Recall: 0.33499
06/10/2026 15:55:51 - INFO - utils.trainer -   F_score: 0.32825
06/10/2026 15:55:51 - INFO - utils.trainer -   Loss: 11.40626
06/10/2026 15:55:51 - INFO - utils.trainer -    Train loss: 0.00786, Test loss: 11.40626,Epoch time = 2.463s
06/10/2026 15:55:53 - INFO - utils.trainer -   ***** Running evaluation on test2 dataset *****
06/10/2026 15:55:55 - INFO - utils.trainer -   AUC: 0.56902
06/10/2026 15:55:55 - INFO - utils.trainer -   Accuracy: 0.32051
06/10/2026 15:55:55 - INFO - utils.trainer -   Precision: 0.32648
06/10/2026 15:55:55 - INFO - utils.trainer -   Recall: 0.32011
06/10/2026 15:55:55 - INFO - utils.trainer -   F_score: 0.31578
06/10/2026 15:55:55 - INFO - utils.trainer -   Loss: 12.34431
06/10/2026 15:55:55 - INFO - utils.trainer -    Train loss: 0.00588, Test loss: 12.34431,Epoch time = 2.475s
06/10/2026 15:55:57 - INFO - utils.trainer -   ***** Running evaluation on test2 dataset *****
06/10/2026 15:55:59 - INFO - utils.trainer -   AUC: 0.58563
06/10/2026 15:55:59 - INFO - utils.trainer -   Accuracy: 0.34615
06/10/2026 15:55:59 - INFO - utils.trainer -   Precision: 0.34240
06/10/2026 15:55:59 - INFO - utils.trainer -   Recall: 0.34365
06/10/2026 15:55:59 - INFO - utils.trainer -   F_score: 0.34082
06/10/2026 15:55:59 - INFO - utils.trainer -   Loss: 10.20399
06/10/2026 15:55:59 - INFO - utils.trainer -    Train loss: 0.01526, Test loss: 10.20399,Epoch time = 2.467s
06/10/2026 15:56:02 - INFO - utils.trainer -   ***** Running evaluation on test2 dataset *****
06/10/2026 15:56:03 - INFO - utils.trainer -   AUC: 0.59727
06/10/2026 15:56:03 - INFO - utils.trainer -   Accuracy: 0.35256
06/10/2026 15:56:03 - INFO - utils.trainer -   Precision: 0.36786
06/10/2026 15:56:03 - INFO - utils.trainer -   Recall: 0.36462
06/10/2026 15:56:03 - INFO - utils.trainer -   F_score: 0.34906
06/10/2026 15:56:03 - INFO - utils.trainer -   Loss: 10.94496
06/10/2026 15:56:03 - INFO - utils.trainer -    Train loss: 0.01921, Test loss: 10.94496,Epoch time = 2.565s
06/10/2026 15:56:06 - INFO - utils.trainer -   ***** Running evaluation on test2 dataset *****
06/10/2026 15:56:08 - INFO - utils.trainer -   AUC: 0.58856
06/10/2026 15:56:08 - INFO - utils.trainer -   Accuracy: 0.33333
06/10/2026 15:56:08 - INFO - utils.trainer -   Precision: 0.34714
06/10/2026 15:56:08 - INFO - utils.trainer -   Recall: 0.33797
06/10/2026 15:56:08 - INFO - utils.trainer -   F_score: 0.33066
06/10/2026 15:56:08 - INFO - utils.trainer -   Loss: 10.95284
06/10/2026 15:56:08 - INFO - utils.trainer -    Train loss: 0.00655, Test loss: 10.95284,Epoch time = 2.564s
06/10/2026 15:56:10 - INFO - utils.trainer -   ***** Running evaluation on test2 dataset *****
06/10/2026 15:56:12 - INFO - utils.trainer -   AUC: 0.59561
06/10/2026 15:56:12 - INFO - utils.trainer -   Accuracy: 0.30769
06/10/2026 15:56:12 - INFO - utils.trainer -   Precision: 0.30107
06/10/2026 15:56:12 - INFO - utils.trainer -   Recall: 0.29956
06/10/2026 15:56:12 - INFO - utils.trainer -   F_score: 0.29988
06/10/2026 15:56:12 - INFO - utils.trainer -   Loss: 10.28532
06/10/2026 15:56:12 - INFO - utils.trainer -    Train loss: 0.01192, Test loss: 10.28532,Epoch time = 2.572s
06/10/2026 15:56:14 - INFO - utils.trainer -   ***** Running evaluation on test2 dataset *****
06/10/2026 15:56:16 - INFO - utils.trainer -   AUC: 0.58550
06/10/2026 15:56:16 - INFO - utils.trainer -   Accuracy: 0.35256
06/10/2026 15:56:16 - INFO - utils.trainer -   Precision: 0.36787
06/10/2026 15:56:16 - INFO - utils.trainer -   Recall: 0.35202
06/10/2026 15:56:16 - INFO - utils.trainer -   F_score: 0.34062
06/10/2026 15:56:16 - INFO - utils.trainer -   Loss: 13.84572
06/10/2026 15:56:16 - INFO - utils.trainer -    Train loss: 0.02636, Test loss: 13.84572,Epoch time = 2.561s
06/10/2026 15:56:19 - INFO - utils.trainer -   ***** Running evaluation on test2 dataset *****
06/10/2026 15:56:20 - INFO - utils.trainer -   AUC: 0.57380
06/10/2026 15:56:20 - INFO - utils.trainer -   Accuracy: 0.31410
06/10/2026 15:56:20 - INFO - utils.trainer -   Precision: 0.32672
06/10/2026 15:56:20 - INFO - utils.trainer -   Recall: 0.31741
06/10/2026 15:56:20 - INFO - utils.trainer -   F_score: 0.31153
06/10/2026 15:56:20 - INFO - utils.trainer -   Loss: 13.90722
06/10/2026 15:56:20 - INFO - utils.trainer -    Train loss: 0.00867, Test loss: 13.90722,Epoch time = 2.565s
06/10/2026 15:56:23 - INFO - utils.trainer -   ***** Running evaluation on test2 dataset *****
06/10/2026 15:56:25 - INFO - utils.trainer -   AUC: 0.60837
06/10/2026 15:56:25 - INFO - utils.trainer -   Accuracy: 0.34615
06/10/2026 15:56:25 - INFO - utils.trainer -   Precision: 0.34905
06/10/2026 15:56:25 - INFO - utils.trainer -   Recall: 0.34662
06/10/2026 15:56:25 - INFO - utils.trainer -   F_score: 0.34239
06/10/2026 15:56:25 - INFO - utils.trainer -   Loss: 11.41071
06/10/2026 15:56:25 - INFO - utils.trainer -    Train loss: 0.00337, Test loss: 11.41071,Epoch time = 2.541s
06/10/2026 15:56:27 - INFO - utils.trainer -   ***** Running evaluation on test2 dataset *****
06/10/2026 15:56:29 - INFO - utils.trainer -   AUC: 0.57937
06/10/2026 15:56:29 - INFO - utils.trainer -   Accuracy: 0.33333
06/10/2026 15:56:29 - INFO - utils.trainer -   Precision: 0.34156
06/10/2026 15:56:29 - INFO - utils.trainer -   Recall: 0.33499
06/10/2026 15:56:29 - INFO - utils.trainer -   F_score: 0.33083
06/10/2026 15:56:29 - INFO - utils.trainer -   Loss: 13.68638
06/10/2026 15:56:29 - INFO - utils.trainer -    Train loss: 0.00833, Test loss: 13.68638,Epoch time = 2.544s
06/10/2026 15:56:31 - INFO - utils.trainer -   ***** Running evaluation on test2 dataset *****
06/10/2026 15:56:33 - INFO - utils.trainer -   AUC: 0.57444
06/10/2026 15:56:33 - INFO - utils.trainer -   Accuracy: 0.33974
06/10/2026 15:56:33 - INFO - utils.trainer -   Precision: 0.34261
06/10/2026 15:56:33 - INFO - utils.trainer -   Recall: 0.34067
06/10/2026 15:56:33 - INFO - utils.trainer -   F_score: 0.33460
06/10/2026 15:56:33 - INFO - utils.trainer -   Loss: 14.20654
06/10/2026 15:56:33 - INFO - utils.trainer -    Train loss: 0.00051, Test loss: 14.20654,Epoch time = 2.484s
06/10/2026 15:56:36 - INFO - utils.trainer -   ***** Running evaluation on test2 dataset *****
06/10/2026 15:56:38 - INFO - utils.trainer -   AUC: 0.58328
06/10/2026 15:56:38 - INFO - utils.trainer -   Accuracy: 0.35256
06/10/2026 15:56:38 - INFO - utils.trainer -   Precision: 0.36185
06/10/2026 15:56:38 - INFO - utils.trainer -   Recall: 0.34932
06/10/2026 15:56:38 - INFO - utils.trainer -   F_score: 0.34633
06/10/2026 15:56:38 - INFO - utils.trainer -   Loss: 12.63727
06/10/2026 15:56:38 - INFO - utils.trainer -    Train loss: 0.00282, Test loss: 12.63727,Epoch time = 2.588s
06/10/2026 15:56:40 - INFO - utils.trainer -   ***** Running evaluation on test2 dataset *****
06/10/2026 15:56:42 - INFO - utils.trainer -   AUC: 0.56200
06/10/2026 15:56:42 - INFO - utils.trainer -   Accuracy: 0.31410
06/10/2026 15:56:42 - INFO - utils.trainer -   Precision: 0.31359
06/10/2026 15:56:42 - INFO - utils.trainer -   Recall: 0.31444
06/10/2026 15:56:42 - INFO - utils.trainer -   F_score: 0.31072
06/10/2026 15:56:42 - INFO - utils.trainer -   Loss: 12.95811
06/10/2026 15:56:42 - INFO - utils.trainer -    Train loss: 0.00448, Test loss: 12.95811,Epoch time = 2.478s
06/10/2026 15:56:44 - INFO - utils.trainer -   ***** Running evaluation on test2 dataset *****
06/10/2026 15:56:46 - INFO - utils.trainer -   AUC: 0.58619
06/10/2026 15:56:46 - INFO - utils.trainer -   Accuracy: 0.32692
06/10/2026 15:56:46 - INFO - utils.trainer -   Precision: 0.34680
06/10/2026 15:56:46 - INFO - utils.trainer -   Recall: 0.33202
06/10/2026 15:56:46 - INFO - utils.trainer -   F_score: 0.32356
06/10/2026 15:56:46 - INFO - utils.trainer -   Loss: 15.20135
06/10/2026 15:56:46 - INFO - utils.trainer -    Train loss: 0.00421, Test loss: 15.20135,Epoch time = 2.421s
06/10/2026 15:56:49 - INFO - utils.trainer -   ***** Running evaluation on test2 dataset *****
06/10/2026 15:56:50 - INFO - utils.trainer -   AUC: 0.58208
06/10/2026 15:56:50 - INFO - utils.trainer -   Accuracy: 0.32692
06/10/2026 15:56:50 - INFO - utils.trainer -   Precision: 0.33397
06/10/2026 15:56:50 - INFO - utils.trainer -   Recall: 0.33527
06/10/2026 15:56:50 - INFO - utils.trainer -   F_score: 0.32315
06/10/2026 15:56:50 - INFO - utils.trainer -   Loss: 13.70314
06/10/2026 15:56:50 - INFO - utils.trainer -    Train loss: 0.02052, Test loss: 13.70314,Epoch time = 2.539s
06/10/2026 15:56:53 - INFO - utils.trainer -   ***** Running evaluation on test2 dataset *****
06/10/2026 15:56:55 - INFO - utils.trainer -   AUC: 0.57263
06/10/2026 15:56:55 - INFO - utils.trainer -   Accuracy: 0.30128
06/10/2026 15:56:55 - INFO - utils.trainer -   Precision: 0.30733
06/10/2026 15:56:55 - INFO - utils.trainer -   Recall: 0.30890
06/10/2026 15:56:55 - INFO - utils.trainer -   F_score: 0.29998
06/10/2026 15:56:55 - INFO - utils.trainer -   Loss: 14.91125
06/10/2026 15:56:55 - INFO - utils.trainer -    Train loss: 0.00624, Test loss: 14.91125,Epoch time = 2.493s
06/10/2026 15:56:57 - INFO - utils.trainer -   ***** Running evaluation on test2 dataset *****
06/10/2026 15:56:59 - INFO - utils.trainer -   AUC: 0.56894
06/10/2026 15:56:59 - INFO - utils.trainer -   Accuracy: 0.32051
06/10/2026 15:56:59 - INFO - utils.trainer -   Precision: 0.32387
06/10/2026 15:56:59 - INFO - utils.trainer -   Recall: 0.32025
06/10/2026 15:56:59 - INFO - utils.trainer -   F_score: 0.31483
06/10/2026 15:56:59 - INFO - utils.trainer -   Loss: 14.95531
06/10/2026 15:56:59 - INFO - utils.trainer -    Train loss: 0.00314, Test loss: 14.95531,Epoch time = 2.457s
06/10/2026 15:57:01 - INFO - utils.trainer -   ***** Running evaluation on test2 dataset *****
06/10/2026 15:57:03 - INFO - utils.trainer -   AUC: 0.58722
06/10/2026 15:57:03 - INFO - utils.trainer -   Accuracy: 0.30128
06/10/2026 15:57:03 - INFO - utils.trainer -   Precision: 0.30514
06/10/2026 15:57:03 - INFO - utils.trainer -   Recall: 0.30267
06/10/2026 15:57:03 - INFO - utils.trainer -   F_score: 0.29598
06/10/2026 15:57:03 - INFO - utils.trainer -   Loss: 13.96876
06/10/2026 15:57:03 - INFO - utils.trainer -    Train loss: 0.00184, Test loss: 13.96876,Epoch time = 2.546s
06/10/2026 15:57:05 - INFO - utils.trainer -   ***** Running evaluation on test2 dataset *****
06/10/2026 15:57:07 - INFO - utils.trainer -   AUC: 0.55970
06/10/2026 15:57:07 - INFO - utils.trainer -   Accuracy: 0.31410
06/10/2026 15:57:07 - INFO - utils.trainer -   Precision: 0.31410
06/10/2026 15:57:07 - INFO - utils.trainer -   Recall: 0.31416
06/10/2026 15:57:07 - INFO - utils.trainer -   F_score: 0.30838
06/10/2026 15:57:07 - INFO - utils.trainer -   Loss: 15.18110
06/10/2026 15:57:07 - INFO - utils.trainer -    Train loss: 0.00164, Test loss: 15.18110,Epoch time = 2.477s
06/10/2026 15:57:10 - INFO - utils.trainer -   ***** Running evaluation on test2 dataset *****
06/10/2026 15:57:11 - INFO - utils.trainer -   AUC: 0.57682
06/10/2026 15:57:11 - INFO - utils.trainer -   Accuracy: 0.34615
06/10/2026 15:57:11 - INFO - utils.trainer -   Precision: 0.35106
06/10/2026 15:57:11 - INFO - utils.trainer -   Recall: 0.34974
06/10/2026 15:57:11 - INFO - utils.trainer -   F_score: 0.34361
06/10/2026 15:57:11 - INFO - utils.trainer -   Loss: 13.75733
06/10/2026 15:57:11 - INFO - utils.trainer -    Train loss: 0.00770, Test loss: 13.75733,Epoch time = 2.472s
06/10/2026 15:57:14 - INFO - utils.trainer -   ***** Running evaluation on test2 dataset *****
06/10/2026 15:57:16 - INFO - utils.trainer -   AUC: 0.57584
06/10/2026 15:57:16 - INFO - utils.trainer -   Accuracy: 0.33974
06/10/2026 15:57:16 - INFO - utils.trainer -   Precision: 0.34201
06/10/2026 15:57:16 - INFO - utils.trainer -   Recall: 0.34378
06/10/2026 15:57:16 - INFO - utils.trainer -   F_score: 0.33655
06/10/2026 15:57:16 - INFO - utils.trainer -   Loss: 14.32205
06/10/2026 15:57:16 - INFO - utils.trainer -    Train loss: 0.00122, Test loss: 14.32205,Epoch time = 2.508s
06/10/2026 15:57:18 - INFO - utils.trainer -   ***** Running evaluation on test2 dataset *****
06/10/2026 15:57:20 - INFO - utils.trainer -   AUC: 0.60112
06/10/2026 15:57:20 - INFO - utils.trainer -   Accuracy: 0.35256
06/10/2026 15:57:20 - INFO - utils.trainer -   Precision: 0.36068
06/10/2026 15:57:20 - INFO - utils.trainer -   Recall: 0.34918
06/10/2026 15:57:20 - INFO - utils.trainer -   F_score: 0.34352
06/10/2026 15:57:20 - INFO - utils.trainer -   Loss: 13.74346
06/10/2026 15:57:20 - INFO - utils.trainer -    Train loss: 0.01716, Test loss: 13.74346,Epoch time = 2.476s
06/10/2026 15:57:22 - INFO - utils.trainer -   ***** Running evaluation on test2 dataset *****
06/10/2026 15:57:24 - INFO - utils.trainer -   AUC: 0.57100
06/10/2026 15:57:24 - INFO - utils.trainer -   Accuracy: 0.32692
06/10/2026 15:57:24 - INFO - utils.trainer -   Precision: 0.35094
06/10/2026 15:57:24 - INFO - utils.trainer -   Recall: 0.34150
06/10/2026 15:57:24 - INFO - utils.trainer -   F_score: 0.32246
06/10/2026 15:57:24 - INFO - utils.trainer -   Loss: 14.82379
06/10/2026 15:57:24 - INFO - utils.trainer -    Train loss: 0.00471, Test loss: 14.82379,Epoch time = 2.528s
06/10/2026 15:57:27 - INFO - utils.trainer -   ***** Running evaluation on test2 dataset *****
06/10/2026 15:57:28 - INFO - utils.trainer -   AUC: 0.57542
06/10/2026 15:57:28 - INFO - utils.trainer -   Accuracy: 0.29487
06/10/2026 15:57:28 - INFO - utils.trainer -   Precision: 0.29660
06/10/2026 15:57:28 - INFO - utils.trainer -   Recall: 0.29686
06/10/2026 15:57:28 - INFO - utils.trainer -   F_score: 0.28914
06/10/2026 15:57:28 - INFO - utils.trainer -   Loss: 13.43166
06/10/2026 15:57:28 - INFO - utils.trainer -    Train loss: 0.00284, Test loss: 13.43166,Epoch time = 2.488s
06/10/2026 15:57:31 - INFO - utils.trainer -   ***** Running evaluation on test2 dataset *****
06/10/2026 15:57:33 - INFO - utils.trainer -   AUC: 0.58554
06/10/2026 15:57:33 - INFO - utils.trainer -   Accuracy: 0.32051
06/10/2026 15:57:33 - INFO - utils.trainer -   Precision: 0.32063
06/10/2026 15:57:33 - INFO - utils.trainer -   Recall: 0.32323
06/10/2026 15:57:33 - INFO - utils.trainer -   F_score: 0.31749
06/10/2026 15:57:33 - INFO - utils.trainer -   Loss: 14.02402
06/10/2026 15:57:33 - INFO - utils.trainer -    Train loss: 0.00841, Test loss: 14.02402,Epoch time = 2.508s
06/10/2026 15:57:35 - INFO - utils.trainer -   ***** Running evaluation on test2 dataset *****
06/10/2026 15:57:37 - INFO - utils.trainer -   AUC: 0.58059
06/10/2026 15:57:37 - INFO - utils.trainer -   Accuracy: 0.30769
06/10/2026 15:57:37 - INFO - utils.trainer -   Precision: 0.31456
06/10/2026 15:57:37 - INFO - utils.trainer -   Recall: 0.31485
06/10/2026 15:57:37 - INFO - utils.trainer -   F_score: 0.30629
06/10/2026 15:57:37 - INFO - utils.trainer -   Loss: 14.39519
06/10/2026 15:57:37 - INFO - utils.trainer -    Train loss: 0.01088, Test loss: 14.39519,Epoch time = 2.637s
06/10/2026 15:57:39 - INFO - utils.trainer -   ***** Running evaluation on test2 dataset *****
06/10/2026 15:57:41 - INFO - utils.trainer -   AUC: 0.56877
06/10/2026 15:57:41 - INFO - utils.trainer -   Accuracy: 0.31410
06/10/2026 15:57:41 - INFO - utils.trainer -   Precision: 0.31968
06/10/2026 15:57:41 - INFO - utils.trainer -   Recall: 0.32392
06/10/2026 15:57:41 - INFO - utils.trainer -   F_score: 0.31224
06/10/2026 15:57:41 - INFO - utils.trainer -   Loss: 14.23030
06/10/2026 15:57:41 - INFO - utils.trainer -    Train loss: 0.00086, Test loss: 14.23030,Epoch time = 2.486s
06/10/2026 15:57:44 - INFO - utils.trainer -   ***** Running evaluation on test2 dataset *****
06/10/2026 15:57:45 - INFO - utils.trainer -   AUC: 0.58653
06/10/2026 15:57:45 - INFO - utils.trainer -   Accuracy: 0.32051
06/10/2026 15:57:45 - INFO - utils.trainer -   Precision: 0.32682
06/10/2026 15:57:45 - INFO - utils.trainer -   Recall: 0.33285
06/10/2026 15:57:45 - INFO - utils.trainer -   F_score: 0.31931
06/10/2026 15:57:45 - INFO - utils.trainer -   Loss: 14.14176
06/10/2026 15:57:45 - INFO - utils.trainer -    Train loss: 0.00336, Test loss: 14.14176,Epoch time = 2.561s
06/10/2026 15:57:48 - INFO - utils.trainer -   ***** Running evaluation on test2 dataset *****
06/10/2026 15:57:50 - INFO - utils.trainer -   AUC: 0.59138
06/10/2026 15:57:50 - INFO - utils.trainer -   Accuracy: 0.30769
06/10/2026 15:57:50 - INFO - utils.trainer -   Precision: 0.30824
06/10/2026 15:57:50 - INFO - utils.trainer -   Recall: 0.30849
06/10/2026 15:57:50 - INFO - utils.trainer -   F_score: 0.30331
06/10/2026 15:57:50 - INFO - utils.trainer -   Loss: 14.27987
06/10/2026 15:57:50 - INFO - utils.trainer -    Train loss: 0.01120, Test loss: 14.27987,Epoch time = 2.631s
06/10/2026 15:57:52 - INFO - utils.trainer -   ***** Running evaluation on test2 dataset *****
06/10/2026 15:57:54 - INFO - utils.trainer -   AUC: 0.57083
06/10/2026 15:57:54 - INFO - utils.trainer -   Accuracy: 0.30769
06/10/2026 15:57:54 - INFO - utils.trainer -   Precision: 0.31253
06/10/2026 15:57:54 - INFO - utils.trainer -   Recall: 0.30876
06/10/2026 15:57:54 - INFO - utils.trainer -   F_score: 0.30304
06/10/2026 15:57:54 - INFO - utils.trainer -   Loss: 12.51998
06/10/2026 15:57:54 - INFO - utils.trainer -    Train loss: 0.11268, Test loss: 12.51998,Epoch time = 2.475s
06/10/2026 15:57:56 - INFO - utils.trainer -   ***** Running evaluation on test2 dataset *****
06/10/2026 15:57:58 - INFO - utils.trainer -   AUC: 0.58792
06/10/2026 15:57:58 - INFO - utils.trainer -   Accuracy: 0.35897
06/10/2026 15:57:58 - INFO - utils.trainer -   Precision: 0.40535
06/10/2026 15:57:58 - INFO - utils.trainer -   Recall: 0.36676
06/10/2026 15:57:58 - INFO - utils.trainer -   F_score: 0.33831
06/10/2026 15:57:58 - INFO - utils.trainer -   Loss: 14.51296
06/10/2026 15:57:58 - INFO - utils.trainer -    Train loss: 0.04347, Test loss: 14.51296,Epoch time = 2.457s
06/10/2026 15:58:01 - INFO - utils.trainer -   ***** Running evaluation on test2 dataset *****
06/10/2026 15:58:02 - INFO - utils.trainer -   AUC: 0.57868
06/10/2026 15:58:02 - INFO - utils.trainer -   Accuracy: 0.30769
06/10/2026 15:58:02 - INFO - utils.trainer -   Precision: 0.33570
06/10/2026 15:58:02 - INFO - utils.trainer -   Recall: 0.30807
06/10/2026 15:58:02 - INFO - utils.trainer -   F_score: 0.29095
06/10/2026 15:58:02 - INFO - utils.trainer -   Loss: 11.37221
06/10/2026 15:58:02 - INFO - utils.trainer -    Train loss: 0.17179, Test loss: 11.37221,Epoch time = 2.478s
06/10/2026 15:58:05 - INFO - utils.trainer -   ***** Running evaluation on test2 dataset *****
06/10/2026 15:58:07 - INFO - utils.trainer -   AUC: 0.58320
06/10/2026 15:58:07 - INFO - utils.trainer -   Accuracy: 0.29487
06/10/2026 15:58:07 - INFO - utils.trainer -   Precision: 0.31158
06/10/2026 15:58:07 - INFO - utils.trainer -   Recall: 0.31568
06/10/2026 15:58:07 - INFO - utils.trainer -   F_score: 0.29233
06/10/2026 15:58:07 - INFO - utils.trainer -   Loss: 12.44604
06/10/2026 15:58:07 - INFO - utils.trainer -    Train loss: 0.08868, Test loss: 12.44604,Epoch time = 2.543s
06/10/2026 15:58:09 - INFO - utils.trainer -   ***** Running evaluation on test2 dataset *****
06/10/2026 15:58:11 - INFO - utils.trainer -   AUC: 0.59260
06/10/2026 15:58:11 - INFO - utils.trainer -   Accuracy: 0.32692
06/10/2026 15:58:11 - INFO - utils.trainer -   Precision: 0.34355
06/10/2026 15:58:11 - INFO - utils.trainer -   Recall: 0.33202
06/10/2026 15:58:11 - INFO - utils.trainer -   F_score: 0.32326
06/10/2026 15:58:11 - INFO - utils.trainer -   Loss: 11.85834
06/10/2026 15:58:11 - INFO - utils.trainer -    Train loss: 0.16735, Test loss: 11.85834,Epoch time = 2.526s
06/10/2026 15:58:14 - INFO - utils.trainer -   ***** Running evaluation on test2 dataset *****
06/10/2026 15:58:15 - INFO - utils.trainer -   AUC: 0.59576
06/10/2026 15:58:15 - INFO - utils.trainer -   Accuracy: 0.33333
06/10/2026 15:58:15 - INFO - utils.trainer -   Precision: 0.36372
06/10/2026 15:58:15 - INFO - utils.trainer -   Recall: 0.33825
06/10/2026 15:58:15 - INFO - utils.trainer -   F_score: 0.33636
06/10/2026 15:58:15 - INFO - utils.trainer -   Loss: 10.47794
06/10/2026 15:58:15 - INFO - utils.trainer -    Train loss: 0.03841, Test loss: 10.47794,Epoch time = 2.595s
06/10/2026 15:58:18 - INFO - utils.trainer -   ***** Running evaluation on test2 dataset *****
06/10/2026 15:58:20 - INFO - utils.trainer -   AUC: 0.63311
06/10/2026 15:58:20 - INFO - utils.trainer -   Accuracy: 0.36538
06/10/2026 15:58:20 - INFO - utils.trainer -   Precision: 0.43831
06/10/2026 15:58:20 - INFO - utils.trainer -   Recall: 0.38234
06/10/2026 15:58:20 - INFO - utils.trainer -   F_score: 0.36133
06/10/2026 15:58:20 - INFO - utils.trainer -   Loss: 9.93489
06/10/2026 15:58:20 - INFO - utils.trainer -    Train loss: 0.05448, Test loss: 9.93489,Epoch time = 2.588s
06/10/2026 15:58:22 - INFO - utils.trainer -   ***** Running evaluation on test2 dataset *****
06/10/2026 15:58:24 - INFO - utils.trainer -   AUC: 0.60229
06/10/2026 15:58:24 - INFO - utils.trainer -   Accuracy: 0.35256
06/10/2026 15:58:24 - INFO - utils.trainer -   Precision: 0.40026
06/10/2026 15:58:24 - INFO - utils.trainer -   Recall: 0.36759
06/10/2026 15:58:24 - INFO - utils.trainer -   F_score: 0.34725
06/10/2026 15:58:24 - INFO - utils.trainer -   Loss: 12.02308
06/10/2026 15:58:24 - INFO - utils.trainer -    Train loss: 0.01214, Test loss: 12.02308,Epoch time = 2.548s
06/10/2026 15:58:27 - INFO - utils.trainer -   ***** Running evaluation on test2 dataset *****
06/10/2026 15:58:28 - INFO - utils.trainer -   AUC: 0.59030
06/10/2026 15:58:28 - INFO - utils.trainer -   Accuracy: 0.32051
06/10/2026 15:58:28 - INFO - utils.trainer -   Precision: 0.32547
06/10/2026 15:58:28 - INFO - utils.trainer -   Recall: 0.32025
06/10/2026 15:58:28 - INFO - utils.trainer -   F_score: 0.31804
06/10/2026 15:58:28 - INFO - utils.trainer -   Loss: 10.26294
06/10/2026 15:58:28 - INFO - utils.trainer -    Train loss: 0.01070, Test loss: 10.26294,Epoch time = 2.514s
06/10/2026 15:58:31 - INFO - utils.trainer -   ***** Running evaluation on test2 dataset *****
06/10/2026 15:58:32 - INFO - utils.trainer -   AUC: 0.59494
06/10/2026 15:58:32 - INFO - utils.trainer -   Accuracy: 0.33333
06/10/2026 15:58:32 - INFO - utils.trainer -   Precision: 0.33036
06/10/2026 15:58:32 - INFO - utils.trainer -   Recall: 0.33499
06/10/2026 15:58:32 - INFO - utils.trainer -   F_score: 0.33099
06/10/2026 15:58:32 - INFO - utils.trainer -   Loss: 12.05719
06/10/2026 15:58:33 - INFO - utils.trainer -    Train loss: 0.01074, Test loss: 12.05719,Epoch time = 2.491s
06/10/2026 15:58:35 - INFO - utils.trainer -   ***** Running evaluation on test2 dataset *****
06/10/2026 15:58:37 - INFO - utils.trainer -   AUC: 0.61152
06/10/2026 15:58:37 - INFO - utils.trainer -   Accuracy: 0.33333
06/10/2026 15:58:37 - INFO - utils.trainer -   Precision: 0.34381
06/10/2026 15:58:37 - INFO - utils.trainer -   Recall: 0.33499
06/10/2026 15:58:37 - INFO - utils.trainer -   F_score: 0.33202
06/10/2026 15:58:37 - INFO - utils.trainer -   Loss: 10.60536
06/10/2026 15:58:37 - INFO - utils.trainer -    Train loss: 0.02959, Test loss: 10.60536,Epoch time = 2.463s
06/10/2026 15:58:39 - INFO - utils.trainer -   ***** Running evaluation on test2 dataset *****
06/10/2026 15:58:41 - INFO - utils.trainer -   AUC: 0.59846
06/10/2026 15:58:41 - INFO - utils.trainer -   Accuracy: 0.32692
06/10/2026 15:58:41 - INFO - utils.trainer -   Precision: 0.34433
06/10/2026 15:58:41 - INFO - utils.trainer -   Recall: 0.32946
06/10/2026 15:58:41 - INFO - utils.trainer -   F_score: 0.32563
06/10/2026 15:58:41 - INFO - utils.trainer -   Loss: 11.05668
06/10/2026 15:58:41 - INFO - utils.trainer -    Train loss: 0.00585, Test loss: 11.05668,Epoch time = 2.493s
06/10/2026 15:58:43 - INFO - utils.trainer -   ***** Running evaluation on test2 dataset *****
06/10/2026 15:58:45 - INFO - utils.trainer -   AUC: 0.59040
06/10/2026 15:58:45 - INFO - utils.trainer -   Accuracy: 0.32051
06/10/2026 15:58:45 - INFO - utils.trainer -   Precision: 0.34096
06/10/2026 15:58:45 - INFO - utils.trainer -   Recall: 0.32634
06/10/2026 15:58:45 - INFO - utils.trainer -   F_score: 0.31954
06/10/2026 15:58:45 - INFO - utils.trainer -   Loss: 12.09597
06/10/2026 15:58:45 - INFO - utils.trainer -    Train loss: 0.00368, Test loss: 12.09597,Epoch time = 2.506s
06/10/2026 15:58:48 - INFO - utils.trainer -   ***** Running evaluation on test2 dataset *****
06/10/2026 15:58:49 - INFO - utils.trainer -   AUC: 0.59042
06/10/2026 15:58:49 - INFO - utils.trainer -   Accuracy: 0.33974
06/10/2026 15:58:49 - INFO - utils.trainer -   Precision: 0.34945
06/10/2026 15:58:49 - INFO - utils.trainer -   Recall: 0.34378
06/10/2026 15:58:49 - INFO - utils.trainer -   F_score: 0.33654
06/10/2026 15:58:49 - INFO - utils.trainer -   Loss: 11.83822
06/10/2026 15:58:49 - INFO - utils.trainer -    Train loss: 0.00323, Test loss: 11.83822,Epoch time = 2.499s
06/10/2026 15:58:52 - INFO - utils.trainer -   ***** Running evaluation on test2 dataset *****
06/10/2026 15:58:54 - INFO - utils.trainer -   AUC: 0.60846
06/10/2026 15:58:54 - INFO - utils.trainer -   Accuracy: 0.35897
06/10/2026 15:58:54 - INFO - utils.trainer -   Precision: 0.37235
06/10/2026 15:58:54 - INFO - utils.trainer -   Recall: 0.37057
06/10/2026 15:58:54 - INFO - utils.trainer -   F_score: 0.35661
06/10/2026 15:58:54 - INFO - utils.trainer -   Loss: 11.34791
06/10/2026 15:58:54 - INFO - utils.trainer -    Train loss: 0.00187, Test loss: 11.34791,Epoch time = 2.458s
06/10/2026 15:58:56 - INFO - utils.trainer -   ***** Running evaluation on test2 dataset *****
06/10/2026 15:58:58 - INFO - utils.trainer -   AUC: 0.60484
06/10/2026 15:58:58 - INFO - utils.trainer -   Accuracy: 0.35897
06/10/2026 15:58:58 - INFO - utils.trainer -   Precision: 0.39071
06/10/2026 15:58:58 - INFO - utils.trainer -   Recall: 0.37978
06/10/2026 15:58:58 - INFO - utils.trainer -   F_score: 0.35450
06/10/2026 15:58:58 - INFO - utils.trainer -   Loss: 11.46788
06/10/2026 15:58:58 - INFO - utils.trainer -    Train loss: 0.00440, Test loss: 11.46788,Epoch time = 2.472s
06/10/2026 15:59:00 - INFO - utils.trainer -   ***** Running evaluation on test2 dataset *****
06/10/2026 15:59:02 - INFO - utils.trainer -   AUC: 0.60026
06/10/2026 15:59:02 - INFO - utils.trainer -   Accuracy: 0.32051
06/10/2026 15:59:02 - INFO - utils.trainer -   Precision: 0.34019
06/10/2026 15:59:02 - INFO - utils.trainer -   Recall: 0.32634
06/10/2026 15:59:02 - INFO - utils.trainer -   F_score: 0.31730
06/10/2026 15:59:02 - INFO - utils.trainer -   Loss: 12.18936
06/10/2026 15:59:02 - INFO - utils.trainer -    Train loss: 0.02197, Test loss: 12.18936,Epoch time = 2.469s
06/10/2026 15:59:05 - INFO - utils.trainer -   ***** Running evaluation on test2 dataset *****
06/10/2026 15:59:06 - INFO - utils.trainer -   AUC: 0.57583
06/10/2026 15:59:06 - INFO - utils.trainer -   Accuracy: 0.31410
06/10/2026 15:59:06 - INFO - utils.trainer -   Precision: 0.31981
06/10/2026 15:59:06 - INFO - utils.trainer -   Recall: 0.32067
06/10/2026 15:59:06 - INFO - utils.trainer -   F_score: 0.31002
06/10/2026 15:59:06 - INFO - utils.trainer -   Loss: 13.15415
06/10/2026 15:59:06 - INFO - utils.trainer -    Train loss: 0.01351, Test loss: 13.15415,Epoch time = 2.598s
06/10/2026 15:59:09 - INFO - utils.trainer -   ***** Running evaluation on test2 dataset *****
06/10/2026 15:59:11 - INFO - utils.trainer -   AUC: 0.54961
06/10/2026 15:59:11 - INFO - utils.trainer -   Accuracy: 0.25641
06/10/2026 15:59:11 - INFO - utils.trainer -   Precision: 0.26386
06/10/2026 15:59:11 - INFO - utils.trainer -   Recall: 0.26239
06/10/2026 15:59:11 - INFO - utils.trainer -   F_score: 0.24541
06/10/2026 15:59:11 - INFO - utils.trainer -   Loss: 13.25830
06/10/2026 15:59:11 - INFO - utils.trainer -    Train loss: 0.00659, Test loss: 13.25830,Epoch time = 2.424s
06/10/2026 15:59:13 - INFO - utils.trainer -   ***** Running evaluation on test2 dataset *****
06/10/2026 15:59:15 - INFO - utils.trainer -   AUC: 0.57440
06/10/2026 15:59:15 - INFO - utils.trainer -   Accuracy: 0.30128
06/10/2026 15:59:15 - INFO - utils.trainer -   Precision: 0.31973
06/10/2026 15:59:15 - INFO - utils.trainer -   Recall: 0.30876
06/10/2026 15:59:15 - INFO - utils.trainer -   F_score: 0.30144
06/10/2026 15:59:15 - INFO - utils.trainer -   Loss: 12.74674
06/10/2026 15:59:15 - INFO - utils.trainer -    Train loss: 0.00945, Test loss: 12.74674,Epoch time = 2.571s
06/10/2026 15:59:17 - INFO - utils.trainer -   ***** Running evaluation on test2 dataset *****
06/10/2026 15:59:19 - INFO - utils.trainer -   AUC: 0.55895
06/10/2026 15:59:19 - INFO - utils.trainer -   Accuracy: 0.26923
06/10/2026 15:59:19 - INFO - utils.trainer -   Precision: 0.28154
06/10/2026 15:59:19 - INFO - utils.trainer -   Recall: 0.26710
06/10/2026 15:59:19 - INFO - utils.trainer -   F_score: 0.26774
06/10/2026 15:59:19 - INFO - utils.trainer -   Loss: 12.80525
06/10/2026 15:59:19 - INFO - utils.trainer -    Train loss: 0.00509, Test loss: 12.80525,Epoch time = 2.392s
06/10/2026 15:59:22 - INFO - utils.trainer -   ***** Running evaluation on test2 dataset *****
06/10/2026 15:59:23 - INFO - utils.trainer -   AUC: 0.57811
06/10/2026 15:59:23 - INFO - utils.trainer -   Accuracy: 0.28205
06/10/2026 15:59:23 - INFO - utils.trainer -   Precision: 0.29391
06/10/2026 15:59:23 - INFO - utils.trainer -   Recall: 0.28523
06/10/2026 15:59:23 - INFO - utils.trainer -   F_score: 0.28158
06/10/2026 15:59:23 - INFO - utils.trainer -   Loss: 12.25110
06/10/2026 15:59:23 - INFO - utils.trainer -    Train loss: 0.00128, Test loss: 12.25110,Epoch time = 2.585s
06/10/2026 15:59:26 - INFO - utils.trainer -   ***** Running evaluation on test2 dataset *****
06/10/2026 15:59:27 - INFO - utils.trainer -   AUC: 0.58161
06/10/2026 15:59:27 - INFO - utils.trainer -   Accuracy: 0.30769
06/10/2026 15:59:27 - INFO - utils.trainer -   Precision: 0.32548
06/10/2026 15:59:27 - INFO - utils.trainer -   Recall: 0.30876
06/10/2026 15:59:27 - INFO - utils.trainer -   F_score: 0.30828
06/10/2026 15:59:27 - INFO - utils.trainer -   Loss: 12.15156
06/10/2026 15:59:27 - INFO - utils.trainer -    Train loss: 0.00271, Test loss: 12.15156,Epoch time = 2.460s
06/10/2026 15:59:30 - INFO - utils.trainer -   ***** Running evaluation on test2 dataset *****
06/10/2026 15:59:32 - INFO - utils.trainer -   AUC: 0.58240
06/10/2026 15:59:32 - INFO - utils.trainer -   Accuracy: 0.35256
06/10/2026 15:59:32 - INFO - utils.trainer -   Precision: 0.36511
06/10/2026 15:59:32 - INFO - utils.trainer -   Recall: 0.35569
06/10/2026 15:59:32 - INFO - utils.trainer -   F_score: 0.35123
06/10/2026 15:59:32 - INFO - utils.trainer -   Loss: 13.11636
06/10/2026 15:59:32 - INFO - utils.trainer -    Train loss: 0.00080, Test loss: 13.11636,Epoch time = 2.460s
06/10/2026 15:59:34 - INFO - utils.trainer -   ***** Running evaluation on test2 dataset *****
06/10/2026 15:59:36 - INFO - utils.trainer -   AUC: 0.57070
06/10/2026 15:59:36 - INFO - utils.trainer -   Accuracy: 0.31410
06/10/2026 15:59:36 - INFO - utils.trainer -   Precision: 0.32683
06/10/2026 15:59:36 - INFO - utils.trainer -   Recall: 0.32067
06/10/2026 15:59:36 - INFO - utils.trainer -   F_score: 0.31425
06/10/2026 15:59:36 - INFO - utils.trainer -   Loss: 12.68007
06/10/2026 15:59:36 - INFO - utils.trainer -    Train loss: 0.00239, Test loss: 12.68007,Epoch time = 2.493s
06/10/2026 15:59:38 - INFO - utils.trainer -   ***** Running evaluation on test2 dataset *****
06/10/2026 15:59:40 - INFO - utils.trainer -   AUC: 0.57929
06/10/2026 15:59:40 - INFO - utils.trainer -   Accuracy: 0.29487
06/10/2026 15:59:40 - INFO - utils.trainer -   Precision: 0.31225
06/10/2026 15:59:40 - INFO - utils.trainer -   Recall: 0.29727
06/10/2026 15:59:40 - INFO - utils.trainer -   F_score: 0.29557
06/10/2026 15:59:40 - INFO - utils.trainer -   Loss: 13.22914
06/10/2026 15:59:40 - INFO - utils.trainer -    Train loss: 0.01736, Test loss: 13.22914,Epoch time = 2.485s
06/10/2026 15:59:43 - INFO - utils.trainer -   ***** Running evaluation on test2 dataset *****
06/10/2026 15:59:44 - INFO - utils.trainer -   AUC: 0.58675
06/10/2026 15:59:44 - INFO - utils.trainer -   Accuracy: 0.34615
06/10/2026 15:59:44 - INFO - utils.trainer -   Precision: 0.37547
06/10/2026 15:59:44 - INFO - utils.trainer -   Recall: 0.35569
06/10/2026 15:59:44 - INFO - utils.trainer -   F_score: 0.34198
06/10/2026 15:59:44 - INFO - utils.trainer -   Loss: 13.81286
06/10/2026 15:59:44 - INFO - utils.trainer -    Train loss: 0.03088, Test loss: 13.81286,Epoch time = 2.529s
06/10/2026 15:59:47 - INFO - utils.trainer -   ***** Running evaluation on test2 dataset *****
06/10/2026 15:59:49 - INFO - utils.trainer -   AUC: 0.59772
06/10/2026 15:59:49 - INFO - utils.trainer -   Accuracy: 0.35897
06/10/2026 15:59:49 - INFO - utils.trainer -   Precision: 0.38115
06/10/2026 15:59:49 - INFO - utils.trainer -   Recall: 0.36746
06/10/2026 15:59:49 - INFO - utils.trainer -   F_score: 0.35703
06/10/2026 15:59:49 - INFO - utils.trainer -   Loss: 13.06881
06/10/2026 15:59:49 - INFO - utils.trainer -    Train loss: 0.03080, Test loss: 13.06881,Epoch time = 2.485s
06/10/2026 15:59:51 - INFO - utils.trainer -   ***** Running evaluation on test2 dataset *****
06/10/2026 15:59:53 - INFO - utils.trainer -   AUC: 0.58539
06/10/2026 15:59:53 - INFO - utils.trainer -   Accuracy: 0.30769
06/10/2026 15:59:53 - INFO - utils.trainer -   Precision: 0.31782
06/10/2026 15:59:53 - INFO - utils.trainer -   Recall: 0.30862
06/10/2026 15:59:53 - INFO - utils.trainer -   F_score: 0.30095
06/10/2026 15:59:53 - INFO - utils.trainer -   Loss: 12.34653
06/10/2026 15:59:53 - INFO - utils.trainer -    Train loss: 0.00278, Test loss: 12.34653,Epoch time = 2.465s
06/10/2026 15:59:55 - INFO - utils.trainer -   ***** Running evaluation on test2 dataset *****
06/10/2026 15:59:57 - INFO - utils.trainer -   AUC: 0.56114
06/10/2026 15:59:57 - INFO - utils.trainer -   Accuracy: 0.32692
06/10/2026 15:59:57 - INFO - utils.trainer -   Precision: 0.34151
06/10/2026 15:59:57 - INFO - utils.trainer -   Recall: 0.32607
06/10/2026 15:59:57 - INFO - utils.trainer -   F_score: 0.32419
06/10/2026 15:59:57 - INFO - utils.trainer -   Loss: 13.55400
06/10/2026 15:59:57 - INFO - utils.trainer -    Train loss: 0.00145, Test loss: 13.55400,Epoch time = 2.501s
06/10/2026 15:59:59 - INFO - utils.trainer -   ***** Running evaluation on test2 dataset *****
06/10/2026 16:00:01 - INFO - utils.trainer -   AUC: 0.57513
06/10/2026 16:00:01 - INFO - utils.trainer -   Accuracy: 0.32051
06/10/2026 16:00:01 - INFO - utils.trainer -   Precision: 0.33154
06/10/2026 16:00:01 - INFO - utils.trainer -   Recall: 0.32025
06/10/2026 16:00:01 - INFO - utils.trainer -   F_score: 0.31875
06/10/2026 16:00:01 - INFO - utils.trainer -   Loss: 13.18532
06/10/2026 16:00:01 - INFO - utils.trainer -    Train loss: 0.00292, Test loss: 13.18532,Epoch time = 2.462s
06/10/2026 16:00:04 - INFO - utils.trainer -   ***** Running evaluation on test2 dataset *****
06/10/2026 16:00:05 - INFO - utils.trainer -   AUC: 0.60334
06/10/2026 16:00:05 - INFO - utils.trainer -   Accuracy: 0.33333
06/10/2026 16:00:05 - INFO - utils.trainer -   Precision: 0.34528
06/10/2026 16:00:05 - INFO - utils.trainer -   Recall: 0.33188
06/10/2026 16:00:05 - INFO - utils.trainer -   F_score: 0.33064
06/10/2026 16:00:05 - INFO - utils.trainer -   Loss: 12.33616
06/10/2026 16:00:05 - INFO - utils.trainer -    Train loss: 0.00143, Test loss: 12.33616,Epoch time = 2.435s
06/10/2026 16:00:08 - INFO - utils.trainer -   ***** Running evaluation on test2 dataset *****
06/10/2026 16:00:10 - INFO - utils.trainer -   AUC: 0.57591
06/10/2026 16:00:10 - INFO - utils.trainer -   Accuracy: 0.31410
06/10/2026 16:00:10 - INFO - utils.trainer -   Precision: 0.32759
06/10/2026 16:00:10 - INFO - utils.trainer -   Recall: 0.32053
06/10/2026 16:00:10 - INFO - utils.trainer -   F_score: 0.31196
06/10/2026 16:00:10 - INFO - utils.trainer -   Loss: 12.77420
06/10/2026 16:00:10 - INFO - utils.trainer -    Train loss: 0.00047, Test loss: 12.77420,Epoch time = 2.526s
06/10/2026 16:00:12 - INFO - utils.trainer -   ***** Running evaluation on test2 dataset *****
06/10/2026 16:00:14 - INFO - utils.trainer -   AUC: 0.56948
06/10/2026 16:00:14 - INFO - utils.trainer -   Accuracy: 0.33974
06/10/2026 16:00:14 - INFO - utils.trainer -   Precision: 0.34986
06/10/2026 16:00:14 - INFO - utils.trainer -   Recall: 0.34067
06/10/2026 16:00:14 - INFO - utils.trainer -   F_score: 0.33612
06/10/2026 16:00:14 - INFO - utils.trainer -   Loss: 12.85633
06/10/2026 16:00:14 - INFO - utils.trainer -    Train loss: 0.00135, Test loss: 12.85633,Epoch time = 2.566s
06/10/2026 16:00:16 - INFO - utils.trainer -   ***** Running evaluation on test2 dataset *****
06/10/2026 16:00:18 - INFO - utils.trainer -   AUC: 0.57957
06/10/2026 16:00:18 - INFO - utils.trainer -   Accuracy: 0.33974
06/10/2026 16:00:18 - INFO - utils.trainer -   Precision: 0.35964
06/10/2026 16:00:18 - INFO - utils.trainer -   Recall: 0.34378
06/10/2026 16:00:18 - INFO - utils.trainer -   F_score: 0.33910
06/10/2026 16:00:18 - INFO - utils.trainer -   Loss: 12.45576
06/10/2026 16:00:18 - INFO - utils.trainer -    Train loss: 0.00271, Test loss: 12.45576,Epoch time = 2.485s
06/10/2026 16:00:21 - INFO - utils.trainer -   ***** Running evaluation on test2 dataset *****
06/10/2026 16:00:23 - INFO - utils.trainer -   AUC: 0.59366
06/10/2026 16:00:23 - INFO - utils.trainer -   Accuracy: 0.33333
06/10/2026 16:00:23 - INFO - utils.trainer -   Precision: 0.34499
06/10/2026 16:00:23 - INFO - utils.trainer -   Recall: 0.33527
06/10/2026 16:00:23 - INFO - utils.trainer -   F_score: 0.33268
06/10/2026 16:00:23 - INFO - utils.trainer -   Loss: 12.34523
06/10/2026 16:00:23 - INFO - utils.trainer -    Train loss: 0.00170, Test loss: 12.34523,Epoch time = 2.624s
06/10/2026 16:00:25 - INFO - utils.trainer -   ***** Running evaluation on test2 dataset *****
06/10/2026 16:00:27 - INFO - utils.trainer -   AUC: 0.57779
06/10/2026 16:00:27 - INFO - utils.trainer -   Accuracy: 0.27564
06/10/2026 16:00:27 - INFO - utils.trainer -   Precision: 0.28340
06/10/2026 16:00:27 - INFO - utils.trainer -   Recall: 0.27955
06/10/2026 16:00:27 - INFO - utils.trainer -   F_score: 0.27310
06/10/2026 16:00:27 - INFO - utils.trainer -   Loss: 12.80588
06/10/2026 16:00:27 - INFO - utils.trainer -    Train loss: 0.00395, Test loss: 12.80588,Epoch time = 2.472s
06/10/2026 16:00:29 - INFO - utils.trainer -   ***** Running evaluation on test2 dataset *****
06/10/2026 16:00:31 - INFO - utils.trainer -   AUC: 0.58812
06/10/2026 16:00:31 - INFO - utils.trainer -   Accuracy: 0.32692
06/10/2026 16:00:31 - INFO - utils.trainer -   Precision: 0.33339
06/10/2026 16:00:31 - INFO - utils.trainer -   Recall: 0.32932
06/10/2026 16:00:31 - INFO - utils.trainer -   F_score: 0.32460
06/10/2026 16:00:31 - INFO - utils.trainer -   Loss: 13.32205
06/10/2026 16:00:31 - INFO - utils.trainer -    Train loss: 0.00148, Test loss: 13.32205,Epoch time = 2.449s
06/10/2026 16:00:34 - INFO - utils.trainer -   ***** Running evaluation on test2 dataset *****
06/10/2026 16:00:35 - INFO - utils.trainer -   AUC: 0.57486
06/10/2026 16:00:35 - INFO - utils.trainer -   Accuracy: 0.30769
06/10/2026 16:00:35 - INFO - utils.trainer -   Precision: 0.31886
06/10/2026 16:00:35 - INFO - utils.trainer -   Recall: 0.30551
06/10/2026 16:00:35 - INFO - utils.trainer -   F_score: 0.30567
06/10/2026 16:00:35 - INFO - utils.trainer -   Loss: 13.27209
06/10/2026 16:00:35 - INFO - utils.trainer -    Train loss: 0.00277, Test loss: 13.27209,Epoch time = 2.541s
06/10/2026 16:00:38 - INFO - utils.trainer -   ***** Running evaluation on test2 dataset *****
06/10/2026 16:00:40 - INFO - utils.trainer -   AUC: 0.58637
06/10/2026 16:00:40 - INFO - utils.trainer -   Accuracy: 0.33974
06/10/2026 16:00:40 - INFO - utils.trainer -   Precision: 0.34757
06/10/2026 16:00:40 - INFO - utils.trainer -   Recall: 0.34095
06/10/2026 16:00:40 - INFO - utils.trainer -   F_score: 0.33768
06/10/2026 16:00:40 - INFO - utils.trainer -   Loss: 13.35598
06/10/2026 16:00:40 - INFO - utils.trainer -    Train loss: 0.00049, Test loss: 13.35598,Epoch time = 2.522s
06/10/2026 16:00:42 - INFO - utils.trainer -   ***** Running evaluation on test2 dataset *****
06/10/2026 16:00:44 - INFO - utils.trainer -   AUC: 0.58484
06/10/2026 16:00:44 - INFO - utils.trainer -   Accuracy: 0.31410
06/10/2026 16:00:44 - INFO - utils.trainer -   Precision: 0.31932
06/10/2026 16:00:44 - INFO - utils.trainer -   Recall: 0.31444
06/10/2026 16:00:44 - INFO - utils.trainer -   F_score: 0.31204
06/10/2026 16:00:44 - INFO - utils.trainer -   Loss: 13.61152
06/10/2026 16:00:44 - INFO - utils.trainer -    Train loss: 0.00178, Test loss: 13.61152,Epoch time = 2.552s
06/10/2026 16:00:46 - INFO - utils.trainer -   ***** Running evaluation on test2 dataset *****
06/10/2026 16:00:48 - INFO - utils.trainer -   AUC: 0.58839
06/10/2026 16:00:48 - INFO - utils.trainer -   Accuracy: 0.33333
06/10/2026 16:00:48 - INFO - utils.trainer -   Precision: 0.34709
06/10/2026 16:00:48 - INFO - utils.trainer -   Recall: 0.33797
06/10/2026 16:00:48 - INFO - utils.trainer -   F_score: 0.33084
06/10/2026 16:00:48 - INFO - utils.trainer -   Loss: 13.51676
06/10/2026 16:00:48 - INFO - utils.trainer -    Train loss: 0.00452, Test loss: 13.51676,Epoch time = 2.533s
06/10/2026 16:00:51 - INFO - utils.trainer -   ***** Running evaluation on test2 dataset *****
06/10/2026 16:00:52 - INFO - utils.trainer -   AUC: 0.58697
06/10/2026 16:00:52 - INFO - utils.trainer -   Accuracy: 0.32051
06/10/2026 16:00:52 - INFO - utils.trainer -   Precision: 0.33163
06/10/2026 16:00:52 - INFO - utils.trainer -   Recall: 0.32932
06/10/2026 16:00:52 - INFO - utils.trainer -   F_score: 0.31582
06/10/2026 16:00:52 - INFO - utils.trainer -   Loss: 12.64315
06/10/2026 16:00:52 - INFO - utils.trainer -    Train loss: 0.00331, Test loss: 12.64315,Epoch time = 2.509s
06/10/2026 16:00:55 - INFO - utils.trainer -   ***** Running evaluation on test2 dataset *****
06/10/2026 16:00:57 - INFO - utils.trainer -   AUC: 0.58792
06/10/2026 16:00:57 - INFO - utils.trainer -   Accuracy: 0.34615
06/10/2026 16:00:57 - INFO - utils.trainer -   Precision: 0.36390
06/10/2026 16:00:57 - INFO - utils.trainer -   Recall: 0.35271
06/10/2026 16:00:57 - INFO - utils.trainer -   F_score: 0.34381
06/10/2026 16:00:57 - INFO - utils.trainer -   Loss: 13.33258
06/10/2026 16:00:57 - INFO - utils.trainer -    Train loss: 0.00167, Test loss: 13.33258,Epoch time = 2.475s
06/10/2026 16:00:59 - INFO - utils.trainer -   ***** Running evaluation on test2 dataset *****
06/10/2026 16:01:01 - INFO - utils.trainer -   AUC: 0.57887
06/10/2026 16:01:01 - INFO - utils.trainer -   Accuracy: 0.32051
06/10/2026 16:01:01 - INFO - utils.trainer -   Precision: 0.33314
06/10/2026 16:01:01 - INFO - utils.trainer -   Recall: 0.31998
06/10/2026 16:01:01 - INFO - utils.trainer -   F_score: 0.31640
06/10/2026 16:01:01 - INFO - utils.trainer -   Loss: 13.11848
06/10/2026 16:01:01 - INFO - utils.trainer -    Train loss: 0.00086, Test loss: 13.11848,Epoch time = 2.425s
06/10/2026 16:01:03 - INFO - utils.trainer -   ***** Running evaluation on test2 dataset *****
06/10/2026 16:01:05 - INFO - utils.trainer -   AUC: 0.59005
06/10/2026 16:01:05 - INFO - utils.trainer -   Accuracy: 0.33333
06/10/2026 16:01:05 - INFO - utils.trainer -   Precision: 0.34830
06/10/2026 16:01:05 - INFO - utils.trainer -   Recall: 0.34095
06/10/2026 16:01:05 - INFO - utils.trainer -   F_score: 0.32887
06/10/2026 16:01:05 - INFO - utils.trainer -   Loss: 13.68528
06/10/2026 16:01:05 - INFO - utils.trainer -    Train loss: 0.00067, Test loss: 13.68528,Epoch time = 2.595s
06/10/2026 16:01:07 - INFO - utils.trainer -   ***** Running evaluation on test2 dataset *****
06/10/2026 16:01:09 - INFO - utils.trainer -   AUC: 0.57962
06/10/2026 16:01:09 - INFO - utils.trainer -   Accuracy: 0.34615
06/10/2026 16:01:09 - INFO - utils.trainer -   Precision: 0.36336
06/10/2026 16:01:09 - INFO - utils.trainer -   Recall: 0.34960
06/10/2026 16:01:09 - INFO - utils.trainer -   F_score: 0.34334
06/10/2026 16:01:09 - INFO - utils.trainer -   Loss: 13.00015
06/10/2026 16:01:09 - INFO - utils.trainer -    Train loss: 0.00040, Test loss: 13.00015,Epoch time = 2.419s
06/10/2026 16:01:12 - INFO - utils.trainer -   ***** Running evaluation on test2 dataset *****
06/10/2026 16:01:13 - INFO - utils.trainer -   AUC: 0.57397
06/10/2026 16:01:13 - INFO - utils.trainer -   Accuracy: 0.32692
06/10/2026 16:01:13 - INFO - utils.trainer -   Precision: 0.34619
06/10/2026 16:01:13 - INFO - utils.trainer -   Recall: 0.32904
06/10/2026 16:01:13 - INFO - utils.trainer -   F_score: 0.32489
06/10/2026 16:01:13 - INFO - utils.trainer -   Loss: 13.06010
06/10/2026 16:01:13 - INFO - utils.trainer -    Train loss: 0.00804, Test loss: 13.06010,Epoch time = 2.449s
06/10/2026 16:01:16 - INFO - utils.trainer -   ***** Running evaluation on test2 dataset *****
06/10/2026 16:01:17 - INFO - utils.trainer -   AUC: 0.58481
06/10/2026 16:01:17 - INFO - utils.trainer -   Accuracy: 0.32692
06/10/2026 16:01:17 - INFO - utils.trainer -   Precision: 0.35471
06/10/2026 16:01:17 - INFO - utils.trainer -   Recall: 0.32932
06/10/2026 16:01:17 - INFO - utils.trainer -   F_score: 0.32719
06/10/2026 16:01:17 - INFO - utils.trainer -   Loss: 13.62899
06/10/2026 16:01:18 - INFO - utils.trainer -    Train loss: 0.00067, Test loss: 13.62899,Epoch time = 2.490s
06/10/2026 16:01:20 - INFO - utils.trainer -   ***** Running evaluation on test2 dataset *****
06/10/2026 16:01:22 - INFO - utils.trainer -   AUC: 0.59699
06/10/2026 16:01:22 - INFO - utils.trainer -   Accuracy: 0.32692
06/10/2026 16:01:22 - INFO - utils.trainer -   Precision: 0.34741
06/10/2026 16:01:22 - INFO - utils.trainer -   Recall: 0.33202
06/10/2026 16:01:22 - INFO - utils.trainer -   F_score: 0.32427
06/10/2026 16:01:22 - INFO - utils.trainer -   Loss: 13.38313
06/10/2026 16:01:22 - INFO - utils.trainer -    Train loss: 0.00049, Test loss: 13.38313,Epoch time = 2.457s
06/10/2026 16:01:24 - INFO - utils.trainer -   ***** Running evaluation on test2 dataset *****
06/10/2026 16:01:26 - INFO - utils.trainer -   AUC: 0.55995
06/10/2026 16:01:26 - INFO - utils.trainer -   Accuracy: 0.31410
06/10/2026 16:01:26 - INFO - utils.trainer -   Precision: 0.33648
06/10/2026 16:01:26 - INFO - utils.trainer -   Recall: 0.32053
06/10/2026 16:01:26 - INFO - utils.trainer -   F_score: 0.31500
06/10/2026 16:01:26 - INFO - utils.trainer -   Loss: 13.96293
06/10/2026 16:01:26 - INFO - utils.trainer -    Train loss: 0.00064, Test loss: 13.96293,Epoch time = 2.421s
06/10/2026 16:01:28 - INFO - utils.trainer -   ***** Running evaluation on test2 dataset *****
06/10/2026 16:01:30 - INFO - utils.trainer -   AUC: 0.58460
06/10/2026 16:01:30 - INFO - utils.trainer -   Accuracy: 0.30769
06/10/2026 16:01:30 - INFO - utils.trainer -   Precision: 0.33042
06/10/2026 16:01:30 - INFO - utils.trainer -   Recall: 0.31174
06/10/2026 16:01:30 - INFO - utils.trainer -   F_score: 0.30811
06/10/2026 16:01:30 - INFO - utils.trainer -   Loss: 13.44489
06/10/2026 16:01:30 - INFO - utils.trainer -    Train loss: 0.00156, Test loss: 13.44489,Epoch time = 2.543s
06/10/2026 16:01:33 - INFO - utils.trainer -   ***** Running evaluation on test2 dataset *****
06/10/2026 16:01:34 - INFO - utils.trainer -   AUC: 0.57186
06/10/2026 16:01:34 - INFO - utils.trainer -   Accuracy: 0.30128
06/10/2026 16:01:34 - INFO - utils.trainer -   Precision: 0.32108
06/10/2026 16:01:34 - INFO - utils.trainer -   Recall: 0.30551
06/10/2026 16:01:34 - INFO - utils.trainer -   F_score: 0.30005
06/10/2026 16:01:34 - INFO - utils.trainer -   Loss: 12.94789
06/10/2026 16:01:34 - INFO - utils.trainer -    Train loss: 0.01000, Test loss: 12.94789,Epoch time = 2.543s
06/10/2026 16:01:37 - INFO - utils.trainer -   ***** Running evaluation on test2 dataset *****
06/10/2026 16:01:39 - INFO - utils.trainer -   AUC: 0.59156
06/10/2026 16:01:39 - INFO - utils.trainer -   Accuracy: 0.32692
06/10/2026 16:01:39 - INFO - utils.trainer -   Precision: 0.34156
06/10/2026 16:01:39 - INFO - utils.trainer -   Recall: 0.33513
06/10/2026 16:01:39 - INFO - utils.trainer -   F_score: 0.32349
06/10/2026 16:01:39 - INFO - utils.trainer -   Loss: 12.68865
06/10/2026 16:01:39 - INFO - utils.trainer -    Train loss: 0.00073, Test loss: 12.68865,Epoch time = 2.451s
06/10/2026 16:01:41 - INFO - utils.trainer -   ***** Running evaluation on test2 dataset *****
06/10/2026 16:01:43 - INFO - utils.trainer -   AUC: 0.59892
06/10/2026 16:01:43 - INFO - utils.trainer -   Accuracy: 0.33974
06/10/2026 16:01:43 - INFO - utils.trainer -   Precision: 0.35962
06/10/2026 16:01:43 - INFO - utils.trainer -   Recall: 0.34067
06/10/2026 16:01:43 - INFO - utils.trainer -   F_score: 0.33733
06/10/2026 16:01:43 - INFO - utils.trainer -   Loss: 13.17917
06/10/2026 16:01:43 - INFO - utils.trainer -    Train loss: 0.00445, Test loss: 13.17917,Epoch time = 2.450s
06/10/2026 16:01:45 - INFO - utils.trainer -   ***** Running evaluation on test2 dataset *****
06/10/2026 16:01:47 - INFO - utils.trainer -   AUC: 0.57221
06/10/2026 16:01:47 - INFO - utils.trainer -   Accuracy: 0.33333
06/10/2026 16:01:47 - INFO - utils.trainer -   Precision: 0.34200
06/10/2026 16:01:47 - INFO - utils.trainer -   Recall: 0.33174
06/10/2026 16:01:47 - INFO - utils.trainer -   F_score: 0.32946
06/10/2026 16:01:47 - INFO - utils.trainer -   Loss: 13.49963
06/10/2026 16:01:47 - INFO - utils.trainer -    Train loss: 0.00060, Test loss: 13.49963,Epoch time = 2.494s
06/10/2026 16:01:50 - INFO - utils.trainer -   ***** Running evaluation on test2 dataset *****
06/10/2026 16:01:51 - INFO - utils.trainer -   AUC: 0.58923
06/10/2026 16:01:51 - INFO - utils.trainer -   Accuracy: 0.33333
06/10/2026 16:01:51 - INFO - utils.trainer -   Precision: 0.34438
06/10/2026 16:01:51 - INFO - utils.trainer -   Recall: 0.33486
06/10/2026 16:01:51 - INFO - utils.trainer -   F_score: 0.32987
06/10/2026 16:01:51 - INFO - utils.trainer -   Loss: 13.84340
06/10/2026 16:01:51 - INFO - utils.trainer -    Train loss: 0.00293, Test loss: 13.84340,Epoch time = 2.523s
06/10/2026 16:01:54 - INFO - utils.trainer -   ***** Running evaluation on test2 dataset *****
06/10/2026 16:01:56 - INFO - utils.trainer -   AUC: 0.57963
06/10/2026 16:01:56 - INFO - utils.trainer -   Accuracy: 0.32051
06/10/2026 16:01:56 - INFO - utils.trainer -   Precision: 0.33886
06/10/2026 16:01:56 - INFO - utils.trainer -   Recall: 0.32011
06/10/2026 16:01:56 - INFO - utils.trainer -   F_score: 0.31847
06/10/2026 16:01:56 - INFO - utils.trainer -   Loss: 15.14282
06/10/2026 16:01:56 - INFO - utils.trainer -    Train loss: 0.00027, Test loss: 15.14282,Epoch time = 2.547s
06/10/2026 16:01:58 - INFO - utils.trainer -   ***** Running evaluation on test2 dataset *****
06/10/2026 16:02:00 - INFO - utils.trainer -   AUC: 0.57781
06/10/2026 16:02:00 - INFO - utils.trainer -   Accuracy: 0.31410
06/10/2026 16:02:00 - INFO - utils.trainer -   Precision: 0.32909
06/10/2026 16:02:00 - INFO - utils.trainer -   Recall: 0.32025
06/10/2026 16:02:00 - INFO - utils.trainer -   F_score: 0.31049
06/10/2026 16:02:00 - INFO - utils.trainer -   Loss: 14.03388
06/10/2026 16:02:00 - INFO - utils.trainer -    Train loss: 0.00078, Test loss: 14.03388,Epoch time = 2.499s
06/10/2026 16:02:02 - INFO - utils.trainer -   ***** Running evaluation on test2 dataset *****
06/10/2026 16:02:04 - INFO - utils.trainer -   AUC: 0.58114
06/10/2026 16:02:04 - INFO - utils.trainer -   Accuracy: 0.31410
06/10/2026 16:02:04 - INFO - utils.trainer -   Precision: 0.33417
06/10/2026 16:02:04 - INFO - utils.trainer -   Recall: 0.31728
06/10/2026 16:02:04 - INFO - utils.trainer -   F_score: 0.31042
06/10/2026 16:02:04 - INFO - utils.trainer -   Loss: 13.36849
06/10/2026 16:02:04 - INFO - utils.trainer -    Train loss: 0.00099, Test loss: 13.36849,Epoch time = 2.495s
06/10/2026 16:02:06 - INFO - utils.trainer -   ***** Running evaluation on test2 dataset *****
06/10/2026 16:02:08 - INFO - utils.trainer -   AUC: 0.57566
06/10/2026 16:02:08 - INFO - utils.trainer -   Accuracy: 0.32692
06/10/2026 16:02:08 - INFO - utils.trainer -   Precision: 0.34126
06/10/2026 16:02:08 - INFO - utils.trainer -   Recall: 0.33852
06/10/2026 16:02:08 - INFO - utils.trainer -   F_score: 0.32465
06/10/2026 16:02:08 - INFO - utils.trainer -   Loss: 14.62509
06/10/2026 16:02:08 - INFO - utils.trainer -    Train loss: 0.00045, Test loss: 14.62509,Epoch time = 2.469s
06/10/2026 16:02:11 - INFO - utils.trainer -   ***** Running evaluation on test2 dataset *****
06/10/2026 16:02:12 - INFO - utils.trainer -   AUC: 0.58460
06/10/2026 16:02:12 - INFO - utils.trainer -   Accuracy: 0.30769
06/10/2026 16:02:12 - INFO - utils.trainer -   Precision: 0.31527
06/10/2026 16:02:12 - INFO - utils.trainer -   Recall: 0.31132
06/10/2026 16:02:12 - INFO - utils.trainer -   F_score: 0.30075
06/10/2026 16:02:12 - INFO - utils.trainer -   Loss: 13.10432
06/10/2026 16:02:12 - INFO - utils.trainer -    Train loss: 0.00103, Test loss: 13.10432,Epoch time = 2.533s
06/10/2026 16:02:15 - INFO - utils.trainer -   ***** Running evaluation on test2 dataset *****
06/10/2026 16:02:17 - INFO - utils.trainer -   AUC: 0.56444
06/10/2026 16:02:17 - INFO - utils.trainer -   Accuracy: 0.32051
06/10/2026 16:02:17 - INFO - utils.trainer -   Precision: 0.33111
06/10/2026 16:02:17 - INFO - utils.trainer -   Recall: 0.32932
06/10/2026 16:02:17 - INFO - utils.trainer -   F_score: 0.31763
06/10/2026 16:02:17 - INFO - utils.trainer -   Loss: 13.92173
06/10/2026 16:02:17 - INFO - utils.trainer -    Train loss: 0.00095, Test loss: 13.92173,Epoch time = 2.513s
06/10/2026 16:02:19 - INFO - utils.trainer -   ***** Running evaluation on test2 dataset *****
06/10/2026 16:02:21 - INFO - utils.trainer -   AUC: 0.58371
06/10/2026 16:02:21 - INFO - utils.trainer -   Accuracy: 0.32692
06/10/2026 16:02:21 - INFO - utils.trainer -   Precision: 0.34339
06/10/2026 16:02:21 - INFO - utils.trainer -   Recall: 0.33513
06/10/2026 16:02:21 - INFO - utils.trainer -   F_score: 0.32328
06/10/2026 16:02:21 - INFO - utils.trainer -   Loss: 14.17760
06/10/2026 16:02:21 - INFO - utils.trainer -    Train loss: 0.00078, Test loss: 14.17760,Epoch time = 2.445s
06/10/2026 16:02:23 - INFO - utils.trainer -   ***** Running evaluation on test2 dataset *****
06/10/2026 16:02:25 - INFO - utils.trainer -   AUC: 0.57725
06/10/2026 16:02:25 - INFO - utils.trainer -   Accuracy: 0.31410
06/10/2026 16:02:25 - INFO - utils.trainer -   Precision: 0.33426
06/10/2026 16:02:25 - INFO - utils.trainer -   Recall: 0.31430
06/10/2026 16:02:25 - INFO - utils.trainer -   F_score: 0.31271
06/10/2026 16:02:25 - INFO - utils.trainer -   Loss: 14.04272
06/10/2026 16:02:25 - INFO - utils.trainer -    Train loss: 0.00025, Test loss: 14.04272,Epoch time = 2.514s
06/10/2026 16:02:28 - INFO - utils.trainer -   ***** Running evaluation on test2 dataset *****
06/10/2026 16:02:29 - INFO - utils.trainer -   AUC: 0.57293
06/10/2026 16:02:29 - INFO - utils.trainer -   Accuracy: 0.32051
06/10/2026 16:02:29 - INFO - utils.trainer -   Precision: 0.34134
06/10/2026 16:02:29 - INFO - utils.trainer -   Recall: 0.32323
06/10/2026 16:02:29 - INFO - utils.trainer -   F_score: 0.31748
06/10/2026 16:02:29 - INFO - utils.trainer -   Loss: 13.80479
06/10/2026 16:02:29 - INFO - utils.trainer -    Train loss: 0.00121, Test loss: 13.80479,Epoch time = 2.582s
06/10/2026 16:02:32 - INFO - utils.trainer -   ***** Running evaluation on test2 dataset *****
06/10/2026 16:02:34 - INFO - utils.trainer -   AUC: 0.59117
06/10/2026 16:02:34 - INFO - utils.trainer -   Accuracy: 0.32051
06/10/2026 16:02:34 - INFO - utils.trainer -   Precision: 0.33877
06/10/2026 16:02:34 - INFO - utils.trainer -   Recall: 0.32025
06/10/2026 16:02:34 - INFO - utils.trainer -   F_score: 0.31879
06/10/2026 16:02:34 - INFO - utils.trainer -   Loss: 13.55006
06/10/2026 16:02:34 - INFO - utils.trainer -    Train loss: 0.00145, Test loss: 13.55006,Epoch time = 2.570s
06/10/2026 16:02:36 - INFO - utils.trainer -   ***** Running evaluation on test2 dataset *****
06/10/2026 16:02:38 - INFO - utils.trainer -   AUC: 0.59290
06/10/2026 16:02:38 - INFO - utils.trainer -   Accuracy: 0.32051
06/10/2026 16:02:38 - INFO - utils.trainer -   Precision: 0.33710
06/10/2026 16:02:38 - INFO - utils.trainer -   Recall: 0.32011
06/10/2026 16:02:38 - INFO - utils.trainer -   F_score: 0.31881
06/10/2026 16:02:38 - INFO - utils.trainer -   Loss: 12.46901
06/10/2026 16:02:38 - INFO - utils.trainer -    Train loss: 0.00092, Test loss: 12.46901,Epoch time = 2.599s
06/10/2026 16:02:41 - INFO - utils.trainer -   ***** Running evaluation on test2 dataset *****
06/10/2026 16:02:42 - INFO - utils.trainer -   AUC: 0.57952
06/10/2026 16:02:42 - INFO - utils.trainer -   Accuracy: 0.30769
06/10/2026 16:02:42 - INFO - utils.trainer -   Precision: 0.31992
06/10/2026 16:02:42 - INFO - utils.trainer -   Recall: 0.31188
06/10/2026 16:02:42 - INFO - utils.trainer -   F_score: 0.30684
06/10/2026 16:02:42 - INFO - utils.trainer -   Loss: 14.29027
06/10/2026 16:02:42 - INFO - utils.trainer -    Train loss: 0.00551, Test loss: 14.29027,Epoch time = 2.523s
06/10/2026 16:02:45 - INFO - utils.trainer -   ***** Running evaluation on test2 dataset *****
06/10/2026 16:02:47 - INFO - utils.trainer -   AUC: 0.58325
06/10/2026 16:02:47 - INFO - utils.trainer -   Accuracy: 0.32692
06/10/2026 16:02:47 - INFO - utils.trainer -   Precision: 0.34328
06/10/2026 16:02:47 - INFO - utils.trainer -   Recall: 0.32904
06/10/2026 16:02:47 - INFO - utils.trainer -   F_score: 0.32343
06/10/2026 16:02:47 - INFO - utils.trainer -   Loss: 14.38717
06/10/2026 16:02:47 - INFO - utils.trainer -    Train loss: 0.00565, Test loss: 14.38717,Epoch time = 2.465s
06/10/2026 16:02:49 - INFO - utils.trainer -   ***** Running evaluation on test2 dataset *****
06/10/2026 16:02:51 - INFO - utils.trainer -   AUC: 0.59245
06/10/2026 16:02:51 - INFO - utils.trainer -   Accuracy: 0.30128
06/10/2026 16:02:51 - INFO - utils.trainer -   Precision: 0.31869
06/10/2026 16:02:51 - INFO - utils.trainer -   Recall: 0.30579
06/10/2026 16:02:51 - INFO - utils.trainer -   F_score: 0.30011
06/10/2026 16:02:51 - INFO - utils.trainer -   Loss: 13.36425
06/10/2026 16:02:51 - INFO - utils.trainer -    Train loss: 0.00289, Test loss: 13.36425,Epoch time = 2.563s
06/10/2026 16:02:53 - INFO - utils.trainer -   ***** Running evaluation on test2 dataset *****
06/10/2026 16:02:55 - INFO - utils.trainer -   AUC: 0.59651
06/10/2026 16:02:55 - INFO - utils.trainer -   Accuracy: 0.32692
06/10/2026 16:02:55 - INFO - utils.trainer -   Precision: 0.34369
06/10/2026 16:02:55 - INFO - utils.trainer -   Recall: 0.32918
06/10/2026 16:02:55 - INFO - utils.trainer -   F_score: 0.32615
06/10/2026 16:02:55 - INFO - utils.trainer -   Loss: 14.15251
06/10/2026 16:02:55 - INFO - utils.trainer -    Train loss: 0.00113, Test loss: 14.15251,Epoch time = 2.513s
06/10/2026 16:02:58 - INFO - utils.trainer -   ***** Running evaluation on test2 dataset *****
06/10/2026 16:02:59 - INFO - utils.trainer -   AUC: 0.59577
06/10/2026 16:02:59 - INFO - utils.trainer -   Accuracy: 0.32051
06/10/2026 16:02:59 - INFO - utils.trainer -   Precision: 0.33628
06/10/2026 16:02:59 - INFO - utils.trainer -   Recall: 0.32309
06/10/2026 16:02:59 - INFO - utils.trainer -   F_score: 0.31718
06/10/2026 16:02:59 - INFO - utils.trainer -   Loss: 13.62887
06/10/2026 16:02:59 - INFO - utils.trainer -    Train loss: 0.00065, Test loss: 13.62887,Epoch time = 2.489s
06/10/2026 16:03:02 - INFO - utils.trainer -   ***** Running evaluation on test2 dataset *****
06/10/2026 16:03:04 - INFO - utils.trainer -   AUC: 0.57052
06/10/2026 16:03:04 - INFO - utils.trainer -   Accuracy: 0.30769
06/10/2026 16:03:04 - INFO - utils.trainer -   Precision: 0.32166
06/10/2026 16:03:04 - INFO - utils.trainer -   Recall: 0.31160
06/10/2026 16:03:04 - INFO - utils.trainer -   F_score: 0.30287
06/10/2026 16:03:04 - INFO - utils.trainer -   Loss: 14.89638
06/10/2026 16:03:04 - INFO - utils.trainer -    Train loss: 0.00762, Test loss: 14.89638,Epoch time = 2.582s
06/10/2026 16:03:06 - INFO - utils.trainer -   ***** Running evaluation on test2 dataset *****
06/10/2026 16:03:08 - INFO - utils.trainer -   AUC: 0.58993
06/10/2026 16:03:08 - INFO - utils.trainer -   Accuracy: 0.33974
06/10/2026 16:03:08 - INFO - utils.trainer -   Precision: 0.34727
06/10/2026 16:03:08 - INFO - utils.trainer -   Recall: 0.34378
06/10/2026 16:03:08 - INFO - utils.trainer -   F_score: 0.33642
06/10/2026 16:03:08 - INFO - utils.trainer -   Loss: 13.98359
06/10/2026 16:03:08 - INFO - utils.trainer -    Train loss: 0.00419, Test loss: 13.98359,Epoch time = 2.462s
06/10/2026 16:03:10 - INFO - utils.trainer -   ***** Running evaluation on test2 dataset *****
06/10/2026 16:03:12 - INFO - utils.trainer -   AUC: 0.57409
06/10/2026 16:03:12 - INFO - utils.trainer -   Accuracy: 0.33333
06/10/2026 16:03:12 - INFO - utils.trainer -   Precision: 0.34407
06/10/2026 16:03:12 - INFO - utils.trainer -   Recall: 0.33472
06/10/2026 16:03:12 - INFO - utils.trainer -   F_score: 0.33003
06/10/2026 16:03:12 - INFO - utils.trainer -   Loss: 14.82266
06/10/2026 16:03:12 - INFO - utils.trainer -    Train loss: 0.00018, Test loss: 14.82266,Epoch time = 2.442s
06/10/2026 16:03:14 - INFO - utils.trainer -   ***** Running evaluation on test2 dataset *****
06/10/2026 16:03:16 - INFO - utils.trainer -   AUC: 0.56866
06/10/2026 16:03:16 - INFO - utils.trainer -   Accuracy: 0.32692
06/10/2026 16:03:16 - INFO - utils.trainer -   Precision: 0.33554
06/10/2026 16:03:16 - INFO - utils.trainer -   Recall: 0.32607
06/10/2026 16:03:16 - INFO - utils.trainer -   F_score: 0.32383
06/10/2026 16:03:16 - INFO - utils.trainer -   Loss: 14.97176
06/10/2026 16:03:16 - INFO - utils.trainer -    Train loss: 0.00089, Test loss: 14.97176,Epoch time = 2.406s
06/10/2026 16:03:18 - INFO - utils.trainer -   ***** Running evaluation on test2 dataset *****
06/10/2026 16:03:20 - INFO - utils.trainer -   AUC: 0.58676
06/10/2026 16:03:20 - INFO - utils.trainer -   Accuracy: 0.32692
06/10/2026 16:03:20 - INFO - utils.trainer -   Precision: 0.33880
06/10/2026 16:03:20 - INFO - utils.trainer -   Recall: 0.32593
06/10/2026 16:03:20 - INFO - utils.trainer -   F_score: 0.32368
06/10/2026 16:03:20 - INFO - utils.trainer -   Loss: 12.62030
06/10/2026 16:03:20 - INFO - utils.trainer -    Train loss: 0.00043, Test loss: 12.62030,Epoch time = 2.487s
06/10/2026 16:03:23 - INFO - utils.trainer -   ***** Running evaluation on test2 dataset *****
06/10/2026 16:03:24 - INFO - utils.trainer -   AUC: 0.56570
06/10/2026 16:03:24 - INFO - utils.trainer -   Accuracy: 0.31410
06/10/2026 16:03:24 - INFO - utils.trainer -   Precision: 0.32683
06/10/2026 16:03:24 - INFO - utils.trainer -   Recall: 0.31755
06/10/2026 16:03:24 - INFO - utils.trainer -   F_score: 0.31275
06/10/2026 16:03:24 - INFO - utils.trainer -   Loss: 14.61643
06/10/2026 16:03:24 - INFO - utils.trainer -    Train loss: 0.00113, Test loss: 14.61643,Epoch time = 2.502s
06/10/2026 16:03:27 - INFO - utils.trainer -   ***** Running evaluation on test2 dataset *****
06/10/2026 16:03:29 - INFO - utils.trainer -   AUC: 0.59222
06/10/2026 16:03:29 - INFO - utils.trainer -   Accuracy: 0.34615
06/10/2026 16:03:29 - INFO - utils.trainer -   Precision: 0.36136
06/10/2026 16:03:29 - INFO - utils.trainer -   Recall: 0.35583
06/10/2026 16:03:29 - INFO - utils.trainer -   F_score: 0.34343
06/10/2026 16:03:29 - INFO - utils.trainer -   Loss: 13.69100
06/10/2026 16:03:29 - INFO - utils.trainer -    Train loss: 0.00171, Test loss: 13.69100,Epoch time = 2.454s
06/10/2026 16:03:31 - INFO - utils.trainer -   ***** Running evaluation on test2 dataset *****
06/10/2026 16:03:33 - INFO - utils.trainer -   AUC: 0.58468
06/10/2026 16:03:33 - INFO - utils.trainer -   Accuracy: 0.33333
06/10/2026 16:03:33 - INFO - utils.trainer -   Precision: 0.34341
06/10/2026 16:03:33 - INFO - utils.trainer -   Recall: 0.33188
06/10/2026 16:03:33 - INFO - utils.trainer -   F_score: 0.33053
06/10/2026 16:03:33 - INFO - utils.trainer -   Loss: 13.87983
06/10/2026 16:03:33 - INFO - utils.trainer -    Train loss: 0.00372, Test loss: 13.87983,Epoch time = 2.485s
06/10/2026 16:03:35 - INFO - utils.trainer -   ***** Running evaluation on test2 dataset *****
06/10/2026 16:03:37 - INFO - utils.trainer -   AUC: 0.58976
06/10/2026 16:03:37 - INFO - utils.trainer -   Accuracy: 0.34615
06/10/2026 16:03:37 - INFO - utils.trainer -   Precision: 0.35831
06/10/2026 16:03:37 - INFO - utils.trainer -   Recall: 0.34974
06/10/2026 16:03:37 - INFO - utils.trainer -   F_score: 0.34368
06/10/2026 16:03:37 - INFO - utils.trainer -   Loss: 14.42912
06/10/2026 16:03:37 - INFO - utils.trainer -    Train loss: 0.00063, Test loss: 14.42912,Epoch time = 2.629s
06/10/2026 16:03:40 - INFO - utils.trainer -   ***** Running evaluation on test2 dataset *****
06/10/2026 16:03:41 - INFO - utils.trainer -   AUC: 0.57816
06/10/2026 16:03:41 - INFO - utils.trainer -   Accuracy: 0.30128
06/10/2026 16:03:41 - INFO - utils.trainer -   Precision: 0.31314
06/10/2026 16:03:41 - INFO - utils.trainer -   Recall: 0.29658
06/10/2026 16:03:41 - INFO - utils.trainer -   F_score: 0.29934
06/10/2026 16:03:41 - INFO - utils.trainer -   Loss: 13.83880
06/10/2026 16:03:41 - INFO - utils.trainer -    Train loss: 0.00144, Test loss: 13.83880,Epoch time = 2.542s
06/10/2026 16:03:44 - INFO - utils.trainer -   ***** Running evaluation on test2 dataset *****
06/10/2026 16:03:46 - INFO - utils.trainer -   AUC: 0.56761
06/10/2026 16:03:46 - INFO - utils.trainer -   Accuracy: 0.31410
06/10/2026 16:03:46 - INFO - utils.trainer -   Precision: 0.32576
06/10/2026 16:03:46 - INFO - utils.trainer -   Recall: 0.31755
06/10/2026 16:03:46 - INFO - utils.trainer -   F_score: 0.31310
06/10/2026 16:03:46 - INFO - utils.trainer -   Loss: 14.01795
06/10/2026 16:03:46 - INFO - utils.trainer -    Train loss: 0.00082, Test loss: 14.01795,Epoch time = 2.485s
06/10/2026 16:03:48 - INFO - utils.trainer -   ***** Running evaluation on test2 dataset *****
06/10/2026 16:03:50 - INFO - utils.trainer -   AUC: 0.56860
06/10/2026 16:03:50 - INFO - utils.trainer -   Accuracy: 0.33333
06/10/2026 16:03:50 - INFO - utils.trainer -   Precision: 0.34624
06/10/2026 16:03:50 - INFO - utils.trainer -   Recall: 0.33486
06/10/2026 16:03:50 - INFO - utils.trainer -   F_score: 0.32973
06/10/2026 16:03:50 - INFO - utils.trainer -   Loss: 14.39399
06/10/2026 16:03:50 - INFO - utils.trainer -    Train loss: 0.00065, Test loss: 14.39399,Epoch time = 2.459s
06/10/2026 16:03:52 - INFO - utils.trainer -   ***** Running evaluation on test2 dataset *****
06/10/2026 16:03:54 - INFO - utils.trainer -   AUC: 0.57489
06/10/2026 16:03:54 - INFO - utils.trainer -   Accuracy: 0.32692
06/10/2026 16:03:54 - INFO - utils.trainer -   Precision: 0.33798
06/10/2026 16:03:54 - INFO - utils.trainer -   Recall: 0.32904
06/10/2026 16:03:54 - INFO - utils.trainer -   F_score: 0.32414
06/10/2026 16:03:54 - INFO - utils.trainer -   Loss: 13.64924
06/10/2026 16:03:54 - INFO - utils.trainer -    Train loss: 0.00047, Test loss: 13.64924,Epoch time = 2.514s
06/10/2026 16:03:56 - INFO - utils.trainer -   ***** Running evaluation on test2 dataset *****
06/10/2026 16:03:58 - INFO - utils.trainer -   AUC: 0.57636
06/10/2026 16:03:58 - INFO - utils.trainer -   Accuracy: 0.33974
06/10/2026 16:03:58 - INFO - utils.trainer -   Precision: 0.36327
06/10/2026 16:03:58 - INFO - utils.trainer -   Recall: 0.34067
06/10/2026 16:03:58 - INFO - utils.trainer -   F_score: 0.33815
06/10/2026 16:03:58 - INFO - utils.trainer -   Loss: 14.23299
06/10/2026 16:03:58 - INFO - utils.trainer -    Train loss: 0.00134, Test loss: 14.23299,Epoch time = 2.484s
06/10/2026 16:04:01 - INFO - utils.trainer -   ***** Running evaluation on test2 dataset *****
06/10/2026 16:04:02 - INFO - utils.trainer -   AUC: 0.57788
06/10/2026 16:04:02 - INFO - utils.trainer -   Accuracy: 0.30128
06/10/2026 16:04:02 - INFO - utils.trainer -   Precision: 0.31008
06/10/2026 16:04:02 - INFO - utils.trainer -   Recall: 0.29658
06/10/2026 16:04:02 - INFO - utils.trainer -   F_score: 0.29791
06/10/2026 16:04:02 - INFO - utils.trainer -   Loss: 13.81274
06/10/2026 16:04:02 - INFO - utils.trainer -    Train loss: 0.00068, Test loss: 13.81274,Epoch time = 2.537s
06/10/2026 16:04:05 - INFO - utils.trainer -   ***** Running evaluation on test2 dataset *****
06/10/2026 16:04:07 - INFO - utils.trainer -   AUC: 0.57722
06/10/2026 16:04:07 - INFO - utils.trainer -   Accuracy: 0.32692
06/10/2026 16:04:07 - INFO - utils.trainer -   Precision: 0.34387
06/10/2026 16:04:07 - INFO - utils.trainer -   Recall: 0.33243
06/10/2026 16:04:07 - INFO - utils.trainer -   F_score: 0.32692
06/10/2026 16:04:07 - INFO - utils.trainer -   Loss: 13.71650
06/10/2026 16:04:07 - INFO - utils.trainer -    Train loss: 0.00071, Test loss: 13.71650,Epoch time = 2.480s
06/10/2026 16:04:09 - INFO - utils.trainer -   ***** Running evaluation on test2 dataset *****
06/10/2026 16:04:11 - INFO - utils.trainer -   AUC: 0.58089
06/10/2026 16:04:11 - INFO - utils.trainer -   Accuracy: 0.32051
06/10/2026 16:04:11 - INFO - utils.trainer -   Precision: 0.33801
06/10/2026 16:04:11 - INFO - utils.trainer -   Recall: 0.32323
06/10/2026 16:04:11 - INFO - utils.trainer -   F_score: 0.31810
06/10/2026 16:04:11 - INFO - utils.trainer -   Loss: 13.20170
06/10/2026 16:04:11 - INFO - utils.trainer -    Train loss: 0.00044, Test loss: 13.20170,Epoch time = 2.471s
06/10/2026 16:04:13 - INFO - utils.trainer -   ***** Running evaluation on test2 dataset *****
06/10/2026 16:04:15 - INFO - utils.trainer -   AUC: 0.56786
06/10/2026 16:04:15 - INFO - utils.trainer -   Accuracy: 0.31410
06/10/2026 16:04:15 - INFO - utils.trainer -   Precision: 0.32102
06/10/2026 16:04:15 - INFO - utils.trainer -   Recall: 0.31728
06/10/2026 16:04:15 - INFO - utils.trainer -   F_score: 0.31005
06/10/2026 16:04:15 - INFO - utils.trainer -   Loss: 13.61778
06/10/2026 16:04:15 - INFO - utils.trainer -    Train loss: 0.00051, Test loss: 13.61778,Epoch time = 2.450s
06/10/2026 16:04:18 - INFO - utils.trainer -   ***** Running evaluation on test2 dataset *****
06/10/2026 16:04:19 - INFO - utils.trainer -   AUC: 0.58302
06/10/2026 16:04:19 - INFO - utils.trainer -   Accuracy: 0.32051
06/10/2026 16:04:19 - INFO - utils.trainer -   Precision: 0.33060
06/10/2026 16:04:19 - INFO - utils.trainer -   Recall: 0.32337
06/10/2026 16:04:19 - INFO - utils.trainer -   F_score: 0.31856
06/10/2026 16:04:19 - INFO - utils.trainer -   Loss: 13.20415
06/10/2026 16:04:19 - INFO - utils.trainer -    Train loss: 0.00040, Test loss: 13.20415,Epoch time = 2.453s
06/10/2026 16:04:22 - INFO - utils.trainer -   ***** Running evaluation on test2 dataset *****
06/10/2026 16:04:24 - INFO - utils.trainer -   AUC: 0.57305
06/10/2026 16:04:24 - INFO - utils.trainer -   Accuracy: 0.32692
06/10/2026 16:04:24 - INFO - utils.trainer -   Precision: 0.33844
06/10/2026 16:04:24 - INFO - utils.trainer -   Recall: 0.32281
06/10/2026 16:04:24 - INFO - utils.trainer -   F_score: 0.32343
06/10/2026 16:04:24 - INFO - utils.trainer -   Loss: 14.15747
06/10/2026 16:04:24 - INFO - utils.trainer -    Train loss: 0.00157, Test loss: 14.15747,Epoch time = 2.530s
06/10/2026 16:04:26 - INFO - utils.trainer -   ***** Running evaluation on test2 dataset *****
06/10/2026 16:04:28 - INFO - utils.trainer -   AUC: 0.59070
06/10/2026 16:04:28 - INFO - utils.trainer -   Accuracy: 0.35256
06/10/2026 16:04:28 - INFO - utils.trainer -   Precision: 0.36527
06/10/2026 16:04:28 - INFO - utils.trainer -   Recall: 0.35555
06/10/2026 16:04:28 - INFO - utils.trainer -   F_score: 0.34966
06/10/2026 16:04:28 - INFO - utils.trainer -   Loss: 13.27998
06/10/2026 16:04:28 - INFO - utils.trainer -    Train loss: 0.00120, Test loss: 13.27998,Epoch time = 2.437s
06/10/2026 16:04:30 - INFO - utils.trainer -   ***** Running evaluation on test2 dataset *****
06/10/2026 16:04:32 - INFO - utils.trainer -   AUC: 0.58958
06/10/2026 16:04:32 - INFO - utils.trainer -   Accuracy: 0.33333
06/10/2026 16:04:32 - INFO - utils.trainer -   Precision: 0.34551
06/10/2026 16:04:32 - INFO - utils.trainer -   Recall: 0.33783
06/10/2026 16:04:32 - INFO - utils.trainer -   F_score: 0.32948
06/10/2026 16:04:32 - INFO - utils.trainer -   Loss: 13.42915
06/10/2026 16:04:32 - INFO - utils.trainer -    Train loss: 0.00046, Test loss: 13.42915,Epoch time = 2.467s
06/10/2026 16:04:34 - INFO - utils.trainer -   ***** Running evaluation on test2 dataset *****
06/10/2026 16:04:36 - INFO - utils.trainer -   AUC: 0.58203
06/10/2026 16:04:36 - INFO - utils.trainer -   Accuracy: 0.31410
06/10/2026 16:04:36 - INFO - utils.trainer -   Precision: 0.33631
06/10/2026 16:04:36 - INFO - utils.trainer -   Recall: 0.31741
06/10/2026 16:04:36 - INFO - utils.trainer -   F_score: 0.31348
06/10/2026 16:04:36 - INFO - utils.trainer -   Loss: 14.19985
06/10/2026 16:04:36 - INFO - utils.trainer -    Train loss: 0.00258, Test loss: 14.19985,Epoch time = 2.519s
06/10/2026 16:04:39 - INFO - utils.trainer -   ***** Running evaluation on test2 dataset *****
06/10/2026 16:04:41 - INFO - utils.trainer -   AUC: 0.58751
06/10/2026 16:04:41 - INFO - utils.trainer -   Accuracy: 0.33974
06/10/2026 16:04:41 - INFO - utils.trainer -   Precision: 0.35012
06/10/2026 16:04:41 - INFO - utils.trainer -   Recall: 0.34392
06/10/2026 16:04:41 - INFO - utils.trainer -   F_score: 0.33750
06/10/2026 16:04:41 - INFO - utils.trainer -   Loss: 14.07513
06/10/2026 16:04:41 - INFO - utils.trainer -    Train loss: 0.00046, Test loss: 14.07513,Epoch time = 2.582s
