06/17/2026 09:47:49 - INFO - __main__ -   ########## Repeat:0 ##########
06/17/2026 09:47:49 - INFO - utils.trainer -   ***** Running training *****
06/17/2026 09:47:49 - INFO - utils.trainer -     Num examples = 78
06/17/2026 09:47:49 - INFO - utils.trainer -     Num Epochs = 200
06/17/2026 09:47:49 - INFO - utils.trainer -     Total train batch size = 4
06/17/2026 09:47:49 - INFO - utils.trainer -     warmup steps = 400
06/17/2026 09:47:49 - INFO - utils.trainer -     Total optimization steps = 15600
06/17/2026 09:47:49 - INFO - utils.trainer -     Save steps = 50
06/17/2026 09:47:49 - INFO - root -   Parameters [normal] length [635]
06/17/2026 09:47:50 - WARNING - transformers_modules.chatglm-6b.modeling_chatglm -   `use_cache=True` is incompatible with gradient checkpointing. Setting `use_cache=False`...
06/17/2026 09:49:23 - INFO - utils.trainer -   ***** Running evaluation on test0 dataset *****
06/17/2026 09:49:41 - INFO - utils.trainer -   AUC: 0.55412
06/17/2026 09:49:41 - INFO - utils.trainer -   Accuracy: 0.27848
06/17/2026 09:49:41 - INFO - utils.trainer -   Precision: 0.21291
06/17/2026 09:49:41 - INFO - utils.trainer -   Recall: 0.29945
06/17/2026 09:49:41 - INFO - utils.trainer -   F_score: 0.21802
06/17/2026 09:49:41 - INFO - utils.trainer -   Cla Loss: 1.41978
06/17/2026 09:49:41 - INFO - utils.trainer -   MMS Loss: 0.05921
06/17/2026 09:49:41 - INFO - utils.trainer -   Cons Loss: 0.00002
06/17/2026 09:49:41 - INFO - utils.trainer -   Div Loss: 0.00006
06/17/2026 09:49:41 - INFO - utils.trainer -   Sparsity Loss: 0.21572
06/17/2026 09:49:41 - INFO - utils.trainer -     state_dict: 330 tensors, 113.4 MB (trainable + buffers only)
06/17/2026 09:49:41 - INFO - utils.trainer -   Model saved to output_dir/LDDE2th
06/17/2026 09:49:41 - INFO - utils.trainer -   Best model saved (acc=0.2785)
06/17/2026 09:49:41 - INFO - utils.trainer -   Epoch: 1 [A], Cla: 1.40236, MMS: 0.11868, Cons: 0.00029, Div: 0.00010, Sparsity: 0.21370, Acc: 0.2785, Best: 0.2785, Time: 93.5s
06/17/2026 09:51:15 - INFO - utils.trainer -   ***** Running evaluation on test0 dataset *****
06/17/2026 09:51:33 - INFO - utils.trainer -   AUC: 0.57280
06/17/2026 09:51:33 - INFO - utils.trainer -   Accuracy: 0.26582
06/17/2026 09:51:33 - INFO - utils.trainer -   Precision: 0.27609
06/17/2026 09:51:33 - INFO - utils.trainer -   Recall: 0.28541
06/17/2026 09:51:33 - INFO - utils.trainer -   F_score: 0.20986
06/17/2026 09:51:33 - INFO - utils.trainer -   Cla Loss: 1.39843
06/17/2026 09:51:33 - INFO - utils.trainer -   MMS Loss: 0.05536
06/17/2026 09:51:33 - INFO - utils.trainer -   Cons Loss: 0.00001
06/17/2026 09:51:33 - INFO - utils.trainer -   Div Loss: 0.00006
06/17/2026 09:51:33 - INFO - utils.trainer -   Sparsity Loss: 0.26261
06/17/2026 09:51:33 - INFO - utils.trainer -   Epoch: 2 [A], Cla: 1.37128, MMS: 0.07094, Cons: 0.00004, Div: 0.00007, Sparsity: 0.24393, Acc: 0.2658, Best: 0.2785, Time: 93.6s
06/17/2026 09:53:06 - INFO - utils.trainer -   ***** Running evaluation on test0 dataset *****
06/17/2026 09:53:24 - INFO - utils.trainer -   AUC: 0.56320
06/17/2026 09:53:24 - INFO - utils.trainer -   Accuracy: 0.24684
06/17/2026 09:53:24 - INFO - utils.trainer -   Precision: 0.24784
06/17/2026 09:53:24 - INFO - utils.trainer -   Recall: 0.26254
06/17/2026 09:53:24 - INFO - utils.trainer -   F_score: 0.21669
06/17/2026 09:53:24 - INFO - utils.trainer -   Cla Loss: 1.39207
06/17/2026 09:53:24 - INFO - utils.trainer -   MMS Loss: 0.05701
06/17/2026 09:53:24 - INFO - utils.trainer -   Cons Loss: 0.00001
06/17/2026 09:53:24 - INFO - utils.trainer -   Div Loss: 0.00007
06/17/2026 09:53:24 - INFO - utils.trainer -   Sparsity Loss: 0.29470
06/17/2026 09:53:24 - INFO - utils.trainer -   Epoch: 3 [A], Cla: 1.33664, MMS: 0.06430, Cons: 0.00003, Div: 0.00007, Sparsity: 0.29573, Acc: 0.2468, Best: 0.2785, Time: 93.7s
06/17/2026 09:54:58 - INFO - utils.trainer -   ***** Running evaluation on test0 dataset *****
06/17/2026 09:55:16 - INFO - utils.trainer -   AUC: 0.55555
06/17/2026 09:55:16 - INFO - utils.trainer -   Accuracy: 0.25316
06/17/2026 09:55:16 - INFO - utils.trainer -   Precision: 0.23103
06/17/2026 09:55:16 - INFO - utils.trainer -   Recall: 0.27166
06/17/2026 09:55:16 - INFO - utils.trainer -   F_score: 0.19129
06/17/2026 09:55:16 - INFO - utils.trainer -   Cla Loss: 1.41967
06/17/2026 09:55:16 - INFO - utils.trainer -   MMS Loss: 0.05292
06/17/2026 09:55:16 - INFO - utils.trainer -   Cons Loss: 0.00000
06/17/2026 09:55:16 - INFO - utils.trainer -   Div Loss: 0.00008
06/17/2026 09:55:16 - INFO - utils.trainer -   Sparsity Loss: 0.32581
06/17/2026 09:55:16 - INFO - utils.trainer -   Epoch: 4 [A], Cla: 1.29901, MMS: 0.06686, Cons: 0.00005, Div: 0.00007, Sparsity: 0.31777, Acc: 0.2532, Best: 0.2785, Time: 93.3s
06/17/2026 09:56:49 - INFO - utils.trainer -   ***** Running evaluation on test0 dataset *****
06/17/2026 09:57:07 - INFO - utils.trainer -   AUC: 0.56689
06/17/2026 09:57:07 - INFO - utils.trainer -   Accuracy: 0.27215
06/17/2026 09:57:07 - INFO - utils.trainer -   Precision: 0.33155
06/17/2026 09:57:07 - INFO - utils.trainer -   Recall: 0.28713
06/17/2026 09:57:07 - INFO - utils.trainer -   F_score: 0.23017
06/17/2026 09:57:07 - INFO - utils.trainer -   Cla Loss: 1.41890
06/17/2026 09:57:07 - INFO - utils.trainer -   MMS Loss: 0.05777
06/17/2026 09:57:07 - INFO - utils.trainer -   Cons Loss: 0.00000
06/17/2026 09:57:07 - INFO - utils.trainer -   Div Loss: 0.00007
06/17/2026 09:57:07 - INFO - utils.trainer -   Sparsity Loss: 0.35594
06/17/2026 09:57:07 - INFO - utils.trainer -   Epoch: 5 [A], Cla: 1.26645, MMS: 0.05987, Cons: 0.00003, Div: 0.00007, Sparsity: 0.35266, Acc: 0.2722, Best: 0.2785, Time: 93.5s
06/17/2026 09:58:41 - INFO - utils.trainer -   ***** Running evaluation on test0 dataset *****
06/17/2026 09:58:59 - INFO - utils.trainer -   AUC: 0.58355
06/17/2026 09:58:59 - INFO - utils.trainer -   Accuracy: 0.26582
06/17/2026 09:58:59 - INFO - utils.trainer -   Precision: 0.18115
06/17/2026 09:58:59 - INFO - utils.trainer -   Recall: 0.28273
06/17/2026 09:58:59 - INFO - utils.trainer -   F_score: 0.21359
06/17/2026 09:58:59 - INFO - utils.trainer -   Cla Loss: 1.40516
06/17/2026 09:58:59 - INFO - utils.trainer -   MMS Loss: 0.05233
06/17/2026 09:58:59 - INFO - utils.trainer -   Cons Loss: 0.00000
06/17/2026 09:58:59 - INFO - utils.trainer -   Div Loss: 0.00008
06/17/2026 09:58:59 - INFO - utils.trainer -   Sparsity Loss: 0.38029
06/17/2026 09:58:59 - INFO - utils.trainer -   Epoch: 6 [A], Cla: 1.23921, MMS: 0.05556, Cons: 0.00001, Div: 0.00008, Sparsity: 0.38150, Acc: 0.2658, Best: 0.2785, Time: 93.5s
06/17/2026 10:00:33 - INFO - utils.trainer -   ***** Running evaluation on test0 dataset *****
06/17/2026 10:00:51 - INFO - utils.trainer -   AUC: 0.58111
06/17/2026 10:00:51 - INFO - utils.trainer -   Accuracy: 0.27848
06/17/2026 10:00:51 - INFO - utils.trainer -   Precision: 0.27226
06/17/2026 10:00:51 - INFO - utils.trainer -   Recall: 0.29554
06/17/2026 10:00:51 - INFO - utils.trainer -   F_score: 0.22888
06/17/2026 10:00:51 - INFO - utils.trainer -   Cla Loss: 1.43322
06/17/2026 10:00:51 - INFO - utils.trainer -   MMS Loss: 0.05460
06/17/2026 10:00:51 - INFO - utils.trainer -   Cons Loss: 0.00000
06/17/2026 10:00:51 - INFO - utils.trainer -   Div Loss: 0.00008
06/17/2026 10:00:51 - INFO - utils.trainer -   Sparsity Loss: 0.41807
06/17/2026 10:00:51 - INFO - utils.trainer -   Epoch: 7 [A], Cla: 1.22023, MMS: 0.05037, Cons: 0.00001, Div: 0.00008, Sparsity: 0.40703, Acc: 0.2785, Best: 0.2785, Time: 93.7s
06/17/2026 10:02:24 - INFO - utils.trainer -   ***** Running evaluation on test0 dataset *****
06/17/2026 10:02:43 - INFO - utils.trainer -   AUC: 0.61782
06/17/2026 10:02:43 - INFO - utils.trainer -   Accuracy: 0.28481
06/17/2026 10:02:43 - INFO - utils.trainer -   Precision: 0.32720
06/17/2026 10:02:43 - INFO - utils.trainer -   Recall: 0.30029
06/17/2026 10:02:43 - INFO - utils.trainer -   F_score: 0.24433
06/17/2026 10:02:43 - INFO - utils.trainer -   Cla Loss: 1.38124
06/17/2026 10:02:43 - INFO - utils.trainer -   MMS Loss: 0.05050
06/17/2026 10:02:43 - INFO - utils.trainer -   Cons Loss: 0.00000
06/17/2026 10:02:43 - INFO - utils.trainer -   Div Loss: 0.00008
06/17/2026 10:02:43 - INFO - utils.trainer -   Sparsity Loss: 0.44760
06/17/2026 10:02:43 - INFO - utils.trainer -     state_dict: 330 tensors, 113.4 MB (trainable + buffers only)
06/17/2026 10:02:43 - INFO - utils.trainer -   Model saved to output_dir/LDDE2th
06/17/2026 10:02:43 - INFO - utils.trainer -   Best model saved (acc=0.2848)
06/17/2026 10:02:43 - INFO - utils.trainer -   Epoch: 8 [A], Cla: 1.19979, MMS: 0.05014, Cons: 0.00000, Div: 0.00008, Sparsity: 0.42767, Acc: 0.2848, Best: 0.2848, Time: 93.4s
06/17/2026 10:04:17 - INFO - utils.trainer -   ***** Running evaluation on test0 dataset *****
06/17/2026 10:04:35 - INFO - utils.trainer -   AUC: 0.60545
06/17/2026 10:04:35 - INFO - utils.trainer -   Accuracy: 0.29747
06/17/2026 10:04:35 - INFO - utils.trainer -   Precision: 0.19625
06/17/2026 10:04:35 - INFO - utils.trainer -   Recall: 0.31616
06/17/2026 10:04:35 - INFO - utils.trainer -   F_score: 0.23780
06/17/2026 10:04:35 - INFO - utils.trainer -   Cla Loss: 1.40827
06/17/2026 10:04:35 - INFO - utils.trainer -   MMS Loss: 0.05151
06/17/2026 10:04:35 - INFO - utils.trainer -   Cons Loss: 0.00000
06/17/2026 10:04:35 - INFO - utils.trainer -   Div Loss: 0.00008
06/17/2026 10:04:35 - INFO - utils.trainer -   Sparsity Loss: 0.45727
06/17/2026 10:04:35 - INFO - utils.trainer -     state_dict: 330 tensors, 113.4 MB (trainable + buffers only)
06/17/2026 10:04:35 - INFO - utils.trainer -   Model saved to output_dir/LDDE2th
06/17/2026 10:04:35 - INFO - utils.trainer -   Best model saved (acc=0.2975)
06/17/2026 10:04:35 - INFO - utils.trainer -   Epoch: 9 [A], Cla: 1.19059, MMS: 0.05074, Cons: 0.00000, Div: 0.00009, Sparsity: 0.45053, Acc: 0.2975, Best: 0.2975, Time: 93.8s
06/17/2026 10:06:08 - INFO - utils.trainer -   ***** Running evaluation on test0 dataset *****
06/17/2026 10:06:27 - INFO - utils.trainer -   AUC: 0.63528
06/17/2026 10:06:27 - INFO - utils.trainer -   Accuracy: 0.27848
06/17/2026 10:06:27 - INFO - utils.trainer -   Precision: 0.24504
06/17/2026 10:06:27 - INFO - utils.trainer -   Recall: 0.29489
06/17/2026 10:06:27 - INFO - utils.trainer -   F_score: 0.20569
06/17/2026 10:06:27 - INFO - utils.trainer -   Cla Loss: 1.38859
06/17/2026 10:06:27 - INFO - utils.trainer -   MMS Loss: 0.05004
06/17/2026 10:06:27 - INFO - utils.trainer -   Cons Loss: 0.00000
06/17/2026 10:06:27 - INFO - utils.trainer -   Div Loss: 0.00009
06/17/2026 10:06:27 - INFO - utils.trainer -   Sparsity Loss: 0.46944
06/17/2026 10:06:27 - INFO - utils.trainer -   Epoch: 10 [A], Cla: 1.19518, MMS: 0.05217, Cons: 0.00000, Div: 0.00009, Sparsity: 0.46606, Acc: 0.2785, Best: 0.2975, Time: 93.2s
06/17/2026 10:08:02 - INFO - utils.trainer -   ***** Running evaluation on test0 dataset *****
06/17/2026 10:08:20 - INFO - utils.trainer -   AUC: 0.52847
06/17/2026 10:08:20 - INFO - utils.trainer -   Accuracy: 0.24051
06/17/2026 10:08:20 - INFO - utils.trainer -   Precision: 0.25138
06/17/2026 10:08:20 - INFO - utils.trainer -   Recall: 0.25300
06/17/2026 10:08:20 - INFO - utils.trainer -   F_score: 0.22790
06/17/2026 10:08:20 - INFO - utils.trainer -   Cla Loss: 1.81383
06/17/2026 10:08:20 - INFO - utils.trainer -   MMS Loss: 0.05245
06/17/2026 10:08:20 - INFO - utils.trainer -   Cons Loss: 0.00000
06/17/2026 10:08:20 - INFO - utils.trainer -   Div Loss: 0.00009
06/17/2026 10:08:20 - INFO - utils.trainer -   Sparsity Loss: 0.42982
06/17/2026 10:08:20 - INFO - utils.trainer -   Epoch: 11 [B], Cla: 1.14947, MMS: 0.05739, Cons: 0.00005, Div: 0.00009, Sparsity: 0.44562, Acc: 0.2405, Best: 0.2975, Time: 95.0s
06/17/2026 10:09:55 - INFO - utils.trainer -   ***** Running evaluation on test0 dataset *****
06/17/2026 10:10:13 - INFO - utils.trainer -   AUC: 0.55307
06/17/2026 10:10:13 - INFO - utils.trainer -   Accuracy: 0.26582
06/17/2026 10:10:13 - INFO - utils.trainer -   Precision: 0.26831
06/17/2026 10:10:13 - INFO - utils.trainer -   Recall: 0.26556
06/17/2026 10:10:13 - INFO - utils.trainer -   F_score: 0.26034
06/17/2026 10:10:13 - INFO - utils.trainer -   Cla Loss: 1.86489
06/17/2026 10:10:13 - INFO - utils.trainer -   MMS Loss: 0.04998
06/17/2026 10:10:13 - INFO - utils.trainer -   Cons Loss: 0.00000
06/17/2026 10:10:13 - INFO - utils.trainer -   Div Loss: 0.00008
06/17/2026 10:10:13 - INFO - utils.trainer -   Sparsity Loss: 0.45956
06/17/2026 10:10:13 - INFO - utils.trainer -   Epoch: 12 [B], Cla: 0.60323, MMS: 0.04852, Cons: 0.00001, Div: 0.00009, Sparsity: 0.47103, Acc: 0.2658, Best: 0.2975, Time: 94.9s
06/17/2026 10:11:47 - INFO - utils.trainer -   ***** Running evaluation on test0 dataset *****
06/17/2026 10:12:05 - INFO - utils.trainer -   AUC: 0.53612
06/17/2026 10:12:05 - INFO - utils.trainer -   Accuracy: 0.27848
06/17/2026 10:12:05 - INFO - utils.trainer -   Precision: 0.25585
06/17/2026 10:12:05 - INFO - utils.trainer -   Recall: 0.28181
06/17/2026 10:12:05 - INFO - utils.trainer -   F_score: 0.24378
06/17/2026 10:12:05 - INFO - utils.trainer -   Cla Loss: 2.23069
06/17/2026 10:12:05 - INFO - utils.trainer -   MMS Loss: 0.05077
06/17/2026 10:12:05 - INFO - utils.trainer -   Cons Loss: 0.00000
06/17/2026 10:12:05 - INFO - utils.trainer -   Div Loss: 0.00010
06/17/2026 10:12:05 - INFO - utils.trainer -   Sparsity Loss: 0.48378
06/17/2026 10:12:05 - INFO - utils.trainer -   Epoch: 13 [B], Cla: 0.42079, MMS: 0.04595, Cons: 0.00000, Div: 0.00009, Sparsity: 0.47642, Acc: 0.2785, Best: 0.2975, Time: 94.5s
06/17/2026 10:13:40 - INFO - utils.trainer -   ***** Running evaluation on test0 dataset *****
06/17/2026 10:13:59 - INFO - utils.trainer -   AUC: 0.52266
06/17/2026 10:13:59 - INFO - utils.trainer -   Accuracy: 0.24051
06/17/2026 10:13:59 - INFO - utils.trainer -   Precision: 0.23756
06/17/2026 10:13:59 - INFO - utils.trainer -   Recall: 0.24261
06/17/2026 10:13:59 - INFO - utils.trainer -   F_score: 0.23058
06/17/2026 10:13:59 - INFO - utils.trainer -   Cla Loss: 2.36937
06/17/2026 10:13:59 - INFO - utils.trainer -   MMS Loss: 0.05504
06/17/2026 10:13:59 - INFO - utils.trainer -   Cons Loss: 0.00000
06/17/2026 10:13:59 - INFO - utils.trainer -   Div Loss: 0.00010
06/17/2026 10:13:59 - INFO - utils.trainer -   Sparsity Loss: 0.48755
06/17/2026 10:13:59 - INFO - utils.trainer -   Epoch: 14 [B], Cla: 0.41022, MMS: 0.04979, Cons: 0.00000, Div: 0.00010, Sparsity: 0.48669, Acc: 0.2405, Best: 0.2975, Time: 95.2s
06/17/2026 10:15:34 - INFO - utils.trainer -   ***** Running evaluation on test0 dataset *****
06/17/2026 10:15:52 - INFO - utils.trainer -   AUC: 0.47504
06/17/2026 10:15:52 - INFO - utils.trainer -   Accuracy: 0.22785
06/17/2026 10:15:52 - INFO - utils.trainer -   Precision: 0.21621
06/17/2026 10:15:52 - INFO - utils.trainer -   Recall: 0.23446
06/17/2026 10:15:52 - INFO - utils.trainer -   F_score: 0.21185
06/17/2026 10:15:52 - INFO - utils.trainer -   Cla Loss: 2.71374
06/17/2026 10:15:52 - INFO - utils.trainer -   MMS Loss: 0.06069
06/17/2026 10:15:52 - INFO - utils.trainer -   Cons Loss: 0.00000
06/17/2026 10:15:52 - INFO - utils.trainer -   Div Loss: 0.00009
06/17/2026 10:15:52 - INFO - utils.trainer -   Sparsity Loss: 0.49903
06/17/2026 10:15:52 - INFO - utils.trainer -   Epoch: 15 [B], Cla: 0.25249, MMS: 0.04463, Cons: 0.00000, Div: 0.00010, Sparsity: 0.49492, Acc: 0.2278, Best: 0.2975, Time: 94.9s
06/17/2026 10:17:27 - INFO - utils.trainer -   ***** Running evaluation on test0 dataset *****
06/17/2026 10:17:45 - INFO - utils.trainer -   AUC: 0.55619
06/17/2026 10:17:45 - INFO - utils.trainer -   Accuracy: 0.32278
06/17/2026 10:17:45 - INFO - utils.trainer -   Precision: 0.32744
06/17/2026 10:17:45 - INFO - utils.trainer -   Recall: 0.32382
06/17/2026 10:17:45 - INFO - utils.trainer -   F_score: 0.30395
06/17/2026 10:17:45 - INFO - utils.trainer -   Cla Loss: 2.52209
06/17/2026 10:17:45 - INFO - utils.trainer -   MMS Loss: 0.05085
06/17/2026 10:17:45 - INFO - utils.trainer -   Cons Loss: 0.00000
06/17/2026 10:17:45 - INFO - utils.trainer -   Div Loss: 0.00011
06/17/2026 10:17:45 - INFO - utils.trainer -   Sparsity Loss: 0.52175
06/17/2026 10:17:45 - INFO - utils.trainer -     state_dict: 350 tensors, 125.1 MB (trainable + buffers only)
06/17/2026 10:17:45 - INFO - utils.trainer -   Model saved to output_dir/LDDE2th
06/17/2026 10:17:45 - INFO - utils.trainer -   Best model saved (acc=0.3228)
06/17/2026 10:17:45 - INFO - utils.trainer -   Epoch: 16 [B], Cla: 0.24725, MMS: 0.04024, Cons: 0.00000, Div: 0.00010, Sparsity: 0.51339, Acc: 0.3228, Best: 0.3228, Time: 94.9s
06/17/2026 10:19:20 - INFO - utils.trainer -   ***** Running evaluation on test0 dataset *****
06/17/2026 10:19:38 - INFO - utils.trainer -   AUC: 0.52828
06/17/2026 10:19:38 - INFO - utils.trainer -   Accuracy: 0.29114
06/17/2026 10:19:38 - INFO - utils.trainer -   Precision: 0.26978
06/17/2026 10:19:38 - INFO - utils.trainer -   Recall: 0.28330
06/17/2026 10:19:38 - INFO - utils.trainer -   F_score: 0.26395
06/17/2026 10:19:38 - INFO - utils.trainer -   Cla Loss: 2.43997
06/17/2026 10:19:38 - INFO - utils.trainer -   MMS Loss: 0.05333
06/17/2026 10:19:38 - INFO - utils.trainer -   Cons Loss: 0.00000
06/17/2026 10:19:38 - INFO - utils.trainer -   Div Loss: 0.00012
06/17/2026 10:19:38 - INFO - utils.trainer -   Sparsity Loss: 0.53640
06/17/2026 10:19:38 - INFO - utils.trainer -   Epoch: 17 [B], Cla: 0.26202, MMS: 0.03943, Cons: 0.00000, Div: 0.00011, Sparsity: 0.53417, Acc: 0.2911, Best: 0.3228, Time: 94.8s
06/17/2026 10:21:13 - INFO - utils.trainer -   ***** Running evaluation on test0 dataset *****
06/17/2026 10:21:31 - INFO - utils.trainer -   AUC: 0.52914
06/17/2026 10:21:31 - INFO - utils.trainer -   Accuracy: 0.32911
06/17/2026 10:21:31 - INFO - utils.trainer -   Precision: 0.31432
06/17/2026 10:21:31 - INFO - utils.trainer -   Recall: 0.31817
06/17/2026 10:21:31 - INFO - utils.trainer -   F_score: 0.28320
06/17/2026 10:21:31 - INFO - utils.trainer -   Cla Loss: 2.82082
06/17/2026 10:21:31 - INFO - utils.trainer -   MMS Loss: 0.05584
06/17/2026 10:21:31 - INFO - utils.trainer -   Cons Loss: 0.00000
06/17/2026 10:21:31 - INFO - utils.trainer -   Div Loss: 0.00010
06/17/2026 10:21:31 - INFO - utils.trainer -   Sparsity Loss: 0.54892
06/17/2026 10:21:31 - INFO - utils.trainer -     state_dict: 350 tensors, 125.1 MB (trainable + buffers only)
06/17/2026 10:21:31 - INFO - utils.trainer -   Model saved to output_dir/LDDE2th
06/17/2026 10:21:31 - INFO - utils.trainer -   Best model saved (acc=0.3291)
06/17/2026 10:21:31 - INFO - utils.trainer -   Epoch: 18 [B], Cla: 0.18026, MMS: 0.03875, Cons: 0.00000, Div: 0.00011, Sparsity: 0.54323, Acc: 0.3291, Best: 0.3291, Time: 94.6s
06/17/2026 10:23:06 - INFO - utils.trainer -   ***** Running evaluation on test0 dataset *****
06/17/2026 10:23:24 - INFO - utils.trainer -   AUC: 0.50716
06/17/2026 10:23:24 - INFO - utils.trainer -   Accuracy: 0.28481
06/17/2026 10:23:24 - INFO - utils.trainer -   Precision: 0.27592
06/17/2026 10:23:24 - INFO - utils.trainer -   Recall: 0.25880
06/17/2026 10:23:24 - INFO - utils.trainer -   F_score: 0.23733
06/17/2026 10:23:24 - INFO - utils.trainer -   Cla Loss: 2.90768
06/17/2026 10:23:24 - INFO - utils.trainer -   MMS Loss: 0.06281
06/17/2026 10:23:24 - INFO - utils.trainer -   Cons Loss: 0.00000
06/17/2026 10:23:24 - INFO - utils.trainer -   Div Loss: 0.00009
06/17/2026 10:23:24 - INFO - utils.trainer -   Sparsity Loss: 0.55738
06/17/2026 10:23:24 - INFO - utils.trainer -   Epoch: 19 [B], Cla: 0.19025, MMS: 0.03792, Cons: 0.00000, Div: 0.00011, Sparsity: 0.55375, Acc: 0.2848, Best: 0.3291, Time: 94.7s
06/17/2026 10:24:59 - INFO - utils.trainer -   ***** Running evaluation on test0 dataset *****
06/17/2026 10:25:17 - INFO - utils.trainer -   AUC: 0.50046
06/17/2026 10:25:17 - INFO - utils.trainer -   Accuracy: 0.27215
06/17/2026 10:25:17 - INFO - utils.trainer -   Precision: 0.24106
06/17/2026 10:25:17 - INFO - utils.trainer -   Recall: 0.25207
06/17/2026 10:25:17 - INFO - utils.trainer -   F_score: 0.24004
06/17/2026 10:25:17 - INFO - utils.trainer -   Cla Loss: 2.81967
06/17/2026 10:25:17 - INFO - utils.trainer -   MMS Loss: 0.05962
06/17/2026 10:25:17 - INFO - utils.trainer -   Cons Loss: 0.00000
06/17/2026 10:25:17 - INFO - utils.trainer -   Div Loss: 0.00010
06/17/2026 10:25:17 - INFO - utils.trainer -   Sparsity Loss: 0.57300
06/17/2026 10:25:17 - INFO - utils.trainer -   Epoch: 20 [B], Cla: 0.13106, MMS: 0.03447, Cons: 0.00000, Div: 0.00011, Sparsity: 0.56454, Acc: 0.2722, Best: 0.3291, Time: 94.5s
06/17/2026 10:26:52 - INFO - utils.trainer -   ***** Running evaluation on test0 dataset *****
06/17/2026 10:27:10 - INFO - utils.trainer -   AUC: 0.51363
06/17/2026 10:27:10 - INFO - utils.trainer -   Accuracy: 0.26582
06/17/2026 10:27:10 - INFO - utils.trainer -   Precision: 0.24867
06/17/2026 10:27:10 - INFO - utils.trainer -   Recall: 0.24363
06/17/2026 10:27:10 - INFO - utils.trainer -   F_score: 0.22879
06/17/2026 10:27:10 - INFO - utils.trainer -   Cla Loss: 2.90117
06/17/2026 10:27:10 - INFO - utils.trainer -   MMS Loss: 0.05183
06/17/2026 10:27:10 - INFO - utils.trainer -   Cons Loss: 0.00000
06/17/2026 10:27:10 - INFO - utils.trainer -   Div Loss: 0.00011
06/17/2026 10:27:10 - INFO - utils.trainer -   Sparsity Loss: 0.58582
06/17/2026 10:27:10 - INFO - utils.trainer -   Epoch: 21 [C], Cla: 0.15047, MMS: 0.03471, Cons: 0.00000, Div: 0.00011, Sparsity: 0.57777, Acc: 0.2658, Best: 0.3291, Time: 94.7s
06/17/2026 10:28:45 - INFO - utils.trainer -   ***** Running evaluation on test0 dataset *****
06/17/2026 10:29:03 - INFO - utils.trainer -   AUC: 0.48427
06/17/2026 10:29:03 - INFO - utils.trainer -   Accuracy: 0.27215
06/17/2026 10:29:03 - INFO - utils.trainer -   Precision: 0.26474
06/17/2026 10:29:03 - INFO - utils.trainer -   Recall: 0.25530
06/17/2026 10:29:03 - INFO - utils.trainer -   F_score: 0.24319
06/17/2026 10:29:03 - INFO - utils.trainer -   Cla Loss: 3.09183
06/17/2026 10:29:03 - INFO - utils.trainer -   MMS Loss: 0.06336
06/17/2026 10:29:03 - INFO - utils.trainer -   Cons Loss: 0.00000
06/17/2026 10:29:03 - INFO - utils.trainer -   Div Loss: 0.00012
06/17/2026 10:29:03 - INFO - utils.trainer -   Sparsity Loss: 0.59886
06/17/2026 10:29:03 - INFO - utils.trainer -   Epoch: 22 [C], Cla: 0.24981, MMS: 0.04013, Cons: 0.00000, Div: 0.00011, Sparsity: 0.58983, Acc: 0.2722, Best: 0.3291, Time: 94.9s
06/17/2026 10:30:38 - INFO - utils.trainer -   ***** Running evaluation on test0 dataset *****
06/17/2026 10:30:56 - INFO - utils.trainer -   AUC: 0.51189
06/17/2026 10:30:56 - INFO - utils.trainer -   Accuracy: 0.27215
06/17/2026 10:30:56 - INFO - utils.trainer -   Precision: 0.25391
06/17/2026 10:30:56 - INFO - utils.trainer -   Recall: 0.25303
06/17/2026 10:30:56 - INFO - utils.trainer -   F_score: 0.24531
06/17/2026 10:30:56 - INFO - utils.trainer -   Cla Loss: 2.82250
06/17/2026 10:30:56 - INFO - utils.trainer -   MMS Loss: 0.05424
06/17/2026 10:30:56 - INFO - utils.trainer -   Cons Loss: 0.00000
06/17/2026 10:30:56 - INFO - utils.trainer -   Div Loss: 0.00012
06/17/2026 10:30:56 - INFO - utils.trainer -   Sparsity Loss: 0.60678
06/17/2026 10:30:56 - INFO - utils.trainer -   Epoch: 23 [C], Cla: 0.18286, MMS: 0.03626, Cons: 0.00000, Div: 0.00012, Sparsity: 0.59657, Acc: 0.2722, Best: 0.3291, Time: 95.0s
06/17/2026 10:32:31 - INFO - utils.trainer -   ***** Running evaluation on test0 dataset *****
06/17/2026 10:32:49 - INFO - utils.trainer -   AUC: 0.53940
06/17/2026 10:32:49 - INFO - utils.trainer -   Accuracy: 0.29747
06/17/2026 10:32:49 - INFO - utils.trainer -   Precision: 0.30453
06/17/2026 10:32:49 - INFO - utils.trainer -   Recall: 0.30214
06/17/2026 10:32:49 - INFO - utils.trainer -   F_score: 0.29147
06/17/2026 10:32:49 - INFO - utils.trainer -   Cla Loss: 2.82733
06/17/2026 10:32:49 - INFO - utils.trainer -   MMS Loss: 0.05592
06/17/2026 10:32:49 - INFO - utils.trainer -   Cons Loss: 0.00000
06/17/2026 10:32:49 - INFO - utils.trainer -   Div Loss: 0.00013
06/17/2026 10:32:49 - INFO - utils.trainer -   Sparsity Loss: 0.61696
06/17/2026 10:32:49 - INFO - utils.trainer -   Epoch: 24 [C], Cla: 0.21774, MMS: 0.03638, Cons: 0.00000, Div: 0.00012, Sparsity: 0.59979, Acc: 0.2975, Best: 0.3291, Time: 94.9s
06/17/2026 10:34:24 - INFO - utils.trainer -   ***** Running evaluation on test0 dataset *****
06/17/2026 10:34:42 - INFO - utils.trainer -   AUC: 0.53934
06/17/2026 10:34:42 - INFO - utils.trainer -   Accuracy: 0.30380
06/17/2026 10:34:42 - INFO - utils.trainer -   Precision: 0.30898
06/17/2026 10:34:42 - INFO - utils.trainer -   Recall: 0.30096
06/17/2026 10:34:42 - INFO - utils.trainer -   F_score: 0.28699
06/17/2026 10:34:42 - INFO - utils.trainer -   Cla Loss: 2.83409
06/17/2026 10:34:42 - INFO - utils.trainer -   MMS Loss: 0.05540
06/17/2026 10:34:42 - INFO - utils.trainer -   Cons Loss: 0.00000
06/17/2026 10:34:42 - INFO - utils.trainer -   Div Loss: 0.00012
06/17/2026 10:34:42 - INFO - utils.trainer -   Sparsity Loss: 0.63102
06/17/2026 10:34:42 - INFO - utils.trainer -   Epoch: 25 [C], Cla: 0.14169, MMS: 0.03452, Cons: 0.00000, Div: 0.00012, Sparsity: 0.60697, Acc: 0.3038, Best: 0.3291, Time: 94.4s
06/17/2026 10:36:17 - INFO - utils.trainer -   ***** Running evaluation on test0 dataset *****
06/17/2026 10:36:35 - INFO - utils.trainer -   AUC: 0.53870
06/17/2026 10:36:35 - INFO - utils.trainer -   Accuracy: 0.27848
06/17/2026 10:36:35 - INFO - utils.trainer -   Precision: 0.27578
06/17/2026 10:36:35 - INFO - utils.trainer -   Recall: 0.27755
06/17/2026 10:36:35 - INFO - utils.trainer -   F_score: 0.27187
06/17/2026 10:36:35 - INFO - utils.trainer -   Cla Loss: 2.72333
06/17/2026 10:36:35 - INFO - utils.trainer -   MMS Loss: 0.05105
06/17/2026 10:36:35 - INFO - utils.trainer -   Cons Loss: 0.00000
06/17/2026 10:36:35 - INFO - utils.trainer -   Div Loss: 0.00015
06/17/2026 10:36:35 - INFO - utils.trainer -   Sparsity Loss: 0.62376
06/17/2026 10:36:35 - INFO - utils.trainer -   Epoch: 26 [C], Cla: 0.18961, MMS: 0.03367, Cons: 0.00000, Div: 0.00013, Sparsity: 0.61587, Acc: 0.2785, Best: 0.3291, Time: 94.9s
06/17/2026 10:38:10 - INFO - utils.trainer -   ***** Running evaluation on test0 dataset *****
06/17/2026 10:38:28 - INFO - utils.trainer -   AUC: 0.53379
06/17/2026 10:38:28 - INFO - utils.trainer -   Accuracy: 0.25949
06/17/2026 10:38:28 - INFO - utils.trainer -   Precision: 0.25715
06/17/2026 10:38:28 - INFO - utils.trainer -   Recall: 0.25253
06/17/2026 10:38:28 - INFO - utils.trainer -   F_score: 0.25339
06/17/2026 10:38:28 - INFO - utils.trainer -   Cla Loss: 2.74775
06/17/2026 10:38:28 - INFO - utils.trainer -   MMS Loss: 0.05434
06/17/2026 10:38:28 - INFO - utils.trainer -   Cons Loss: 0.00000
06/17/2026 10:38:28 - INFO - utils.trainer -   Div Loss: 0.00012
06/17/2026 10:38:28 - INFO - utils.trainer -   Sparsity Loss: 0.61431
06/17/2026 10:38:28 - INFO - utils.trainer -   Epoch: 27 [C], Cla: 0.16705, MMS: 0.03502, Cons: 0.00000, Div: 0.00013, Sparsity: 0.61265, Acc: 0.2595, Best: 0.3291, Time: 94.8s
06/17/2026 10:40:03 - INFO - utils.trainer -   ***** Running evaluation on test0 dataset *****
06/17/2026 10:40:21 - INFO - utils.trainer -   AUC: 0.54326
06/17/2026 10:40:21 - INFO - utils.trainer -   Accuracy: 0.26582
06/17/2026 10:40:21 - INFO - utils.trainer -   Precision: 0.25709
06/17/2026 10:40:21 - INFO - utils.trainer -   Recall: 0.25189
06/17/2026 10:40:21 - INFO - utils.trainer -   F_score: 0.24831
06/17/2026 10:40:21 - INFO - utils.trainer -   Cla Loss: 2.78413
06/17/2026 10:40:21 - INFO - utils.trainer -   MMS Loss: 0.05064
06/17/2026 10:40:21 - INFO - utils.trainer -   Cons Loss: 0.00000
06/17/2026 10:40:21 - INFO - utils.trainer -   Div Loss: 0.00014
06/17/2026 10:40:21 - INFO - utils.trainer -   Sparsity Loss: 0.63527
06/17/2026 10:40:21 - INFO - utils.trainer -   Epoch: 28 [C], Cla: 0.16525, MMS: 0.03573, Cons: 0.00000, Div: 0.00012, Sparsity: 0.62151, Acc: 0.2658, Best: 0.3291, Time: 95.0s
06/17/2026 10:41:56 - INFO - utils.trainer -   ***** Running evaluation on test0 dataset *****
06/17/2026 10:42:14 - INFO - utils.trainer -   AUC: 0.55330
06/17/2026 10:42:14 - INFO - utils.trainer -   Accuracy: 0.27215
06/17/2026 10:42:14 - INFO - utils.trainer -   Precision: 0.28227
06/17/2026 10:42:14 - INFO - utils.trainer -   Recall: 0.27287
06/17/2026 10:42:14 - INFO - utils.trainer -   F_score: 0.26973
06/17/2026 10:42:14 - INFO - utils.trainer -   Cla Loss: 2.77815
06/17/2026 10:42:14 - INFO - utils.trainer -   MMS Loss: 0.04922
06/17/2026 10:42:14 - INFO - utils.trainer -   Cons Loss: 0.00000
06/17/2026 10:42:14 - INFO - utils.trainer -   Div Loss: 0.00013
06/17/2026 10:42:14 - INFO - utils.trainer -   Sparsity Loss: 0.65057
06/17/2026 10:42:14 - INFO - utils.trainer -   Epoch: 29 [C], Cla: 0.17393, MMS: 0.03517, Cons: 0.00000, Div: 0.00013, Sparsity: 0.63420, Acc: 0.2722, Best: 0.3291, Time: 94.8s
06/17/2026 10:43:49 - INFO - utils.trainer -   ***** Running evaluation on test0 dataset *****
06/17/2026 10:44:07 - INFO - utils.trainer -   AUC: 0.53830
06/17/2026 10:44:07 - INFO - utils.trainer -   Accuracy: 0.28481
06/17/2026 10:44:07 - INFO - utils.trainer -   Precision: 0.28066
06/17/2026 10:44:07 - INFO - utils.trainer -   Recall: 0.28004
06/17/2026 10:44:07 - INFO - utils.trainer -   F_score: 0.27858
06/17/2026 10:44:07 - INFO - utils.trainer -   Cla Loss: 2.70025
06/17/2026 10:44:07 - INFO - utils.trainer -   MMS Loss: 0.04799
06/17/2026 10:44:07 - INFO - utils.trainer -   Cons Loss: 0.00000
06/17/2026 10:44:07 - INFO - utils.trainer -   Div Loss: 0.00013
06/17/2026 10:44:07 - INFO - utils.trainer -   Sparsity Loss: 0.65348
06/17/2026 10:44:07 - INFO - utils.trainer -   Epoch: 30 [C], Cla: 0.14039, MMS: 0.03087, Cons: 0.00000, Div: 0.00013, Sparsity: 0.63731, Acc: 0.2848, Best: 0.3291, Time: 94.4s
06/17/2026 10:45:42 - INFO - utils.trainer -   ***** Running evaluation on test0 dataset *****
06/17/2026 10:46:00 - INFO - utils.trainer -   AUC: 0.52636
06/17/2026 10:46:00 - INFO - utils.trainer -   Accuracy: 0.26582
06/17/2026 10:46:00 - INFO - utils.trainer -   Precision: 0.25439
06/17/2026 10:46:00 - INFO - utils.trainer -   Recall: 0.24782
06/17/2026 10:46:00 - INFO - utils.trainer -   F_score: 0.24000
06/17/2026 10:46:00 - INFO - utils.trainer -   Cla Loss: 2.97797
06/17/2026 10:46:00 - INFO - utils.trainer -   MMS Loss: 0.05832
06/17/2026 10:46:00 - INFO - utils.trainer -   Cons Loss: 0.00000
06/17/2026 10:46:00 - INFO - utils.trainer -   Div Loss: 0.00014
06/17/2026 10:46:00 - INFO - utils.trainer -   Sparsity Loss: 0.64875
06/17/2026 10:46:00 - INFO - utils.trainer -   Epoch: 31 [C], Cla: 0.12406, MMS: 0.03273, Cons: 0.00000, Div: 0.00013, Sparsity: 0.63452, Acc: 0.2658, Best: 0.3291, Time: 94.6s
06/17/2026 10:47:34 - INFO - utils.trainer -   ***** Running evaluation on test0 dataset *****
06/17/2026 10:47:52 - INFO - utils.trainer -   AUC: 0.50259
06/17/2026 10:47:52 - INFO - utils.trainer -   Accuracy: 0.22152
06/17/2026 10:47:52 - INFO - utils.trainer -   Precision: 0.20226
06/17/2026 10:47:52 - INFO - utils.trainer -   Recall: 0.20464
06/17/2026 10:47:52 - INFO - utils.trainer -   F_score: 0.19461
06/17/2026 10:47:52 - INFO - utils.trainer -   Cla Loss: 3.03547
06/17/2026 10:47:52 - INFO - utils.trainer -   MMS Loss: 0.05793
06/17/2026 10:47:52 - INFO - utils.trainer -   Cons Loss: 0.00000
06/17/2026 10:47:52 - INFO - utils.trainer -   Div Loss: 0.00013
06/17/2026 10:47:52 - INFO - utils.trainer -   Sparsity Loss: 0.66055
06/17/2026 10:47:52 - INFO - utils.trainer -   Epoch: 32 [C], Cla: 0.09761, MMS: 0.03160, Cons: 0.00000, Div: 0.00013, Sparsity: 0.64595, Acc: 0.2215, Best: 0.3291, Time: 94.6s
06/17/2026 10:49:27 - INFO - utils.trainer -   ***** Running evaluation on test0 dataset *****
06/17/2026 10:49:45 - INFO - utils.trainer -   AUC: 0.55648
06/17/2026 10:49:45 - INFO - utils.trainer -   Accuracy: 0.29747
06/17/2026 10:49:45 - INFO - utils.trainer -   Precision: 0.29586
06/17/2026 10:49:45 - INFO - utils.trainer -   Recall: 0.28857
06/17/2026 10:49:45 - INFO - utils.trainer -   F_score: 0.28123
06/17/2026 10:49:45 - INFO - utils.trainer -   Cla Loss: 2.81241
06/17/2026 10:49:45 - INFO - utils.trainer -   MMS Loss: 0.04958
06/17/2026 10:49:45 - INFO - utils.trainer -   Cons Loss: 0.00000
06/17/2026 10:49:45 - INFO - utils.trainer -   Div Loss: 0.00014
06/17/2026 10:49:45 - INFO - utils.trainer -   Sparsity Loss: 0.65679
06/17/2026 10:49:45 - INFO - utils.trainer -   Epoch: 33 [C], Cla: 0.10265, MMS: 0.03083, Cons: 0.00000, Div: 0.00013, Sparsity: 0.64517, Acc: 0.2975, Best: 0.3291, Time: 94.5s
06/17/2026 10:51:20 - INFO - utils.trainer -   ***** Running evaluation on test0 dataset *****
06/17/2026 10:51:38 - INFO - utils.trainer -   AUC: 0.51547
06/17/2026 10:51:38 - INFO - utils.trainer -   Accuracy: 0.29747
06/17/2026 10:51:38 - INFO - utils.trainer -   Precision: 0.29037
06/17/2026 10:51:38 - INFO - utils.trainer -   Recall: 0.29014
06/17/2026 10:51:38 - INFO - utils.trainer -   F_score: 0.28512
06/17/2026 10:51:38 - INFO - utils.trainer -   Cla Loss: 2.93891
06/17/2026 10:51:38 - INFO - utils.trainer -   MMS Loss: 0.05030
06/17/2026 10:51:38 - INFO - utils.trainer -   Cons Loss: 0.00000
06/17/2026 10:51:38 - INFO - utils.trainer -   Div Loss: 0.00013
06/17/2026 10:51:38 - INFO - utils.trainer -   Sparsity Loss: 0.67945
06/17/2026 10:51:38 - INFO - utils.trainer -   Epoch: 34 [C], Cla: 0.10779, MMS: 0.03272, Cons: 0.00000, Div: 0.00014, Sparsity: 0.65261, Acc: 0.2975, Best: 0.3291, Time: 94.4s
06/17/2026 10:53:12 - INFO - utils.trainer -   ***** Running evaluation on test0 dataset *****
06/17/2026 10:53:30 - INFO - utils.trainer -   AUC: 0.57552
06/17/2026 10:53:30 - INFO - utils.trainer -   Accuracy: 0.28481
06/17/2026 10:53:30 - INFO - utils.trainer -   Precision: 0.27860
06/17/2026 10:53:30 - INFO - utils.trainer -   Recall: 0.28596
06/17/2026 10:53:30 - INFO - utils.trainer -   F_score: 0.27508
06/17/2026 10:53:30 - INFO - utils.trainer -   Cla Loss: 2.84116
06/17/2026 10:53:30 - INFO - utils.trainer -   MMS Loss: 0.04736
06/17/2026 10:53:30 - INFO - utils.trainer -   Cons Loss: 0.00000
06/17/2026 10:53:30 - INFO - utils.trainer -   Div Loss: 0.00012
06/17/2026 10:53:30 - INFO - utils.trainer -   Sparsity Loss: 0.67961
06/17/2026 10:53:30 - INFO - utils.trainer -   Epoch: 35 [C], Cla: 0.11778, MMS: 0.03111, Cons: 0.00000, Div: 0.00013, Sparsity: 0.66198, Acc: 0.2848, Best: 0.3291, Time: 94.6s
06/17/2026 10:55:05 - INFO - utils.trainer -   ***** Running evaluation on test0 dataset *****
06/17/2026 10:55:23 - INFO - utils.trainer -   AUC: 0.52945
06/17/2026 10:55:23 - INFO - utils.trainer -   Accuracy: 0.29747
06/17/2026 10:55:23 - INFO - utils.trainer -   Precision: 0.30994
06/17/2026 10:55:23 - INFO - utils.trainer -   Recall: 0.29239
06/17/2026 10:55:23 - INFO - utils.trainer -   F_score: 0.28761
06/17/2026 10:55:23 - INFO - utils.trainer -   Cla Loss: 3.01043
06/17/2026 10:55:23 - INFO - utils.trainer -   MMS Loss: 0.04690
06/17/2026 10:55:23 - INFO - utils.trainer -   Cons Loss: 0.00000
06/17/2026 10:55:23 - INFO - utils.trainer -   Div Loss: 0.00015
06/17/2026 10:55:23 - INFO - utils.trainer -   Sparsity Loss: 0.69492
06/17/2026 10:55:23 - INFO - utils.trainer -   Epoch: 36 [C], Cla: 0.11633, MMS: 0.03091, Cons: 0.00000, Div: 0.00014, Sparsity: 0.66981, Acc: 0.2975, Best: 0.3291, Time: 94.6s
06/17/2026 10:56:58 - INFO - utils.trainer -   ***** Running evaluation on test0 dataset *****
06/17/2026 10:57:16 - INFO - utils.trainer -   AUC: 0.52744
06/17/2026 10:57:16 - INFO - utils.trainer -   Accuracy: 0.27215
06/17/2026 10:57:16 - INFO - utils.trainer -   Precision: 0.26920
06/17/2026 10:57:16 - INFO - utils.trainer -   Recall: 0.27150
06/17/2026 10:57:16 - INFO - utils.trainer -   F_score: 0.26923
06/17/2026 10:57:16 - INFO - utils.trainer -   Cla Loss: 2.94661
06/17/2026 10:57:16 - INFO - utils.trainer -   MMS Loss: 0.05214
06/17/2026 10:57:16 - INFO - utils.trainer -   Cons Loss: 0.00000
06/17/2026 10:57:16 - INFO - utils.trainer -   Div Loss: 0.00016
06/17/2026 10:57:16 - INFO - utils.trainer -   Sparsity Loss: 0.66741
06/17/2026 10:57:16 - INFO - utils.trainer -   Epoch: 37 [C], Cla: 0.16298, MMS: 0.02997, Cons: 0.00000, Div: 0.00014, Sparsity: 0.66249, Acc: 0.2722, Best: 0.3291, Time: 94.7s
06/17/2026 10:58:51 - INFO - utils.trainer -   ***** Running evaluation on test0 dataset *****
06/17/2026 10:59:09 - INFO - utils.trainer -   AUC: 0.54691
06/17/2026 10:59:09 - INFO - utils.trainer -   Accuracy: 0.32278
06/17/2026 10:59:09 - INFO - utils.trainer -   Precision: 0.31177
06/17/2026 10:59:09 - INFO - utils.trainer -   Recall: 0.32174
06/17/2026 10:59:09 - INFO - utils.trainer -   F_score: 0.31239
06/17/2026 10:59:09 - INFO - utils.trainer -   Cla Loss: 2.84333
06/17/2026 10:59:09 - INFO - utils.trainer -   MMS Loss: 0.05012
06/17/2026 10:59:09 - INFO - utils.trainer -   Cons Loss: 0.00000
06/17/2026 10:59:09 - INFO - utils.trainer -   Div Loss: 0.00013
06/17/2026 10:59:09 - INFO - utils.trainer -   Sparsity Loss: 0.68078
06/17/2026 10:59:09 - INFO - utils.trainer -   Epoch: 38 [C], Cla: 0.13646, MMS: 0.03225, Cons: 0.00002, Div: 0.00014, Sparsity: 0.65517, Acc: 0.3228, Best: 0.3291, Time: 94.9s
06/17/2026 11:00:43 - INFO - utils.trainer -   ***** Running evaluation on test0 dataset *****
06/17/2026 11:01:01 - INFO - utils.trainer -   AUC: 0.56928
06/17/2026 11:01:01 - INFO - utils.trainer -   Accuracy: 0.29114
06/17/2026 11:01:01 - INFO - utils.trainer -   Precision: 0.29693
06/17/2026 11:01:01 - INFO - utils.trainer -   Recall: 0.28592
06/17/2026 11:01:01 - INFO - utils.trainer -   F_score: 0.28397
06/17/2026 11:01:01 - INFO - utils.trainer -   Cla Loss: 2.89142
06/17/2026 11:01:01 - INFO - utils.trainer -   MMS Loss: 0.05027
06/17/2026 11:01:01 - INFO - utils.trainer -   Cons Loss: 0.00000
06/17/2026 11:01:01 - INFO - utils.trainer -   Div Loss: 0.00014
06/17/2026 11:01:01 - INFO - utils.trainer -   Sparsity Loss: 0.67594
06/17/2026 11:01:01 - INFO - utils.trainer -   Epoch: 39 [C], Cla: 0.07565, MMS: 0.03087, Cons: 0.00000, Div: 0.00014, Sparsity: 0.66442, Acc: 0.2911, Best: 0.3291, Time: 94.4s
06/17/2026 11:02:36 - INFO - utils.trainer -   ***** Running evaluation on test0 dataset *****
06/17/2026 11:02:54 - INFO - utils.trainer -   AUC: 0.54577
06/17/2026 11:02:54 - INFO - utils.trainer -   Accuracy: 0.27848
06/17/2026 11:02:54 - INFO - utils.trainer -   Precision: 0.27690
06/17/2026 11:02:54 - INFO - utils.trainer -   Recall: 0.26861
06/17/2026 11:02:54 - INFO - utils.trainer -   F_score: 0.26881
06/17/2026 11:02:54 - INFO - utils.trainer -   Cla Loss: 2.87142
06/17/2026 11:02:54 - INFO - utils.trainer -   MMS Loss: 0.04952
06/17/2026 11:02:54 - INFO - utils.trainer -   Cons Loss: 0.00000
06/17/2026 11:02:54 - INFO - utils.trainer -   Div Loss: 0.00015
06/17/2026 11:02:54 - INFO - utils.trainer -   Sparsity Loss: 0.68803
06/17/2026 11:02:54 - INFO - utils.trainer -   Epoch: 40 [C], Cla: 0.10065, MMS: 0.02925, Cons: 0.00000, Div: 0.00014, Sparsity: 0.66448, Acc: 0.2785, Best: 0.3291, Time: 94.5s
06/17/2026 11:04:28 - INFO - utils.trainer -   ***** Running evaluation on test0 dataset *****
06/17/2026 11:04:46 - INFO - utils.trainer -   AUC: 0.54635
06/17/2026 11:04:46 - INFO - utils.trainer -   Accuracy: 0.34810
06/17/2026 11:04:46 - INFO - utils.trainer -   Precision: 0.37071
06/17/2026 11:04:46 - INFO - utils.trainer -   Recall: 0.33486
06/17/2026 11:04:46 - INFO - utils.trainer -   F_score: 0.33051
06/17/2026 11:04:46 - INFO - utils.trainer -   Cla Loss: 3.00713
06/17/2026 11:04:46 - INFO - utils.trainer -   MMS Loss: 0.05016
06/17/2026 11:04:46 - INFO - utils.trainer -   Cons Loss: 0.00000
06/17/2026 11:04:46 - INFO - utils.trainer -   Div Loss: 0.00014
06/17/2026 11:04:46 - INFO - utils.trainer -   Sparsity Loss: 0.68423
06/17/2026 11:04:47 - INFO - utils.trainer -     state_dict: 350 tensors, 125.1 MB (trainable + buffers only)
06/17/2026 11:04:47 - INFO - utils.trainer -   Model saved to output_dir/LDDE2th
06/17/2026 11:04:47 - INFO - utils.trainer -   Best model saved (acc=0.3481)
06/17/2026 11:04:47 - INFO - utils.trainer -   Epoch: 41 [C], Cla: 0.12334, MMS: 0.03339, Cons: 0.00000, Div: 0.00014, Sparsity: 0.66854, Acc: 0.3481, Best: 0.3481, Time: 94.4s
06/17/2026 11:06:21 - INFO - utils.trainer -   ***** Running evaluation on test0 dataset *****
06/17/2026 11:06:39 - INFO - utils.trainer -   AUC: 0.56182
06/17/2026 11:06:39 - INFO - utils.trainer -   Accuracy: 0.29747
06/17/2026 11:06:39 - INFO - utils.trainer -   Precision: 0.33245
06/17/2026 11:06:39 - INFO - utils.trainer -   Recall: 0.27734
06/17/2026 11:06:39 - INFO - utils.trainer -   F_score: 0.26724
06/17/2026 11:06:39 - INFO - utils.trainer -   Cla Loss: 3.36376
06/17/2026 11:06:39 - INFO - utils.trainer -   MMS Loss: 0.05603
06/17/2026 11:06:39 - INFO - utils.trainer -   Cons Loss: 0.00000
06/17/2026 11:06:39 - INFO - utils.trainer -   Div Loss: 0.00015
06/17/2026 11:06:39 - INFO - utils.trainer -   Sparsity Loss: 0.66560
06/17/2026 11:06:39 - INFO - utils.trainer -   Epoch: 42 [C], Cla: 0.06637, MMS: 0.02757, Cons: 0.00000, Div: 0.00015, Sparsity: 0.66101, Acc: 0.2975, Best: 0.3481, Time: 94.5s
06/17/2026 11:08:14 - INFO - utils.trainer -   ***** Running evaluation on test0 dataset *****
06/17/2026 11:08:32 - INFO - utils.trainer -   AUC: 0.56461
06/17/2026 11:08:32 - INFO - utils.trainer -   Accuracy: 0.32278
06/17/2026 11:08:32 - INFO - utils.trainer -   Precision: 0.32119
06/17/2026 11:08:32 - INFO - utils.trainer -   Recall: 0.31805
06/17/2026 11:08:32 - INFO - utils.trainer -   F_score: 0.31427
06/17/2026 11:08:32 - INFO - utils.trainer -   Cla Loss: 2.90015
06/17/2026 11:08:32 - INFO - utils.trainer -   MMS Loss: 0.05048
06/17/2026 11:08:32 - INFO - utils.trainer -   Cons Loss: 0.00000
06/17/2026 11:08:32 - INFO - utils.trainer -   Div Loss: 0.00014
06/17/2026 11:08:32 - INFO - utils.trainer -   Sparsity Loss: 0.68058
06/17/2026 11:08:32 - INFO - utils.trainer -   Epoch: 43 [C], Cla: 0.08272, MMS: 0.03153, Cons: 0.00000, Div: 0.00014, Sparsity: 0.66542, Acc: 0.3228, Best: 0.3481, Time: 94.6s
06/17/2026 11:10:07 - INFO - utils.trainer -   ***** Running evaluation on test0 dataset *****
06/17/2026 11:10:25 - INFO - utils.trainer -   AUC: 0.55794
06/17/2026 11:10:25 - INFO - utils.trainer -   Accuracy: 0.33544
06/17/2026 11:10:25 - INFO - utils.trainer -   Precision: 0.32536
06/17/2026 11:10:25 - INFO - utils.trainer -   Recall: 0.33849
06/17/2026 11:10:25 - INFO - utils.trainer -   F_score: 0.32413
06/17/2026 11:10:25 - INFO - utils.trainer -   Cla Loss: 2.93980
06/17/2026 11:10:25 - INFO - utils.trainer -   MMS Loss: 0.05242
06/17/2026 11:10:25 - INFO - utils.trainer -   Cons Loss: 0.00000
06/17/2026 11:10:25 - INFO - utils.trainer -   Div Loss: 0.00015
06/17/2026 11:10:25 - INFO - utils.trainer -   Sparsity Loss: 0.69716
06/17/2026 11:10:25 - INFO - utils.trainer -   Epoch: 44 [C], Cla: 0.13249, MMS: 0.02884, Cons: 0.00000, Div: 0.00015, Sparsity: 0.66579, Acc: 0.3354, Best: 0.3481, Time: 94.7s
06/17/2026 11:11:59 - INFO - utils.trainer -   ***** Running evaluation on test0 dataset *****
06/17/2026 11:12:17 - INFO - utils.trainer -   AUC: 0.56933
06/17/2026 11:12:17 - INFO - utils.trainer -   Accuracy: 0.32911
06/17/2026 11:12:17 - INFO - utils.trainer -   Precision: 0.31496
06/17/2026 11:12:17 - INFO - utils.trainer -   Recall: 0.33983
06/17/2026 11:12:17 - INFO - utils.trainer -   F_score: 0.31809
06/17/2026 11:12:17 - INFO - utils.trainer -   Cla Loss: 2.97457
06/17/2026 11:12:17 - INFO - utils.trainer -   MMS Loss: 0.04724
06/17/2026 11:12:17 - INFO - utils.trainer -   Cons Loss: 0.00000
06/17/2026 11:12:17 - INFO - utils.trainer -   Div Loss: 0.00015
06/17/2026 11:12:17 - INFO - utils.trainer -   Sparsity Loss: 0.69635
06/17/2026 11:12:17 - INFO - utils.trainer -   Epoch: 45 [C], Cla: 0.07927, MMS: 0.02951, Cons: 0.00000, Div: 0.00015, Sparsity: 0.67038, Acc: 0.3291, Best: 0.3481, Time: 94.2s
06/17/2026 11:13:52 - INFO - utils.trainer -   ***** Running evaluation on test0 dataset *****
06/17/2026 11:14:10 - INFO - utils.trainer -   AUC: 0.55276
06/17/2026 11:14:10 - INFO - utils.trainer -   Accuracy: 0.31646
06/17/2026 11:14:10 - INFO - utils.trainer -   Precision: 0.31722
06/17/2026 11:14:10 - INFO - utils.trainer -   Recall: 0.31070
06/17/2026 11:14:10 - INFO - utils.trainer -   F_score: 0.30372
06/17/2026 11:14:10 - INFO - utils.trainer -   Cla Loss: 3.11172
06/17/2026 11:14:10 - INFO - utils.trainer -   MMS Loss: 0.05278
06/17/2026 11:14:10 - INFO - utils.trainer -   Cons Loss: 0.00000
06/17/2026 11:14:10 - INFO - utils.trainer -   Div Loss: 0.00014
06/17/2026 11:14:10 - INFO - utils.trainer -   Sparsity Loss: 0.69832
06/17/2026 11:14:10 - INFO - utils.trainer -   Epoch: 46 [C], Cla: 0.06765, MMS: 0.03160, Cons: 0.00000, Div: 0.00015, Sparsity: 0.66717, Acc: 0.3165, Best: 0.3481, Time: 94.7s
06/17/2026 11:15:45 - INFO - utils.trainer -   ***** Running evaluation on test0 dataset *****
06/17/2026 11:16:03 - INFO - utils.trainer -   AUC: 0.56335
06/17/2026 11:16:03 - INFO - utils.trainer -   Accuracy: 0.31646
06/17/2026 11:16:03 - INFO - utils.trainer -   Precision: 0.29428
06/17/2026 11:16:03 - INFO - utils.trainer -   Recall: 0.31299
06/17/2026 11:16:03 - INFO - utils.trainer -   F_score: 0.29873
06/17/2026 11:16:03 - INFO - utils.trainer -   Cla Loss: 2.99315
06/17/2026 11:16:03 - INFO - utils.trainer -   MMS Loss: 0.05309
06/17/2026 11:16:03 - INFO - utils.trainer -   Cons Loss: 0.00000
06/17/2026 11:16:03 - INFO - utils.trainer -   Div Loss: 0.00015
06/17/2026 11:16:03 - INFO - utils.trainer -   Sparsity Loss: 0.68650
06/17/2026 11:16:03 - INFO - utils.trainer -   Epoch: 47 [C], Cla: 0.08209, MMS: 0.02758, Cons: 0.00000, Div: 0.00014, Sparsity: 0.66581, Acc: 0.3165, Best: 0.3481, Time: 94.5s
06/17/2026 11:17:37 - INFO - utils.trainer -   ***** Running evaluation on test0 dataset *****
06/17/2026 11:17:55 - INFO - utils.trainer -   AUC: 0.56837
06/17/2026 11:17:55 - INFO - utils.trainer -   Accuracy: 0.33544
06/17/2026 11:17:55 - INFO - utils.trainer -   Precision: 0.32233
06/17/2026 11:17:55 - INFO - utils.trainer -   Recall: 0.32823
06/17/2026 11:17:55 - INFO - utils.trainer -   F_score: 0.31267
06/17/2026 11:17:55 - INFO - utils.trainer -   Cla Loss: 3.09075
06/17/2026 11:17:55 - INFO - utils.trainer -   MMS Loss: 0.05119
06/17/2026 11:17:55 - INFO - utils.trainer -   Cons Loss: 0.00000
06/17/2026 11:17:55 - INFO - utils.trainer -   Div Loss: 0.00015
06/17/2026 11:17:55 - INFO - utils.trainer -   Sparsity Loss: 0.67702
06/17/2026 11:17:55 - INFO - utils.trainer -   Epoch: 48 [C], Cla: 0.13905, MMS: 0.03112, Cons: 0.00000, Div: 0.00015, Sparsity: 0.66731, Acc: 0.3354, Best: 0.3481, Time: 94.3s
06/17/2026 11:19:29 - INFO - utils.trainer -   ***** Running evaluation on test0 dataset *****
06/17/2026 11:19:47 - INFO - utils.trainer -   AUC: 0.52586
06/17/2026 11:19:47 - INFO - utils.trainer -   Accuracy: 0.30380
06/17/2026 11:19:47 - INFO - utils.trainer -   Precision: 0.29978
06/17/2026 11:19:47 - INFO - utils.trainer -   Recall: 0.29015
06/17/2026 11:19:47 - INFO - utils.trainer -   F_score: 0.28347
06/17/2026 11:19:47 - INFO - utils.trainer -   Cla Loss: 3.37302
06/17/2026 11:19:47 - INFO - utils.trainer -   MMS Loss: 0.05025
06/17/2026 11:19:47 - INFO - utils.trainer -   Cons Loss: 0.00000
06/17/2026 11:19:47 - INFO - utils.trainer -   Div Loss: 0.00017
06/17/2026 11:19:47 - INFO - utils.trainer -   Sparsity Loss: 0.70170
06/17/2026 11:19:47 - INFO - utils.trainer -   Epoch: 49 [C], Cla: 0.09712, MMS: 0.02858, Cons: 0.00000, Div: 0.00016, Sparsity: 0.67933, Acc: 0.3038, Best: 0.3481, Time: 94.3s
06/17/2026 11:21:22 - INFO - utils.trainer -   ***** Running evaluation on test0 dataset *****
06/17/2026 11:21:40 - INFO - utils.trainer -   AUC: 0.53438
06/17/2026 11:21:40 - INFO - utils.trainer -   Accuracy: 0.31013
06/17/2026 11:21:40 - INFO - utils.trainer -   Precision: 0.30228
06/17/2026 11:21:40 - INFO - utils.trainer -   Recall: 0.29810
06/17/2026 11:21:40 - INFO - utils.trainer -   F_score: 0.29179
06/17/2026 11:21:40 - INFO - utils.trainer -   Cla Loss: 3.26434
06/17/2026 11:21:40 - INFO - utils.trainer -   MMS Loss: 0.05195
06/17/2026 11:21:40 - INFO - utils.trainer -   Cons Loss: 0.00000
06/17/2026 11:21:40 - INFO - utils.trainer -   Div Loss: 0.00015
06/17/2026 11:21:40 - INFO - utils.trainer -   Sparsity Loss: 0.69398
06/17/2026 11:21:40 - INFO - utils.trainer -     state_dict: 350 tensors, 125.1 MB (trainable + buffers only)
06/17/2026 11:21:40 - INFO - utils.trainer -   Model saved to output_dir/LDDE2th/checkpoint-epoch-50
06/17/2026 11:21:40 - INFO - utils.trainer -   Checkpoint saved at epoch 50
06/17/2026 11:21:40 - INFO - utils.trainer -   Epoch: 50 [C], Cla: 0.09623, MMS: 0.02897, Cons: 0.00000, Div: 0.00015, Sparsity: 0.67689, Acc: 0.3101, Best: 0.3481, Time: 94.4s
06/17/2026 11:23:15 - INFO - utils.trainer -   ***** Running evaluation on test0 dataset *****
06/17/2026 11:23:33 - INFO - utils.trainer -   AUC: 0.53615
06/17/2026 11:23:33 - INFO - utils.trainer -   Accuracy: 0.31646
06/17/2026 11:23:33 - INFO - utils.trainer -   Precision: 0.29917
06/17/2026 11:23:33 - INFO - utils.trainer -   Recall: 0.30813
06/17/2026 11:23:33 - INFO - utils.trainer -   F_score: 0.29905
06/17/2026 11:23:33 - INFO - utils.trainer -   Cla Loss: 3.26649
06/17/2026 11:23:33 - INFO - utils.trainer -   MMS Loss: 0.06073
06/17/2026 11:23:33 - INFO - utils.trainer -   Cons Loss: 0.00000
06/17/2026 11:23:33 - INFO - utils.trainer -   Div Loss: 0.00016
06/17/2026 11:23:33 - INFO - utils.trainer -   Sparsity Loss: 0.68755
06/17/2026 11:23:33 - INFO - utils.trainer -   Epoch: 51 [C], Cla: 0.09341, MMS: 0.02882, Cons: 0.00000, Div: 0.00015, Sparsity: 0.67435, Acc: 0.3165, Best: 0.3481, Time: 94.3s
06/17/2026 11:25:07 - INFO - utils.trainer -   ***** Running evaluation on test0 dataset *****
06/17/2026 11:25:25 - INFO - utils.trainer -   AUC: 0.53895
06/17/2026 11:25:25 - INFO - utils.trainer -   Accuracy: 0.32911
06/17/2026 11:25:25 - INFO - utils.trainer -   Precision: 0.32500
06/17/2026 11:25:25 - INFO - utils.trainer -   Recall: 0.31892
06/17/2026 11:25:25 - INFO - utils.trainer -   F_score: 0.30858
06/17/2026 11:25:25 - INFO - utils.trainer -   Cla Loss: 3.36342
06/17/2026 11:25:25 - INFO - utils.trainer -   MMS Loss: 0.05804
06/17/2026 11:25:25 - INFO - utils.trainer -   Cons Loss: 0.00000
06/17/2026 11:25:25 - INFO - utils.trainer -   Div Loss: 0.00015
06/17/2026 11:25:25 - INFO - utils.trainer -   Sparsity Loss: 0.67174
06/17/2026 11:25:25 - INFO - utils.trainer -   Epoch: 52 [C], Cla: 0.08080, MMS: 0.02844, Cons: 0.00000, Div: 0.00015, Sparsity: 0.66678, Acc: 0.3291, Best: 0.3481, Time: 94.4s
06/17/2026 11:27:00 - INFO - utils.trainer -   ***** Running evaluation on test0 dataset *****
06/17/2026 11:27:18 - INFO - utils.trainer -   AUC: 0.54533
06/17/2026 11:27:18 - INFO - utils.trainer -   Accuracy: 0.31646
06/17/2026 11:27:18 - INFO - utils.trainer -   Precision: 0.31334
06/17/2026 11:27:18 - INFO - utils.trainer -   Recall: 0.30317
06/17/2026 11:27:18 - INFO - utils.trainer -   F_score: 0.29981
06/17/2026 11:27:18 - INFO - utils.trainer -   Cla Loss: 3.20424
06/17/2026 11:27:18 - INFO - utils.trainer -   MMS Loss: 0.04808
06/17/2026 11:27:18 - INFO - utils.trainer -   Cons Loss: 0.00000
06/17/2026 11:27:18 - INFO - utils.trainer -   Div Loss: 0.00017
06/17/2026 11:27:18 - INFO - utils.trainer -   Sparsity Loss: 0.63984
06/17/2026 11:27:18 - INFO - utils.trainer -   Epoch: 53 [C], Cla: 0.14258, MMS: 0.02956, Cons: 0.00000, Div: 0.00015, Sparsity: 0.65573, Acc: 0.3165, Best: 0.3481, Time: 94.4s
06/17/2026 11:28:52 - INFO - utils.trainer -   ***** Running evaluation on test0 dataset *****
06/17/2026 11:29:10 - INFO - utils.trainer -   AUC: 0.53628
06/17/2026 11:29:10 - INFO - utils.trainer -   Accuracy: 0.31013
06/17/2026 11:29:10 - INFO - utils.trainer -   Precision: 0.29090
06/17/2026 11:29:10 - INFO - utils.trainer -   Recall: 0.29015
06/17/2026 11:29:10 - INFO - utils.trainer -   F_score: 0.27916
06/17/2026 11:29:10 - INFO - utils.trainer -   Cla Loss: 3.31275
06/17/2026 11:29:10 - INFO - utils.trainer -   MMS Loss: 0.05637
06/17/2026 11:29:10 - INFO - utils.trainer -   Cons Loss: 0.00000
06/17/2026 11:29:10 - INFO - utils.trainer -   Div Loss: 0.00014
06/17/2026 11:29:10 - INFO - utils.trainer -   Sparsity Loss: 0.65879
06/17/2026 11:29:10 - INFO - utils.trainer -   Epoch: 54 [C], Cla: 0.05830, MMS: 0.02565, Cons: 0.00000, Div: 0.00015, Sparsity: 0.63757, Acc: 0.3101, Best: 0.3481, Time: 94.7s
06/17/2026 11:30:45 - INFO - utils.trainer -   ***** Running evaluation on test0 dataset *****
06/17/2026 11:31:03 - INFO - utils.trainer -   AUC: 0.55045
06/17/2026 11:31:03 - INFO - utils.trainer -   Accuracy: 0.28481
06/17/2026 11:31:03 - INFO - utils.trainer -   Precision: 0.27271
06/17/2026 11:31:03 - INFO - utils.trainer -   Recall: 0.28157
06/17/2026 11:31:03 - INFO - utils.trainer -   F_score: 0.27519
06/17/2026 11:31:03 - INFO - utils.trainer -   Cla Loss: 3.22516
06/17/2026 11:31:03 - INFO - utils.trainer -   MMS Loss: 0.05160
06/17/2026 11:31:03 - INFO - utils.trainer -   Cons Loss: 0.00000
06/17/2026 11:31:03 - INFO - utils.trainer -   Div Loss: 0.00016
06/17/2026 11:31:03 - INFO - utils.trainer -   Sparsity Loss: 0.67884
06/17/2026 11:31:03 - INFO - utils.trainer -   Epoch: 55 [C], Cla: 0.03852, MMS: 0.02682, Cons: 0.00000, Div: 0.00015, Sparsity: 0.65564, Acc: 0.2848, Best: 0.3481, Time: 94.2s
06/17/2026 11:32:37 - INFO - utils.trainer -   ***** Running evaluation on test0 dataset *****
06/17/2026 11:32:55 - INFO - utils.trainer -   AUC: 0.52844
06/17/2026 11:32:55 - INFO - utils.trainer -   Accuracy: 0.27215
06/17/2026 11:32:55 - INFO - utils.trainer -   Precision: 0.25885
06/17/2026 11:32:55 - INFO - utils.trainer -   Recall: 0.26945
06/17/2026 11:32:55 - INFO - utils.trainer -   F_score: 0.25906
06/17/2026 11:32:55 - INFO - utils.trainer -   Cla Loss: 3.47585
06/17/2026 11:32:55 - INFO - utils.trainer -   MMS Loss: 0.05491
06/17/2026 11:32:55 - INFO - utils.trainer -   Cons Loss: 0.00000
06/17/2026 11:32:55 - INFO - utils.trainer -   Div Loss: 0.00016
06/17/2026 11:32:55 - INFO - utils.trainer -   Sparsity Loss: 0.66516
06/17/2026 11:32:55 - INFO - utils.trainer -   Epoch: 56 [C], Cla: 0.08796, MMS: 0.02522, Cons: 0.00000, Div: 0.00015, Sparsity: 0.65112, Acc: 0.2722, Best: 0.3481, Time: 94.5s
06/17/2026 11:34:30 - INFO - utils.trainer -   ***** Running evaluation on test0 dataset *****
06/17/2026 11:34:48 - INFO - utils.trainer -   AUC: 0.54430
06/17/2026 11:34:48 - INFO - utils.trainer -   Accuracy: 0.27848
06/17/2026 11:34:48 - INFO - utils.trainer -   Precision: 0.27190
06/17/2026 11:34:48 - INFO - utils.trainer -   Recall: 0.27393
06/17/2026 11:34:48 - INFO - utils.trainer -   F_score: 0.27001
06/17/2026 11:34:48 - INFO - utils.trainer -   Cla Loss: 3.27600
06/17/2026 11:34:48 - INFO - utils.trainer -   MMS Loss: 0.04923
06/17/2026 11:34:48 - INFO - utils.trainer -   Cons Loss: 0.00000
06/17/2026 11:34:48 - INFO - utils.trainer -   Div Loss: 0.00016
06/17/2026 11:34:48 - INFO - utils.trainer -   Sparsity Loss: 0.65960
06/17/2026 11:34:48 - INFO - utils.trainer -   Epoch: 57 [C], Cla: 0.10747, MMS: 0.02724, Cons: 0.00000, Div: 0.00015, Sparsity: 0.64531, Acc: 0.2785, Best: 0.3481, Time: 94.4s
06/17/2026 11:36:22 - INFO - utils.trainer -   ***** Running evaluation on test0 dataset *****
06/17/2026 11:36:40 - INFO - utils.trainer -   AUC: 0.56312
06/17/2026 11:36:40 - INFO - utils.trainer -   Accuracy: 0.29747
06/17/2026 11:36:40 - INFO - utils.trainer -   Precision: 0.30701
06/17/2026 11:36:40 - INFO - utils.trainer -   Recall: 0.29996
06/17/2026 11:36:40 - INFO - utils.trainer -   F_score: 0.29912
06/17/2026 11:36:40 - INFO - utils.trainer -   Cla Loss: 2.97596
06/17/2026 11:36:40 - INFO - utils.trainer -   MMS Loss: 0.05038
06/17/2026 11:36:40 - INFO - utils.trainer -   Cons Loss: 0.00000
06/17/2026 11:36:40 - INFO - utils.trainer -   Div Loss: 0.00016
06/17/2026 11:36:40 - INFO - utils.trainer -   Sparsity Loss: 0.65579
06/17/2026 11:36:40 - INFO - utils.trainer -   Epoch: 58 [C], Cla: 0.09232, MMS: 0.02902, Cons: 0.00000, Div: 0.00015, Sparsity: 0.64545, Acc: 0.2975, Best: 0.3481, Time: 94.4s
06/17/2026 11:38:15 - INFO - utils.trainer -   ***** Running evaluation on test0 dataset *****
06/17/2026 11:38:33 - INFO - utils.trainer -   AUC: 0.56658
06/17/2026 11:38:33 - INFO - utils.trainer -   Accuracy: 0.30380
06/17/2026 11:38:33 - INFO - utils.trainer -   Precision: 0.28989
06/17/2026 11:38:33 - INFO - utils.trainer -   Recall: 0.31415
06/17/2026 11:38:33 - INFO - utils.trainer -   F_score: 0.29162
06/17/2026 11:38:33 - INFO - utils.trainer -   Cla Loss: 3.15472
06/17/2026 11:38:33 - INFO - utils.trainer -   MMS Loss: 0.05302
06/17/2026 11:38:33 - INFO - utils.trainer -   Cons Loss: 0.00000
06/17/2026 11:38:33 - INFO - utils.trainer -   Div Loss: 0.00016
06/17/2026 11:38:33 - INFO - utils.trainer -   Sparsity Loss: 0.67112
06/17/2026 11:38:33 - INFO - utils.trainer -   Epoch: 59 [C], Cla: 0.03832, MMS: 0.02654, Cons: 0.00000, Div: 0.00016, Sparsity: 0.64682, Acc: 0.3038, Best: 0.3481, Time: 94.4s
06/17/2026 11:40:07 - INFO - utils.trainer -   ***** Running evaluation on test0 dataset *****
06/17/2026 11:40:25 - INFO - utils.trainer -   AUC: 0.52940
06/17/2026 11:40:25 - INFO - utils.trainer -   Accuracy: 0.27215
06/17/2026 11:40:25 - INFO - utils.trainer -   Precision: 0.26121
06/17/2026 11:40:25 - INFO - utils.trainer -   Recall: 0.26164
06/17/2026 11:40:25 - INFO - utils.trainer -   F_score: 0.25098
06/17/2026 11:40:25 - INFO - utils.trainer -   Cla Loss: 3.29550
06/17/2026 11:40:25 - INFO - utils.trainer -   MMS Loss: 0.05258
06/17/2026 11:40:25 - INFO - utils.trainer -   Cons Loss: 0.00000
06/17/2026 11:40:25 - INFO - utils.trainer -   Div Loss: 0.00017
06/17/2026 11:40:25 - INFO - utils.trainer -   Sparsity Loss: 0.66899
06/17/2026 11:40:25 - INFO - utils.trainer -   Epoch: 60 [C], Cla: 0.04969, MMS: 0.02788, Cons: 0.00000, Div: 0.00015, Sparsity: 0.65228, Acc: 0.2722, Best: 0.3481, Time: 94.5s
06/17/2026 11:42:00 - INFO - utils.trainer -   ***** Running evaluation on test0 dataset *****
06/17/2026 11:42:18 - INFO - utils.trainer -   AUC: 0.52579
06/17/2026 11:42:18 - INFO - utils.trainer -   Accuracy: 0.29114
06/17/2026 11:42:18 - INFO - utils.trainer -   Precision: 0.29146
06/17/2026 11:42:18 - INFO - utils.trainer -   Recall: 0.29176
06/17/2026 11:42:18 - INFO - utils.trainer -   F_score: 0.29131
06/17/2026 11:42:18 - INFO - utils.trainer -   Cla Loss: 3.16855
06/17/2026 11:42:18 - INFO - utils.trainer -   MMS Loss: 0.05267
06/17/2026 11:42:18 - INFO - utils.trainer -   Cons Loss: 0.00000
06/17/2026 11:42:18 - INFO - utils.trainer -   Div Loss: 0.00013
06/17/2026 11:42:18 - INFO - utils.trainer -   Sparsity Loss: 0.66117
06/17/2026 11:42:18 - INFO - utils.trainer -   Epoch: 61 [C], Cla: 0.07258, MMS: 0.02629, Cons: 0.00000, Div: 0.00015, Sparsity: 0.65436, Acc: 0.2911, Best: 0.3481, Time: 94.3s
06/17/2026 11:43:52 - INFO - utils.trainer -   ***** Running evaluation on test0 dataset *****
06/17/2026 11:44:10 - INFO - utils.trainer -   AUC: 0.54856
06/17/2026 11:44:10 - INFO - utils.trainer -   Accuracy: 0.26582
06/17/2026 11:44:10 - INFO - utils.trainer -   Precision: 0.26465
06/17/2026 11:44:10 - INFO - utils.trainer -   Recall: 0.26562
06/17/2026 11:44:10 - INFO - utils.trainer -   F_score: 0.26270
06/17/2026 11:44:10 - INFO - utils.trainer -   Cla Loss: 3.20375
06/17/2026 11:44:10 - INFO - utils.trainer -   MMS Loss: 0.05306
06/17/2026 11:44:10 - INFO - utils.trainer -   Cons Loss: 0.00000
06/17/2026 11:44:10 - INFO - utils.trainer -   Div Loss: 0.00015
06/17/2026 11:44:10 - INFO - utils.trainer -   Sparsity Loss: 0.67389
06/17/2026 11:44:10 - INFO - utils.trainer -   Epoch: 62 [C], Cla: 0.09200, MMS: 0.02785, Cons: 0.00000, Div: 0.00016, Sparsity: 0.65480, Acc: 0.2658, Best: 0.3481, Time: 94.4s
06/17/2026 11:45:45 - INFO - utils.trainer -   ***** Running evaluation on test0 dataset *****
06/17/2026 11:46:03 - INFO - utils.trainer -   AUC: 0.55240
06/17/2026 11:46:03 - INFO - utils.trainer -   Accuracy: 0.31013
06/17/2026 11:46:03 - INFO - utils.trainer -   Precision: 0.27176
06/17/2026 11:46:03 - INFO - utils.trainer -   Recall: 0.31006
06/17/2026 11:46:03 - INFO - utils.trainer -   F_score: 0.28260
06/17/2026 11:46:03 - INFO - utils.trainer -   Cla Loss: 3.66447
06/17/2026 11:46:03 - INFO - utils.trainer -   MMS Loss: 0.05336
06/17/2026 11:46:03 - INFO - utils.trainer -   Cons Loss: 0.00000
06/17/2026 11:46:03 - INFO - utils.trainer -   Div Loss: 0.00016
06/17/2026 11:46:03 - INFO - utils.trainer -   Sparsity Loss: 0.67069
06/17/2026 11:46:03 - INFO - utils.trainer -   Epoch: 63 [C], Cla: 0.07157, MMS: 0.02772, Cons: 0.00000, Div: 0.00015, Sparsity: 0.64799, Acc: 0.3101, Best: 0.3481, Time: 94.5s
06/17/2026 11:47:37 - INFO - utils.trainer -   ***** Running evaluation on test0 dataset *****
06/17/2026 11:47:55 - INFO - utils.trainer -   AUC: 0.53582
06/17/2026 11:47:55 - INFO - utils.trainer -   Accuracy: 0.27215
06/17/2026 11:47:55 - INFO - utils.trainer -   Precision: 0.25984
06/17/2026 11:47:55 - INFO - utils.trainer -   Recall: 0.26358
06/17/2026 11:47:55 - INFO - utils.trainer -   F_score: 0.25974
06/17/2026 11:47:55 - INFO - utils.trainer -   Cla Loss: 3.51103
06/17/2026 11:47:55 - INFO - utils.trainer -   MMS Loss: 0.05369
06/17/2026 11:47:55 - INFO - utils.trainer -   Cons Loss: 0.00000
06/17/2026 11:47:55 - INFO - utils.trainer -   Div Loss: 0.00016
06/17/2026 11:47:55 - INFO - utils.trainer -   Sparsity Loss: 0.65876
06/17/2026 11:47:55 - INFO - utils.trainer -   Epoch: 64 [C], Cla: 0.03218, MMS: 0.02758, Cons: 0.00000, Div: 0.00016, Sparsity: 0.65270, Acc: 0.2722, Best: 0.3481, Time: 94.2s
06/17/2026 11:49:29 - INFO - utils.trainer -   ***** Running evaluation on test0 dataset *****
06/17/2026 11:49:47 - INFO - utils.trainer -   AUC: 0.52623
06/17/2026 11:49:47 - INFO - utils.trainer -   Accuracy: 0.25316
06/17/2026 11:49:47 - INFO - utils.trainer -   Precision: 0.23201
06/17/2026 11:49:47 - INFO - utils.trainer -   Recall: 0.23490
06/17/2026 11:49:47 - INFO - utils.trainer -   F_score: 0.22611
06/17/2026 11:49:47 - INFO - utils.trainer -   Cla Loss: 3.57596
06/17/2026 11:49:47 - INFO - utils.trainer -   MMS Loss: 0.05406
06/17/2026 11:49:47 - INFO - utils.trainer -   Cons Loss: 0.00000
06/17/2026 11:49:47 - INFO - utils.trainer -   Div Loss: 0.00015
06/17/2026 11:49:47 - INFO - utils.trainer -   Sparsity Loss: 0.65505
06/17/2026 11:49:47 - INFO - utils.trainer -   Epoch: 65 [C], Cla: 0.03402, MMS: 0.02531, Cons: 0.00000, Div: 0.00016, Sparsity: 0.64973, Acc: 0.2532, Best: 0.3481, Time: 94.2s
06/17/2026 11:51:21 - INFO - utils.trainer -   ***** Running evaluation on test0 dataset *****
06/17/2026 11:51:39 - INFO - utils.trainer -   AUC: 0.51951
06/17/2026 11:51:39 - INFO - utils.trainer -   Accuracy: 0.29747
06/17/2026 11:51:39 - INFO - utils.trainer -   Precision: 0.29408
06/17/2026 11:51:39 - INFO - utils.trainer -   Recall: 0.29570
06/17/2026 11:51:39 - INFO - utils.trainer -   F_score: 0.28645
06/17/2026 11:51:39 - INFO - utils.trainer -   Cla Loss: 3.54282
06/17/2026 11:51:39 - INFO - utils.trainer -   MMS Loss: 0.04889
06/17/2026 11:51:39 - INFO - utils.trainer -   Cons Loss: 0.00000
06/17/2026 11:51:39 - INFO - utils.trainer -   Div Loss: 0.00016
06/17/2026 11:51:39 - INFO - utils.trainer -   Sparsity Loss: 0.68246
06/17/2026 11:51:39 - INFO - utils.trainer -   Epoch: 66 [C], Cla: 0.06295, MMS: 0.02719, Cons: 0.00000, Div: 0.00015, Sparsity: 0.65089, Acc: 0.2975, Best: 0.3481, Time: 94.2s
06/17/2026 11:53:14 - INFO - utils.trainer -   ***** Running evaluation on test0 dataset *****
06/17/2026 11:53:32 - INFO - utils.trainer -   AUC: 0.53252
06/17/2026 11:53:32 - INFO - utils.trainer -   Accuracy: 0.30380
06/17/2026 11:53:32 - INFO - utils.trainer -   Precision: 0.29096
06/17/2026 11:53:32 - INFO - utils.trainer -   Recall: 0.29648
06/17/2026 11:53:32 - INFO - utils.trainer -   F_score: 0.28823
06/17/2026 11:53:32 - INFO - utils.trainer -   Cla Loss: 3.67411
06/17/2026 11:53:32 - INFO - utils.trainer -   MMS Loss: 0.05588
06/17/2026 11:53:32 - INFO - utils.trainer -   Cons Loss: 0.00000
06/17/2026 11:53:32 - INFO - utils.trainer -   Div Loss: 0.00014
06/17/2026 11:53:32 - INFO - utils.trainer -   Sparsity Loss: 0.67358
06/17/2026 11:53:32 - INFO - utils.trainer -   Epoch: 67 [C], Cla: 0.05205, MMS: 0.02909, Cons: 0.00000, Div: 0.00015, Sparsity: 0.67515, Acc: 0.3038, Best: 0.3481, Time: 94.3s
06/17/2026 11:55:06 - INFO - utils.trainer -   ***** Running evaluation on test0 dataset *****
06/17/2026 11:55:24 - INFO - utils.trainer -   AUC: 0.52653
06/17/2026 11:55:24 - INFO - utils.trainer -   Accuracy: 0.28481
06/17/2026 11:55:24 - INFO - utils.trainer -   Precision: 0.29177
06/17/2026 11:55:24 - INFO - utils.trainer -   Recall: 0.28497
06/17/2026 11:55:24 - INFO - utils.trainer -   F_score: 0.26503
06/17/2026 11:55:24 - INFO - utils.trainer -   Cla Loss: 3.77589
06/17/2026 11:55:24 - INFO - utils.trainer -   MMS Loss: 0.05496
06/17/2026 11:55:24 - INFO - utils.trainer -   Cons Loss: 0.00000
06/17/2026 11:55:24 - INFO - utils.trainer -   Div Loss: 0.00017
06/17/2026 11:55:24 - INFO - utils.trainer -   Sparsity Loss: 0.67014
06/17/2026 11:55:24 - INFO - utils.trainer -   Epoch: 68 [C], Cla: 0.07494, MMS: 0.02700, Cons: 0.00000, Div: 0.00016, Sparsity: 0.65988, Acc: 0.2848, Best: 0.3481, Time: 94.1s
06/17/2026 11:56:58 - INFO - utils.trainer -   ***** Running evaluation on test0 dataset *****
06/17/2026 11:57:17 - INFO - utils.trainer -   AUC: 0.53782
06/17/2026 11:57:17 - INFO - utils.trainer -   Accuracy: 0.32278
06/17/2026 11:57:17 - INFO - utils.trainer -   Precision: 0.33527
06/17/2026 11:57:17 - INFO - utils.trainer -   Recall: 0.31446
06/17/2026 11:57:17 - INFO - utils.trainer -   F_score: 0.31068
06/17/2026 11:57:17 - INFO - utils.trainer -   Cla Loss: 3.59022
06/17/2026 11:57:17 - INFO - utils.trainer -   MMS Loss: 0.05278
06/17/2026 11:57:17 - INFO - utils.trainer -   Cons Loss: 0.00000
06/17/2026 11:57:17 - INFO - utils.trainer -   Div Loss: 0.00016
06/17/2026 11:57:17 - INFO - utils.trainer -   Sparsity Loss: 0.67273
06/17/2026 11:57:17 - INFO - utils.trainer -   Epoch: 69 [C], Cla: 0.06163, MMS: 0.02640, Cons: 0.00000, Div: 0.00015, Sparsity: 0.65689, Acc: 0.3228, Best: 0.3481, Time: 94.3s
06/17/2026 11:58:51 - INFO - utils.trainer -   ***** Running evaluation on test0 dataset *****
06/17/2026 11:59:09 - INFO - utils.trainer -   AUC: 0.53480
06/17/2026 11:59:09 - INFO - utils.trainer -   Accuracy: 0.22785
06/17/2026 11:59:09 - INFO - utils.trainer -   Precision: 0.21303
06/17/2026 11:59:09 - INFO - utils.trainer -   Recall: 0.21734
06/17/2026 11:59:09 - INFO - utils.trainer -   F_score: 0.21150
06/17/2026 11:59:09 - INFO - utils.trainer -   Cla Loss: 3.51447
06/17/2026 11:59:09 - INFO - utils.trainer -   MMS Loss: 0.06000
06/17/2026 11:59:09 - INFO - utils.trainer -   Cons Loss: 0.00000
06/17/2026 11:59:09 - INFO - utils.trainer -   Div Loss: 0.00016
06/17/2026 11:59:09 - INFO - utils.trainer -   Sparsity Loss: 0.64932
06/17/2026 11:59:09 - INFO - utils.trainer -   Epoch: 70 [C], Cla: 0.06609, MMS: 0.02600, Cons: 0.00000, Div: 0.00016, Sparsity: 0.65825, Acc: 0.2278, Best: 0.3481, Time: 94.2s
06/17/2026 12:00:43 - INFO - utils.trainer -   ***** Running evaluation on test0 dataset *****
06/17/2026 12:01:01 - INFO - utils.trainer -   AUC: 0.55085
06/17/2026 12:01:01 - INFO - utils.trainer -   Accuracy: 0.31013
06/17/2026 12:01:01 - INFO - utils.trainer -   Precision: 0.30114
06/17/2026 12:01:01 - INFO - utils.trainer -   Recall: 0.30352
06/17/2026 12:01:01 - INFO - utils.trainer -   F_score: 0.29855
06/17/2026 12:01:01 - INFO - utils.trainer -   Cla Loss: 3.32664
06/17/2026 12:01:01 - INFO - utils.trainer -   MMS Loss: 0.05246
06/17/2026 12:01:01 - INFO - utils.trainer -   Cons Loss: 0.00000
06/17/2026 12:01:01 - INFO - utils.trainer -   Div Loss: 0.00016
06/17/2026 12:01:01 - INFO - utils.trainer -   Sparsity Loss: 0.68136
06/17/2026 12:01:01 - INFO - utils.trainer -   Epoch: 71 [C], Cla: 0.02636, MMS: 0.02487, Cons: 0.00000, Div: 0.00016, Sparsity: 0.65880, Acc: 0.3101, Best: 0.3481, Time: 94.3s
06/17/2026 12:02:35 - INFO - utils.trainer -   ***** Running evaluation on test0 dataset *****
06/17/2026 12:02:53 - INFO - utils.trainer -   AUC: 0.53675
06/17/2026 12:02:53 - INFO - utils.trainer -   Accuracy: 0.29114
06/17/2026 12:02:53 - INFO - utils.trainer -   Precision: 0.29232
06/17/2026 12:02:53 - INFO - utils.trainer -   Recall: 0.29226
06/17/2026 12:02:53 - INFO - utils.trainer -   F_score: 0.28521
06/17/2026 12:02:53 - INFO - utils.trainer -   Cla Loss: 3.64721
06/17/2026 12:02:53 - INFO - utils.trainer -   MMS Loss: 0.05360
06/17/2026 12:02:53 - INFO - utils.trainer -   Cons Loss: 0.00000
06/17/2026 12:02:53 - INFO - utils.trainer -   Div Loss: 0.00016
06/17/2026 12:02:53 - INFO - utils.trainer -   Sparsity Loss: 0.67799
06/17/2026 12:02:53 - INFO - utils.trainer -   Epoch: 72 [C], Cla: 0.06488, MMS: 0.02686, Cons: 0.00000, Div: 0.00015, Sparsity: 0.66333, Acc: 0.2911, Best: 0.3481, Time: 94.2s
06/17/2026 12:04:27 - INFO - utils.trainer -   ***** Running evaluation on test0 dataset *****
06/17/2026 12:04:46 - INFO - utils.trainer -   AUC: 0.54260
06/17/2026 12:04:46 - INFO - utils.trainer -   Accuracy: 0.27215
06/17/2026 12:04:46 - INFO - utils.trainer -   Precision: 0.23462
06/17/2026 12:04:46 - INFO - utils.trainer -   Recall: 0.27541
06/17/2026 12:04:46 - INFO - utils.trainer -   F_score: 0.24668
06/17/2026 12:04:46 - INFO - utils.trainer -   Cla Loss: 3.51734
06/17/2026 12:04:46 - INFO - utils.trainer -   MMS Loss: 0.05680
06/17/2026 12:04:46 - INFO - utils.trainer -   Cons Loss: 0.00000
06/17/2026 12:04:46 - INFO - utils.trainer -   Div Loss: 0.00014
06/17/2026 12:04:46 - INFO - utils.trainer -   Sparsity Loss: 0.68864
06/17/2026 12:04:46 - INFO - utils.trainer -   Epoch: 73 [C], Cla: 0.07909, MMS: 0.02594, Cons: 0.00000, Div: 0.00015, Sparsity: 0.66090, Acc: 0.2722, Best: 0.3481, Time: 94.2s
06/17/2026 12:06:20 - INFO - utils.trainer -   ***** Running evaluation on test0 dataset *****
06/17/2026 12:06:38 - INFO - utils.trainer -   AUC: 0.53311
06/17/2026 12:06:38 - INFO - utils.trainer -   Accuracy: 0.28481
06/17/2026 12:06:38 - INFO - utils.trainer -   Precision: 0.27066
06/17/2026 12:06:38 - INFO - utils.trainer -   Recall: 0.27833
06/17/2026 12:06:38 - INFO - utils.trainer -   F_score: 0.27092
06/17/2026 12:06:38 - INFO - utils.trainer -   Cla Loss: 3.50856
06/17/2026 12:06:38 - INFO - utils.trainer -   MMS Loss: 0.05201
06/17/2026 12:06:38 - INFO - utils.trainer -   Cons Loss: 0.00000
06/17/2026 12:06:38 - INFO - utils.trainer -   Div Loss: 0.00017
06/17/2026 12:06:38 - INFO - utils.trainer -   Sparsity Loss: 0.68487
06/17/2026 12:06:38 - INFO - utils.trainer -   Epoch: 74 [C], Cla: 0.07510, MMS: 0.02828, Cons: 0.00000, Div: 0.00015, Sparsity: 0.67400, Acc: 0.2848, Best: 0.3481, Time: 94.3s
06/17/2026 12:08:12 - INFO - utils.trainer -   ***** Running evaluation on test0 dataset *****
06/17/2026 12:08:31 - INFO - utils.trainer -   AUC: 0.54525
06/17/2026 12:08:31 - INFO - utils.trainer -   Accuracy: 0.32911
06/17/2026 12:08:31 - INFO - utils.trainer -   Precision: 0.31909
06/17/2026 12:08:31 - INFO - utils.trainer -   Recall: 0.32048
06/17/2026 12:08:31 - INFO - utils.trainer -   F_score: 0.31236
06/17/2026 12:08:31 - INFO - utils.trainer -   Cla Loss: 3.52647
06/17/2026 12:08:31 - INFO - utils.trainer -   MMS Loss: 0.05434
06/17/2026 12:08:31 - INFO - utils.trainer -   Cons Loss: 0.00000
06/17/2026 12:08:31 - INFO - utils.trainer -   Div Loss: 0.00012
06/17/2026 12:08:31 - INFO - utils.trainer -   Sparsity Loss: 0.65405
06/17/2026 12:08:31 - INFO - utils.trainer -   Epoch: 75 [C], Cla: 0.07365, MMS: 0.02561, Cons: 0.00000, Div: 0.00015, Sparsity: 0.66374, Acc: 0.3291, Best: 0.3481, Time: 94.5s
06/17/2026 12:10:05 - INFO - utils.trainer -   ***** Running evaluation on test0 dataset *****
06/17/2026 12:10:23 - INFO - utils.trainer -   AUC: 0.54624
06/17/2026 12:10:23 - INFO - utils.trainer -   Accuracy: 0.31646
06/17/2026 12:10:23 - INFO - utils.trainer -   Precision: 0.31260
06/17/2026 12:10:23 - INFO - utils.trainer -   Recall: 0.30679
06/17/2026 12:10:23 - INFO - utils.trainer -   F_score: 0.30498
06/17/2026 12:10:23 - INFO - utils.trainer -   Cla Loss: 3.47544
06/17/2026 12:10:23 - INFO - utils.trainer -   MMS Loss: 0.05398
06/17/2026 12:10:23 - INFO - utils.trainer -   Cons Loss: 0.00000
06/17/2026 12:10:23 - INFO - utils.trainer -   Div Loss: 0.00016
06/17/2026 12:10:23 - INFO - utils.trainer -   Sparsity Loss: 0.65849
06/17/2026 12:10:23 - INFO - utils.trainer -   Epoch: 76 [C], Cla: 0.02323, MMS: 0.02512, Cons: 0.00000, Div: 0.00015, Sparsity: 0.66058, Acc: 0.3165, Best: 0.3481, Time: 94.3s
06/17/2026 12:11:57 - INFO - utils.trainer -   ***** Running evaluation on test0 dataset *****
06/17/2026 12:12:15 - INFO - utils.trainer -   AUC: 0.54823
06/17/2026 12:12:15 - INFO - utils.trainer -   Accuracy: 0.30380
06/17/2026 12:12:15 - INFO - utils.trainer -   Precision: 0.30824
06/17/2026 12:12:15 - INFO - utils.trainer -   Recall: 0.29926
06/17/2026 12:12:15 - INFO - utils.trainer -   F_score: 0.30052
06/17/2026 12:12:15 - INFO - utils.trainer -   Cla Loss: 3.39248
06/17/2026 12:12:15 - INFO - utils.trainer -   MMS Loss: 0.05043
06/17/2026 12:12:15 - INFO - utils.trainer -   Cons Loss: 0.00000
06/17/2026 12:12:15 - INFO - utils.trainer -   Div Loss: 0.00015
06/17/2026 12:12:15 - INFO - utils.trainer -   Sparsity Loss: 0.65229
06/17/2026 12:12:15 - INFO - utils.trainer -   Epoch: 77 [C], Cla: 0.06874, MMS: 0.02500, Cons: 0.00000, Div: 0.00015, Sparsity: 0.65649, Acc: 0.3038, Best: 0.3481, Time: 94.1s
06/17/2026 12:13:49 - INFO - utils.trainer -   ***** Running evaluation on test0 dataset *****
06/17/2026 12:14:07 - INFO - utils.trainer -   AUC: 0.54104
06/17/2026 12:14:07 - INFO - utils.trainer -   Accuracy: 0.31013
06/17/2026 12:14:07 - INFO - utils.trainer -   Precision: 0.29204
06/17/2026 12:14:07 - INFO - utils.trainer -   Recall: 0.30898
06/17/2026 12:14:07 - INFO - utils.trainer -   F_score: 0.29422
06/17/2026 12:14:07 - INFO - utils.trainer -   Cla Loss: 3.66439
06/17/2026 12:14:07 - INFO - utils.trainer -   MMS Loss: 0.05395
06/17/2026 12:14:07 - INFO - utils.trainer -   Cons Loss: 0.00000
06/17/2026 12:14:07 - INFO - utils.trainer -   Div Loss: 0.00016
06/17/2026 12:14:07 - INFO - utils.trainer -   Sparsity Loss: 0.66762
06/17/2026 12:14:07 - INFO - utils.trainer -   Epoch: 78 [C], Cla: 0.07214, MMS: 0.02546, Cons: 0.00000, Div: 0.00015, Sparsity: 0.65373, Acc: 0.3101, Best: 0.3481, Time: 94.0s
06/17/2026 12:15:41 - INFO - utils.trainer -   ***** Running evaluation on test0 dataset *****
06/17/2026 12:15:59 - INFO - utils.trainer -   AUC: 0.55722
06/17/2026 12:15:59 - INFO - utils.trainer -   Accuracy: 0.29747
06/17/2026 12:15:59 - INFO - utils.trainer -   Precision: 0.29739
06/17/2026 12:15:59 - INFO - utils.trainer -   Recall: 0.29222
06/17/2026 12:15:59 - INFO - utils.trainer -   F_score: 0.28825
06/17/2026 12:15:59 - INFO - utils.trainer -   Cla Loss: 3.29927
06/17/2026 12:15:59 - INFO - utils.trainer -   MMS Loss: 0.05436
06/17/2026 12:15:59 - INFO - utils.trainer -   Cons Loss: 0.00000
06/17/2026 12:15:59 - INFO - utils.trainer -   Div Loss: 0.00016
06/17/2026 12:15:59 - INFO - utils.trainer -   Sparsity Loss: 0.67302
06/17/2026 12:15:59 - INFO - utils.trainer -   Epoch: 79 [C], Cla: 0.06119, MMS: 0.02596, Cons: 0.00000, Div: 0.00016, Sparsity: 0.65156, Acc: 0.2975, Best: 0.3481, Time: 94.1s
06/17/2026 12:17:33 - INFO - utils.trainer -   ***** Running evaluation on test0 dataset *****
06/17/2026 12:17:51 - INFO - utils.trainer -   AUC: 0.54830
06/17/2026 12:17:51 - INFO - utils.trainer -   Accuracy: 0.28481
06/17/2026 12:17:51 - INFO - utils.trainer -   Precision: 0.29818
06/17/2026 12:17:51 - INFO - utils.trainer -   Recall: 0.28856
06/17/2026 12:17:51 - INFO - utils.trainer -   F_score: 0.28919
06/17/2026 12:17:51 - INFO - utils.trainer -   Cla Loss: 3.31986
06/17/2026 12:17:51 - INFO - utils.trainer -   MMS Loss: 0.05230
06/17/2026 12:17:51 - INFO - utils.trainer -   Cons Loss: 0.00000
06/17/2026 12:17:51 - INFO - utils.trainer -   Div Loss: 0.00013
06/17/2026 12:17:51 - INFO - utils.trainer -   Sparsity Loss: 0.67607
06/17/2026 12:17:51 - INFO - utils.trainer -   Epoch: 80 [C], Cla: 0.04881, MMS: 0.02403, Cons: 0.00000, Div: 0.00014, Sparsity: 0.65389, Acc: 0.2848, Best: 0.3481, Time: 94.2s
06/17/2026 12:19:26 - INFO - utils.trainer -   ***** Running evaluation on test0 dataset *****
06/17/2026 12:19:43 - INFO - utils.trainer -   AUC: 0.52972
06/17/2026 12:19:43 - INFO - utils.trainer -   Accuracy: 0.28481
06/17/2026 12:19:43 - INFO - utils.trainer -   Precision: 0.28120
06/17/2026 12:19:43 - INFO - utils.trainer -   Recall: 0.27779
06/17/2026 12:19:43 - INFO - utils.trainer -   F_score: 0.27659
06/17/2026 12:19:43 - INFO - utils.trainer -   Cla Loss: 3.41693
06/17/2026 12:19:43 - INFO - utils.trainer -   MMS Loss: 0.05148
06/17/2026 12:19:43 - INFO - utils.trainer -   Cons Loss: 0.00000
06/17/2026 12:19:43 - INFO - utils.trainer -   Div Loss: 0.00014
06/17/2026 12:19:43 - INFO - utils.trainer -   Sparsity Loss: 0.66665
06/17/2026 12:19:43 - INFO - utils.trainer -   Epoch: 81 [C], Cla: 0.02931, MMS: 0.02558, Cons: 0.00000, Div: 0.00014, Sparsity: 0.65677, Acc: 0.2848, Best: 0.3481, Time: 94.1s
06/17/2026 12:21:18 - INFO - utils.trainer -   ***** Running evaluation on test0 dataset *****
06/17/2026 12:21:36 - INFO - utils.trainer -   AUC: 0.56778
06/17/2026 12:21:36 - INFO - utils.trainer -   Accuracy: 0.26582
06/17/2026 12:21:36 - INFO - utils.trainer -   Precision: 0.25745
06/17/2026 12:21:36 - INFO - utils.trainer -   Recall: 0.27308
06/17/2026 12:21:36 - INFO - utils.trainer -   F_score: 0.25452
06/17/2026 12:21:36 - INFO - utils.trainer -   Cla Loss: 3.60356
06/17/2026 12:21:36 - INFO - utils.trainer -   MMS Loss: 0.05332
06/17/2026 12:21:36 - INFO - utils.trainer -   Cons Loss: 0.00000
06/17/2026 12:21:36 - INFO - utils.trainer -   Div Loss: 0.00013
06/17/2026 12:21:36 - INFO - utils.trainer -   Sparsity Loss: 0.67710
06/17/2026 12:21:36 - INFO - utils.trainer -   Epoch: 82 [C], Cla: 0.07547, MMS: 0.02634, Cons: 0.00000, Div: 0.00014, Sparsity: 0.65926, Acc: 0.2658, Best: 0.3481, Time: 94.1s
06/17/2026 12:23:10 - INFO - utils.trainer -   ***** Running evaluation on test0 dataset *****
06/17/2026 12:23:27 - INFO - utils.trainer -   AUC: 0.54229
06/17/2026 12:23:27 - INFO - utils.trainer -   Accuracy: 0.27215
06/17/2026 12:23:27 - INFO - utils.trainer -   Precision: 0.26848
06/17/2026 12:23:27 - INFO - utils.trainer -   Recall: 0.27143
06/17/2026 12:23:27 - INFO - utils.trainer -   F_score: 0.25751
06/17/2026 12:23:27 - INFO - utils.trainer -   Cla Loss: 3.74393
06/17/2026 12:23:27 - INFO - utils.trainer -   MMS Loss: 0.05039
06/17/2026 12:23:27 - INFO - utils.trainer -   Cons Loss: 0.00000
06/17/2026 12:23:27 - INFO - utils.trainer -   Div Loss: 0.00013
06/17/2026 12:23:27 - INFO - utils.trainer -   Sparsity Loss: 0.65486
06/17/2026 12:23:27 - INFO - utils.trainer -   Epoch: 83 [C], Cla: 0.07298, MMS: 0.02515, Cons: 0.00000, Div: 0.00014, Sparsity: 0.65002, Acc: 0.2722, Best: 0.3481, Time: 93.9s
06/17/2026 12:25:02 - INFO - utils.trainer -   ***** Running evaluation on test0 dataset *****
06/17/2026 12:25:20 - INFO - utils.trainer -   AUC: 0.52856
06/17/2026 12:25:20 - INFO - utils.trainer -   Accuracy: 0.26582
06/17/2026 12:25:20 - INFO - utils.trainer -   Precision: 0.25417
06/17/2026 12:25:20 - INFO - utils.trainer -   Recall: 0.25369
06/17/2026 12:25:20 - INFO - utils.trainer -   F_score: 0.24672
06/17/2026 12:25:20 - INFO - utils.trainer -   Cla Loss: 3.80022
06/17/2026 12:25:20 - INFO - utils.trainer -   MMS Loss: 0.04881
06/17/2026 12:25:20 - INFO - utils.trainer -   Cons Loss: 0.00000
06/17/2026 12:25:20 - INFO - utils.trainer -   Div Loss: 0.00014
06/17/2026 12:25:20 - INFO - utils.trainer -   Sparsity Loss: 0.64550
06/17/2026 12:25:20 - INFO - utils.trainer -   Epoch: 84 [C], Cla: 0.13691, MMS: 0.02836, Cons: 0.00000, Div: 0.00014, Sparsity: 0.65338, Acc: 0.2658, Best: 0.3481, Time: 94.3s
06/17/2026 12:26:54 - INFO - utils.trainer -   ***** Running evaluation on test0 dataset *****
06/17/2026 12:27:12 - INFO - utils.trainer -   AUC: 0.53879
06/17/2026 12:27:12 - INFO - utils.trainer -   Accuracy: 0.29114
06/17/2026 12:27:12 - INFO - utils.trainer -   Precision: 0.28516
06/17/2026 12:27:12 - INFO - utils.trainer -   Recall: 0.29782
06/17/2026 12:27:12 - INFO - utils.trainer -   F_score: 0.28527
06/17/2026 12:27:12 - INFO - utils.trainer -   Cla Loss: 3.63636
06/17/2026 12:27:12 - INFO - utils.trainer -   MMS Loss: 0.04974
06/17/2026 12:27:12 - INFO - utils.trainer -   Cons Loss: 0.00000
06/17/2026 12:27:12 - INFO - utils.trainer -   Div Loss: 0.00013
06/17/2026 12:27:12 - INFO - utils.trainer -   Sparsity Loss: 0.66830
06/17/2026 12:27:12 - INFO - utils.trainer -   Epoch: 85 [C], Cla: 0.06863, MMS: 0.02709, Cons: 0.00000, Div: 0.00014, Sparsity: 0.65953, Acc: 0.2911, Best: 0.3481, Time: 94.1s
06/17/2026 12:28:46 - INFO - utils.trainer -   ***** Running evaluation on test0 dataset *****
06/17/2026 12:29:04 - INFO - utils.trainer -   AUC: 0.52446
06/17/2026 12:29:04 - INFO - utils.trainer -   Accuracy: 0.26582
06/17/2026 12:29:04 - INFO - utils.trainer -   Precision: 0.24345
06/17/2026 12:29:04 - INFO - utils.trainer -   Recall: 0.26201
06/17/2026 12:29:04 - INFO - utils.trainer -   F_score: 0.24251
06/17/2026 12:29:04 - INFO - utils.trainer -   Cla Loss: 3.99366
06/17/2026 12:29:04 - INFO - utils.trainer -   MMS Loss: 0.04930
06/17/2026 12:29:04 - INFO - utils.trainer -   Cons Loss: 0.00000
06/17/2026 12:29:04 - INFO - utils.trainer -   Div Loss: 0.00016
06/17/2026 12:29:04 - INFO - utils.trainer -   Sparsity Loss: 0.69174
06/17/2026 12:29:04 - INFO - utils.trainer -   Epoch: 86 [C], Cla: 0.10893, MMS: 0.02793, Cons: 0.00000, Div: 0.00014, Sparsity: 0.66204, Acc: 0.2658, Best: 0.3481, Time: 93.9s
06/17/2026 12:30:38 - INFO - utils.trainer -   ***** Running evaluation on test0 dataset *****
06/17/2026 12:30:56 - INFO - utils.trainer -   AUC: 0.52450
06/17/2026 12:30:56 - INFO - utils.trainer -   Accuracy: 0.26582
06/17/2026 12:30:56 - INFO - utils.trainer -   Precision: 0.25847
06/17/2026 12:30:56 - INFO - utils.trainer -   Recall: 0.26130
06/17/2026 12:30:56 - INFO - utils.trainer -   F_score: 0.25838
06/17/2026 12:30:56 - INFO - utils.trainer -   Cla Loss: 3.67511
06/17/2026 12:30:56 - INFO - utils.trainer -   MMS Loss: 0.05096
06/17/2026 12:30:56 - INFO - utils.trainer -   Cons Loss: 0.00000
06/17/2026 12:30:56 - INFO - utils.trainer -   Div Loss: 0.00013
06/17/2026 12:30:56 - INFO - utils.trainer -   Sparsity Loss: 0.67981
06/17/2026 12:30:56 - INFO - utils.trainer -   Epoch: 87 [C], Cla: 0.02853, MMS: 0.02676, Cons: 0.00000, Div: 0.00014, Sparsity: 0.66588, Acc: 0.2658, Best: 0.3481, Time: 94.1s
06/17/2026 12:32:30 - INFO - utils.trainer -   ***** Running evaluation on test0 dataset *****
06/17/2026 12:32:48 - INFO - utils.trainer -   AUC: 0.51769
06/17/2026 12:32:48 - INFO - utils.trainer -   Accuracy: 0.24684
06/17/2026 12:32:48 - INFO - utils.trainer -   Precision: 0.24536
06/17/2026 12:32:48 - INFO - utils.trainer -   Recall: 0.23399
06/17/2026 12:32:48 - INFO - utils.trainer -   F_score: 0.23253
06/17/2026 12:32:48 - INFO - utils.trainer -   Cla Loss: 3.79381
06/17/2026 12:32:48 - INFO - utils.trainer -   MMS Loss: 0.05080
06/17/2026 12:32:48 - INFO - utils.trainer -   Cons Loss: 0.00000
06/17/2026 12:32:48 - INFO - utils.trainer -   Div Loss: 0.00014
06/17/2026 12:32:48 - INFO - utils.trainer -   Sparsity Loss: 0.64653
06/17/2026 12:32:48 - INFO - utils.trainer -   Epoch: 88 [C], Cla: 0.10380, MMS: 0.02529, Cons: 0.00000, Div: 0.00014, Sparsity: 0.66185, Acc: 0.2468, Best: 0.3481, Time: 94.3s
06/17/2026 12:34:22 - INFO - utils.trainer -   ***** Running evaluation on test0 dataset *****
06/17/2026 12:34:40 - INFO - utils.trainer -   AUC: 0.52859
06/17/2026 12:34:40 - INFO - utils.trainer -   Accuracy: 0.29747
06/17/2026 12:34:40 - INFO - utils.trainer -   Precision: 0.27676
06/17/2026 12:34:40 - INFO - utils.trainer -   Recall: 0.29906
06/17/2026 12:34:40 - INFO - utils.trainer -   F_score: 0.28165
06/17/2026 12:34:40 - INFO - utils.trainer -   Cla Loss: 3.65343
06/17/2026 12:34:40 - INFO - utils.trainer -   MMS Loss: 0.05390
06/17/2026 12:34:40 - INFO - utils.trainer -   Cons Loss: 0.00000
06/17/2026 12:34:40 - INFO - utils.trainer -   Div Loss: 0.00013
06/17/2026 12:34:40 - INFO - utils.trainer -   Sparsity Loss: 0.68909
06/17/2026 12:34:40 - INFO - utils.trainer -   Epoch: 89 [C], Cla: 0.04480, MMS: 0.02487, Cons: 0.00000, Div: 0.00014, Sparsity: 0.65764, Acc: 0.2975, Best: 0.3481, Time: 94.2s
06/17/2026 12:36:14 - INFO - utils.trainer -   ***** Running evaluation on test0 dataset *****
06/17/2026 12:36:32 - INFO - utils.trainer -   AUC: 0.53159
06/17/2026 12:36:32 - INFO - utils.trainer -   Accuracy: 0.29747
06/17/2026 12:36:32 - INFO - utils.trainer -   Precision: 0.27335
06/17/2026 12:36:32 - INFO - utils.trainer -   Recall: 0.29818
06/17/2026 12:36:32 - INFO - utils.trainer -   F_score: 0.28144
06/17/2026 12:36:32 - INFO - utils.trainer -   Cla Loss: 3.55978
06/17/2026 12:36:32 - INFO - utils.trainer -   MMS Loss: 0.05542
06/17/2026 12:36:32 - INFO - utils.trainer -   Cons Loss: 0.00000
06/17/2026 12:36:32 - INFO - utils.trainer -   Div Loss: 0.00014
06/17/2026 12:36:32 - INFO - utils.trainer -   Sparsity Loss: 0.67101
06/17/2026 12:36:32 - INFO - utils.trainer -   Epoch: 90 [C], Cla: 0.06711, MMS: 0.02530, Cons: 0.00000, Div: 0.00014, Sparsity: 0.66354, Acc: 0.2975, Best: 0.3481, Time: 93.9s
06/17/2026 12:38:06 - INFO - utils.trainer -   ***** Running evaluation on test0 dataset *****
06/17/2026 12:38:24 - INFO - utils.trainer -   AUC: 0.53758
06/17/2026 12:38:24 - INFO - utils.trainer -   Accuracy: 0.32278
06/17/2026 12:38:24 - INFO - utils.trainer -   Precision: 0.30949
06/17/2026 12:38:24 - INFO - utils.trainer -   Recall: 0.32017
06/17/2026 12:38:24 - INFO - utils.trainer -   F_score: 0.30804
06/17/2026 12:38:24 - INFO - utils.trainer -   Cla Loss: 3.59623
06/17/2026 12:38:24 - INFO - utils.trainer -   MMS Loss: 0.05150
06/17/2026 12:38:24 - INFO - utils.trainer -   Cons Loss: 0.00000
06/17/2026 12:38:24 - INFO - utils.trainer -   Div Loss: 0.00015
06/17/2026 12:38:24 - INFO - utils.trainer -   Sparsity Loss: 0.67178
06/17/2026 12:38:24 - INFO - utils.trainer -   Epoch: 91 [C], Cla: 0.15417, MMS: 0.03005, Cons: 0.00000, Div: 0.00013, Sparsity: 0.66276, Acc: 0.3228, Best: 0.3481, Time: 94.1s
06/17/2026 12:39:59 - INFO - utils.trainer -   ***** Running evaluation on test0 dataset *****
06/17/2026 12:40:17 - INFO - utils.trainer -   AUC: 0.51321
06/17/2026 12:40:17 - INFO - utils.trainer -   Accuracy: 0.27848
06/17/2026 12:40:17 - INFO - utils.trainer -   Precision: 0.27497
06/17/2026 12:40:17 - INFO - utils.trainer -   Recall: 0.28469
06/17/2026 12:40:17 - INFO - utils.trainer -   F_score: 0.27710
06/17/2026 12:40:17 - INFO - utils.trainer -   Cla Loss: 3.77288
06/17/2026 12:40:17 - INFO - utils.trainer -   MMS Loss: 0.05367
06/17/2026 12:40:17 - INFO - utils.trainer -   Cons Loss: 0.00000
06/17/2026 12:40:17 - INFO - utils.trainer -   Div Loss: 0.00014
06/17/2026 12:40:17 - INFO - utils.trainer -   Sparsity Loss: 0.67917
06/17/2026 12:40:17 - INFO - utils.trainer -   Epoch: 92 [C], Cla: 0.05382, MMS: 0.02713, Cons: 0.00000, Div: 0.00014, Sparsity: 0.65785, Acc: 0.2785, Best: 0.3481, Time: 94.2s
06/17/2026 12:41:50 - INFO - utils.trainer -   ***** Running evaluation on test0 dataset *****
06/17/2026 12:42:08 - INFO - utils.trainer -   AUC: 0.52260
06/17/2026 12:42:08 - INFO - utils.trainer -   Accuracy: 0.31646
06/17/2026 12:42:08 - INFO - utils.trainer -   Precision: 0.28784
06/17/2026 12:42:08 - INFO - utils.trainer -   Recall: 0.31092
06/17/2026 12:42:08 - INFO - utils.trainer -   F_score: 0.28731
06/17/2026 12:42:08 - INFO - utils.trainer -   Cla Loss: 3.75183
06/17/2026 12:42:08 - INFO - utils.trainer -   MMS Loss: 0.05647
06/17/2026 12:42:08 - INFO - utils.trainer -   Cons Loss: 0.00000
06/17/2026 12:42:08 - INFO - utils.trainer -   Div Loss: 0.00013
06/17/2026 12:42:08 - INFO - utils.trainer -   Sparsity Loss: 0.67223
06/17/2026 12:42:08 - INFO - utils.trainer -   Epoch: 93 [C], Cla: 0.06816, MMS: 0.02577, Cons: 0.00000, Div: 0.00013, Sparsity: 0.65727, Acc: 0.3165, Best: 0.3481, Time: 93.8s
06/17/2026 12:43:42 - INFO - utils.trainer -   ***** Running evaluation on test0 dataset *****
06/17/2026 12:44:00 - INFO - utils.trainer -   AUC: 0.51009
06/17/2026 12:44:00 - INFO - utils.trainer -   Accuracy: 0.28481
06/17/2026 12:44:00 - INFO - utils.trainer -   Precision: 0.26495
06/17/2026 12:44:00 - INFO - utils.trainer -   Recall: 0.28523
06/17/2026 12:44:00 - INFO - utils.trainer -   F_score: 0.27086
06/17/2026 12:44:00 - INFO - utils.trainer -   Cla Loss: 3.78288
06/17/2026 12:44:00 - INFO - utils.trainer -   MMS Loss: 0.05366
06/17/2026 12:44:00 - INFO - utils.trainer -   Cons Loss: 0.00000
06/17/2026 12:44:00 - INFO - utils.trainer -   Div Loss: 0.00014
06/17/2026 12:44:00 - INFO - utils.trainer -   Sparsity Loss: 0.65917
06/17/2026 12:44:00 - INFO - utils.trainer -   Epoch: 94 [C], Cla: 0.03465, MMS: 0.02455, Cons: 0.00000, Div: 0.00013, Sparsity: 0.65405, Acc: 0.2848, Best: 0.3481, Time: 94.0s
06/17/2026 12:45:34 - INFO - utils.trainer -   ***** Running evaluation on test0 dataset *****
06/17/2026 12:45:52 - INFO - utils.trainer -   AUC: 0.51769
06/17/2026 12:45:52 - INFO - utils.trainer -   Accuracy: 0.27215
06/17/2026 12:45:52 - INFO - utils.trainer -   Precision: 0.26744
06/17/2026 12:45:52 - INFO - utils.trainer -   Recall: 0.26554
06/17/2026 12:45:52 - INFO - utils.trainer -   F_score: 0.25809
06/17/2026 12:45:52 - INFO - utils.trainer -   Cla Loss: 3.85119
06/17/2026 12:45:52 - INFO - utils.trainer -   MMS Loss: 0.05296
06/17/2026 12:45:52 - INFO - utils.trainer -   Cons Loss: 0.00000
06/17/2026 12:45:52 - INFO - utils.trainer -   Div Loss: 0.00014
06/17/2026 12:45:52 - INFO - utils.trainer -   Sparsity Loss: 0.67575
06/17/2026 12:45:52 - INFO - utils.trainer -   Epoch: 95 [C], Cla: 0.05120, MMS: 0.02614, Cons: 0.00000, Div: 0.00013, Sparsity: 0.65800, Acc: 0.2722, Best: 0.3481, Time: 93.8s
06/17/2026 12:47:26 - INFO - utils.trainer -   ***** Running evaluation on test0 dataset *****
06/17/2026 12:47:44 - INFO - utils.trainer -   AUC: 0.51609
06/17/2026 12:47:44 - INFO - utils.trainer -   Accuracy: 0.29747
06/17/2026 12:47:44 - INFO - utils.trainer -   Precision: 0.29061
06/17/2026 12:47:44 - INFO - utils.trainer -   Recall: 0.29433
06/17/2026 12:47:44 - INFO - utils.trainer -   F_score: 0.28905
06/17/2026 12:47:44 - INFO - utils.trainer -   Cla Loss: 3.86313
06/17/2026 12:47:44 - INFO - utils.trainer -   MMS Loss: 0.05206
06/17/2026 12:47:44 - INFO - utils.trainer -   Cons Loss: 0.00000
06/17/2026 12:47:44 - INFO - utils.trainer -   Div Loss: 0.00012
06/17/2026 12:47:44 - INFO - utils.trainer -   Sparsity Loss: 0.66971
06/17/2026 12:47:44 - INFO - utils.trainer -   Epoch: 96 [C], Cla: 0.03312, MMS: 0.02289, Cons: 0.00000, Div: 0.00013, Sparsity: 0.65585, Acc: 0.2975, Best: 0.3481, Time: 94.2s
06/17/2026 12:49:18 - INFO - utils.trainer -   ***** Running evaluation on test0 dataset *****
06/17/2026 12:49:37 - INFO - utils.trainer -   AUC: 0.50392
06/17/2026 12:49:37 - INFO - utils.trainer -   Accuracy: 0.24684
06/17/2026 12:49:37 - INFO - utils.trainer -   Precision: 0.24865
06/17/2026 12:49:37 - INFO - utils.trainer -   Recall: 0.25140
06/17/2026 12:49:37 - INFO - utils.trainer -   F_score: 0.24552
06/17/2026 12:49:37 - INFO - utils.trainer -   Cla Loss: 3.91517
06/17/2026 12:49:37 - INFO - utils.trainer -   MMS Loss: 0.05429
06/17/2026 12:49:37 - INFO - utils.trainer -   Cons Loss: 0.00000
06/17/2026 12:49:37 - INFO - utils.trainer -   Div Loss: 0.00013
06/17/2026 12:49:37 - INFO - utils.trainer -   Sparsity Loss: 0.67043
06/17/2026 12:49:37 - INFO - utils.trainer -   Epoch: 97 [C], Cla: 0.02571, MMS: 0.02319, Cons: 0.00000, Div: 0.00013, Sparsity: 0.65306, Acc: 0.2468, Best: 0.3481, Time: 94.3s
06/17/2026 12:51:11 - INFO - utils.trainer -   ***** Running evaluation on test0 dataset *****
06/17/2026 12:51:29 - INFO - utils.trainer -   AUC: 0.52172
06/17/2026 12:51:29 - INFO - utils.trainer -   Accuracy: 0.31646
06/17/2026 12:51:29 - INFO - utils.trainer -   Precision: 0.31126
06/17/2026 12:51:29 - INFO - utils.trainer -   Recall: 0.31840
06/17/2026 12:51:29 - INFO - utils.trainer -   F_score: 0.30387
06/17/2026 12:51:29 - INFO - utils.trainer -   Cla Loss: 3.91574
06/17/2026 12:51:29 - INFO - utils.trainer -   MMS Loss: 0.05028
06/17/2026 12:51:29 - INFO - utils.trainer -   Cons Loss: 0.00000
06/17/2026 12:51:29 - INFO - utils.trainer -   Div Loss: 0.00011
06/17/2026 12:51:29 - INFO - utils.trainer -   Sparsity Loss: 0.67353
06/17/2026 12:51:29 - INFO - utils.trainer -   Epoch: 98 [C], Cla: 0.02020, MMS: 0.02389, Cons: 0.00000, Div: 0.00012, Sparsity: 0.65566, Acc: 0.3165, Best: 0.3481, Time: 94.3s
06/17/2026 12:53:04 - INFO - utils.trainer -   ***** Running evaluation on test0 dataset *****
06/17/2026 12:53:22 - INFO - utils.trainer -   AUC: 0.51258
06/17/2026 12:53:22 - INFO - utils.trainer -   Accuracy: 0.29747
06/17/2026 12:53:22 - INFO - utils.trainer -   Precision: 0.28580
06/17/2026 12:53:22 - INFO - utils.trainer -   Recall: 0.29645
06/17/2026 12:53:22 - INFO - utils.trainer -   F_score: 0.28802
06/17/2026 12:53:22 - INFO - utils.trainer -   Cla Loss: 3.77233
06/17/2026 12:53:22 - INFO - utils.trainer -   MMS Loss: 0.05638
06/17/2026 12:53:22 - INFO - utils.trainer -   Cons Loss: 0.00000
06/17/2026 12:53:22 - INFO - utils.trainer -   Div Loss: 0.00012
06/17/2026 12:53:22 - INFO - utils.trainer -   Sparsity Loss: 0.66384
06/17/2026 12:53:22 - INFO - utils.trainer -   Epoch: 99 [C], Cla: 0.02665, MMS: 0.02192, Cons: 0.00000, Div: 0.00012, Sparsity: 0.65294, Acc: 0.2975, Best: 0.3481, Time: 94.2s
06/17/2026 12:54:56 - INFO - utils.trainer -   ***** Running evaluation on test0 dataset *****
06/17/2026 12:55:14 - INFO - utils.trainer -   AUC: 0.53213
06/17/2026 12:55:14 - INFO - utils.trainer -   Accuracy: 0.29114
06/17/2026 12:55:14 - INFO - utils.trainer -   Precision: 0.28003
06/17/2026 12:55:14 - INFO - utils.trainer -   Recall: 0.29965
06/17/2026 12:55:14 - INFO - utils.trainer -   F_score: 0.28021
06/17/2026 12:55:14 - INFO - utils.trainer -   Cla Loss: 3.81624
06/17/2026 12:55:14 - INFO - utils.trainer -   MMS Loss: 0.05471
06/17/2026 12:55:14 - INFO - utils.trainer -   Cons Loss: 0.00000
06/17/2026 12:55:14 - INFO - utils.trainer -   Div Loss: 0.00011
06/17/2026 12:55:14 - INFO - utils.trainer -   Sparsity Loss: 0.67126
06/17/2026 12:55:15 - INFO - utils.trainer -     state_dict: 350 tensors, 125.1 MB (trainable + buffers only)
06/17/2026 12:55:15 - INFO - utils.trainer -   Model saved to output_dir/LDDE2th/checkpoint-epoch-100
06/17/2026 12:55:15 - INFO - utils.trainer -   Checkpoint saved at epoch 100
06/17/2026 12:55:15 - INFO - utils.trainer -   Epoch: 100 [C], Cla: 0.04210, MMS: 0.02513, Cons: 0.00000, Div: 0.00012, Sparsity: 0.65361, Acc: 0.2911, Best: 0.3481, Time: 94.4s
06/17/2026 12:56:49 - INFO - utils.trainer -   ***** Running evaluation on test0 dataset *****
06/17/2026 12:57:07 - INFO - utils.trainer -   AUC: 0.52399
06/17/2026 12:57:07 - INFO - utils.trainer -   Accuracy: 0.31646
06/17/2026 12:57:07 - INFO - utils.trainer -   Precision: 0.30657
06/17/2026 12:57:07 - INFO - utils.trainer -   Recall: 0.31538
06/17/2026 12:57:07 - INFO - utils.trainer -   F_score: 0.30754
06/17/2026 12:57:07 - INFO - utils.trainer -   Cla Loss: 3.72790
06/17/2026 12:57:07 - INFO - utils.trainer -   MMS Loss: 0.05536
06/17/2026 12:57:07 - INFO - utils.trainer -   Cons Loss: 0.00000
06/17/2026 12:57:07 - INFO - utils.trainer -   Div Loss: 0.00011
06/17/2026 12:57:07 - INFO - utils.trainer -   Sparsity Loss: 0.65285
06/17/2026 12:57:07 - INFO - utils.trainer -   Epoch: 101 [C], Cla: 0.03481, MMS: 0.02268, Cons: 0.00000, Div: 0.00012, Sparsity: 0.64836, Acc: 0.3165, Best: 0.3481, Time: 94.3s
06/17/2026 12:58:42 - INFO - utils.trainer -   ***** Running evaluation on test0 dataset *****
06/17/2026 12:59:00 - INFO - utils.trainer -   AUC: 0.53413
06/17/2026 12:59:00 - INFO - utils.trainer -   Accuracy: 0.31013
06/17/2026 12:59:00 - INFO - utils.trainer -   Precision: 0.29223
06/17/2026 12:59:00 - INFO - utils.trainer -   Recall: 0.31436
06/17/2026 12:59:00 - INFO - utils.trainer -   F_score: 0.29816
06/17/2026 12:59:00 - INFO - utils.trainer -   Cla Loss: 3.80958
06/17/2026 12:59:00 - INFO - utils.trainer -   MMS Loss: 0.05384
06/17/2026 12:59:00 - INFO - utils.trainer -   Cons Loss: 0.00000
06/17/2026 12:59:00 - INFO - utils.trainer -   Div Loss: 0.00014
06/17/2026 12:59:00 - INFO - utils.trainer -   Sparsity Loss: 0.65750
06/17/2026 12:59:00 - INFO - utils.trainer -   Epoch: 102 [C], Cla: 0.03349, MMS: 0.02306, Cons: 0.00000, Div: 0.00012, Sparsity: 0.64303, Acc: 0.3101, Best: 0.3481, Time: 94.3s
06/17/2026 13:00:34 - INFO - utils.trainer -   ***** Running evaluation on test0 dataset *****
06/17/2026 13:00:52 - INFO - utils.trainer -   AUC: 0.52828
06/17/2026 13:00:52 - INFO - utils.trainer -   Accuracy: 0.25316
06/17/2026 13:00:52 - INFO - utils.trainer -   Precision: 0.25654
06/17/2026 13:00:52 - INFO - utils.trainer -   Recall: 0.25485
06/17/2026 13:00:52 - INFO - utils.trainer -   F_score: 0.25194
06/17/2026 13:00:52 - INFO - utils.trainer -   Cla Loss: 3.71107
06/17/2026 13:00:52 - INFO - utils.trainer -   MMS Loss: 0.05591
06/17/2026 13:00:52 - INFO - utils.trainer -   Cons Loss: 0.00000
06/17/2026 13:00:52 - INFO - utils.trainer -   Div Loss: 0.00011
06/17/2026 13:00:52 - INFO - utils.trainer -   Sparsity Loss: 0.65136
06/17/2026 13:00:52 - INFO - utils.trainer -   Epoch: 103 [C], Cla: 0.05845, MMS: 0.02400, Cons: 0.00000, Div: 0.00012, Sparsity: 0.65113, Acc: 0.2532, Best: 0.3481, Time: 94.3s
06/17/2026 13:02:27 - INFO - utils.trainer -   ***** Running evaluation on test0 dataset *****
06/17/2026 13:02:45 - INFO - utils.trainer -   AUC: 0.52265
06/17/2026 13:02:45 - INFO - utils.trainer -   Accuracy: 0.29114
06/17/2026 13:02:45 - INFO - utils.trainer -   Precision: 0.28464
06/17/2026 13:02:45 - INFO - utils.trainer -   Recall: 0.28248
06/17/2026 13:02:45 - INFO - utils.trainer -   F_score: 0.27830
06/17/2026 13:02:45 - INFO - utils.trainer -   Cla Loss: 3.77534
06/17/2026 13:02:45 - INFO - utils.trainer -   MMS Loss: 0.05198
06/17/2026 13:02:45 - INFO - utils.trainer -   Cons Loss: 0.00000
06/17/2026 13:02:45 - INFO - utils.trainer -   Div Loss: 0.00010
06/17/2026 13:02:45 - INFO - utils.trainer -   Sparsity Loss: 0.64160
06/17/2026 13:02:45 - INFO - utils.trainer -   Epoch: 104 [C], Cla: 0.06639, MMS: 0.02295, Cons: 0.00000, Div: 0.00012, Sparsity: 0.64244, Acc: 0.2911, Best: 0.3481, Time: 94.6s
06/17/2026 13:04:20 - INFO - utils.trainer -   ***** Running evaluation on test0 dataset *****
06/17/2026 13:04:38 - INFO - utils.trainer -   AUC: 0.52729
06/17/2026 13:04:38 - INFO - utils.trainer -   Accuracy: 0.31013
06/17/2026 13:04:38 - INFO - utils.trainer -   Precision: 0.29663
06/17/2026 13:04:38 - INFO - utils.trainer -   Recall: 0.31436
06/17/2026 13:04:38 - INFO - utils.trainer -   F_score: 0.29574
06/17/2026 13:04:38 - INFO - utils.trainer -   Cla Loss: 4.07889
06/17/2026 13:04:38 - INFO - utils.trainer -   MMS Loss: 0.05036
06/17/2026 13:04:38 - INFO - utils.trainer -   Cons Loss: 0.00000
06/17/2026 13:04:38 - INFO - utils.trainer -   Div Loss: 0.00012
06/17/2026 13:04:38 - INFO - utils.trainer -   Sparsity Loss: 0.64879
06/17/2026 13:04:38 - INFO - utils.trainer -   Epoch: 105 [C], Cla: 0.05153, MMS: 0.02387, Cons: 0.00000, Div: 0.00012, Sparsity: 0.63675, Acc: 0.3101, Best: 0.3481, Time: 94.4s
06/17/2026 13:06:12 - INFO - utils.trainer -   ***** Running evaluation on test0 dataset *****
06/17/2026 13:06:30 - INFO - utils.trainer -   AUC: 0.51059
06/17/2026 13:06:30 - INFO - utils.trainer -   Accuracy: 0.26582
06/17/2026 13:06:30 - INFO - utils.trainer -   Precision: 0.25638
06/17/2026 13:06:30 - INFO - utils.trainer -   Recall: 0.25938
06/17/2026 13:06:30 - INFO - utils.trainer -   F_score: 0.24682
06/17/2026 13:06:30 - INFO - utils.trainer -   Cla Loss: 3.96145
06/17/2026 13:06:30 - INFO - utils.trainer -   MMS Loss: 0.05558
06/17/2026 13:06:30 - INFO - utils.trainer -   Cons Loss: 0.00000
06/17/2026 13:06:30 - INFO - utils.trainer -   Div Loss: 0.00011
06/17/2026 13:06:30 - INFO - utils.trainer -   Sparsity Loss: 0.62963
06/17/2026 13:06:30 - INFO - utils.trainer -   Epoch: 106 [C], Cla: 0.07820, MMS: 0.02490, Cons: 0.00000, Div: 0.00011, Sparsity: 0.62757, Acc: 0.2658, Best: 0.3481, Time: 94.3s
06/17/2026 13:08:05 - INFO - utils.trainer -   ***** Running evaluation on test0 dataset *****
06/17/2026 13:08:23 - INFO - utils.trainer -   AUC: 0.49864
06/17/2026 13:08:23 - INFO - utils.trainer -   Accuracy: 0.24051
06/17/2026 13:08:23 - INFO - utils.trainer -   Precision: 0.22691
06/17/2026 13:08:23 - INFO - utils.trainer -   Recall: 0.22575
06/17/2026 13:08:23 - INFO - utils.trainer -   F_score: 0.22083
06/17/2026 13:08:23 - INFO - utils.trainer -   Cla Loss: 3.77922
06/17/2026 13:08:23 - INFO - utils.trainer -   MMS Loss: 0.05485
06/17/2026 13:08:23 - INFO - utils.trainer -   Cons Loss: 0.00000
06/17/2026 13:08:23 - INFO - utils.trainer -   Div Loss: 0.00013
06/17/2026 13:08:23 - INFO - utils.trainer -   Sparsity Loss: 0.61809
06/17/2026 13:08:23 - INFO - utils.trainer -   Epoch: 107 [C], Cla: 0.08209, MMS: 0.02372, Cons: 0.00000, Div: 0.00012, Sparsity: 0.63386, Acc: 0.2405, Best: 0.3481, Time: 94.5s
06/17/2026 13:09:57 - INFO - utils.trainer -   ***** Running evaluation on test0 dataset *****
06/17/2026 13:10:15 - INFO - utils.trainer -   AUC: 0.51229
06/17/2026 13:10:15 - INFO - utils.trainer -   Accuracy: 0.29747
06/17/2026 13:10:15 - INFO - utils.trainer -   Precision: 0.28792
06/17/2026 13:10:15 - INFO - utils.trainer -   Recall: 0.29071
06/17/2026 13:10:15 - INFO - utils.trainer -   F_score: 0.28617
06/17/2026 13:10:15 - INFO - utils.trainer -   Cla Loss: 3.85148
06/17/2026 13:10:15 - INFO - utils.trainer -   MMS Loss: 0.05566
06/17/2026 13:10:15 - INFO - utils.trainer -   Cons Loss: 0.00000
06/17/2026 13:10:15 - INFO - utils.trainer -   Div Loss: 0.00014
06/17/2026 13:10:15 - INFO - utils.trainer -   Sparsity Loss: 0.64967
06/17/2026 13:10:15 - INFO - utils.trainer -   Epoch: 108 [C], Cla: 0.02550, MMS: 0.02340, Cons: 0.00000, Div: 0.00012, Sparsity: 0.63810, Acc: 0.2975, Best: 0.3481, Time: 94.2s
06/17/2026 13:11:50 - INFO - utils.trainer -   ***** Running evaluation on test0 dataset *****
06/17/2026 13:12:08 - INFO - utils.trainer -   AUC: 0.52625
06/17/2026 13:12:08 - INFO - utils.trainer -   Accuracy: 0.30380
06/17/2026 13:12:08 - INFO - utils.trainer -   Precision: 0.30044
06/17/2026 13:12:08 - INFO - utils.trainer -   Recall: 0.30003
06/17/2026 13:12:08 - INFO - utils.trainer -   F_score: 0.29705
06/17/2026 13:12:08 - INFO - utils.trainer -   Cla Loss: 3.66919
06/17/2026 13:12:08 - INFO - utils.trainer -   MMS Loss: 0.05092
06/17/2026 13:12:08 - INFO - utils.trainer -   Cons Loss: 0.00000
06/17/2026 13:12:08 - INFO - utils.trainer -   Div Loss: 0.00012
06/17/2026 13:12:08 - INFO - utils.trainer -   Sparsity Loss: 0.64615
06/17/2026 13:12:08 - INFO - utils.trainer -   Epoch: 109 [C], Cla: 0.02239, MMS: 0.02205, Cons: 0.00000, Div: 0.00012, Sparsity: 0.63827, Acc: 0.3038, Best: 0.3481, Time: 94.4s
06/17/2026 13:13:42 - INFO - utils.trainer -   ***** Running evaluation on test0 dataset *****
06/17/2026 13:14:00 - INFO - utils.trainer -   AUC: 0.51998
06/17/2026 13:14:00 - INFO - utils.trainer -   Accuracy: 0.27215
06/17/2026 13:14:00 - INFO - utils.trainer -   Precision: 0.27054
06/17/2026 13:14:00 - INFO - utils.trainer -   Recall: 0.26477
06/17/2026 13:14:00 - INFO - utils.trainer -   F_score: 0.26003
06/17/2026 13:14:00 - INFO - utils.trainer -   Cla Loss: 3.71138
06/17/2026 13:14:00 - INFO - utils.trainer -   MMS Loss: 0.05366
06/17/2026 13:14:00 - INFO - utils.trainer -   Cons Loss: 0.00000
06/17/2026 13:14:00 - INFO - utils.trainer -   Div Loss: 0.00011
06/17/2026 13:14:00 - INFO - utils.trainer -   Sparsity Loss: 0.63832
06/17/2026 13:14:00 - INFO - utils.trainer -   Epoch: 110 [C], Cla: 0.00709, MMS: 0.02145, Cons: 0.00000, Div: 0.00011, Sparsity: 0.63704, Acc: 0.2722, Best: 0.3481, Time: 94.1s
06/17/2026 13:15:35 - INFO - utils.trainer -   ***** Running evaluation on test0 dataset *****
06/17/2026 13:15:53 - INFO - utils.trainer -   AUC: 0.51764
06/17/2026 13:15:53 - INFO - utils.trainer -   Accuracy: 0.29114
06/17/2026 13:15:53 - INFO - utils.trainer -   Precision: 0.27834
06/17/2026 13:15:53 - INFO - utils.trainer -   Recall: 0.28579
06/17/2026 13:15:53 - INFO - utils.trainer -   F_score: 0.28032
06/17/2026 13:15:53 - INFO - utils.trainer -   Cla Loss: 3.70612
06/17/2026 13:15:53 - INFO - utils.trainer -   MMS Loss: 0.05184
06/17/2026 13:15:53 - INFO - utils.trainer -   Cons Loss: 0.00000
06/17/2026 13:15:53 - INFO - utils.trainer -   Div Loss: 0.00010
06/17/2026 13:15:53 - INFO - utils.trainer -   Sparsity Loss: 0.63926
06/17/2026 13:15:53 - INFO - utils.trainer -   Epoch: 111 [C], Cla: 0.00831, MMS: 0.02170, Cons: 0.00000, Div: 0.00011, Sparsity: 0.63484, Acc: 0.2911, Best: 0.3481, Time: 94.4s
06/17/2026 13:17:27 - INFO - utils.trainer -   ***** Running evaluation on test0 dataset *****
06/17/2026 13:17:45 - INFO - utils.trainer -   AUC: 0.53309
06/17/2026 13:17:45 - INFO - utils.trainer -   Accuracy: 0.31646
06/17/2026 13:17:45 - INFO - utils.trainer -   Precision: 0.31097
06/17/2026 13:17:45 - INFO - utils.trainer -   Recall: 0.31401
06/17/2026 13:17:45 - INFO - utils.trainer -   F_score: 0.30466
06/17/2026 13:17:45 - INFO - utils.trainer -   Cla Loss: 3.77984
06/17/2026 13:17:45 - INFO - utils.trainer -   MMS Loss: 0.05235
06/17/2026 13:17:45 - INFO - utils.trainer -   Cons Loss: 0.00000
06/17/2026 13:17:45 - INFO - utils.trainer -   Div Loss: 0.00010
06/17/2026 13:17:45 - INFO - utils.trainer -   Sparsity Loss: 0.63940
06/17/2026 13:17:45 - INFO - utils.trainer -   Epoch: 112 [C], Cla: 0.01756, MMS: 0.02223, Cons: 0.00000, Div: 0.00011, Sparsity: 0.63126, Acc: 0.3165, Best: 0.3481, Time: 94.1s
06/17/2026 13:19:19 - INFO - utils.trainer -   ***** Running evaluation on test0 dataset *****
06/17/2026 13:19:37 - INFO - utils.trainer -   AUC: 0.48797
06/17/2026 13:19:37 - INFO - utils.trainer -   Accuracy: 0.28481
06/17/2026 13:19:37 - INFO - utils.trainer -   Precision: 0.27894
06/17/2026 13:19:37 - INFO - utils.trainer -   Recall: 0.27998
06/17/2026 13:19:37 - INFO - utils.trainer -   F_score: 0.26714
06/17/2026 13:19:37 - INFO - utils.trainer -   Cla Loss: 4.03412
06/17/2026 13:19:37 - INFO - utils.trainer -   MMS Loss: 0.05488
06/17/2026 13:19:37 - INFO - utils.trainer -   Cons Loss: 0.00000
06/17/2026 13:19:37 - INFO - utils.trainer -   Div Loss: 0.00011
06/17/2026 13:19:37 - INFO - utils.trainer -   Sparsity Loss: 0.63753
06/17/2026 13:19:37 - INFO - utils.trainer -   Epoch: 113 [C], Cla: 0.05673, MMS: 0.02401, Cons: 0.00000, Div: 0.00011, Sparsity: 0.63362, Acc: 0.2848, Best: 0.3481, Time: 94.3s
06/17/2026 13:21:12 - INFO - utils.trainer -   ***** Running evaluation on test0 dataset *****
06/17/2026 13:21:30 - INFO - utils.trainer -   AUC: 0.49362
06/17/2026 13:21:30 - INFO - utils.trainer -   Accuracy: 0.26582
06/17/2026 13:21:30 - INFO - utils.trainer -   Precision: 0.25061
06/17/2026 13:21:30 - INFO - utils.trainer -   Recall: 0.25415
06/17/2026 13:21:30 - INFO - utils.trainer -   F_score: 0.24607
06/17/2026 13:21:30 - INFO - utils.trainer -   Cla Loss: 3.87534
06/17/2026 13:21:30 - INFO - utils.trainer -   MMS Loss: 0.05248
06/17/2026 13:21:30 - INFO - utils.trainer -   Cons Loss: 0.00000
06/17/2026 13:21:30 - INFO - utils.trainer -   Div Loss: 0.00010
06/17/2026 13:21:30 - INFO - utils.trainer -   Sparsity Loss: 0.63540
06/17/2026 13:21:30 - INFO - utils.trainer -   Epoch: 114 [C], Cla: 0.01554, MMS: 0.02279, Cons: 0.00000, Div: 0.00011, Sparsity: 0.62751, Acc: 0.2658, Best: 0.3481, Time: 94.4s
06/17/2026 13:23:04 - INFO - utils.trainer -   ***** Running evaluation on test0 dataset *****
06/17/2026 13:23:22 - INFO - utils.trainer -   AUC: 0.50040
06/17/2026 13:23:22 - INFO - utils.trainer -   Accuracy: 0.27215
06/17/2026 13:23:22 - INFO - utils.trainer -   Precision: 0.24860
06/17/2026 13:23:22 - INFO - utils.trainer -   Recall: 0.27355
06/17/2026 13:23:22 - INFO - utils.trainer -   F_score: 0.25042
06/17/2026 13:23:22 - INFO - utils.trainer -   Cla Loss: 4.04930
06/17/2026 13:23:22 - INFO - utils.trainer -   MMS Loss: 0.05538
06/17/2026 13:23:22 - INFO - utils.trainer -   Cons Loss: 0.00000
06/17/2026 13:23:22 - INFO - utils.trainer -   Div Loss: 0.00010
06/17/2026 13:23:22 - INFO - utils.trainer -   Sparsity Loss: 0.64413
06/17/2026 13:23:22 - INFO - utils.trainer -   Epoch: 115 [C], Cla: 0.01865, MMS: 0.02142, Cons: 0.00000, Div: 0.00011, Sparsity: 0.63135, Acc: 0.2722, Best: 0.3481, Time: 94.2s
06/17/2026 13:24:57 - INFO - utils.trainer -   ***** Running evaluation on test0 dataset *****
06/17/2026 13:25:15 - INFO - utils.trainer -   AUC: 0.49496
06/17/2026 13:25:15 - INFO - utils.trainer -   Accuracy: 0.24684
06/17/2026 13:25:15 - INFO - utils.trainer -   Precision: 0.22882
06/17/2026 13:25:15 - INFO - utils.trainer -   Recall: 0.24818
06/17/2026 13:25:15 - INFO - utils.trainer -   F_score: 0.23130
06/17/2026 13:25:15 - INFO - utils.trainer -   Cla Loss: 4.03344
06/17/2026 13:25:15 - INFO - utils.trainer -   MMS Loss: 0.05394
06/17/2026 13:25:15 - INFO - utils.trainer -   Cons Loss: 0.00000
06/17/2026 13:25:15 - INFO - utils.trainer -   Div Loss: 0.00010
06/17/2026 13:25:15 - INFO - utils.trainer -   Sparsity Loss: 0.63634
06/17/2026 13:25:15 - INFO - utils.trainer -   Epoch: 116 [C], Cla: 0.04368, MMS: 0.02434, Cons: 0.00000, Div: 0.00010, Sparsity: 0.63093, Acc: 0.2468, Best: 0.3481, Time: 94.4s
06/17/2026 13:26:49 - INFO - utils.trainer -   ***** Running evaluation on test0 dataset *****
06/17/2026 13:27:07 - INFO - utils.trainer -   AUC: 0.49644
06/17/2026 13:27:07 - INFO - utils.trainer -   Accuracy: 0.25949
06/17/2026 13:27:07 - INFO - utils.trainer -   Precision: 0.24939
06/17/2026 13:27:07 - INFO - utils.trainer -   Recall: 0.25296
06/17/2026 13:27:07 - INFO - utils.trainer -   F_score: 0.24720
06/17/2026 13:27:07 - INFO - utils.trainer -   Cla Loss: 3.85208
06/17/2026 13:27:07 - INFO - utils.trainer -   MMS Loss: 0.05779
06/17/2026 13:27:07 - INFO - utils.trainer -   Cons Loss: 0.00000
06/17/2026 13:27:07 - INFO - utils.trainer -   Div Loss: 0.00010
06/17/2026 13:27:07 - INFO - utils.trainer -   Sparsity Loss: 0.63959
06/17/2026 13:27:07 - INFO - utils.trainer -   Epoch: 117 [C], Cla: 0.08131, MMS: 0.02237, Cons: 0.00000, Div: 0.00010, Sparsity: 0.63105, Acc: 0.2595, Best: 0.3481, Time: 94.2s
06/17/2026 13:28:42 - INFO - utils.trainer -   ***** Running evaluation on test0 dataset *****
06/17/2026 13:29:00 - INFO - utils.trainer -   AUC: 0.51052
06/17/2026 13:29:00 - INFO - utils.trainer -   Accuracy: 0.29114
06/17/2026 13:29:00 - INFO - utils.trainer -   Precision: 0.28563
06/17/2026 13:29:00 - INFO - utils.trainer -   Recall: 0.28729
06/17/2026 13:29:00 - INFO - utils.trainer -   F_score: 0.27992
06/17/2026 13:29:00 - INFO - utils.trainer -   Cla Loss: 3.83029
06/17/2026 13:29:00 - INFO - utils.trainer -   MMS Loss: 0.05445
06/17/2026 13:29:00 - INFO - utils.trainer -   Cons Loss: 0.00000
06/17/2026 13:29:00 - INFO - utils.trainer -   Div Loss: 0.00010
06/17/2026 13:29:00 - INFO - utils.trainer -   Sparsity Loss: 0.64919
06/17/2026 13:29:00 - INFO - utils.trainer -   Epoch: 118 [C], Cla: 0.04856, MMS: 0.02268, Cons: 0.00000, Div: 0.00010, Sparsity: 0.63979, Acc: 0.2911, Best: 0.3481, Time: 94.5s
06/17/2026 13:30:34 - INFO - utils.trainer -   ***** Running evaluation on test0 dataset *****
06/17/2026 13:30:53 - INFO - utils.trainer -   AUC: 0.51642
06/17/2026 13:30:53 - INFO - utils.trainer -   Accuracy: 0.27848
06/17/2026 13:30:53 - INFO - utils.trainer -   Precision: 0.26473
06/17/2026 13:30:53 - INFO - utils.trainer -   Recall: 0.27607
06/17/2026 13:30:53 - INFO - utils.trainer -   F_score: 0.26778
06/17/2026 13:30:53 - INFO - utils.trainer -   Cla Loss: 3.67870
06/17/2026 13:30:53 - INFO - utils.trainer -   MMS Loss: 0.05356
06/17/2026 13:30:53 - INFO - utils.trainer -   Cons Loss: 0.00000
06/17/2026 13:30:53 - INFO - utils.trainer -   Div Loss: 0.00009
06/17/2026 13:30:53 - INFO - utils.trainer -   Sparsity Loss: 0.64324
06/17/2026 13:30:53 - INFO - utils.trainer -   Epoch: 119 [C], Cla: 0.11796, MMS: 0.02490, Cons: 0.00000, Div: 0.00010, Sparsity: 0.63875, Acc: 0.2785, Best: 0.3481, Time: 94.4s
06/17/2026 13:32:27 - INFO - utils.trainer -   ***** Running evaluation on test0 dataset *****
06/17/2026 13:32:45 - INFO - utils.trainer -   AUC: 0.54114
06/17/2026 13:32:45 - INFO - utils.trainer -   Accuracy: 0.26582
06/17/2026 13:32:45 - INFO - utils.trainer -   Precision: 0.25166
06/17/2026 13:32:45 - INFO - utils.trainer -   Recall: 0.27308
06/17/2026 13:32:45 - INFO - utils.trainer -   F_score: 0.25622
06/17/2026 13:32:45 - INFO - utils.trainer -   Cla Loss: 3.47282
06/17/2026 13:32:45 - INFO - utils.trainer -   MMS Loss: 0.05182
06/17/2026 13:32:45 - INFO - utils.trainer -   Cons Loss: 0.00000
06/17/2026 13:32:45 - INFO - utils.trainer -   Div Loss: 0.00010
06/17/2026 13:32:45 - INFO - utils.trainer -   Sparsity Loss: 0.63663
06/17/2026 13:32:45 - INFO - utils.trainer -   Epoch: 120 [C], Cla: 0.10776, MMS: 0.02279, Cons: 0.00000, Div: 0.00010, Sparsity: 0.63290, Acc: 0.2658, Best: 0.3481, Time: 94.1s
06/17/2026 13:34:20 - INFO - utils.trainer -   ***** Running evaluation on test0 dataset *****
06/17/2026 13:34:38 - INFO - utils.trainer -   AUC: 0.52329
06/17/2026 13:34:38 - INFO - utils.trainer -   Accuracy: 0.29114
06/17/2026 13:34:38 - INFO - utils.trainer -   Precision: 0.27990
06/17/2026 13:34:38 - INFO - utils.trainer -   Recall: 0.28892
06/17/2026 13:34:38 - INFO - utils.trainer -   F_score: 0.28286
06/17/2026 13:34:38 - INFO - utils.trainer -   Cla Loss: 3.54024
06/17/2026 13:34:38 - INFO - utils.trainer -   MMS Loss: 0.05361
06/17/2026 13:34:38 - INFO - utils.trainer -   Cons Loss: 0.00000
06/17/2026 13:34:38 - INFO - utils.trainer -   Div Loss: 0.00010
06/17/2026 13:34:38 - INFO - utils.trainer -   Sparsity Loss: 0.62349
06/17/2026 13:34:38 - INFO - utils.trainer -   Epoch: 121 [C], Cla: 0.10535, MMS: 0.02412, Cons: 0.00000, Div: 0.00010, Sparsity: 0.62255, Acc: 0.2911, Best: 0.3481, Time: 94.6s
06/17/2026 13:36:13 - INFO - utils.trainer -   ***** Running evaluation on test0 dataset *****
06/17/2026 13:36:31 - INFO - utils.trainer -   AUC: 0.51813
06/17/2026 13:36:31 - INFO - utils.trainer -   Accuracy: 0.28481
06/17/2026 13:36:31 - INFO - utils.trainer -   Precision: 0.26825
06/17/2026 13:36:31 - INFO - utils.trainer -   Recall: 0.26284
06/17/2026 13:36:31 - INFO - utils.trainer -   F_score: 0.24973
06/17/2026 13:36:31 - INFO - utils.trainer -   Cla Loss: 3.64334
06/17/2026 13:36:31 - INFO - utils.trainer -   MMS Loss: 0.05574
06/17/2026 13:36:31 - INFO - utils.trainer -   Cons Loss: 0.00000
06/17/2026 13:36:31 - INFO - utils.trainer -   Div Loss: 0.00009
06/17/2026 13:36:31 - INFO - utils.trainer -   Sparsity Loss: 0.61293
06/17/2026 13:36:31 - INFO - utils.trainer -   Epoch: 122 [C], Cla: 0.01760, MMS: 0.02188, Cons: 0.00000, Div: 0.00009, Sparsity: 0.61856, Acc: 0.2848, Best: 0.3481, Time: 94.8s
06/17/2026 13:38:05 - INFO - utils.trainer -   ***** Running evaluation on test0 dataset *****
06/17/2026 13:38:23 - INFO - utils.trainer -   AUC: 0.53133
06/17/2026 13:38:23 - INFO - utils.trainer -   Accuracy: 0.33544
06/17/2026 13:38:23 - INFO - utils.trainer -   Precision: 0.33119
06/17/2026 13:38:23 - INFO - utils.trainer -   Recall: 0.32417
06/17/2026 13:38:23 - INFO - utils.trainer -   F_score: 0.32071
06/17/2026 13:38:23 - INFO - utils.trainer -   Cla Loss: 3.60694
06/17/2026 13:38:23 - INFO - utils.trainer -   MMS Loss: 0.05441
06/17/2026 13:38:23 - INFO - utils.trainer -   Cons Loss: 0.00000
06/17/2026 13:38:23 - INFO - utils.trainer -   Div Loss: 0.00010
06/17/2026 13:38:23 - INFO - utils.trainer -   Sparsity Loss: 0.62257
06/17/2026 13:38:23 - INFO - utils.trainer -   Epoch: 123 [C], Cla: 0.01270, MMS: 0.02101, Cons: 0.00000, Div: 0.00009, Sparsity: 0.62599, Acc: 0.3354, Best: 0.3481, Time: 94.1s
06/17/2026 13:39:57 - INFO - utils.trainer -   ***** Running evaluation on test0 dataset *****
06/17/2026 13:40:15 - INFO - utils.trainer -   AUC: 0.53180
06/17/2026 13:40:15 - INFO - utils.trainer -   Accuracy: 0.30380
06/17/2026 13:40:15 - INFO - utils.trainer -   Precision: 0.28969
06/17/2026 13:40:15 - INFO - utils.trainer -   Recall: 0.30489
06/17/2026 13:40:15 - INFO - utils.trainer -   F_score: 0.29189
06/17/2026 13:40:15 - INFO - utils.trainer -   Cla Loss: 3.58515
06/17/2026 13:40:15 - INFO - utils.trainer -   MMS Loss: 0.05181
06/17/2026 13:40:15 - INFO - utils.trainer -   Cons Loss: 0.00000
06/17/2026 13:40:15 - INFO - utils.trainer -   Div Loss: 0.00010
06/17/2026 13:40:15 - INFO - utils.trainer -   Sparsity Loss: 0.64725
06/17/2026 13:40:15 - INFO - utils.trainer -   Epoch: 124 [C], Cla: 0.01215, MMS: 0.02088, Cons: 0.00000, Div: 0.00009, Sparsity: 0.62437, Acc: 0.3038, Best: 0.3481, Time: 94.1s
06/17/2026 13:41:49 - INFO - utils.trainer -   ***** Running evaluation on test0 dataset *****
06/17/2026 13:42:07 - INFO - utils.trainer -   AUC: 0.51646
06/17/2026 13:42:07 - INFO - utils.trainer -   Accuracy: 0.29114
06/17/2026 13:42:07 - INFO - utils.trainer -   Precision: 0.27397
06/17/2026 13:42:07 - INFO - utils.trainer -   Recall: 0.28512
06/17/2026 13:42:07 - INFO - utils.trainer -   F_score: 0.27396
06/17/2026 13:42:07 - INFO - utils.trainer -   Cla Loss: 3.81815
06/17/2026 13:42:07 - INFO - utils.trainer -   MMS Loss: 0.05334
06/17/2026 13:42:07 - INFO - utils.trainer -   Cons Loss: 0.00000
06/17/2026 13:42:07 - INFO - utils.trainer -   Div Loss: 0.00009
06/17/2026 13:42:07 - INFO - utils.trainer -   Sparsity Loss: 0.63682
06/17/2026 13:42:07 - INFO - utils.trainer -   Epoch: 125 [C], Cla: 0.05941, MMS: 0.02345, Cons: 0.00000, Div: 0.00009, Sparsity: 0.63546, Acc: 0.2911, Best: 0.3481, Time: 94.0s
06/17/2026 13:43:41 - INFO - utils.trainer -   ***** Running evaluation on test0 dataset *****
06/17/2026 13:43:59 - INFO - utils.trainer -   AUC: 0.53434
06/17/2026 13:43:59 - INFO - utils.trainer -   Accuracy: 0.27215
06/17/2026 13:43:59 - INFO - utils.trainer -   Precision: 0.25176
06/17/2026 13:43:59 - INFO - utils.trainer -   Recall: 0.25398
06/17/2026 13:43:59 - INFO - utils.trainer -   F_score: 0.24266
06/17/2026 13:43:59 - INFO - utils.trainer -   Cla Loss: 3.60572
06/17/2026 13:43:59 - INFO - utils.trainer -   MMS Loss: 0.05328
06/17/2026 13:43:59 - INFO - utils.trainer -   Cons Loss: 0.00000
06/17/2026 13:43:59 - INFO - utils.trainer -   Div Loss: 0.00008
06/17/2026 13:43:59 - INFO - utils.trainer -   Sparsity Loss: 0.62337
06/17/2026 13:43:59 - INFO - utils.trainer -   Epoch: 126 [C], Cla: 0.04113, MMS: 0.02080, Cons: 0.00000, Div: 0.00009, Sparsity: 0.63073, Acc: 0.2722, Best: 0.3481, Time: 94.1s
06/17/2026 13:45:33 - INFO - utils.trainer -   ***** Running evaluation on test0 dataset *****
06/17/2026 13:45:51 - INFO - utils.trainer -   AUC: 0.53168
06/17/2026 13:45:51 - INFO - utils.trainer -   Accuracy: 0.31646
06/17/2026 13:45:51 - INFO - utils.trainer -   Precision: 0.30597
06/17/2026 13:45:51 - INFO - utils.trainer -   Recall: 0.30622
06/17/2026 13:45:51 - INFO - utils.trainer -   F_score: 0.29664
06/17/2026 13:45:51 - INFO - utils.trainer -   Cla Loss: 3.70080
06/17/2026 13:45:51 - INFO - utils.trainer -   MMS Loss: 0.05582
06/17/2026 13:45:51 - INFO - utils.trainer -   Cons Loss: 0.00000
06/17/2026 13:45:51 - INFO - utils.trainer -   Div Loss: 0.00009
06/17/2026 13:45:51 - INFO - utils.trainer -   Sparsity Loss: 0.62688
06/17/2026 13:45:51 - INFO - utils.trainer -   Epoch: 127 [C], Cla: 0.00789, MMS: 0.02058, Cons: 0.00000, Div: 0.00009, Sparsity: 0.62948, Acc: 0.3165, Best: 0.3481, Time: 94.1s
06/17/2026 13:47:25 - INFO - utils.trainer -   ***** Running evaluation on test0 dataset *****
06/17/2026 13:47:43 - INFO - utils.trainer -   AUC: 0.54346
06/17/2026 13:47:43 - INFO - utils.trainer -   Accuracy: 0.30380
06/17/2026 13:47:43 - INFO - utils.trainer -   Precision: 0.29282
06/17/2026 13:47:43 - INFO - utils.trainer -   Recall: 0.30246
06/17/2026 13:47:43 - INFO - utils.trainer -   F_score: 0.29628
06/17/2026 13:47:43 - INFO - utils.trainer -   Cla Loss: 3.50031
06/17/2026 13:47:43 - INFO - utils.trainer -   MMS Loss: 0.05425
06/17/2026 13:47:43 - INFO - utils.trainer -   Cons Loss: 0.00000
06/17/2026 13:47:43 - INFO - utils.trainer -   Div Loss: 0.00008
06/17/2026 13:47:43 - INFO - utils.trainer -   Sparsity Loss: 0.64190
06/17/2026 13:47:43 - INFO - utils.trainer -   Epoch: 128 [C], Cla: 0.02511, MMS: 0.02189, Cons: 0.00000, Div: 0.00009, Sparsity: 0.62873, Acc: 0.3038, Best: 0.3481, Time: 94.1s
06/17/2026 13:49:17 - INFO - utils.trainer -   ***** Running evaluation on test0 dataset *****
06/17/2026 13:49:35 - INFO - utils.trainer -   AUC: 0.53201
06/17/2026 13:49:35 - INFO - utils.trainer -   Accuracy: 0.31013
06/17/2026 13:49:35 - INFO - utils.trainer -   Precision: 0.30048
06/17/2026 13:49:35 - INFO - utils.trainer -   Recall: 0.30383
06/17/2026 13:49:35 - INFO - utils.trainer -   F_score: 0.29367
06/17/2026 13:49:35 - INFO - utils.trainer -   Cla Loss: 3.70759
06/17/2026 13:49:35 - INFO - utils.trainer -   MMS Loss: 0.05300
06/17/2026 13:49:35 - INFO - utils.trainer -   Cons Loss: 0.00000
06/17/2026 13:49:35 - INFO - utils.trainer -   Div Loss: 0.00008
06/17/2026 13:49:35 - INFO - utils.trainer -   Sparsity Loss: 0.64243
06/17/2026 13:49:35 - INFO - utils.trainer -   Epoch: 129 [C], Cla: 0.05408, MMS: 0.02383, Cons: 0.00000, Div: 0.00009, Sparsity: 0.63391, Acc: 0.3101, Best: 0.3481, Time: 94.1s
06/17/2026 13:51:09 - INFO - utils.trainer -   ***** Running evaluation on test0 dataset *****
06/17/2026 13:51:27 - INFO - utils.trainer -   AUC: 0.52247
06/17/2026 13:51:27 - INFO - utils.trainer -   Accuracy: 0.27848
06/17/2026 13:51:27 - INFO - utils.trainer -   Precision: 0.27717
06/17/2026 13:51:27 - INFO - utils.trainer -   Recall: 0.27773
06/17/2026 13:51:27 - INFO - utils.trainer -   F_score: 0.26590
06/17/2026 13:51:27 - INFO - utils.trainer -   Cla Loss: 3.83465
06/17/2026 13:51:27 - INFO - utils.trainer -   MMS Loss: 0.05344
06/17/2026 13:51:27 - INFO - utils.trainer -   Cons Loss: 0.00000
06/17/2026 13:51:27 - INFO - utils.trainer -   Div Loss: 0.00009
06/17/2026 13:51:27 - INFO - utils.trainer -   Sparsity Loss: 0.65025
06/17/2026 13:51:27 - INFO - utils.trainer -   Epoch: 130 [C], Cla: 0.05431, MMS: 0.02169, Cons: 0.00000, Div: 0.00008, Sparsity: 0.63694, Acc: 0.2785, Best: 0.3481, Time: 94.2s
06/17/2026 13:53:02 - INFO - utils.trainer -   ***** Running evaluation on test0 dataset *****
06/17/2026 13:53:21 - INFO - utils.trainer -   AUC: 0.54613
06/17/2026 13:53:21 - INFO - utils.trainer -   Accuracy: 0.32911
06/17/2026 13:53:21 - INFO - utils.trainer -   Precision: 0.31292
06/17/2026 13:53:21 - INFO - utils.trainer -   Recall: 0.32966
06/17/2026 13:53:21 - INFO - utils.trainer -   F_score: 0.31485
06/17/2026 13:53:21 - INFO - utils.trainer -   Cla Loss: 3.44164
06/17/2026 13:53:21 - INFO - utils.trainer -   MMS Loss: 0.05486
06/17/2026 13:53:21 - INFO - utils.trainer -   Cons Loss: 0.00000
06/17/2026 13:53:21 - INFO - utils.trainer -   Div Loss: 0.00009
06/17/2026 13:53:21 - INFO - utils.trainer -   Sparsity Loss: 0.65050
06/17/2026 13:53:21 - INFO - utils.trainer -   Epoch: 131 [C], Cla: 0.05263, MMS: 0.02256, Cons: 0.00000, Div: 0.00008, Sparsity: 0.63659, Acc: 0.3291, Best: 0.3481, Time: 94.9s
06/17/2026 13:54:55 - INFO - utils.trainer -   ***** Running evaluation on test0 dataset *****
06/17/2026 13:55:13 - INFO - utils.trainer -   AUC: 0.53907
06/17/2026 13:55:13 - INFO - utils.trainer -   Accuracy: 0.31013
06/17/2026 13:55:13 - INFO - utils.trainer -   Precision: 0.31172
06/17/2026 13:55:13 - INFO - utils.trainer -   Recall: 0.31628
06/17/2026 13:55:13 - INFO - utils.trainer -   F_score: 0.29795
06/17/2026 13:55:13 - INFO - utils.trainer -   Cla Loss: 3.69413
06/17/2026 13:55:13 - INFO - utils.trainer -   MMS Loss: 0.05411
06/17/2026 13:55:13 - INFO - utils.trainer -   Cons Loss: 0.00000
06/17/2026 13:55:13 - INFO - utils.trainer -   Div Loss: 0.00009
06/17/2026 13:55:13 - INFO - utils.trainer -   Sparsity Loss: 0.65283
06/17/2026 13:55:13 - INFO - utils.trainer -   Epoch: 132 [C], Cla: 0.07175, MMS: 0.02311, Cons: 0.00000, Div: 0.00008, Sparsity: 0.63378, Acc: 0.3101, Best: 0.3481, Time: 94.4s
06/17/2026 13:56:47 - INFO - utils.trainer -   ***** Running evaluation on test0 dataset *****
06/17/2026 13:57:06 - INFO - utils.trainer -   AUC: 0.52787
06/17/2026 13:57:06 - INFO - utils.trainer -   Accuracy: 0.27848
06/17/2026 13:57:06 - INFO - utils.trainer -   Precision: 0.27669
06/17/2026 13:57:06 - INFO - utils.trainer -   Recall: 0.28283
06/17/2026 13:57:06 - INFO - utils.trainer -   F_score: 0.26945
06/17/2026 13:57:06 - INFO - utils.trainer -   Cla Loss: 3.67794
06/17/2026 13:57:06 - INFO - utils.trainer -   MMS Loss: 0.05569
06/17/2026 13:57:06 - INFO - utils.trainer -   Cons Loss: 0.00000
06/17/2026 13:57:06 - INFO - utils.trainer -   Div Loss: 0.00007
06/17/2026 13:57:06 - INFO - utils.trainer -   Sparsity Loss: 0.64170
06/17/2026 13:57:06 - INFO - utils.trainer -   Epoch: 133 [C], Cla: 0.10796, MMS: 0.02189, Cons: 0.00000, Div: 0.00008, Sparsity: 0.63416, Acc: 0.2785, Best: 0.3481, Time: 94.4s
06/17/2026 13:58:40 - INFO - utils.trainer -   ***** Running evaluation on test0 dataset *****
06/17/2026 13:58:58 - INFO - utils.trainer -   AUC: 0.53280
06/17/2026 13:58:58 - INFO - utils.trainer -   Accuracy: 0.32278
06/17/2026 13:58:58 - INFO - utils.trainer -   Precision: 0.31292
06/17/2026 13:58:58 - INFO - utils.trainer -   Recall: 0.31794
06/17/2026 13:58:58 - INFO - utils.trainer -   F_score: 0.30719
06/17/2026 13:58:58 - INFO - utils.trainer -   Cla Loss: 3.53311
06/17/2026 13:58:58 - INFO - utils.trainer -   MMS Loss: 0.05374
06/17/2026 13:58:58 - INFO - utils.trainer -   Cons Loss: 0.00000
06/17/2026 13:58:58 - INFO - utils.trainer -   Div Loss: 0.00008
06/17/2026 13:58:58 - INFO - utils.trainer -   Sparsity Loss: 0.62573
06/17/2026 13:58:58 - INFO - utils.trainer -   Epoch: 134 [C], Cla: 0.00993, MMS: 0.01977, Cons: 0.00000, Div: 0.00008, Sparsity: 0.62498, Acc: 0.3228, Best: 0.3481, Time: 94.5s
06/17/2026 14:00:33 - INFO - utils.trainer -   ***** Running evaluation on test0 dataset *****
06/17/2026 14:00:51 - INFO - utils.trainer -   AUC: 0.53277
06/17/2026 14:00:51 - INFO - utils.trainer -   Accuracy: 0.29114
06/17/2026 14:00:51 - INFO - utils.trainer -   Precision: 0.28504
06/17/2026 14:00:51 - INFO - utils.trainer -   Recall: 0.28628
06/17/2026 14:00:51 - INFO - utils.trainer -   F_score: 0.27713
06/17/2026 14:00:51 - INFO - utils.trainer -   Cla Loss: 3.65978
06/17/2026 14:00:51 - INFO - utils.trainer -   MMS Loss: 0.05523
06/17/2026 14:00:51 - INFO - utils.trainer -   Cons Loss: 0.00000
06/17/2026 14:00:51 - INFO - utils.trainer -   Div Loss: 0.00008
06/17/2026 14:00:51 - INFO - utils.trainer -   Sparsity Loss: 0.63199
06/17/2026 14:00:51 - INFO - utils.trainer -   Epoch: 135 [C], Cla: 0.02952, MMS: 0.02148, Cons: 0.00000, Div: 0.00008, Sparsity: 0.62526, Acc: 0.2911, Best: 0.3481, Time: 94.4s
06/17/2026 14:02:25 - INFO - utils.trainer -   ***** Running evaluation on test0 dataset *****
06/17/2026 14:02:43 - INFO - utils.trainer -   AUC: 0.51808
06/17/2026 14:02:43 - INFO - utils.trainer -   Accuracy: 0.28481
06/17/2026 14:02:43 - INFO - utils.trainer -   Precision: 0.27057
06/17/2026 14:02:43 - INFO - utils.trainer -   Recall: 0.27336
06/17/2026 14:02:43 - INFO - utils.trainer -   F_score: 0.26800
06/17/2026 14:02:43 - INFO - utils.trainer -   Cla Loss: 3.54441
06/17/2026 14:02:43 - INFO - utils.trainer -   MMS Loss: 0.05826
06/17/2026 14:02:43 - INFO - utils.trainer -   Cons Loss: 0.00000
06/17/2026 14:02:43 - INFO - utils.trainer -   Div Loss: 0.00007
06/17/2026 14:02:43 - INFO - utils.trainer -   Sparsity Loss: 0.62966
06/17/2026 14:02:43 - INFO - utils.trainer -   Epoch: 136 [C], Cla: 0.00671, MMS: 0.02085, Cons: 0.00000, Div: 0.00007, Sparsity: 0.62494, Acc: 0.2848, Best: 0.3481, Time: 94.2s
06/17/2026 14:04:17 - INFO - utils.trainer -   ***** Running evaluation on test0 dataset *****
06/17/2026 14:04:36 - INFO - utils.trainer -   AUC: 0.50958
06/17/2026 14:04:36 - INFO - utils.trainer -   Accuracy: 0.24684
06/17/2026 14:04:36 - INFO - utils.trainer -   Precision: 0.24488
06/17/2026 14:04:36 - INFO - utils.trainer -   Recall: 0.23684
06/17/2026 14:04:36 - INFO - utils.trainer -   F_score: 0.23834
06/17/2026 14:04:36 - INFO - utils.trainer -   Cla Loss: 3.58552
06/17/2026 14:04:36 - INFO - utils.trainer -   MMS Loss: 0.06253
06/17/2026 14:04:36 - INFO - utils.trainer -   Cons Loss: 0.00000
06/17/2026 14:04:36 - INFO - utils.trainer -   Div Loss: 0.00008
06/17/2026 14:04:36 - INFO - utils.trainer -   Sparsity Loss: 0.62615
06/17/2026 14:04:36 - INFO - utils.trainer -   Epoch: 137 [C], Cla: 0.03289, MMS: 0.02305, Cons: 0.00000, Div: 0.00007, Sparsity: 0.62553, Acc: 0.2468, Best: 0.3481, Time: 94.4s
06/17/2026 14:06:10 - INFO - utils.trainer -   ***** Running evaluation on test0 dataset *****
06/17/2026 14:06:28 - INFO - utils.trainer -   AUC: 0.51265
06/17/2026 14:06:28 - INFO - utils.trainer -   Accuracy: 0.29114
06/17/2026 14:06:28 - INFO - utils.trainer -   Precision: 0.28074
06/17/2026 14:06:28 - INFO - utils.trainer -   Recall: 0.28638
06/17/2026 14:06:28 - INFO - utils.trainer -   F_score: 0.28182
06/17/2026 14:06:28 - INFO - utils.trainer -   Cla Loss: 3.64137
06/17/2026 14:06:28 - INFO - utils.trainer -   MMS Loss: 0.05616
06/17/2026 14:06:28 - INFO - utils.trainer -   Cons Loss: 0.00000
06/17/2026 14:06:28 - INFO - utils.trainer -   Div Loss: 0.00007
06/17/2026 14:06:28 - INFO - utils.trainer -   Sparsity Loss: 0.63133
06/17/2026 14:06:28 - INFO - utils.trainer -   Epoch: 138 [C], Cla: 0.02064, MMS: 0.02153, Cons: 0.00000, Div: 0.00007, Sparsity: 0.62610, Acc: 0.2911, Best: 0.3481, Time: 94.1s
06/17/2026 14:08:02 - INFO - utils.trainer -   ***** Running evaluation on test0 dataset *****
06/17/2026 14:08:20 - INFO - utils.trainer -   AUC: 0.52558
06/17/2026 14:08:20 - INFO - utils.trainer -   Accuracy: 0.31646
06/17/2026 14:08:20 - INFO - utils.trainer -   Precision: 0.31381
06/17/2026 14:08:20 - INFO - utils.trainer -   Recall: 0.31551
06/17/2026 14:08:20 - INFO - utils.trainer -   F_score: 0.30686
06/17/2026 14:08:20 - INFO - utils.trainer -   Cla Loss: 3.67378
06/17/2026 14:08:20 - INFO - utils.trainer -   MMS Loss: 0.05533
06/17/2026 14:08:20 - INFO - utils.trainer -   Cons Loss: 0.00000
06/17/2026 14:08:20 - INFO - utils.trainer -   Div Loss: 0.00007
06/17/2026 14:08:20 - INFO - utils.trainer -   Sparsity Loss: 0.62836
06/17/2026 14:08:20 - INFO - utils.trainer -   Epoch: 139 [C], Cla: 0.07979, MMS: 0.02070, Cons: 0.00000, Div: 0.00007, Sparsity: 0.62218, Acc: 0.3165, Best: 0.3481, Time: 94.1s
06/17/2026 14:09:54 - INFO - utils.trainer -   ***** Running evaluation on test0 dataset *****
06/17/2026 14:10:12 - INFO - utils.trainer -   AUC: 0.53228
06/17/2026 14:10:12 - INFO - utils.trainer -   Accuracy: 0.32911
06/17/2026 14:10:12 - INFO - utils.trainer -   Precision: 0.31914
06/17/2026 14:10:12 - INFO - utils.trainer -   Recall: 0.33251
06/17/2026 14:10:12 - INFO - utils.trainer -   F_score: 0.31345
06/17/2026 14:10:12 - INFO - utils.trainer -   Cla Loss: 3.62062
06/17/2026 14:10:12 - INFO - utils.trainer -   MMS Loss: 0.05540
06/17/2026 14:10:12 - INFO - utils.trainer -   Cons Loss: 0.00000
06/17/2026 14:10:12 - INFO - utils.trainer -   Div Loss: 0.00006
06/17/2026 14:10:12 - INFO - utils.trainer -   Sparsity Loss: 0.63670
06/17/2026 14:10:12 - INFO - utils.trainer -   Epoch: 140 [C], Cla: 0.00812, MMS: 0.02113, Cons: 0.00000, Div: 0.00007, Sparsity: 0.61630, Acc: 0.3291, Best: 0.3481, Time: 94.1s
06/17/2026 14:11:47 - INFO - utils.trainer -   ***** Running evaluation on test0 dataset *****
06/17/2026 14:12:05 - INFO - utils.trainer -   AUC: 0.53637
06/17/2026 14:12:05 - INFO - utils.trainer -   Accuracy: 0.30380
06/17/2026 14:12:05 - INFO - utils.trainer -   Precision: 0.29573
06/17/2026 14:12:05 - INFO - utils.trainer -   Recall: 0.30926
06/17/2026 14:12:05 - INFO - utils.trainer -   F_score: 0.29016
06/17/2026 14:12:05 - INFO - utils.trainer -   Cla Loss: 3.78691
06/17/2026 14:12:05 - INFO - utils.trainer -   MMS Loss: 0.05573
06/17/2026 14:12:05 - INFO - utils.trainer -   Cons Loss: 0.00000
06/17/2026 14:12:05 - INFO - utils.trainer -   Div Loss: 0.00007
06/17/2026 14:12:05 - INFO - utils.trainer -   Sparsity Loss: 0.63188
06/17/2026 14:12:05 - INFO - utils.trainer -   Epoch: 141 [C], Cla: 0.04653, MMS: 0.02078, Cons: 0.00000, Div: 0.00007, Sparsity: 0.61789, Acc: 0.3038, Best: 0.3481, Time: 94.3s
06/17/2026 14:13:39 - INFO - utils.trainer -   ***** Running evaluation on test0 dataset *****
06/17/2026 14:13:57 - INFO - utils.trainer -   AUC: 0.52488
06/17/2026 14:13:57 - INFO - utils.trainer -   Accuracy: 0.26582
06/17/2026 14:13:57 - INFO - utils.trainer -   Precision: 0.26484
06/17/2026 14:13:57 - INFO - utils.trainer -   Recall: 0.26474
06/17/2026 14:13:57 - INFO - utils.trainer -   F_score: 0.26435
06/17/2026 14:13:57 - INFO - utils.trainer -   Cla Loss: 3.55661
06/17/2026 14:13:57 - INFO - utils.trainer -   MMS Loss: 0.05788
06/17/2026 14:13:57 - INFO - utils.trainer -   Cons Loss: 0.00000
06/17/2026 14:13:57 - INFO - utils.trainer -   Div Loss: 0.00007
06/17/2026 14:13:57 - INFO - utils.trainer -   Sparsity Loss: 0.62163
06/17/2026 14:13:57 - INFO - utils.trainer -   Epoch: 142 [C], Cla: 0.00780, MMS: 0.02072, Cons: 0.00000, Div: 0.00007, Sparsity: 0.61996, Acc: 0.2658, Best: 0.3481, Time: 94.5s
06/17/2026 14:15:32 - INFO - utils.trainer -   ***** Running evaluation on test0 dataset *****
06/17/2026 14:15:50 - INFO - utils.trainer -   AUC: 0.52616
06/17/2026 14:15:50 - INFO - utils.trainer -   Accuracy: 0.31013
06/17/2026 14:15:50 - INFO - utils.trainer -   Precision: 0.30691
06/17/2026 14:15:50 - INFO - utils.trainer -   Recall: 0.30319
06/17/2026 14:15:50 - INFO - utils.trainer -   F_score: 0.29596
06/17/2026 14:15:50 - INFO - utils.trainer -   Cla Loss: 3.65132
06/17/2026 14:15:50 - INFO - utils.trainer -   MMS Loss: 0.05809
06/17/2026 14:15:50 - INFO - utils.trainer -   Cons Loss: 0.00000
06/17/2026 14:15:50 - INFO - utils.trainer -   Div Loss: 0.00007
06/17/2026 14:15:50 - INFO - utils.trainer -   Sparsity Loss: 0.61974
06/17/2026 14:15:50 - INFO - utils.trainer -   Epoch: 143 [C], Cla: 0.02707, MMS: 0.02003, Cons: 0.00000, Div: 0.00007, Sparsity: 0.61911, Acc: 0.3101, Best: 0.3481, Time: 94.3s
06/17/2026 14:17:24 - INFO - utils.trainer -   ***** Running evaluation on test0 dataset *****
06/17/2026 14:17:42 - INFO - utils.trainer -   AUC: 0.52365
06/17/2026 14:17:42 - INFO - utils.trainer -   Accuracy: 0.30380
06/17/2026 14:17:42 - INFO - utils.trainer -   Precision: 0.30177
06/17/2026 14:17:42 - INFO - utils.trainer -   Recall: 0.31393
06/17/2026 14:17:42 - INFO - utils.trainer -   F_score: 0.30263
06/17/2026 14:17:42 - INFO - utils.trainer -   Cla Loss: 3.73707
06/17/2026 14:17:42 - INFO - utils.trainer -   MMS Loss: 0.05494
06/17/2026 14:17:42 - INFO - utils.trainer -   Cons Loss: 0.00000
06/17/2026 14:17:42 - INFO - utils.trainer -   Div Loss: 0.00006
06/17/2026 14:17:42 - INFO - utils.trainer -   Sparsity Loss: 0.62680
06/17/2026 14:17:42 - INFO - utils.trainer -   Epoch: 144 [C], Cla: 0.08201, MMS: 0.02207, Cons: 0.00000, Div: 0.00007, Sparsity: 0.62053, Acc: 0.3038, Best: 0.3481, Time: 94.1s
06/17/2026 14:19:16 - INFO - utils.trainer -   ***** Running evaluation on test0 dataset *****
06/17/2026 14:19:34 - INFO - utils.trainer -   AUC: 0.52180
06/17/2026 14:19:34 - INFO - utils.trainer -   Accuracy: 0.27215
06/17/2026 14:19:34 - INFO - utils.trainer -   Precision: 0.26272
06/17/2026 14:19:34 - INFO - utils.trainer -   Recall: 0.26084
06/17/2026 14:19:34 - INFO - utils.trainer -   F_score: 0.25743
06/17/2026 14:19:34 - INFO - utils.trainer -   Cla Loss: 3.72255
06/17/2026 14:19:34 - INFO - utils.trainer -   MMS Loss: 0.05621
06/17/2026 14:19:34 - INFO - utils.trainer -   Cons Loss: 0.00000
06/17/2026 14:19:34 - INFO - utils.trainer -   Div Loss: 0.00005
06/17/2026 14:19:34 - INFO - utils.trainer -   Sparsity Loss: 0.61138
06/17/2026 14:19:34 - INFO - utils.trainer -   Epoch: 145 [C], Cla: 0.05726, MMS: 0.02091, Cons: 0.00000, Div: 0.00006, Sparsity: 0.61769, Acc: 0.2722, Best: 0.3481, Time: 94.4s
06/17/2026 14:21:09 - INFO - utils.trainer -   ***** Running evaluation on test0 dataset *****
06/17/2026 14:21:27 - INFO - utils.trainer -   AUC: 0.52791
06/17/2026 14:21:27 - INFO - utils.trainer -   Accuracy: 0.33544
06/17/2026 14:21:27 - INFO - utils.trainer -   Precision: 0.31759
06/17/2026 14:21:27 - INFO - utils.trainer -   Recall: 0.33371
06/17/2026 14:21:27 - INFO - utils.trainer -   F_score: 0.31823
06/17/2026 14:21:27 - INFO - utils.trainer -   Cla Loss: 3.68311
06/17/2026 14:21:27 - INFO - utils.trainer -   MMS Loss: 0.05482
06/17/2026 14:21:27 - INFO - utils.trainer -   Cons Loss: 0.00000
06/17/2026 14:21:27 - INFO - utils.trainer -   Div Loss: 0.00006
06/17/2026 14:21:27 - INFO - utils.trainer -   Sparsity Loss: 0.62635
06/17/2026 14:21:27 - INFO - utils.trainer -   Epoch: 146 [C], Cla: 0.00874, MMS: 0.02078, Cons: 0.00000, Div: 0.00006, Sparsity: 0.61440, Acc: 0.3354, Best: 0.3481, Time: 94.2s
06/17/2026 14:23:01 - INFO - utils.trainer -   ***** Running evaluation on test0 dataset *****
06/17/2026 14:23:19 - INFO - utils.trainer -   AUC: 0.52481
06/17/2026 14:23:19 - INFO - utils.trainer -   Accuracy: 0.31013
06/17/2026 14:23:19 - INFO - utils.trainer -   Precision: 0.29868
06/17/2026 14:23:19 - INFO - utils.trainer -   Recall: 0.30425
06/17/2026 14:23:19 - INFO - utils.trainer -   F_score: 0.29924
06/17/2026 14:23:19 - INFO - utils.trainer -   Cla Loss: 3.54034
06/17/2026 14:23:19 - INFO - utils.trainer -   MMS Loss: 0.05715
06/17/2026 14:23:19 - INFO - utils.trainer -   Cons Loss: 0.00000
06/17/2026 14:23:19 - INFO - utils.trainer -   Div Loss: 0.00006
06/17/2026 14:23:19 - INFO - utils.trainer -   Sparsity Loss: 0.61706
06/17/2026 14:23:19 - INFO - utils.trainer -   Epoch: 147 [C], Cla: 0.00757, MMS: 0.02080, Cons: 0.00000, Div: 0.00006, Sparsity: 0.61729, Acc: 0.3101, Best: 0.3481, Time: 94.2s
06/17/2026 14:24:53 - INFO - utils.trainer -   ***** Running evaluation on test0 dataset *****
06/17/2026 14:25:12 - INFO - utils.trainer -   AUC: 0.51914
06/17/2026 14:25:12 - INFO - utils.trainer -   Accuracy: 0.29114
06/17/2026 14:25:12 - INFO - utils.trainer -   Precision: 0.28398
06/17/2026 14:25:12 - INFO - utils.trainer -   Recall: 0.28775
06/17/2026 14:25:12 - INFO - utils.trainer -   F_score: 0.28233
06/17/2026 14:25:12 - INFO - utils.trainer -   Cla Loss: 3.75062
06/17/2026 14:25:12 - INFO - utils.trainer -   MMS Loss: 0.05544
06/17/2026 14:25:12 - INFO - utils.trainer -   Cons Loss: 0.00000
06/17/2026 14:25:12 - INFO - utils.trainer -   Div Loss: 0.00006
06/17/2026 14:25:12 - INFO - utils.trainer -   Sparsity Loss: 0.62433
06/17/2026 14:25:12 - INFO - utils.trainer -   Epoch: 148 [C], Cla: 0.09200, MMS: 0.02497, Cons: 0.00000, Div: 0.00006, Sparsity: 0.62515, Acc: 0.2911, Best: 0.3481, Time: 94.1s
06/17/2026 14:26:46 - INFO - utils.trainer -   ***** Running evaluation on test0 dataset *****
06/17/2026 14:27:04 - INFO - utils.trainer -   AUC: 0.51710
06/17/2026 14:27:04 - INFO - utils.trainer -   Accuracy: 0.28481
06/17/2026 14:27:04 - INFO - utils.trainer -   Precision: 0.27868
06/17/2026 14:27:04 - INFO - utils.trainer -   Recall: 0.28803
06/17/2026 14:27:04 - INFO - utils.trainer -   F_score: 0.28124
06/17/2026 14:27:04 - INFO - utils.trainer -   Cla Loss: 3.63992
06/17/2026 14:27:04 - INFO - utils.trainer -   MMS Loss: 0.05695
06/17/2026 14:27:04 - INFO - utils.trainer -   Cons Loss: 0.00000
06/17/2026 14:27:04 - INFO - utils.trainer -   Div Loss: 0.00005
06/17/2026 14:27:04 - INFO - utils.trainer -   Sparsity Loss: 0.62638
06/17/2026 14:27:04 - INFO - utils.trainer -   Epoch: 149 [C], Cla: 0.03147, MMS: 0.02001, Cons: 0.00000, Div: 0.00006, Sparsity: 0.61837, Acc: 0.2848, Best: 0.3481, Time: 94.5s
06/17/2026 14:28:39 - INFO - utils.trainer -   ***** Running evaluation on test0 dataset *****
06/17/2026 14:28:57 - INFO - utils.trainer -   AUC: 0.51556
06/17/2026 14:28:57 - INFO - utils.trainer -   Accuracy: 0.28481
06/17/2026 14:28:57 - INFO - utils.trainer -   Precision: 0.27768
06/17/2026 14:28:57 - INFO - utils.trainer -   Recall: 0.29124
06/17/2026 14:28:57 - INFO - utils.trainer -   F_score: 0.27840
06/17/2026 14:28:57 - INFO - utils.trainer -   Cla Loss: 3.77720
06/17/2026 14:28:57 - INFO - utils.trainer -   MMS Loss: 0.05446
06/17/2026 14:28:57 - INFO - utils.trainer -   Cons Loss: 0.00000
06/17/2026 14:28:57 - INFO - utils.trainer -   Div Loss: 0.00006
06/17/2026 14:28:57 - INFO - utils.trainer -   Sparsity Loss: 0.63546
06/17/2026 14:28:57 - INFO - utils.trainer -     state_dict: 350 tensors, 125.1 MB (trainable + buffers only)
06/17/2026 14:28:57 - INFO - utils.trainer -   Model saved to output_dir/LDDE2th/checkpoint-epoch-150
06/17/2026 14:28:57 - INFO - utils.trainer -   Checkpoint saved at epoch 150
06/17/2026 14:28:57 - INFO - utils.trainer -   Epoch: 150 [C], Cla: 0.05219, MMS: 0.01995, Cons: 0.00000, Div: 0.00006, Sparsity: 0.62013, Acc: 0.2848, Best: 0.3481, Time: 94.4s
06/17/2026 14:30:32 - INFO - utils.trainer -   ***** Running evaluation on test0 dataset *****
06/17/2026 14:30:50 - INFO - utils.trainer -   AUC: 0.50826
06/17/2026 14:30:50 - INFO - utils.trainer -   Accuracy: 0.26582
06/17/2026 14:30:50 - INFO - utils.trainer -   Precision: 0.27378
06/17/2026 14:30:50 - INFO - utils.trainer -   Recall: 0.26854
06/17/2026 14:30:50 - INFO - utils.trainer -   F_score: 0.26456
06/17/2026 14:30:50 - INFO - utils.trainer -   Cla Loss: 3.74371
06/17/2026 14:30:50 - INFO - utils.trainer -   MMS Loss: 0.05520
06/17/2026 14:30:50 - INFO - utils.trainer -   Cons Loss: 0.00000
06/17/2026 14:30:50 - INFO - utils.trainer -   Div Loss: 0.00006
06/17/2026 14:30:50 - INFO - utils.trainer -   Sparsity Loss: 0.62834
06/17/2026 14:30:50 - INFO - utils.trainer -   Epoch: 151 [C], Cla: 0.04916, MMS: 0.02185, Cons: 0.00000, Div: 0.00006, Sparsity: 0.61693, Acc: 0.2658, Best: 0.3481, Time: 94.3s
06/17/2026 14:32:24 - INFO - utils.trainer -   ***** Running evaluation on test0 dataset *****
06/17/2026 14:32:42 - INFO - utils.trainer -   AUC: 0.51583
06/17/2026 14:32:42 - INFO - utils.trainer -   Accuracy: 0.32278
06/17/2026 14:32:42 - INFO - utils.trainer -   Precision: 0.31410
06/17/2026 14:32:42 - INFO - utils.trainer -   Recall: 0.31675
06/17/2026 14:32:42 - INFO - utils.trainer -   F_score: 0.30559
06/17/2026 14:32:42 - INFO - utils.trainer -   Cla Loss: 3.87451
06/17/2026 14:32:42 - INFO - utils.trainer -   MMS Loss: 0.05513
06/17/2026 14:32:42 - INFO - utils.trainer -   Cons Loss: 0.00000
06/17/2026 14:32:42 - INFO - utils.trainer -   Div Loss: 0.00005
06/17/2026 14:32:42 - INFO - utils.trainer -   Sparsity Loss: 0.61820
06/17/2026 14:32:42 - INFO - utils.trainer -   Epoch: 152 [C], Cla: 0.04096, MMS: 0.02045, Cons: 0.00000, Div: 0.00006, Sparsity: 0.61324, Acc: 0.3228, Best: 0.3481, Time: 94.1s
06/17/2026 14:34:17 - INFO - utils.trainer -   ***** Running evaluation on test0 dataset *****
06/17/2026 14:34:35 - INFO - utils.trainer -   AUC: 0.52137
06/17/2026 14:34:35 - INFO - utils.trainer -   Accuracy: 0.31013
06/17/2026 14:34:35 - INFO - utils.trainer -   Precision: 0.30154
06/17/2026 14:34:35 - INFO - utils.trainer -   Recall: 0.31780
06/17/2026 14:34:35 - INFO - utils.trainer -   F_score: 0.29998
06/17/2026 14:34:35 - INFO - utils.trainer -   Cla Loss: 3.86005
06/17/2026 14:34:35 - INFO - utils.trainer -   MMS Loss: 0.05475
06/17/2026 14:34:35 - INFO - utils.trainer -   Cons Loss: 0.00000
06/17/2026 14:34:35 - INFO - utils.trainer -   Div Loss: 0.00006
06/17/2026 14:34:35 - INFO - utils.trainer -   Sparsity Loss: 0.63119
06/17/2026 14:34:35 - INFO - utils.trainer -   Epoch: 153 [C], Cla: 0.03183, MMS: 0.02112, Cons: 0.00000, Div: 0.00005, Sparsity: 0.61429, Acc: 0.3101, Best: 0.3481, Time: 94.4s
06/17/2026 14:36:09 - INFO - utils.trainer -   ***** Running evaluation on test0 dataset *****
06/17/2026 14:36:27 - INFO - utils.trainer -   AUC: 0.51040
06/17/2026 14:36:27 - INFO - utils.trainer -   Accuracy: 0.26582
06/17/2026 14:36:27 - INFO - utils.trainer -   Precision: 0.25561
06/17/2026 14:36:27 - INFO - utils.trainer -   Recall: 0.26225
06/17/2026 14:36:27 - INFO - utils.trainer -   F_score: 0.25718
06/17/2026 14:36:27 - INFO - utils.trainer -   Cla Loss: 3.88364
06/17/2026 14:36:27 - INFO - utils.trainer -   MMS Loss: 0.05451
06/17/2026 14:36:27 - INFO - utils.trainer -   Cons Loss: 0.00000
06/17/2026 14:36:27 - INFO - utils.trainer -   Div Loss: 0.00005
06/17/2026 14:36:27 - INFO - utils.trainer -   Sparsity Loss: 0.61903
06/17/2026 14:36:27 - INFO - utils.trainer -   Epoch: 154 [C], Cla: 0.04216, MMS: 0.02001, Cons: 0.00000, Div: 0.00005, Sparsity: 0.61920, Acc: 0.2658, Best: 0.3481, Time: 94.4s
06/17/2026 14:38:01 - INFO - utils.trainer -   ***** Running evaluation on test0 dataset *****
06/17/2026 14:38:19 - INFO - utils.trainer -   AUC: 0.53221
06/17/2026 14:38:19 - INFO - utils.trainer -   Accuracy: 0.31646
06/17/2026 14:38:19 - INFO - utils.trainer -   Precision: 0.31103
06/17/2026 14:38:19 - INFO - utils.trainer -   Recall: 0.32231
06/17/2026 14:38:19 - INFO - utils.trainer -   F_score: 0.30520
06/17/2026 14:38:19 - INFO - utils.trainer -   Cla Loss: 3.79299
06/17/2026 14:38:19 - INFO - utils.trainer -   MMS Loss: 0.05528
06/17/2026 14:38:19 - INFO - utils.trainer -   Cons Loss: 0.00000
06/17/2026 14:38:19 - INFO - utils.trainer -   Div Loss: 0.00005
06/17/2026 14:38:19 - INFO - utils.trainer -   Sparsity Loss: 0.62330
06/17/2026 14:38:19 - INFO - utils.trainer -   Epoch: 155 [C], Cla: 0.00444, MMS: 0.01922, Cons: 0.00000, Div: 0.00005, Sparsity: 0.61377, Acc: 0.3165, Best: 0.3481, Time: 94.1s
06/17/2026 14:39:54 - INFO - utils.trainer -   ***** Running evaluation on test0 dataset *****
06/17/2026 14:40:12 - INFO - utils.trainer -   AUC: 0.52953
06/17/2026 14:40:12 - INFO - utils.trainer -   Accuracy: 0.27848
06/17/2026 14:40:12 - INFO - utils.trainer -   Precision: 0.26076
06/17/2026 14:40:12 - INFO - utils.trainer -   Recall: 0.28150
06/17/2026 14:40:12 - INFO - utils.trainer -   F_score: 0.26170
06/17/2026 14:40:12 - INFO - utils.trainer -   Cla Loss: 3.82212
06/17/2026 14:40:12 - INFO - utils.trainer -   MMS Loss: 0.05538
06/17/2026 14:40:12 - INFO - utils.trainer -   Cons Loss: 0.00000
06/17/2026 14:40:12 - INFO - utils.trainer -   Div Loss: 0.00005
06/17/2026 14:40:12 - INFO - utils.trainer -   Sparsity Loss: 0.62415
06/17/2026 14:40:12 - INFO - utils.trainer -   Epoch: 156 [C], Cla: 0.00603, MMS: 0.01924, Cons: 0.00000, Div: 0.00005, Sparsity: 0.61299, Acc: 0.2785, Best: 0.3481, Time: 94.3s
06/17/2026 14:41:46 - INFO - utils.trainer -   ***** Running evaluation on test0 dataset *****
06/17/2026 14:42:04 - INFO - utils.trainer -   AUC: 0.50317
06/17/2026 14:42:04 - INFO - utils.trainer -   Accuracy: 0.26582
06/17/2026 14:42:04 - INFO - utils.trainer -   Precision: 0.24887
06/17/2026 14:42:04 - INFO - utils.trainer -   Recall: 0.25384
06/17/2026 14:42:04 - INFO - utils.trainer -   F_score: 0.24360
06/17/2026 14:42:04 - INFO - utils.trainer -   Cla Loss: 4.05228
06/17/2026 14:42:04 - INFO - utils.trainer -   MMS Loss: 0.05761
06/17/2026 14:42:04 - INFO - utils.trainer -   Cons Loss: 0.00000
06/17/2026 14:42:04 - INFO - utils.trainer -   Div Loss: 0.00005
06/17/2026 14:42:04 - INFO - utils.trainer -   Sparsity Loss: 0.60630
06/17/2026 14:42:04 - INFO - utils.trainer -   Epoch: 157 [C], Cla: 0.00721, MMS: 0.02007, Cons: 0.00000, Div: 0.00005, Sparsity: 0.61166, Acc: 0.2658, Best: 0.3481, Time: 94.4s
06/17/2026 14:43:38 - INFO - utils.trainer -   ***** Running evaluation on test0 dataset *****
06/17/2026 14:43:56 - INFO - utils.trainer -   AUC: 0.52176
06/17/2026 14:43:56 - INFO - utils.trainer -   Accuracy: 0.30380
06/17/2026 14:43:56 - INFO - utils.trainer -   Precision: 0.28897
06/17/2026 14:43:56 - INFO - utils.trainer -   Recall: 0.30701
06/17/2026 14:43:56 - INFO - utils.trainer -   F_score: 0.29118
06/17/2026 14:43:56 - INFO - utils.trainer -   Cla Loss: 3.81751
06/17/2026 14:43:56 - INFO - utils.trainer -   MMS Loss: 0.05524
06/17/2026 14:43:56 - INFO - utils.trainer -   Cons Loss: 0.00000
06/17/2026 14:43:56 - INFO - utils.trainer -   Div Loss: 0.00005
06/17/2026 14:43:56 - INFO - utils.trainer -   Sparsity Loss: 0.62436
06/17/2026 14:43:56 - INFO - utils.trainer -   Epoch: 158 [C], Cla: 0.00465, MMS: 0.01971, Cons: 0.00000, Div: 0.00005, Sparsity: 0.61597, Acc: 0.3038, Best: 0.3481, Time: 94.3s
06/17/2026 14:45:31 - INFO - utils.trainer -   ***** Running evaluation on test0 dataset *****
06/17/2026 14:45:49 - INFO - utils.trainer -   AUC: 0.51259
06/17/2026 14:45:49 - INFO - utils.trainer -   Accuracy: 0.31013
06/17/2026 14:45:49 - INFO - utils.trainer -   Precision: 0.30059
06/17/2026 14:45:49 - INFO - utils.trainer -   Recall: 0.30880
06/17/2026 14:45:49 - INFO - utils.trainer -   F_score: 0.29962
06/17/2026 14:45:49 - INFO - utils.trainer -   Cla Loss: 3.85406
06/17/2026 14:45:49 - INFO - utils.trainer -   MMS Loss: 0.05472
06/17/2026 14:45:49 - INFO - utils.trainer -   Cons Loss: 0.00000
06/17/2026 14:45:49 - INFO - utils.trainer -   Div Loss: 0.00004
06/17/2026 14:45:49 - INFO - utils.trainer -   Sparsity Loss: 0.62367
06/17/2026 14:45:49 - INFO - utils.trainer -   Epoch: 159 [C], Cla: 0.03075, MMS: 0.02026, Cons: 0.00000, Div: 0.00005, Sparsity: 0.61840, Acc: 0.3101, Best: 0.3481, Time: 94.6s
06/17/2026 14:47:24 - INFO - utils.trainer -   ***** Running evaluation on test0 dataset *****
06/17/2026 14:47:42 - INFO - utils.trainer -   AUC: 0.51954
06/17/2026 14:47:42 - INFO - utils.trainer -   Accuracy: 0.29747
06/17/2026 14:47:42 - INFO - utils.trainer -   Precision: 0.28285
06/17/2026 14:47:42 - INFO - utils.trainer -   Recall: 0.28551
06/17/2026 14:47:42 - INFO - utils.trainer -   F_score: 0.27889
06/17/2026 14:47:42 - INFO - utils.trainer -   Cla Loss: 3.80075
06/17/2026 14:47:42 - INFO - utils.trainer -   MMS Loss: 0.05537
06/17/2026 14:47:42 - INFO - utils.trainer -   Cons Loss: 0.00000
06/17/2026 14:47:42 - INFO - utils.trainer -   Div Loss: 0.00005
06/17/2026 14:47:42 - INFO - utils.trainer -   Sparsity Loss: 0.60957
06/17/2026 14:47:42 - INFO - utils.trainer -   Epoch: 160 [C], Cla: 0.08596, MMS: 0.02203, Cons: 0.00000, Div: 0.00005, Sparsity: 0.61913, Acc: 0.2975, Best: 0.3481, Time: 94.5s
06/17/2026 14:49:16 - INFO - utils.trainer -   ***** Running evaluation on test0 dataset *****
06/17/2026 14:49:35 - INFO - utils.trainer -   AUC: 0.51256
06/17/2026 14:49:35 - INFO - utils.trainer -   Accuracy: 0.27848
06/17/2026 14:49:35 - INFO - utils.trainer -   Precision: 0.26067
06/17/2026 14:49:35 - INFO - utils.trainer -   Recall: 0.26943
06/17/2026 14:49:35 - INFO - utils.trainer -   F_score: 0.26222
06/17/2026 14:49:35 - INFO - utils.trainer -   Cla Loss: 3.86906
06/17/2026 14:49:35 - INFO - utils.trainer -   MMS Loss: 0.05533
06/17/2026 14:49:35 - INFO - utils.trainer -   Cons Loss: -0.00000
06/17/2026 14:49:35 - INFO - utils.trainer -   Div Loss: 0.00004
06/17/2026 14:49:35 - INFO - utils.trainer -   Sparsity Loss: 0.60975
06/17/2026 14:49:35 - INFO - utils.trainer -   Epoch: 161 [C], Cla: 0.02968, MMS: 0.02043, Cons: 0.00000, Div: 0.00005, Sparsity: 0.61261, Acc: 0.2785, Best: 0.3481, Time: 94.4s
06/17/2026 14:51:09 - INFO - utils.trainer -   ***** Running evaluation on test0 dataset *****
06/17/2026 14:51:27 - INFO - utils.trainer -   AUC: 0.51110
06/17/2026 14:51:27 - INFO - utils.trainer -   Accuracy: 0.27848
06/17/2026 14:51:27 - INFO - utils.trainer -   Precision: 0.27794
06/17/2026 14:51:27 - INFO - utils.trainer -   Recall: 0.27773
06/17/2026 14:51:27 - INFO - utils.trainer -   F_score: 0.27394
06/17/2026 14:51:27 - INFO - utils.trainer -   Cla Loss: 3.85007
06/17/2026 14:51:27 - INFO - utils.trainer -   MMS Loss: 0.05715
06/17/2026 14:51:27 - INFO - utils.trainer -   Cons Loss: 0.00000
06/17/2026 14:51:27 - INFO - utils.trainer -   Div Loss: 0.00005
06/17/2026 14:51:27 - INFO - utils.trainer -   Sparsity Loss: 0.61600
06/17/2026 14:51:27 - INFO - utils.trainer -   Epoch: 162 [C], Cla: 0.01326, MMS: 0.01982, Cons: 0.00000, Div: 0.00004, Sparsity: 0.61306, Acc: 0.2785, Best: 0.3481, Time: 94.5s
06/17/2026 14:53:02 - INFO - utils.trainer -   ***** Running evaluation on test0 dataset *****
06/17/2026 14:53:20 - INFO - utils.trainer -   AUC: 0.51844
06/17/2026 14:53:20 - INFO - utils.trainer -   Accuracy: 0.29114
06/17/2026 14:53:20 - INFO - utils.trainer -   Precision: 0.26718
06/17/2026 14:53:20 - INFO - utils.trainer -   Recall: 0.27502
06/17/2026 14:53:20 - INFO - utils.trainer -   F_score: 0.26459
06/17/2026 14:53:20 - INFO - utils.trainer -   Cla Loss: 3.90619
06/17/2026 14:53:20 - INFO - utils.trainer -   MMS Loss: 0.05621
06/17/2026 14:53:20 - INFO - utils.trainer -   Cons Loss: 0.00000
06/17/2026 14:53:20 - INFO - utils.trainer -   Div Loss: 0.00004
06/17/2026 14:53:20 - INFO - utils.trainer -   Sparsity Loss: 0.60614
06/17/2026 14:53:20 - INFO - utils.trainer -   Epoch: 163 [C], Cla: 0.00502, MMS: 0.01931, Cons: 0.00000, Div: 0.00004, Sparsity: 0.61039, Acc: 0.2911, Best: 0.3481, Time: 94.3s
06/17/2026 14:54:54 - INFO - utils.trainer -   ***** Running evaluation on test0 dataset *****
06/17/2026 14:55:12 - INFO - utils.trainer -   AUC: 0.53066
06/17/2026 14:55:12 - INFO - utils.trainer -   Accuracy: 0.31013
06/17/2026 14:55:12 - INFO - utils.trainer -   Precision: 0.30245
06/17/2026 14:55:12 - INFO - utils.trainer -   Recall: 0.30999
06/17/2026 14:55:12 - INFO - utils.trainer -   F_score: 0.29922
06/17/2026 14:55:12 - INFO - utils.trainer -   Cla Loss: 3.70284
06/17/2026 14:55:12 - INFO - utils.trainer -   MMS Loss: 0.05591
06/17/2026 14:55:12 - INFO - utils.trainer -   Cons Loss: 0.00000
06/17/2026 14:55:12 - INFO - utils.trainer -   Div Loss: 0.00004
06/17/2026 14:55:12 - INFO - utils.trainer -   Sparsity Loss: 0.61968
06/17/2026 14:55:12 - INFO - utils.trainer -   Epoch: 164 [C], Cla: 0.05678, MMS: 0.02019, Cons: 0.00000, Div: 0.00004, Sparsity: 0.61336, Acc: 0.3101, Best: 0.3481, Time: 94.4s
06/17/2026 14:56:47 - INFO - utils.trainer -   ***** Running evaluation on test0 dataset *****
06/17/2026 14:57:05 - INFO - utils.trainer -   AUC: 0.52675
06/17/2026 14:57:05 - INFO - utils.trainer -   Accuracy: 0.32278
06/17/2026 14:57:05 - INFO - utils.trainer -   Precision: 0.31938
06/17/2026 14:57:05 - INFO - utils.trainer -   Recall: 0.31629
06/17/2026 14:57:05 - INFO - utils.trainer -   F_score: 0.30738
06/17/2026 14:57:05 - INFO - utils.trainer -   Cla Loss: 3.85721
06/17/2026 14:57:05 - INFO - utils.trainer -   MMS Loss: 0.05608
06/17/2026 14:57:05 - INFO - utils.trainer -   Cons Loss: 0.00000
06/17/2026 14:57:05 - INFO - utils.trainer -   Div Loss: 0.00004
06/17/2026 14:57:05 - INFO - utils.trainer -   Sparsity Loss: 0.61020
06/17/2026 14:57:05 - INFO - utils.trainer -   Epoch: 165 [C], Cla: 0.01246, MMS: 0.01959, Cons: 0.00000, Div: 0.00004, Sparsity: 0.61158, Acc: 0.3228, Best: 0.3481, Time: 94.3s
06/17/2026 14:58:39 - INFO - utils.trainer -   ***** Running evaluation on test0 dataset *****
06/17/2026 14:58:57 - INFO - utils.trainer -   AUC: 0.53154
06/17/2026 14:58:57 - INFO - utils.trainer -   Accuracy: 0.31013
06/17/2026 14:58:57 - INFO - utils.trainer -   Precision: 0.30043
06/17/2026 14:58:57 - INFO - utils.trainer -   Recall: 0.31330
06/17/2026 14:58:57 - INFO - utils.trainer -   F_score: 0.29812
06/17/2026 14:58:57 - INFO - utils.trainer -   Cla Loss: 3.91165
06/17/2026 14:58:57 - INFO - utils.trainer -   MMS Loss: 0.05532
06/17/2026 14:58:57 - INFO - utils.trainer -   Cons Loss: 0.00000
06/17/2026 14:58:57 - INFO - utils.trainer -   Div Loss: 0.00004
06/17/2026 14:58:57 - INFO - utils.trainer -   Sparsity Loss: 0.62280
06/17/2026 14:58:57 - INFO - utils.trainer -   Epoch: 166 [C], Cla: 0.02599, MMS: 0.01930, Cons: 0.00000, Div: 0.00004, Sparsity: 0.61108, Acc: 0.3101, Best: 0.3481, Time: 94.2s
06/17/2026 15:00:31 - INFO - utils.trainer -   ***** Running evaluation on test0 dataset *****
06/17/2026 15:00:49 - INFO - utils.trainer -   AUC: 0.52808
06/17/2026 15:00:49 - INFO - utils.trainer -   Accuracy: 0.30380
06/17/2026 15:00:49 - INFO - utils.trainer -   Precision: 0.29503
06/17/2026 15:00:49 - INFO - utils.trainer -   Recall: 0.30967
06/17/2026 15:00:49 - INFO - utils.trainer -   F_score: 0.29796
06/17/2026 15:00:49 - INFO - utils.trainer -   Cla Loss: 3.77478
06/17/2026 15:00:49 - INFO - utils.trainer -   MMS Loss: 0.05384
06/17/2026 15:00:49 - INFO - utils.trainer -   Cons Loss: 0.00000
06/17/2026 15:00:49 - INFO - utils.trainer -   Div Loss: 0.00004
06/17/2026 15:00:49 - INFO - utils.trainer -   Sparsity Loss: 0.62304
06/17/2026 15:00:49 - INFO - utils.trainer -   Epoch: 167 [C], Cla: 0.03011, MMS: 0.02008, Cons: 0.00000, Div: 0.00004, Sparsity: 0.60905, Acc: 0.3038, Best: 0.3481, Time: 94.4s
06/17/2026 15:02:24 - INFO - utils.trainer -   ***** Running evaluation on test0 dataset *****
06/17/2026 15:02:42 - INFO - utils.trainer -   AUC: 0.51145
06/17/2026 15:02:42 - INFO - utils.trainer -   Accuracy: 0.29114
06/17/2026 15:02:42 - INFO - utils.trainer -   Precision: 0.28657
06/17/2026 15:02:42 - INFO - utils.trainer -   Recall: 0.28416
06/17/2026 15:02:42 - INFO - utils.trainer -   F_score: 0.27712
06/17/2026 15:02:42 - INFO - utils.trainer -   Cla Loss: 3.91085
06/17/2026 15:02:42 - INFO - utils.trainer -   MMS Loss: 0.05501
06/17/2026 15:02:42 - INFO - utils.trainer -   Cons Loss: 0.00000
06/17/2026 15:02:42 - INFO - utils.trainer -   Div Loss: 0.00004
06/17/2026 15:02:42 - INFO - utils.trainer -   Sparsity Loss: 0.61254
06/17/2026 15:02:42 - INFO - utils.trainer -   Epoch: 168 [C], Cla: 0.00590, MMS: 0.01925, Cons: 0.00000, Div: 0.00004, Sparsity: 0.60831, Acc: 0.2911, Best: 0.3481, Time: 94.1s
06/17/2026 15:04:16 - INFO - utils.trainer -   ***** Running evaluation on test0 dataset *****
06/17/2026 15:04:34 - INFO - utils.trainer -   AUC: 0.51644
06/17/2026 15:04:34 - INFO - utils.trainer -   Accuracy: 0.29747
06/17/2026 15:04:34 - INFO - utils.trainer -   Precision: 0.27904
06/17/2026 15:04:34 - INFO - utils.trainer -   Recall: 0.28628
06/17/2026 15:04:34 - INFO - utils.trainer -   F_score: 0.27577
06/17/2026 15:04:34 - INFO - utils.trainer -   Cla Loss: 4.01343
06/17/2026 15:04:34 - INFO - utils.trainer -   MMS Loss: 0.05640
06/17/2026 15:04:34 - INFO - utils.trainer -   Cons Loss: 0.00000
06/17/2026 15:04:34 - INFO - utils.trainer -   Div Loss: 0.00003
06/17/2026 15:04:34 - INFO - utils.trainer -   Sparsity Loss: 0.60633
06/17/2026 15:04:34 - INFO - utils.trainer -   Epoch: 169 [C], Cla: 0.04374, MMS: 0.02009, Cons: 0.00000, Div: 0.00004, Sparsity: 0.61078, Acc: 0.2975, Best: 0.3481, Time: 94.5s
06/17/2026 15:06:09 - INFO - utils.trainer -   ***** Running evaluation on test0 dataset *****
06/17/2026 15:06:27 - INFO - utils.trainer -   AUC: 0.51842
06/17/2026 15:06:27 - INFO - utils.trainer -   Accuracy: 0.27848
06/17/2026 15:06:27 - INFO - utils.trainer -   Precision: 0.27448
06/17/2026 15:06:27 - INFO - utils.trainer -   Recall: 0.28057
06/17/2026 15:06:27 - INFO - utils.trainer -   F_score: 0.27129
06/17/2026 15:06:27 - INFO - utils.trainer -   Cla Loss: 3.85318
06/17/2026 15:06:27 - INFO - utils.trainer -   MMS Loss: 0.05576
06/17/2026 15:06:27 - INFO - utils.trainer -   Cons Loss: 0.00000
06/17/2026 15:06:27 - INFO - utils.trainer -   Div Loss: 0.00004
06/17/2026 15:06:27 - INFO - utils.trainer -   Sparsity Loss: 0.60802
06/17/2026 15:06:27 - INFO - utils.trainer -   Epoch: 170 [C], Cla: 0.03933, MMS: 0.01909, Cons: 0.00000, Div: 0.00004, Sparsity: 0.61014, Acc: 0.2785, Best: 0.3481, Time: 94.5s
06/17/2026 15:08:02 - INFO - utils.trainer -   ***** Running evaluation on test0 dataset *****
06/17/2026 15:08:20 - INFO - utils.trainer -   AUC: 0.51716
06/17/2026 15:08:20 - INFO - utils.trainer -   Accuracy: 0.28481
06/17/2026 15:08:20 - INFO - utils.trainer -   Precision: 0.29096
06/17/2026 15:08:20 - INFO - utils.trainer -   Recall: 0.28100
06/17/2026 15:08:20 - INFO - utils.trainer -   F_score: 0.27879
06/17/2026 15:08:20 - INFO - utils.trainer -   Cla Loss: 3.82388
06/17/2026 15:08:20 - INFO - utils.trainer -   MMS Loss: 0.05470
06/17/2026 15:08:20 - INFO - utils.trainer -   Cons Loss: 0.00000
06/17/2026 15:08:20 - INFO - utils.trainer -   Div Loss: 0.00004
06/17/2026 15:08:20 - INFO - utils.trainer -   Sparsity Loss: 0.59893
06/17/2026 15:08:20 - INFO - utils.trainer -   Epoch: 171 [C], Cla: 0.00541, MMS: 0.01925, Cons: 0.00000, Div: 0.00004, Sparsity: 0.59999, Acc: 0.2848, Best: 0.3481, Time: 94.4s
06/17/2026 15:09:54 - INFO - utils.trainer -   ***** Running evaluation on test0 dataset *****
06/17/2026 15:10:12 - INFO - utils.trainer -   AUC: 0.52770
06/17/2026 15:10:12 - INFO - utils.trainer -   Accuracy: 0.32278
06/17/2026 15:10:12 - INFO - utils.trainer -   Precision: 0.31417
06/17/2026 15:10:12 - INFO - utils.trainer -   Recall: 0.32438
06/17/2026 15:10:12 - INFO - utils.trainer -   F_score: 0.31312
06/17/2026 15:10:12 - INFO - utils.trainer -   Cla Loss: 3.79561
06/17/2026 15:10:12 - INFO - utils.trainer -   MMS Loss: 0.05478
06/17/2026 15:10:12 - INFO - utils.trainer -   Cons Loss: 0.00000
06/17/2026 15:10:12 - INFO - utils.trainer -   Div Loss: 0.00003
06/17/2026 15:10:12 - INFO - utils.trainer -   Sparsity Loss: 0.60292
06/17/2026 15:10:12 - INFO - utils.trainer -   Epoch: 172 [C], Cla: 0.04991, MMS: 0.01999, Cons: 0.00000, Div: 0.00004, Sparsity: 0.60286, Acc: 0.3228, Best: 0.3481, Time: 94.4s
06/17/2026 15:11:47 - INFO - utils.trainer -   ***** Running evaluation on test0 dataset *****
06/17/2026 15:12:05 - INFO - utils.trainer -   AUC: 0.51990
06/17/2026 15:12:05 - INFO - utils.trainer -   Accuracy: 0.30380
06/17/2026 15:12:05 - INFO - utils.trainer -   Precision: 0.29865
06/17/2026 15:12:05 - INFO - utils.trainer -   Recall: 0.30274
06/17/2026 15:12:05 - INFO - utils.trainer -   F_score: 0.29755
06/17/2026 15:12:05 - INFO - utils.trainer -   Cla Loss: 3.78426
06/17/2026 15:12:05 - INFO - utils.trainer -   MMS Loss: 0.05630
06/17/2026 15:12:05 - INFO - utils.trainer -   Cons Loss: 0.00000
06/17/2026 15:12:05 - INFO - utils.trainer -   Div Loss: 0.00003
06/17/2026 15:12:05 - INFO - utils.trainer -   Sparsity Loss: 0.60284
06/17/2026 15:12:05 - INFO - utils.trainer -   Epoch: 173 [C], Cla: 0.02368, MMS: 0.01909, Cons: 0.00000, Div: 0.00004, Sparsity: 0.60142, Acc: 0.3038, Best: 0.3481, Time: 94.3s
06/17/2026 15:13:39 - INFO - utils.trainer -   ***** Running evaluation on test0 dataset *****
06/17/2026 15:13:58 - INFO - utils.trainer -   AUC: 0.51829
06/17/2026 15:13:58 - INFO - utils.trainer -   Accuracy: 0.28481
06/17/2026 15:13:58 - INFO - utils.trainer -   Precision: 0.28043
06/17/2026 15:13:58 - INFO - utils.trainer -   Recall: 0.27526
06/17/2026 15:13:58 - INFO - utils.trainer -   F_score: 0.27370
06/17/2026 15:13:58 - INFO - utils.trainer -   Cla Loss: 3.76976
06/17/2026 15:13:58 - INFO - utils.trainer -   MMS Loss: 0.05450
06/17/2026 15:13:58 - INFO - utils.trainer -   Cons Loss: 0.00000
06/17/2026 15:13:58 - INFO - utils.trainer -   Div Loss: 0.00003
06/17/2026 15:13:58 - INFO - utils.trainer -   Sparsity Loss: 0.59641
06/17/2026 15:13:58 - INFO - utils.trainer -   Epoch: 174 [C], Cla: 0.00618, MMS: 0.01977, Cons: 0.00000, Div: 0.00003, Sparsity: 0.60137, Acc: 0.2848, Best: 0.3481, Time: 94.5s
06/17/2026 15:15:32 - INFO - utils.trainer -   ***** Running evaluation on test0 dataset *****
06/17/2026 15:15:50 - INFO - utils.trainer -   AUC: 0.51371
06/17/2026 15:15:50 - INFO - utils.trainer -   Accuracy: 0.27215
06/17/2026 15:15:50 - INFO - utils.trainer -   Precision: 0.27257
06/17/2026 15:15:50 - INFO - utils.trainer -   Recall: 0.26850
06/17/2026 15:15:50 - INFO - utils.trainer -   F_score: 0.26393
06/17/2026 15:15:50 - INFO - utils.trainer -   Cla Loss: 3.82108
06/17/2026 15:15:50 - INFO - utils.trainer -   MMS Loss: 0.05601
06/17/2026 15:15:50 - INFO - utils.trainer -   Cons Loss: 0.00000
06/17/2026 15:15:50 - INFO - utils.trainer -   Div Loss: 0.00003
06/17/2026 15:15:50 - INFO - utils.trainer -   Sparsity Loss: 0.59976
06/17/2026 15:15:50 - INFO - utils.trainer -   Epoch: 175 [C], Cla: 0.05781, MMS: 0.01986, Cons: 0.00000, Div: 0.00003, Sparsity: 0.60377, Acc: 0.2722, Best: 0.3481, Time: 94.4s
06/17/2026 15:17:24 - INFO - utils.trainer -   ***** Running evaluation on test0 dataset *****
06/17/2026 15:17:43 - INFO - utils.trainer -   AUC: 0.50463
06/17/2026 15:17:43 - INFO - utils.trainer -   Accuracy: 0.28481
06/17/2026 15:17:43 - INFO - utils.trainer -   Precision: 0.26124
06/17/2026 15:17:43 - INFO - utils.trainer -   Recall: 0.27168
06/17/2026 15:17:43 - INFO - utils.trainer -   F_score: 0.25596
06/17/2026 15:17:43 - INFO - utils.trainer -   Cla Loss: 4.08908
06/17/2026 15:17:43 - INFO - utils.trainer -   MMS Loss: 0.05430
06/17/2026 15:17:43 - INFO - utils.trainer -   Cons Loss: 0.00000
06/17/2026 15:17:43 - INFO - utils.trainer -   Div Loss: 0.00004
06/17/2026 15:17:43 - INFO - utils.trainer -   Sparsity Loss: 0.59031
06/17/2026 15:17:43 - INFO - utils.trainer -   Epoch: 176 [C], Cla: 0.00906, MMS: 0.02069, Cons: 0.00000, Div: 0.00003, Sparsity: 0.59513, Acc: 0.2848, Best: 0.3481, Time: 94.4s
06/17/2026 15:19:17 - INFO - utils.trainer -   ***** Running evaluation on test0 dataset *****
06/17/2026 15:19:35 - INFO - utils.trainer -   AUC: 0.51012
06/17/2026 15:19:35 - INFO - utils.trainer -   Accuracy: 0.27215
06/17/2026 15:19:35 - INFO - utils.trainer -   Precision: 0.26472
06/17/2026 15:19:35 - INFO - utils.trainer -   Recall: 0.27516
06/17/2026 15:19:35 - INFO - utils.trainer -   F_score: 0.26273
06/17/2026 15:19:35 - INFO - utils.trainer -   Cla Loss: 4.02005
06/17/2026 15:19:35 - INFO - utils.trainer -   MMS Loss: 0.05356
06/17/2026 15:19:35 - INFO - utils.trainer -   Cons Loss: 0.00000
06/17/2026 15:19:35 - INFO - utils.trainer -   Div Loss: 0.00003
06/17/2026 15:19:35 - INFO - utils.trainer -   Sparsity Loss: 0.58244
06/17/2026 15:19:35 - INFO - utils.trainer -   Epoch: 177 [C], Cla: 0.06148, MMS: 0.01918, Cons: 0.00000, Div: 0.00003, Sparsity: 0.59443, Acc: 0.2722, Best: 0.3481, Time: 94.2s
06/17/2026 15:21:09 - INFO - utils.trainer -   ***** Running evaluation on test0 dataset *****
06/17/2026 15:21:28 - INFO - utils.trainer -   AUC: 0.51874
06/17/2026 15:21:28 - INFO - utils.trainer -   Accuracy: 0.28481
06/17/2026 15:21:28 - INFO - utils.trainer -   Precision: 0.26852
06/17/2026 15:21:28 - INFO - utils.trainer -   Recall: 0.28389
06/17/2026 15:21:28 - INFO - utils.trainer -   F_score: 0.27252
06/17/2026 15:21:28 - INFO - utils.trainer -   Cla Loss: 3.78565
06/17/2026 15:21:28 - INFO - utils.trainer -   MMS Loss: 0.05584
06/17/2026 15:21:28 - INFO - utils.trainer -   Cons Loss: 0.00000
06/17/2026 15:21:28 - INFO - utils.trainer -   Div Loss: 0.00003
06/17/2026 15:21:28 - INFO - utils.trainer -   Sparsity Loss: 0.59437
06/17/2026 15:21:28 - INFO - utils.trainer -   Epoch: 178 [C], Cla: 0.07088, MMS: 0.02016, Cons: 0.00000, Div: 0.00003, Sparsity: 0.58067, Acc: 0.2848, Best: 0.3481, Time: 94.3s
06/17/2026 15:23:02 - INFO - utils.trainer -   ***** Running evaluation on test0 dataset *****
06/17/2026 15:23:20 - INFO - utils.trainer -   AUC: 0.51514
06/17/2026 15:23:20 - INFO - utils.trainer -   Accuracy: 0.31013
06/17/2026 15:23:20 - INFO - utils.trainer -   Precision: 0.30031
06/17/2026 15:23:20 - INFO - utils.trainer -   Recall: 0.29957
06/17/2026 15:23:20 - INFO - utils.trainer -   F_score: 0.29599
06/17/2026 15:23:20 - INFO - utils.trainer -   Cla Loss: 3.75247
06/17/2026 15:23:20 - INFO - utils.trainer -   MMS Loss: 0.05511
06/17/2026 15:23:20 - INFO - utils.trainer -   Cons Loss: 0.00000
06/17/2026 15:23:20 - INFO - utils.trainer -   Div Loss: 0.00003
06/17/2026 15:23:20 - INFO - utils.trainer -   Sparsity Loss: 0.59097
06/17/2026 15:23:20 - INFO - utils.trainer -   Epoch: 179 [C], Cla: 0.00550, MMS: 0.01894, Cons: 0.00000, Div: 0.00003, Sparsity: 0.59103, Acc: 0.3101, Best: 0.3481, Time: 94.2s
06/17/2026 15:24:55 - INFO - utils.trainer -   ***** Running evaluation on test0 dataset *****
06/17/2026 15:25:13 - INFO - utils.trainer -   AUC: 0.51353
06/17/2026 15:25:13 - INFO - utils.trainer -   Accuracy: 0.29114
06/17/2026 15:25:13 - INFO - utils.trainer -   Precision: 0.27440
06/17/2026 15:25:13 - INFO - utils.trainer -   Recall: 0.28177
06/17/2026 15:25:13 - INFO - utils.trainer -   F_score: 0.27469
06/17/2026 15:25:13 - INFO - utils.trainer -   Cla Loss: 3.79779
06/17/2026 15:25:13 - INFO - utils.trainer -   MMS Loss: 0.05532
06/17/2026 15:25:13 - INFO - utils.trainer -   Cons Loss: 0.00000
06/17/2026 15:25:13 - INFO - utils.trainer -   Div Loss: 0.00003
06/17/2026 15:25:13 - INFO - utils.trainer -   Sparsity Loss: 0.59158
06/17/2026 15:25:13 - INFO - utils.trainer -   Epoch: 180 [C], Cla: 0.00788, MMS: 0.01937, Cons: 0.00000, Div: 0.00003, Sparsity: 0.58779, Acc: 0.2911, Best: 0.3481, Time: 94.4s
06/17/2026 15:26:47 - INFO - utils.trainer -   ***** Running evaluation on test0 dataset *****
06/17/2026 15:27:05 - INFO - utils.trainer -   AUC: 0.51280
06/17/2026 15:27:05 - INFO - utils.trainer -   Accuracy: 0.29747
06/17/2026 15:27:05 - INFO - utils.trainer -   Precision: 0.28451
06/17/2026 15:27:05 - INFO - utils.trainer -   Recall: 0.28972
06/17/2026 15:27:05 - INFO - utils.trainer -   F_score: 0.28266
06/17/2026 15:27:05 - INFO - utils.trainer -   Cla Loss: 3.82340
06/17/2026 15:27:05 - INFO - utils.trainer -   MMS Loss: 0.05364
06/17/2026 15:27:05 - INFO - utils.trainer -   Cons Loss: 0.00000
06/17/2026 15:27:05 - INFO - utils.trainer -   Div Loss: 0.00003
06/17/2026 15:27:05 - INFO - utils.trainer -   Sparsity Loss: 0.59922
06/17/2026 15:27:05 - INFO - utils.trainer -   Epoch: 181 [C], Cla: 0.06338, MMS: 0.02021, Cons: 0.00000, Div: 0.00003, Sparsity: 0.59432, Acc: 0.2975, Best: 0.3481, Time: 94.3s
06/17/2026 15:28:40 - INFO - utils.trainer -   ***** Running evaluation on test0 dataset *****
06/17/2026 15:28:58 - INFO - utils.trainer -   AUC: 0.50227
06/17/2026 15:28:58 - INFO - utils.trainer -   Accuracy: 0.25316
06/17/2026 15:28:58 - INFO - utils.trainer -   Precision: 0.23951
06/17/2026 15:28:58 - INFO - utils.trainer -   Recall: 0.23821
06/17/2026 15:28:58 - INFO - utils.trainer -   F_score: 0.23347
06/17/2026 15:28:58 - INFO - utils.trainer -   Cla Loss: 3.92086
06/17/2026 15:28:58 - INFO - utils.trainer -   MMS Loss: 0.05623
06/17/2026 15:28:58 - INFO - utils.trainer -   Cons Loss: 0.00000
06/17/2026 15:28:58 - INFO - utils.trainer -   Div Loss: 0.00003
06/17/2026 15:28:58 - INFO - utils.trainer -   Sparsity Loss: 0.59478
06/17/2026 15:28:58 - INFO - utils.trainer -   Epoch: 182 [C], Cla: 0.02349, MMS: 0.01965, Cons: 0.00000, Div: 0.00003, Sparsity: 0.59631, Acc: 0.2532, Best: 0.3481, Time: 94.3s
06/17/2026 15:30:32 - INFO - utils.trainer -   ***** Running evaluation on test0 dataset *****
06/17/2026 15:30:50 - INFO - utils.trainer -   AUC: 0.50755
06/17/2026 15:30:50 - INFO - utils.trainer -   Accuracy: 0.27848
06/17/2026 15:30:50 - INFO - utils.trainer -   Precision: 0.26121
06/17/2026 15:30:50 - INFO - utils.trainer -   Recall: 0.27097
06/17/2026 15:30:50 - INFO - utils.trainer -   F_score: 0.26300
06/17/2026 15:30:50 - INFO - utils.trainer -   Cla Loss: 3.90704
06/17/2026 15:30:50 - INFO - utils.trainer -   MMS Loss: 0.05566
06/17/2026 15:30:50 - INFO - utils.trainer -   Cons Loss: 0.00000
06/17/2026 15:30:50 - INFO - utils.trainer -   Div Loss: 0.00002
06/17/2026 15:30:50 - INFO - utils.trainer -   Sparsity Loss: 0.60064
06/17/2026 15:30:50 - INFO - utils.trainer -   Epoch: 183 [C], Cla: 0.02670, MMS: 0.01843, Cons: 0.00000, Div: 0.00003, Sparsity: 0.59766, Acc: 0.2785, Best: 0.3481, Time: 94.4s
06/17/2026 15:32:25 - INFO - utils.trainer -   ***** Running evaluation on test0 dataset *****
06/17/2026 15:32:43 - INFO - utils.trainer -   AUC: 0.50201
06/17/2026 15:32:43 - INFO - utils.trainer -   Accuracy: 0.26582
06/17/2026 15:32:43 - INFO - utils.trainer -   Precision: 0.25771
06/17/2026 15:32:43 - INFO - utils.trainer -   Recall: 0.25260
06/17/2026 15:32:43 - INFO - utils.trainer -   F_score: 0.25161
06/17/2026 15:32:43 - INFO - utils.trainer -   Cla Loss: 3.93877
06/17/2026 15:32:43 - INFO - utils.trainer -   MMS Loss: 0.05525
06/17/2026 15:32:43 - INFO - utils.trainer -   Cons Loss: 0.00000
06/17/2026 15:32:43 - INFO - utils.trainer -   Div Loss: 0.00002
06/17/2026 15:32:43 - INFO - utils.trainer -   Sparsity Loss: 0.59425
06/17/2026 15:32:43 - INFO - utils.trainer -   Epoch: 184 [C], Cla: 0.01804, MMS: 0.01995, Cons: 0.00000, Div: 0.00003, Sparsity: 0.59737, Acc: 0.2658, Best: 0.3481, Time: 94.4s
06/17/2026 15:34:17 - INFO - utils.trainer -   ***** Running evaluation on test0 dataset *****
06/17/2026 15:34:35 - INFO - utils.trainer -   AUC: 0.50187
06/17/2026 15:34:35 - INFO - utils.trainer -   Accuracy: 0.25949
06/17/2026 15:34:35 - INFO - utils.trainer -   Precision: 0.24753
06/17/2026 15:34:35 - INFO - utils.trainer -   Recall: 0.24810
06/17/2026 15:34:35 - INFO - utils.trainer -   F_score: 0.24572
06/17/2026 15:34:35 - INFO - utils.trainer -   Cla Loss: 3.97670
06/17/2026 15:34:35 - INFO - utils.trainer -   MMS Loss: 0.05650
06/17/2026 15:34:35 - INFO - utils.trainer -   Cons Loss: 0.00000
06/17/2026 15:34:35 - INFO - utils.trainer -   Div Loss: 0.00003
06/17/2026 15:34:35 - INFO - utils.trainer -   Sparsity Loss: 0.59889
06/17/2026 15:34:35 - INFO - utils.trainer -   Epoch: 185 [C], Cla: 0.05077, MMS: 0.02110, Cons: 0.00000, Div: 0.00003, Sparsity: 0.59685, Acc: 0.2595, Best: 0.3481, Time: 94.5s
06/17/2026 15:36:10 - INFO - utils.trainer -   ***** Running evaluation on test0 dataset *****
06/17/2026 15:36:28 - INFO - utils.trainer -   AUC: 0.50851
06/17/2026 15:36:28 - INFO - utils.trainer -   Accuracy: 0.30380
06/17/2026 15:36:28 - INFO - utils.trainer -   Precision: 0.29221
06/17/2026 15:36:28 - INFO - utils.trainer -   Recall: 0.29120
06/17/2026 15:36:28 - INFO - utils.trainer -   F_score: 0.28444
06/17/2026 15:36:28 - INFO - utils.trainer -   Cla Loss: 4.08526
06/17/2026 15:36:28 - INFO - utils.trainer -   MMS Loss: 0.05951
06/17/2026 15:36:28 - INFO - utils.trainer -   Cons Loss: 0.00000
06/17/2026 15:36:28 - INFO - utils.trainer -   Div Loss: 0.00003
06/17/2026 15:36:28 - INFO - utils.trainer -   Sparsity Loss: 0.59469
06/17/2026 15:36:28 - INFO - utils.trainer -   Epoch: 186 [C], Cla: 0.01938, MMS: 0.01959, Cons: -0.00000, Div: 0.00003, Sparsity: 0.59878, Acc: 0.3038, Best: 0.3481, Time: 94.5s
06/17/2026 15:38:02 - INFO - utils.trainer -   ***** Running evaluation on test0 dataset *****
06/17/2026 15:38:20 - INFO - utils.trainer -   AUC: 0.50096
06/17/2026 15:38:20 - INFO - utils.trainer -   Accuracy: 0.27215
06/17/2026 15:38:20 - INFO - utils.trainer -   Precision: 0.25978
06/17/2026 15:38:20 - INFO - utils.trainer -   Recall: 0.25577
06/17/2026 15:38:20 - INFO - utils.trainer -   F_score: 0.24891
06/17/2026 15:38:20 - INFO - utils.trainer -   Cla Loss: 4.10743
06/17/2026 15:38:20 - INFO - utils.trainer -   MMS Loss: 0.05726
06/17/2026 15:38:20 - INFO - utils.trainer -   Cons Loss: 0.00000
06/17/2026 15:38:20 - INFO - utils.trainer -   Div Loss: 0.00003
06/17/2026 15:38:20 - INFO - utils.trainer -   Sparsity Loss: 0.59337
06/17/2026 15:38:20 - INFO - utils.trainer -   Epoch: 187 [C], Cla: 0.02096, MMS: 0.01982, Cons: 0.00000, Div: 0.00003, Sparsity: 0.59691, Acc: 0.2722, Best: 0.3481, Time: 94.1s
06/17/2026 15:39:54 - INFO - utils.trainer -   ***** Running evaluation on test0 dataset *****
06/17/2026 15:40:13 - INFO - utils.trainer -   AUC: 0.50314
06/17/2026 15:40:13 - INFO - utils.trainer -   Accuracy: 0.24684
06/17/2026 15:40:13 - INFO - utils.trainer -   Precision: 0.21943
06/17/2026 15:40:13 - INFO - utils.trainer -   Recall: 0.23977
06/17/2026 15:40:13 - INFO - utils.trainer -   F_score: 0.22548
06/17/2026 15:40:13 - INFO - utils.trainer -   Cla Loss: 3.99373
06/17/2026 15:40:13 - INFO - utils.trainer -   MMS Loss: 0.05712
06/17/2026 15:40:13 - INFO - utils.trainer -   Cons Loss: 0.00000
06/17/2026 15:40:13 - INFO - utils.trainer -   Div Loss: 0.00003
06/17/2026 15:40:13 - INFO - utils.trainer -   Sparsity Loss: 0.59646
06/17/2026 15:40:13 - INFO - utils.trainer -   Epoch: 188 [C], Cla: 0.02160, MMS: 0.01976, Cons: 0.00000, Div: 0.00003, Sparsity: 0.59589, Acc: 0.2468, Best: 0.3481, Time: 94.2s
06/17/2026 15:41:47 - INFO - utils.trainer -   ***** Running evaluation on test0 dataset *****
06/17/2026 15:42:05 - INFO - utils.trainer -   AUC: 0.51970
06/17/2026 15:42:05 - INFO - utils.trainer -   Accuracy: 0.31646
06/17/2026 15:42:05 - INFO - utils.trainer -   Precision: 0.30368
06/17/2026 15:42:05 - INFO - utils.trainer -   Recall: 0.31555
06/17/2026 15:42:05 - INFO - utils.trainer -   F_score: 0.30251
06/17/2026 15:42:05 - INFO - utils.trainer -   Cla Loss: 3.88677
06/17/2026 15:42:05 - INFO - utils.trainer -   MMS Loss: 0.05294
06/17/2026 15:42:05 - INFO - utils.trainer -   Cons Loss: 0.00000
06/17/2026 15:42:05 - INFO - utils.trainer -   Div Loss: 0.00003
06/17/2026 15:42:05 - INFO - utils.trainer -   Sparsity Loss: 0.60029
06/17/2026 15:42:05 - INFO - utils.trainer -   Epoch: 189 [C], Cla: 0.06066, MMS: 0.01948, Cons: 0.00000, Div: 0.00003, Sparsity: 0.59673, Acc: 0.3165, Best: 0.3481, Time: 94.2s
06/17/2026 15:43:39 - INFO - utils.trainer -   ***** Running evaluation on test0 dataset *****
06/17/2026 15:43:58 - INFO - utils.trainer -   AUC: 0.50759
06/17/2026 15:43:58 - INFO - utils.trainer -   Accuracy: 0.24051
06/17/2026 15:43:58 - INFO - utils.trainer -   Precision: 0.22986
06/17/2026 15:43:58 - INFO - utils.trainer -   Recall: 0.23072
06/17/2026 15:43:58 - INFO - utils.trainer -   F_score: 0.22926
06/17/2026 15:43:58 - INFO - utils.trainer -   Cla Loss: 3.87091
06/17/2026 15:43:58 - INFO - utils.trainer -   MMS Loss: 0.05926
06/17/2026 15:43:58 - INFO - utils.trainer -   Cons Loss: 0.00000
06/17/2026 15:43:58 - INFO - utils.trainer -   Div Loss: 0.00003
06/17/2026 15:43:58 - INFO - utils.trainer -   Sparsity Loss: 0.58951
06/17/2026 15:43:58 - INFO - utils.trainer -   Epoch: 190 [C], Cla: 0.04515, MMS: 0.01862, Cons: 0.00000, Div: 0.00003, Sparsity: 0.59392, Acc: 0.2405, Best: 0.3481, Time: 94.5s
06/17/2026 15:45:32 - INFO - utils.trainer -   ***** Running evaluation on test0 dataset *****
06/17/2026 15:45:50 - INFO - utils.trainer -   AUC: 0.52206
06/17/2026 15:45:50 - INFO - utils.trainer -   Accuracy: 0.31646
06/17/2026 15:45:50 - INFO - utils.trainer -   Precision: 0.30581
06/17/2026 15:45:50 - INFO - utils.trainer -   Recall: 0.32231
06/17/2026 15:45:50 - INFO - utils.trainer -   F_score: 0.30497
06/17/2026 15:45:50 - INFO - utils.trainer -   Cla Loss: 3.90280
06/17/2026 15:45:50 - INFO - utils.trainer -   MMS Loss: 0.05359
06/17/2026 15:45:50 - INFO - utils.trainer -   Cons Loss: 0.00000
06/17/2026 15:45:50 - INFO - utils.trainer -   Div Loss: 0.00003
06/17/2026 15:45:50 - INFO - utils.trainer -   Sparsity Loss: 0.60149
06/17/2026 15:45:50 - INFO - utils.trainer -   Epoch: 191 [C], Cla: 0.00821, MMS: 0.01926, Cons: 0.00000, Div: 0.00003, Sparsity: 0.58598, Acc: 0.3165, Best: 0.3481, Time: 94.1s
06/17/2026 15:47:25 - INFO - utils.trainer -   ***** Running evaluation on test0 dataset *****
06/17/2026 15:47:43 - INFO - utils.trainer -   AUC: 0.51085
06/17/2026 15:47:43 - INFO - utils.trainer -   Accuracy: 0.27848
06/17/2026 15:47:43 - INFO - utils.trainer -   Precision: 0.27191
06/17/2026 15:47:43 - INFO - utils.trainer -   Recall: 0.27122
06/17/2026 15:47:43 - INFO - utils.trainer -   F_score: 0.27078
06/17/2026 15:47:43 - INFO - utils.trainer -   Cla Loss: 3.89946
06/17/2026 15:47:43 - INFO - utils.trainer -   MMS Loss: 0.05906
06/17/2026 15:47:43 - INFO - utils.trainer -   Cons Loss: 0.00000
06/17/2026 15:47:43 - INFO - utils.trainer -   Div Loss: 0.00003
06/17/2026 15:47:43 - INFO - utils.trainer -   Sparsity Loss: 0.58494
06/17/2026 15:47:43 - INFO - utils.trainer -   Epoch: 192 [C], Cla: 0.07335, MMS: 0.01970, Cons: 0.00000, Div: 0.00003, Sparsity: 0.58762, Acc: 0.2785, Best: 0.3481, Time: 94.4s
06/17/2026 15:49:17 - INFO - utils.trainer -   ***** Running evaluation on test0 dataset *****
06/17/2026 15:49:35 - INFO - utils.trainer -   AUC: 0.51547
06/17/2026 15:49:35 - INFO - utils.trainer -   Accuracy: 0.30380
06/17/2026 15:49:35 - INFO - utils.trainer -   Precision: 0.29278
06/17/2026 15:49:35 - INFO - utils.trainer -   Recall: 0.29736
06/17/2026 15:49:35 - INFO - utils.trainer -   F_score: 0.28965
06/17/2026 15:49:35 - INFO - utils.trainer -   Cla Loss: 3.84950
06/17/2026 15:49:35 - INFO - utils.trainer -   MMS Loss: 0.05675
06/17/2026 15:49:35 - INFO - utils.trainer -   Cons Loss: 0.00000
06/17/2026 15:49:35 - INFO - utils.trainer -   Div Loss: 0.00002
06/17/2026 15:49:35 - INFO - utils.trainer -   Sparsity Loss: 0.58545
06/17/2026 15:49:35 - INFO - utils.trainer -   Epoch: 193 [C], Cla: 0.02400, MMS: 0.01871, Cons: 0.00000, Div: 0.00003, Sparsity: 0.58348, Acc: 0.3038, Best: 0.3481, Time: 94.3s
06/17/2026 15:51:10 - INFO - utils.trainer -   ***** Running evaluation on test0 dataset *****
06/17/2026 15:51:28 - INFO - utils.trainer -   AUC: 0.51043
06/17/2026 15:51:28 - INFO - utils.trainer -   Accuracy: 0.25949
06/17/2026 15:51:28 - INFO - utils.trainer -   Precision: 0.23715
06/17/2026 15:51:28 - INFO - utils.trainer -   Recall: 0.23881
06/17/2026 15:51:28 - INFO - utils.trainer -   F_score: 0.22824
06/17/2026 15:51:28 - INFO - utils.trainer -   Cla Loss: 3.90867
06/17/2026 15:51:28 - INFO - utils.trainer -   MMS Loss: 0.05671
06/17/2026 15:51:28 - INFO - utils.trainer -   Cons Loss: 0.00000
06/17/2026 15:51:28 - INFO - utils.trainer -   Div Loss: 0.00003
06/17/2026 15:51:28 - INFO - utils.trainer -   Sparsity Loss: 0.57840
06/17/2026 15:51:28 - INFO - utils.trainer -   Epoch: 194 [C], Cla: 0.00548, MMS: 0.01851, Cons: 0.00000, Div: 0.00002, Sparsity: 0.58657, Acc: 0.2595, Best: 0.3481, Time: 94.5s
06/17/2026 15:53:02 - INFO - utils.trainer -   ***** Running evaluation on test0 dataset *****
06/17/2026 15:53:20 - INFO - utils.trainer -   AUC: 0.51583
06/17/2026 15:53:20 - INFO - utils.trainer -   Accuracy: 0.29747
06/17/2026 15:53:20 - INFO - utils.trainer -   Precision: 0.28475
06/17/2026 15:53:20 - INFO - utils.trainer -   Recall: 0.29363
06/17/2026 15:53:20 - INFO - utils.trainer -   F_score: 0.28489
06/17/2026 15:53:20 - INFO - utils.trainer -   Cla Loss: 3.80269
06/17/2026 15:53:20 - INFO - utils.trainer -   MMS Loss: 0.05579
06/17/2026 15:53:20 - INFO - utils.trainer -   Cons Loss: 0.00000
06/17/2026 15:53:20 - INFO - utils.trainer -   Div Loss: 0.00003
06/17/2026 15:53:20 - INFO - utils.trainer -   Sparsity Loss: 0.59202
06/17/2026 15:53:20 - INFO - utils.trainer -   Epoch: 195 [C], Cla: 0.04103, MMS: 0.01924, Cons: 0.00000, Div: 0.00003, Sparsity: 0.58759, Acc: 0.2975, Best: 0.3481, Time: 94.5s
06/17/2026 15:54:55 - INFO - utils.trainer -   ***** Running evaluation on test0 dataset *****
06/17/2026 15:55:13 - INFO - utils.trainer -   AUC: 0.51739
06/17/2026 15:55:13 - INFO - utils.trainer -   Accuracy: 0.28481
06/17/2026 15:55:13 - INFO - utils.trainer -   Precision: 0.26756
06/17/2026 15:55:13 - INFO - utils.trainer -   Recall: 0.27833
06/17/2026 15:55:13 - INFO - utils.trainer -   F_score: 0.26957
06/17/2026 15:55:13 - INFO - utils.trainer -   Cla Loss: 3.78499
06/17/2026 15:55:13 - INFO - utils.trainer -   MMS Loss: 0.05757
06/17/2026 15:55:13 - INFO - utils.trainer -   Cons Loss: 0.00000
06/17/2026 15:55:13 - INFO - utils.trainer -   Div Loss: 0.00003
06/17/2026 15:55:13 - INFO - utils.trainer -   Sparsity Loss: 0.59046
06/17/2026 15:55:13 - INFO - utils.trainer -   Epoch: 196 [C], Cla: 0.02968, MMS: 0.01898, Cons: 0.00000, Div: 0.00003, Sparsity: 0.58728, Acc: 0.2848, Best: 0.3481, Time: 94.1s
06/17/2026 15:56:47 - INFO - utils.trainer -   ***** Running evaluation on test0 dataset *****
06/17/2026 15:57:05 - INFO - utils.trainer -   AUC: 0.51439
06/17/2026 15:57:05 - INFO - utils.trainer -   Accuracy: 0.30380
06/17/2026 15:57:05 - INFO - utils.trainer -   Precision: 0.29146
06/17/2026 15:57:05 - INFO - utils.trainer -   Recall: 0.30429
06/17/2026 15:57:05 - INFO - utils.trainer -   F_score: 0.29339
06/17/2026 15:57:05 - INFO - utils.trainer -   Cla Loss: 3.79922
06/17/2026 15:57:05 - INFO - utils.trainer -   MMS Loss: 0.05692
06/17/2026 15:57:05 - INFO - utils.trainer -   Cons Loss: 0.00000
06/17/2026 15:57:05 - INFO - utils.trainer -   Div Loss: 0.00002
06/17/2026 15:57:05 - INFO - utils.trainer -   Sparsity Loss: 0.59648
06/17/2026 15:57:05 - INFO - utils.trainer -   Epoch: 197 [C], Cla: 0.00308, MMS: 0.01791, Cons: 0.00000, Div: 0.00002, Sparsity: 0.58886, Acc: 0.3038, Best: 0.3481, Time: 94.5s
06/17/2026 15:58:40 - INFO - utils.trainer -   ***** Running evaluation on test0 dataset *****
06/17/2026 15:58:58 - INFO - utils.trainer -   AUC: 0.51191
06/17/2026 15:58:58 - INFO - utils.trainer -   Accuracy: 0.28481
06/17/2026 15:58:58 - INFO - utils.trainer -   Precision: 0.26338
06/17/2026 15:58:58 - INFO - utils.trainer -   Recall: 0.27819
06/17/2026 15:58:58 - INFO - utils.trainer -   F_score: 0.25843
06/17/2026 15:58:58 - INFO - utils.trainer -   Cla Loss: 3.99684
06/17/2026 15:58:58 - INFO - utils.trainer -   MMS Loss: 0.05620
06/17/2026 15:58:58 - INFO - utils.trainer -   Cons Loss: 0.00000
06/17/2026 15:58:58 - INFO - utils.trainer -   Div Loss: 0.00002
06/17/2026 15:58:58 - INFO - utils.trainer -   Sparsity Loss: 0.58333
06/17/2026 15:58:58 - INFO - utils.trainer -   Epoch: 198 [C], Cla: 0.03650, MMS: 0.01920, Cons: 0.00000, Div: 0.00002, Sparsity: 0.59002, Acc: 0.2848, Best: 0.3481, Time: 94.4s
06/17/2026 16:00:32 - INFO - utils.trainer -   ***** Running evaluation on test0 dataset *****
06/17/2026 16:00:51 - INFO - utils.trainer -   AUC: 0.51705
06/17/2026 16:00:51 - INFO - utils.trainer -   Accuracy: 0.31013
06/17/2026 16:00:51 - INFO - utils.trainer -   Precision: 0.30034
06/17/2026 16:00:51 - INFO - utils.trainer -   Recall: 0.30246
06/17/2026 16:00:51 - INFO - utils.trainer -   F_score: 0.29687
06/17/2026 16:00:51 - INFO - utils.trainer -   Cla Loss: 3.78098
06/17/2026 16:00:51 - INFO - utils.trainer -   MMS Loss: 0.05652
06/17/2026 16:00:51 - INFO - utils.trainer -   Cons Loss: 0.00000
06/17/2026 16:00:51 - INFO - utils.trainer -   Div Loss: 0.00002
06/17/2026 16:00:51 - INFO - utils.trainer -   Sparsity Loss: 0.58629
06/17/2026 16:00:51 - INFO - utils.trainer -   Epoch: 199 [C], Cla: 0.00910, MMS: 0.01847, Cons: 0.00000, Div: 0.00003, Sparsity: 0.58637, Acc: 0.3101, Best: 0.3481, Time: 94.5s
06/17/2026 16:02:25 - INFO - utils.trainer -   ***** Running evaluation on test0 dataset *****
06/17/2026 16:02:43 - INFO - utils.trainer -   AUC: 0.51271
06/17/2026 16:02:43 - INFO - utils.trainer -   Accuracy: 0.26582
06/17/2026 16:02:43 - INFO - utils.trainer -   Precision: 0.26896
06/17/2026 16:02:43 - INFO - utils.trainer -   Recall: 0.26178
06/17/2026 16:02:43 - INFO - utils.trainer -   F_score: 0.26244
06/17/2026 16:02:43 - INFO - utils.trainer -   Cla Loss: 3.91400
06/17/2026 16:02:43 - INFO - utils.trainer -   MMS Loss: 0.05694
06/17/2026 16:02:43 - INFO - utils.trainer -   Cons Loss: 0.00000
06/17/2026 16:02:43 - INFO - utils.trainer -   Div Loss: 0.00003
06/17/2026 16:02:43 - INFO - utils.trainer -   Sparsity Loss: 0.59315
06/17/2026 16:02:43 - INFO - utils.trainer -     state_dict: 350 tensors, 125.1 MB (trainable + buffers only)
06/17/2026 16:02:43 - INFO - utils.trainer -   Model saved to output_dir/LDDE2th/checkpoint-epoch-200
06/17/2026 16:02:43 - INFO - utils.trainer -   Checkpoint saved at epoch 200
06/17/2026 16:02:43 - INFO - utils.trainer -   Epoch: 200 [C], Cla: 0.00998, MMS: 0.01862, Cons: 0.00000, Div: 0.00003, Sparsity: 0.59109, Acc: 0.2658, Best: 0.3481, Time: 94.2s
06/17/2026 16:02:43 - INFO - utils.trainer -     state_dict: 350 tensors, 125.1 MB (trainable + buffers only)
06/17/2026 16:02:44 - INFO - utils.trainer -   Model saved to output_dir/LDDE2th/final-epoch-200
06/17/2026 16:02:44 - INFO - utils.trainer -   Final model saved at epoch 200
06/17/2026 16:03:12 - INFO - __main__ -   ########## Repeat:1 ##########
06/17/2026 16:03:12 - INFO - utils.trainer -   ***** Running training *****
06/17/2026 16:03:12 - INFO - utils.trainer -     Num examples = 78
06/17/2026 16:03:12 - INFO - utils.trainer -     Num Epochs = 200
06/17/2026 16:03:12 - INFO - utils.trainer -     Total train batch size = 4
06/17/2026 16:03:12 - INFO - utils.trainer -     warmup steps = 400
06/17/2026 16:03:12 - INFO - utils.trainer -     Total optimization steps = 15600
06/17/2026 16:03:12 - INFO - utils.trainer -     Save steps = 50
06/17/2026 16:03:12 - INFO - root -   Parameters [normal] length [635]
06/17/2026 16:04:44 - INFO - utils.trainer -   ***** Running evaluation on test1 dataset *****
06/17/2026 16:05:02 - INFO - utils.trainer -   AUC: 0.49776
06/17/2026 16:05:02 - INFO - utils.trainer -   Accuracy: 0.19872
06/17/2026 16:05:02 - INFO - utils.trainer -   Precision: 0.45202
06/17/2026 16:05:02 - INFO - utils.trainer -   Recall: 0.20724
06/17/2026 16:05:02 - INFO - utils.trainer -   F_score: 0.18939
06/17/2026 16:05:02 - INFO - utils.trainer -   Cla Loss: 1.42108
06/17/2026 16:05:02 - INFO - utils.trainer -   MMS Loss: 0.06157
06/17/2026 16:05:02 - INFO - utils.trainer -   Cons Loss: 0.00008
06/17/2026 16:05:02 - INFO - utils.trainer -   Div Loss: 0.00007
06/17/2026 16:05:02 - INFO - utils.trainer -   Sparsity Loss: 0.24494
06/17/2026 16:05:02 - INFO - utils.trainer -     state_dict: 330 tensors, 113.4 MB (trainable + buffers only)
06/17/2026 16:05:02 - INFO - utils.trainer -   Model saved to output_dir/LDDE2th
06/17/2026 16:05:02 - INFO - utils.trainer -   Best model saved (acc=0.1987)
06/17/2026 16:05:02 - INFO - utils.trainer -   Epoch: 1 [A], Cla: 1.36926, MMS: 0.11181, Cons: 0.00030, Div: 0.00010, Sparsity: 0.21565, Acc: 0.1987, Best: 0.1987, Time: 92.7s
06/17/2026 16:06:35 - INFO - utils.trainer -   ***** Running evaluation on test1 dataset *****
06/17/2026 16:06:53 - INFO - utils.trainer -   AUC: 0.49535
06/17/2026 16:06:53 - INFO - utils.trainer -   Accuracy: 0.20513
06/17/2026 16:06:53 - INFO - utils.trainer -   Precision: 0.25981
06/17/2026 16:06:53 - INFO - utils.trainer -   Recall: 0.20243
06/17/2026 16:06:53 - INFO - utils.trainer -   F_score: 0.18881
06/17/2026 16:06:53 - INFO - utils.trainer -   Cla Loss: 1.41699
06/17/2026 16:06:53 - INFO - utils.trainer -   MMS Loss: 0.05328
06/17/2026 16:06:53 - INFO - utils.trainer -   Cons Loss: 0.00001
06/17/2026 16:06:53 - INFO - utils.trainer -   Div Loss: 0.00007
06/17/2026 16:06:53 - INFO - utils.trainer -   Sparsity Loss: 0.27920
06/17/2026 16:06:53 - INFO - utils.trainer -     state_dict: 330 tensors, 113.4 MB (trainable + buffers only)
06/17/2026 16:06:53 - INFO - utils.trainer -   Model saved to output_dir/LDDE2th
06/17/2026 16:06:53 - INFO - utils.trainer -   Best model saved (acc=0.2051)
06/17/2026 16:06:53 - INFO - utils.trainer -   Epoch: 2 [A], Cla: 1.34984, MMS: 0.06843, Cons: 0.00007, Div: 0.00007, Sparsity: 0.27622, Acc: 0.2051, Best: 0.2051, Time: 93.1s
06/17/2026 16:08:26 - INFO - utils.trainer -   ***** Running evaluation on test1 dataset *****
06/17/2026 16:08:44 - INFO - utils.trainer -   AUC: 0.50937
06/17/2026 16:08:44 - INFO - utils.trainer -   Accuracy: 0.17949
06/17/2026 16:08:44 - INFO - utils.trainer -   Precision: 0.17570
06/17/2026 16:08:44 - INFO - utils.trainer -   Recall: 0.22039
06/17/2026 16:08:44 - INFO - utils.trainer -   F_score: 0.16202
06/17/2026 16:08:44 - INFO - utils.trainer -   Cla Loss: 1.42287
06/17/2026 16:08:44 - INFO - utils.trainer -   MMS Loss: 0.05872
06/17/2026 16:08:44 - INFO - utils.trainer -   Cons Loss: 0.00001
06/17/2026 16:08:44 - INFO - utils.trainer -   Div Loss: 0.00007
06/17/2026 16:08:44 - INFO - utils.trainer -   Sparsity Loss: 0.30896
06/17/2026 16:08:44 - INFO - utils.trainer -   Epoch: 3 [A], Cla: 1.32790, MMS: 0.06989, Cons: 0.00004, Div: 0.00007, Sparsity: 0.29654, Acc: 0.1795, Best: 0.2051, Time: 93.1s
06/17/2026 16:10:17 - INFO - utils.trainer -   ***** Running evaluation on test1 dataset *****
06/17/2026 16:10:35 - INFO - utils.trainer -   AUC: 0.49743
06/17/2026 16:10:35 - INFO - utils.trainer -   Accuracy: 0.21154
06/17/2026 16:10:35 - INFO - utils.trainer -   Precision: 0.26377
06/17/2026 16:10:35 - INFO - utils.trainer -   Recall: 0.23356
06/17/2026 16:10:35 - INFO - utils.trainer -   F_score: 0.18439
06/17/2026 16:10:35 - INFO - utils.trainer -   Cla Loss: 1.41722
06/17/2026 16:10:35 - INFO - utils.trainer -   MMS Loss: 0.05330
06/17/2026 16:10:35 - INFO - utils.trainer -   Cons Loss: 0.00000
06/17/2026 16:10:35 - INFO - utils.trainer -   Div Loss: 0.00007
06/17/2026 16:10:35 - INFO - utils.trainer -   Sparsity Loss: 0.32160
06/17/2026 16:10:35 - INFO - utils.trainer -     state_dict: 330 tensors, 113.4 MB (trainable + buffers only)
06/17/2026 16:10:35 - INFO - utils.trainer -   Model saved to output_dir/LDDE2th
06/17/2026 16:10:35 - INFO - utils.trainer -   Best model saved (acc=0.2115)
06/17/2026 16:10:35 - INFO - utils.trainer -   Epoch: 4 [A], Cla: 1.31540, MMS: 0.06432, Cons: 0.00003, Div: 0.00007, Sparsity: 0.32122, Acc: 0.2115, Best: 0.2115, Time: 93.0s
06/17/2026 16:12:08 - INFO - utils.trainer -   ***** Running evaluation on test1 dataset *****
06/17/2026 16:12:26 - INFO - utils.trainer -   AUC: 0.53056
06/17/2026 16:12:26 - INFO - utils.trainer -   Accuracy: 0.26282
06/17/2026 16:12:26 - INFO - utils.trainer -   Precision: 0.25341
06/17/2026 16:12:26 - INFO - utils.trainer -   Recall: 0.22723
06/17/2026 16:12:26 - INFO - utils.trainer -   F_score: 0.20214
06/17/2026 16:12:26 - INFO - utils.trainer -   Cla Loss: 1.39174
06/17/2026 16:12:26 - INFO - utils.trainer -   MMS Loss: 0.05309
06/17/2026 16:12:26 - INFO - utils.trainer -   Cons Loss: 0.00000
06/17/2026 16:12:26 - INFO - utils.trainer -   Div Loss: 0.00008
06/17/2026 16:12:26 - INFO - utils.trainer -   Sparsity Loss: 0.33271
06/17/2026 16:12:26 - INFO - utils.trainer -     state_dict: 330 tensors, 113.4 MB (trainable + buffers only)
06/17/2026 16:12:26 - INFO - utils.trainer -   Model saved to output_dir/LDDE2th
06/17/2026 16:12:26 - INFO - utils.trainer -   Best model saved (acc=0.2628)
06/17/2026 16:12:26 - INFO - utils.trainer -   Epoch: 5 [A], Cla: 1.28306, MMS: 0.07174, Cons: 0.00005, Div: 0.00008, Sparsity: 0.32340, Acc: 0.2628, Best: 0.2628, Time: 93.3s
06/17/2026 16:13:59 - INFO - utils.trainer -   ***** Running evaluation on test1 dataset *****
06/17/2026 16:14:17 - INFO - utils.trainer -   AUC: 0.51002
06/17/2026 16:14:17 - INFO - utils.trainer -   Accuracy: 0.19872
06/17/2026 16:14:17 - INFO - utils.trainer -   Precision: 0.26495
06/17/2026 16:14:17 - INFO - utils.trainer -   Recall: 0.17538
06/17/2026 16:14:17 - INFO - utils.trainer -   F_score: 0.17990
06/17/2026 16:14:17 - INFO - utils.trainer -   Cla Loss: 1.43602
06/17/2026 16:14:17 - INFO - utils.trainer -   MMS Loss: 0.04704
06/17/2026 16:14:17 - INFO - utils.trainer -   Cons Loss: 0.00000
06/17/2026 16:14:17 - INFO - utils.trainer -   Div Loss: 0.00008
06/17/2026 16:14:17 - INFO - utils.trainer -   Sparsity Loss: 0.35199
06/17/2026 16:14:17 - INFO - utils.trainer -   Epoch: 6 [A], Cla: 1.23765, MMS: 0.06462, Cons: 0.00002, Div: 0.00008, Sparsity: 0.34965, Acc: 0.1987, Best: 0.2628, Time: 93.0s
06/17/2026 16:15:50 - INFO - utils.trainer -   ***** Running evaluation on test1 dataset *****
06/17/2026 16:16:08 - INFO - utils.trainer -   AUC: 0.50661
06/17/2026 16:16:08 - INFO - utils.trainer -   Accuracy: 0.17949
06/17/2026 16:16:08 - INFO - utils.trainer -   Precision: 0.22726
06/17/2026 16:16:08 - INFO - utils.trainer -   Recall: 0.21637
06/17/2026 16:16:08 - INFO - utils.trainer -   F_score: 0.17407
06/17/2026 16:16:08 - INFO - utils.trainer -   Cla Loss: 1.49089
06/17/2026 16:16:08 - INFO - utils.trainer -   MMS Loss: 0.05165
06/17/2026 16:16:08 - INFO - utils.trainer -   Cons Loss: 0.00000
06/17/2026 16:16:08 - INFO - utils.trainer -   Div Loss: 0.00008
06/17/2026 16:16:08 - INFO - utils.trainer -   Sparsity Loss: 0.35364
06/17/2026 16:16:08 - INFO - utils.trainer -   Epoch: 7 [A], Cla: 1.21344, MMS: 0.05926, Cons: 0.00001, Div: 0.00008, Sparsity: 0.36734, Acc: 0.1795, Best: 0.2628, Time: 93.2s
06/17/2026 16:17:41 - INFO - utils.trainer -   ***** Running evaluation on test1 dataset *****
06/17/2026 16:17:59 - INFO - utils.trainer -   AUC: 0.54987
06/17/2026 16:17:59 - INFO - utils.trainer -   Accuracy: 0.26282
06/17/2026 16:17:59 - INFO - utils.trainer -   Precision: 0.30130
06/17/2026 16:17:59 - INFO - utils.trainer -   Recall: 0.26949
06/17/2026 16:17:59 - INFO - utils.trainer -   F_score: 0.23560
06/17/2026 16:17:59 - INFO - utils.trainer -   Cla Loss: 1.45087
06/17/2026 16:17:59 - INFO - utils.trainer -   MMS Loss: 0.05521
06/17/2026 16:17:59 - INFO - utils.trainer -   Cons Loss: 0.00000
06/17/2026 16:17:59 - INFO - utils.trainer -   Div Loss: 0.00008
06/17/2026 16:17:59 - INFO - utils.trainer -   Sparsity Loss: 0.39637
06/17/2026 16:17:59 - INFO - utils.trainer -   Epoch: 8 [A], Cla: 1.15651, MMS: 0.05283, Cons: 0.00001, Div: 0.00008, Sparsity: 0.38771, Acc: 0.2628, Best: 0.2628, Time: 93.5s
06/17/2026 16:19:33 - INFO - utils.trainer -   ***** Running evaluation on test1 dataset *****
06/17/2026 16:19:50 - INFO - utils.trainer -   AUC: 0.52493
06/17/2026 16:19:50 - INFO - utils.trainer -   Accuracy: 0.25641
06/17/2026 16:19:50 - INFO - utils.trainer -   Precision: 0.28951
06/17/2026 16:19:50 - INFO - utils.trainer -   Recall: 0.27507
06/17/2026 16:19:50 - INFO - utils.trainer -   F_score: 0.23046
06/17/2026 16:19:50 - INFO - utils.trainer -   Cla Loss: 1.49834
06/17/2026 16:19:50 - INFO - utils.trainer -   MMS Loss: 0.05036
06/17/2026 16:19:50 - INFO - utils.trainer -   Cons Loss: 0.00000
06/17/2026 16:19:50 - INFO - utils.trainer -   Div Loss: 0.00009
06/17/2026 16:19:50 - INFO - utils.trainer -   Sparsity Loss: 0.40242
06/17/2026 16:19:50 - INFO - utils.trainer -   Epoch: 9 [A], Cla: 1.15475, MMS: 0.05678, Cons: 0.00000, Div: 0.00009, Sparsity: 0.41152, Acc: 0.2564, Best: 0.2628, Time: 93.6s
06/17/2026 16:21:24 - INFO - utils.trainer -   ***** Running evaluation on test1 dataset *****
06/17/2026 16:21:41 - INFO - utils.trainer -   AUC: 0.58377
06/17/2026 16:21:41 - INFO - utils.trainer -   Accuracy: 0.26282
06/17/2026 16:21:41 - INFO - utils.trainer -   Precision: 0.32923
06/17/2026 16:21:41 - INFO - utils.trainer -   Recall: 0.27405
06/17/2026 16:21:41 - INFO - utils.trainer -   F_score: 0.23749
06/17/2026 16:21:41 - INFO - utils.trainer -   Cla Loss: 1.43326
06/17/2026 16:21:41 - INFO - utils.trainer -   MMS Loss: 0.04835
06/17/2026 16:21:41 - INFO - utils.trainer -   Cons Loss: 0.00000
06/17/2026 16:21:41 - INFO - utils.trainer -   Div Loss: 0.00009
06/17/2026 16:21:41 - INFO - utils.trainer -   Sparsity Loss: 0.42784
06/17/2026 16:21:41 - INFO - utils.trainer -   Epoch: 10 [A], Cla: 1.14774, MMS: 0.05339, Cons: 0.00000, Div: 0.00009, Sparsity: 0.41530, Acc: 0.2628, Best: 0.2628, Time: 93.5s
06/17/2026 16:23:16 - INFO - utils.trainer -   ***** Running evaluation on test1 dataset *****
06/17/2026 16:23:34 - INFO - utils.trainer -   AUC: 0.49279
06/17/2026 16:23:34 - INFO - utils.trainer -   Accuracy: 0.21795
06/17/2026 16:23:34 - INFO - utils.trainer -   Precision: 0.26472
06/17/2026 16:23:34 - INFO - utils.trainer -   Recall: 0.22272
06/17/2026 16:23:34 - INFO - utils.trainer -   F_score: 0.21587
06/17/2026 16:23:34 - INFO - utils.trainer -   Cla Loss: 1.96902
06/17/2026 16:23:34 - INFO - utils.trainer -   MMS Loss: 0.04789
06/17/2026 16:23:34 - INFO - utils.trainer -   Cons Loss: 0.00000
06/17/2026 16:23:34 - INFO - utils.trainer -   Div Loss: 0.00009
06/17/2026 16:23:34 - INFO - utils.trainer -   Sparsity Loss: 0.40555
06/17/2026 16:23:34 - INFO - utils.trainer -   Epoch: 11 [B], Cla: 1.12362, MMS: 0.05584, Cons: 0.00001, Div: 0.00009, Sparsity: 0.41307, Acc: 0.2179, Best: 0.2628, Time: 94.5s
06/17/2026 16:25:08 - INFO - utils.trainer -   ***** Running evaluation on test1 dataset *****
06/17/2026 16:25:26 - INFO - utils.trainer -   AUC: 0.55788
06/17/2026 16:25:26 - INFO - utils.trainer -   Accuracy: 0.31410
06/17/2026 16:25:26 - INFO - utils.trainer -   Precision: 0.31419
06/17/2026 16:25:26 - INFO - utils.trainer -   Recall: 0.29613
06/17/2026 16:25:26 - INFO - utils.trainer -   F_score: 0.29692
06/17/2026 16:25:26 - INFO - utils.trainer -   Cla Loss: 1.81451
06/17/2026 16:25:26 - INFO - utils.trainer -   MMS Loss: 0.04821
06/17/2026 16:25:26 - INFO - utils.trainer -   Cons Loss: 0.00000
06/17/2026 16:25:26 - INFO - utils.trainer -   Div Loss: 0.00008
06/17/2026 16:25:26 - INFO - utils.trainer -   Sparsity Loss: 0.42451
06/17/2026 16:25:26 - INFO - utils.trainer -     state_dict: 350 tensors, 125.1 MB (trainable + buffers only)
06/17/2026 16:25:26 - INFO - utils.trainer -   Model saved to output_dir/LDDE2th
06/17/2026 16:25:26 - INFO - utils.trainer -   Best model saved (acc=0.3141)
06/17/2026 16:25:26 - INFO - utils.trainer -   Epoch: 12 [B], Cla: 0.71919, MMS: 0.05094, Cons: 0.00000, Div: 0.00009, Sparsity: 0.42256, Acc: 0.3141, Best: 0.3141, Time: 94.6s
06/17/2026 16:27:01 - INFO - utils.trainer -   ***** Running evaluation on test1 dataset *****
06/17/2026 16:27:18 - INFO - utils.trainer -   AUC: 0.56147
06/17/2026 16:27:18 - INFO - utils.trainer -   Accuracy: 0.23718
06/17/2026 16:27:18 - INFO - utils.trainer -   Precision: 0.35015
06/17/2026 16:27:18 - INFO - utils.trainer -   Recall: 0.29639
06/17/2026 16:27:18 - INFO - utils.trainer -   F_score: 0.22903
06/17/2026 16:27:18 - INFO - utils.trainer -   Cla Loss: 2.28384
06/17/2026 16:27:18 - INFO - utils.trainer -   MMS Loss: 0.05133
06/17/2026 16:27:18 - INFO - utils.trainer -   Cons Loss: 0.00000
06/17/2026 16:27:18 - INFO - utils.trainer -   Div Loss: 0.00009
06/17/2026 16:27:18 - INFO - utils.trainer -   Sparsity Loss: 0.43755
06/17/2026 16:27:18 - INFO - utils.trainer -   Epoch: 13 [B], Cla: 0.51395, MMS: 0.04845, Cons: 0.00000, Div: 0.00009, Sparsity: 0.43785, Acc: 0.2372, Best: 0.3141, Time: 94.6s
06/17/2026 16:28:53 - INFO - utils.trainer -   ***** Running evaluation on test1 dataset *****
06/17/2026 16:29:11 - INFO - utils.trainer -   AUC: 0.53855
06/17/2026 16:29:11 - INFO - utils.trainer -   Accuracy: 0.25641
06/17/2026 16:29:11 - INFO - utils.trainer -   Precision: 0.29126
06/17/2026 16:29:11 - INFO - utils.trainer -   Recall: 0.26980
06/17/2026 16:29:11 - INFO - utils.trainer -   F_score: 0.25979
06/17/2026 16:29:11 - INFO - utils.trainer -   Cla Loss: 2.30484
06/17/2026 16:29:11 - INFO - utils.trainer -   MMS Loss: 0.05279
06/17/2026 16:29:11 - INFO - utils.trainer -   Cons Loss: 0.00000
06/17/2026 16:29:11 - INFO - utils.trainer -   Div Loss: 0.00011
06/17/2026 16:29:11 - INFO - utils.trainer -   Sparsity Loss: 0.44604
06/17/2026 16:29:11 - INFO - utils.trainer -   Epoch: 14 [B], Cla: 0.37180, MMS: 0.04553, Cons: 0.00000, Div: 0.00010, Sparsity: 0.45060, Acc: 0.2564, Best: 0.3141, Time: 94.8s
06/17/2026 16:30:45 - INFO - utils.trainer -   ***** Running evaluation on test1 dataset *****
06/17/2026 16:31:03 - INFO - utils.trainer -   AUC: 0.54655
06/17/2026 16:31:03 - INFO - utils.trainer -   Accuracy: 0.33333
06/17/2026 16:31:03 - INFO - utils.trainer -   Precision: 0.28659
06/17/2026 16:31:03 - INFO - utils.trainer -   Recall: 0.28884
06/17/2026 16:31:03 - INFO - utils.trainer -   F_score: 0.27712
06/17/2026 16:31:03 - INFO - utils.trainer -   Cla Loss: 2.30022
06/17/2026 16:31:03 - INFO - utils.trainer -   MMS Loss: 0.05057
06/17/2026 16:31:03 - INFO - utils.trainer -   Cons Loss: 0.00000
06/17/2026 16:31:03 - INFO - utils.trainer -   Div Loss: 0.00010
06/17/2026 16:31:03 - INFO - utils.trainer -   Sparsity Loss: 0.46467
06/17/2026 16:31:03 - INFO - utils.trainer -     state_dict: 350 tensors, 125.1 MB (trainable + buffers only)
06/17/2026 16:31:03 - INFO - utils.trainer -   Model saved to output_dir/LDDE2th
06/17/2026 16:31:03 - INFO - utils.trainer -   Best model saved (acc=0.3333)
06/17/2026 16:31:03 - INFO - utils.trainer -   Epoch: 15 [B], Cla: 0.34160, MMS: 0.04572, Cons: 0.00000, Div: 0.00010, Sparsity: 0.45569, Acc: 0.3333, Best: 0.3333, Time: 94.4s
06/17/2026 16:32:38 - INFO - utils.trainer -   ***** Running evaluation on test1 dataset *****
06/17/2026 16:32:55 - INFO - utils.trainer -   AUC: 0.58357
06/17/2026 16:32:55 - INFO - utils.trainer -   Accuracy: 0.34615
06/17/2026 16:32:55 - INFO - utils.trainer -   Precision: 0.29476
06/17/2026 16:32:55 - INFO - utils.trainer -   Recall: 0.30902
06/17/2026 16:32:55 - INFO - utils.trainer -   F_score: 0.29338
06/17/2026 16:32:55 - INFO - utils.trainer -   Cla Loss: 2.16257
06/17/2026 16:32:55 - INFO - utils.trainer -   MMS Loss: 0.04951
06/17/2026 16:32:55 - INFO - utils.trainer -   Cons Loss: 0.00000
06/17/2026 16:32:55 - INFO - utils.trainer -   Div Loss: 0.00012
06/17/2026 16:32:55 - INFO - utils.trainer -   Sparsity Loss: 0.46758
06/17/2026 16:32:55 - INFO - utils.trainer -     state_dict: 350 tensors, 125.1 MB (trainable + buffers only)
06/17/2026 16:32:55 - INFO - utils.trainer -   Model saved to output_dir/LDDE2th
06/17/2026 16:32:55 - INFO - utils.trainer -   Best model saved (acc=0.3462)
06/17/2026 16:32:55 - INFO - utils.trainer -   Epoch: 16 [B], Cla: 0.23580, MMS: 0.03982, Cons: 0.00001, Div: 0.00010, Sparsity: 0.47537, Acc: 0.3462, Best: 0.3462, Time: 94.7s
06/17/2026 16:34:30 - INFO - utils.trainer -   ***** Running evaluation on test1 dataset *****
06/17/2026 16:34:47 - INFO - utils.trainer -   AUC: 0.57692
06/17/2026 16:34:47 - INFO - utils.trainer -   Accuracy: 0.33974
06/17/2026 16:34:47 - INFO - utils.trainer -   Precision: 0.33070
06/17/2026 16:34:47 - INFO - utils.trainer -   Recall: 0.34947
06/17/2026 16:34:47 - INFO - utils.trainer -   F_score: 0.31966
06/17/2026 16:34:47 - INFO - utils.trainer -   Cla Loss: 2.63983
06/17/2026 16:34:47 - INFO - utils.trainer -   MMS Loss: 0.05067
06/17/2026 16:34:47 - INFO - utils.trainer -   Cons Loss: 0.00000
06/17/2026 16:34:47 - INFO - utils.trainer -   Div Loss: 0.00011
06/17/2026 16:34:47 - INFO - utils.trainer -   Sparsity Loss: 0.47625
06/17/2026 16:34:47 - INFO - utils.trainer -   Epoch: 17 [B], Cla: 0.25133, MMS: 0.04327, Cons: 0.00000, Div: 0.00010, Sparsity: 0.48302, Acc: 0.3397, Best: 0.3462, Time: 94.6s
06/17/2026 16:36:22 - INFO - utils.trainer -   ***** Running evaluation on test1 dataset *****
06/17/2026 16:36:40 - INFO - utils.trainer -   AUC: 0.55961
06/17/2026 16:36:40 - INFO - utils.trainer -   Accuracy: 0.33974
06/17/2026 16:36:40 - INFO - utils.trainer -   Precision: 0.36406
06/17/2026 16:36:40 - INFO - utils.trainer -   Recall: 0.34372
06/17/2026 16:36:40 - INFO - utils.trainer -   F_score: 0.33188
06/17/2026 16:36:40 - INFO - utils.trainer -   Cla Loss: 2.44968
06/17/2026 16:36:40 - INFO - utils.trainer -   MMS Loss: 0.05003
06/17/2026 16:36:40 - INFO - utils.trainer -   Cons Loss: 0.00000
06/17/2026 16:36:40 - INFO - utils.trainer -   Div Loss: 0.00010
06/17/2026 16:36:40 - INFO - utils.trainer -   Sparsity Loss: 0.50368
06/17/2026 16:36:40 - INFO - utils.trainer -   Epoch: 18 [B], Cla: 0.25955, MMS: 0.03903, Cons: 0.00000, Div: 0.00011, Sparsity: 0.48938, Acc: 0.3397, Best: 0.3462, Time: 94.7s
06/17/2026 16:38:14 - INFO - utils.trainer -   ***** Running evaluation on test1 dataset *****
06/17/2026 16:38:32 - INFO - utils.trainer -   AUC: 0.57413
06/17/2026 16:38:32 - INFO - utils.trainer -   Accuracy: 0.28205
06/17/2026 16:38:32 - INFO - utils.trainer -   Precision: 0.27973
06/17/2026 16:38:32 - INFO - utils.trainer -   Recall: 0.33479
06/17/2026 16:38:32 - INFO - utils.trainer -   F_score: 0.26783
06/17/2026 16:38:32 - INFO - utils.trainer -   Cla Loss: 2.76786
06/17/2026 16:38:32 - INFO - utils.trainer -   MMS Loss: 0.04891
06/17/2026 16:38:32 - INFO - utils.trainer -   Cons Loss: 0.00000
06/17/2026 16:38:32 - INFO - utils.trainer -   Div Loss: 0.00011
06/17/2026 16:38:32 - INFO - utils.trainer -   Sparsity Loss: 0.51196
06/17/2026 16:38:32 - INFO - utils.trainer -   Epoch: 19 [B], Cla: 0.23042, MMS: 0.04202, Cons: 0.00000, Div: 0.00011, Sparsity: 0.50761, Acc: 0.2821, Best: 0.3462, Time: 94.6s
06/17/2026 16:40:07 - INFO - utils.trainer -   ***** Running evaluation on test1 dataset *****
06/17/2026 16:40:24 - INFO - utils.trainer -   AUC: 0.55058
06/17/2026 16:40:24 - INFO - utils.trainer -   Accuracy: 0.32051
06/17/2026 16:40:24 - INFO - utils.trainer -   Precision: 0.31165
06/17/2026 16:40:24 - INFO - utils.trainer -   Recall: 0.31709
06/17/2026 16:40:24 - INFO - utils.trainer -   F_score: 0.30466
06/17/2026 16:40:24 - INFO - utils.trainer -   Cla Loss: 2.45966
06/17/2026 16:40:24 - INFO - utils.trainer -   MMS Loss: 0.05335
06/17/2026 16:40:24 - INFO - utils.trainer -   Cons Loss: 0.00000
06/17/2026 16:40:24 - INFO - utils.trainer -   Div Loss: 0.00011
06/17/2026 16:40:24 - INFO - utils.trainer -   Sparsity Loss: 0.52117
06/17/2026 16:40:24 - INFO - utils.trainer -   Epoch: 20 [B], Cla: 0.26066, MMS: 0.03942, Cons: 0.00000, Div: 0.00011, Sparsity: 0.51197, Acc: 0.3205, Best: 0.3462, Time: 94.6s
06/17/2026 16:41:59 - INFO - utils.trainer -   ***** Running evaluation on test1 dataset *****
06/17/2026 16:42:17 - INFO - utils.trainer -   AUC: 0.56434
06/17/2026 16:42:17 - INFO - utils.trainer -   Accuracy: 0.29487
06/17/2026 16:42:17 - INFO - utils.trainer -   Precision: 0.30909
06/17/2026 16:42:17 - INFO - utils.trainer -   Recall: 0.33303
06/17/2026 16:42:17 - INFO - utils.trainer -   F_score: 0.28463
06/17/2026 16:42:17 - INFO - utils.trainer -   Cla Loss: 2.82761
06/17/2026 16:42:17 - INFO - utils.trainer -   MMS Loss: 0.05035
06/17/2026 16:42:17 - INFO - utils.trainer -   Cons Loss: 0.00000
06/17/2026 16:42:17 - INFO - utils.trainer -   Div Loss: 0.00012
06/17/2026 16:42:17 - INFO - utils.trainer -   Sparsity Loss: 0.53873
06/17/2026 16:42:17 - INFO - utils.trainer -   Epoch: 21 [C], Cla: 0.25344, MMS: 0.03651, Cons: 0.00000, Div: 0.00011, Sparsity: 0.52649, Acc: 0.2949, Best: 0.3462, Time: 94.6s
06/17/2026 16:43:51 - INFO - utils.trainer -   ***** Running evaluation on test1 dataset *****
06/17/2026 16:44:09 - INFO - utils.trainer -   AUC: 0.55875
06/17/2026 16:44:09 - INFO - utils.trainer -   Accuracy: 0.33333
06/17/2026 16:44:09 - INFO - utils.trainer -   Precision: 0.32243
06/17/2026 16:44:09 - INFO - utils.trainer -   Recall: 0.33202
06/17/2026 16:44:09 - INFO - utils.trainer -   F_score: 0.31445
06/17/2026 16:44:09 - INFO - utils.trainer -   Cla Loss: 2.52583
06/17/2026 16:44:09 - INFO - utils.trainer -   MMS Loss: 0.05416
06/17/2026 16:44:09 - INFO - utils.trainer -   Cons Loss: 0.00000
06/17/2026 16:44:09 - INFO - utils.trainer -   Div Loss: 0.00012
06/17/2026 16:44:09 - INFO - utils.trainer -   Sparsity Loss: 0.54327
06/17/2026 16:44:09 - INFO - utils.trainer -   Epoch: 22 [C], Cla: 0.18242, MMS: 0.03435, Cons: 0.00000, Div: 0.00012, Sparsity: 0.53426, Acc: 0.3333, Best: 0.3462, Time: 94.7s
06/17/2026 16:45:44 - INFO - utils.trainer -   ***** Running evaluation on test1 dataset *****
06/17/2026 16:46:01 - INFO - utils.trainer -   AUC: 0.55118
06/17/2026 16:46:01 - INFO - utils.trainer -   Accuracy: 0.29487
06/17/2026 16:46:01 - INFO - utils.trainer -   Precision: 0.27418
06/17/2026 16:46:01 - INFO - utils.trainer -   Recall: 0.30822
06/17/2026 16:46:01 - INFO - utils.trainer -   F_score: 0.28119
06/17/2026 16:46:01 - INFO - utils.trainer -   Cla Loss: 2.82724
06/17/2026 16:46:01 - INFO - utils.trainer -   MMS Loss: 0.05544
06/17/2026 16:46:01 - INFO - utils.trainer -   Cons Loss: 0.00000
06/17/2026 16:46:01 - INFO - utils.trainer -   Div Loss: 0.00010
06/17/2026 16:46:01 - INFO - utils.trainer -   Sparsity Loss: 0.54390
06/17/2026 16:46:01 - INFO - utils.trainer -   Epoch: 23 [C], Cla: 0.17155, MMS: 0.03272, Cons: 0.00000, Div: 0.00012, Sparsity: 0.53889, Acc: 0.2949, Best: 0.3462, Time: 94.7s
06/17/2026 16:47:36 - INFO - utils.trainer -   ***** Running evaluation on test1 dataset *****
06/17/2026 16:47:53 - INFO - utils.trainer -   AUC: 0.57264
06/17/2026 16:47:53 - INFO - utils.trainer -   Accuracy: 0.30128
06/17/2026 16:47:53 - INFO - utils.trainer -   Precision: 0.34613
06/17/2026 16:47:53 - INFO - utils.trainer -   Recall: 0.34166
06/17/2026 16:47:53 - INFO - utils.trainer -   F_score: 0.30425
06/17/2026 16:47:53 - INFO - utils.trainer -   Cla Loss: 2.80732
06/17/2026 16:47:53 - INFO - utils.trainer -   MMS Loss: 0.04900
06/17/2026 16:47:53 - INFO - utils.trainer -   Cons Loss: 0.00000
06/17/2026 16:47:53 - INFO - utils.trainer -   Div Loss: 0.00013
06/17/2026 16:47:53 - INFO - utils.trainer -   Sparsity Loss: 0.56650
06/17/2026 16:47:53 - INFO - utils.trainer -   Epoch: 24 [C], Cla: 0.12913, MMS: 0.03484, Cons: 0.00000, Div: 0.00012, Sparsity: 0.54612, Acc: 0.3013, Best: 0.3462, Time: 94.4s
06/17/2026 16:49:28 - INFO - utils.trainer -   ***** Running evaluation on test1 dataset *****
06/17/2026 16:49:45 - INFO - utils.trainer -   AUC: 0.57067
06/17/2026 16:49:45 - INFO - utils.trainer -   Accuracy: 0.29487
06/17/2026 16:49:45 - INFO - utils.trainer -   Precision: 0.29697
06/17/2026 16:49:45 - INFO - utils.trainer -   Recall: 0.31381
06/17/2026 16:49:45 - INFO - utils.trainer -   F_score: 0.28681
06/17/2026 16:49:45 - INFO - utils.trainer -   Cla Loss: 2.80330
06/17/2026 16:49:45 - INFO - utils.trainer -   MMS Loss: 0.04795
06/17/2026 16:49:45 - INFO - utils.trainer -   Cons Loss: 0.00000
06/17/2026 16:49:45 - INFO - utils.trainer -   Div Loss: 0.00012
06/17/2026 16:49:45 - INFO - utils.trainer -   Sparsity Loss: 0.56618
06/17/2026 16:49:45 - INFO - utils.trainer -   Epoch: 25 [C], Cla: 0.13636, MMS: 0.03179, Cons: 0.00000, Div: 0.00012, Sparsity: 0.55384, Acc: 0.2949, Best: 0.3462, Time: 94.6s
06/17/2026 16:51:20 - INFO - utils.trainer -   ***** Running evaluation on test1 dataset *****
06/17/2026 16:51:38 - INFO - utils.trainer -   AUC: 0.54295
06/17/2026 16:51:38 - INFO - utils.trainer -   Accuracy: 0.28205
06/17/2026 16:51:38 - INFO - utils.trainer -   Precision: 0.28993
06/17/2026 16:51:38 - INFO - utils.trainer -   Recall: 0.31026
06/17/2026 16:51:38 - INFO - utils.trainer -   F_score: 0.27976
06/17/2026 16:51:38 - INFO - utils.trainer -   Cla Loss: 2.87971
06/17/2026 16:51:38 - INFO - utils.trainer -   MMS Loss: 0.05454
06/17/2026 16:51:38 - INFO - utils.trainer -   Cons Loss: 0.00000
06/17/2026 16:51:38 - INFO - utils.trainer -   Div Loss: 0.00013
06/17/2026 16:51:38 - INFO - utils.trainer -   Sparsity Loss: 0.55668
06/17/2026 16:51:38 - INFO - utils.trainer -   Epoch: 26 [C], Cla: 0.17915, MMS: 0.03257, Cons: 0.00000, Div: 0.00012, Sparsity: 0.55092, Acc: 0.2821, Best: 0.3462, Time: 94.6s
06/17/2026 16:53:12 - INFO - utils.trainer -   ***** Running evaluation on test1 dataset *****
06/17/2026 16:53:29 - INFO - utils.trainer -   AUC: 0.54828
06/17/2026 16:53:29 - INFO - utils.trainer -   Accuracy: 0.26282
06/17/2026 16:53:29 - INFO - utils.trainer -   Precision: 0.26907
06/17/2026 16:53:29 - INFO - utils.trainer -   Recall: 0.28850
06/17/2026 16:53:29 - INFO - utils.trainer -   F_score: 0.24438
06/17/2026 16:53:29 - INFO - utils.trainer -   Cla Loss: 3.26887
06/17/2026 16:53:29 - INFO - utils.trainer -   MMS Loss: 0.05196
06/17/2026 16:53:29 - INFO - utils.trainer -   Cons Loss: 0.00000
06/17/2026 16:53:29 - INFO - utils.trainer -   Div Loss: 0.00012
06/17/2026 16:53:29 - INFO - utils.trainer -   Sparsity Loss: 0.56849
06/17/2026 16:53:29 - INFO - utils.trainer -   Epoch: 27 [C], Cla: 0.14156, MMS: 0.03601, Cons: 0.00000, Div: 0.00013, Sparsity: 0.55901, Acc: 0.2628, Best: 0.3462, Time: 94.2s
06/17/2026 16:55:04 - INFO - utils.trainer -   ***** Running evaluation on test1 dataset *****
06/17/2026 16:55:21 - INFO - utils.trainer -   AUC: 0.54351
06/17/2026 16:55:21 - INFO - utils.trainer -   Accuracy: 0.26923
06/17/2026 16:55:21 - INFO - utils.trainer -   Precision: 0.26494
06/17/2026 16:55:21 - INFO - utils.trainer -   Recall: 0.27737
06/17/2026 16:55:21 - INFO - utils.trainer -   F_score: 0.25905
06/17/2026 16:55:21 - INFO - utils.trainer -   Cla Loss: 2.91816
06/17/2026 16:55:21 - INFO - utils.trainer -   MMS Loss: 0.05539
06/17/2026 16:55:21 - INFO - utils.trainer -   Cons Loss: 0.00000
06/17/2026 16:55:21 - INFO - utils.trainer -   Div Loss: 0.00012
06/17/2026 16:55:21 - INFO - utils.trainer -   Sparsity Loss: 0.54682
06/17/2026 16:55:21 - INFO - utils.trainer -   Epoch: 28 [C], Cla: 0.12954, MMS: 0.03140, Cons: 0.00000, Div: 0.00013, Sparsity: 0.55664, Acc: 0.2692, Best: 0.3462, Time: 94.5s
06/17/2026 16:56:56 - INFO - utils.trainer -   ***** Running evaluation on test1 dataset *****
06/17/2026 16:57:14 - INFO - utils.trainer -   AUC: 0.56809
06/17/2026 16:57:14 - INFO - utils.trainer -   Accuracy: 0.31410
06/17/2026 16:57:14 - INFO - utils.trainer -   Precision: 0.29135
06/17/2026 16:57:14 - INFO - utils.trainer -   Recall: 0.30597
06/17/2026 16:57:14 - INFO - utils.trainer -   F_score: 0.28345
06/17/2026 16:57:14 - INFO - utils.trainer -   Cla Loss: 2.97751
06/17/2026 16:57:14 - INFO - utils.trainer -   MMS Loss: 0.05407
06/17/2026 16:57:14 - INFO - utils.trainer -   Cons Loss: 0.00000
06/17/2026 16:57:14 - INFO - utils.trainer -   Div Loss: 0.00013
06/17/2026 16:57:14 - INFO - utils.trainer -   Sparsity Loss: 0.55601
06/17/2026 16:57:14 - INFO - utils.trainer -   Epoch: 29 [C], Cla: 0.21690, MMS: 0.03479, Cons: 0.00000, Div: 0.00012, Sparsity: 0.55913, Acc: 0.3141, Best: 0.3462, Time: 94.5s
06/17/2026 16:58:48 - INFO - utils.trainer -   ***** Running evaluation on test1 dataset *****
06/17/2026 16:59:06 - INFO - utils.trainer -   AUC: 0.55851
06/17/2026 16:59:06 - INFO - utils.trainer -   Accuracy: 0.33333
06/17/2026 16:59:06 - INFO - utils.trainer -   Precision: 0.32395
06/17/2026 16:59:06 - INFO - utils.trainer -   Recall: 0.36719
06/17/2026 16:59:06 - INFO - utils.trainer -   F_score: 0.33089
06/17/2026 16:59:06 - INFO - utils.trainer -   Cla Loss: 2.93296
06/17/2026 16:59:06 - INFO - utils.trainer -   MMS Loss: 0.05316
06/17/2026 16:59:06 - INFO - utils.trainer -   Cons Loss: 0.00000
06/17/2026 16:59:06 - INFO - utils.trainer -   Div Loss: 0.00012
06/17/2026 16:59:06 - INFO - utils.trainer -   Sparsity Loss: 0.58816
06/17/2026 16:59:06 - INFO - utils.trainer -   Epoch: 30 [C], Cla: 0.16431, MMS: 0.03304, Cons: 0.00000, Div: 0.00013, Sparsity: 0.56356, Acc: 0.3333, Best: 0.3462, Time: 94.6s
06/17/2026 17:00:40 - INFO - utils.trainer -   ***** Running evaluation on test1 dataset *****
06/17/2026 17:00:58 - INFO - utils.trainer -   AUC: 0.54916
06/17/2026 17:00:58 - INFO - utils.trainer -   Accuracy: 0.29487
06/17/2026 17:00:58 - INFO - utils.trainer -   Precision: 0.29173
06/17/2026 17:00:58 - INFO - utils.trainer -   Recall: 0.29207
06/17/2026 17:00:58 - INFO - utils.trainer -   F_score: 0.28609
06/17/2026 17:00:58 - INFO - utils.trainer -   Cla Loss: 2.79124
06/17/2026 17:00:58 - INFO - utils.trainer -   MMS Loss: 0.05184
06/17/2026 17:00:58 - INFO - utils.trainer -   Cons Loss: 0.00000
06/17/2026 17:00:58 - INFO - utils.trainer -   Div Loss: 0.00013
06/17/2026 17:00:58 - INFO - utils.trainer -   Sparsity Loss: 0.60833
06/17/2026 17:00:58 - INFO - utils.trainer -   Epoch: 31 [C], Cla: 0.12354, MMS: 0.03279, Cons: 0.00000, Div: 0.00013, Sparsity: 0.58280, Acc: 0.2949, Best: 0.3462, Time: 94.6s
06/17/2026 17:02:32 - INFO - utils.trainer -   ***** Running evaluation on test1 dataset *****
06/17/2026 17:02:50 - INFO - utils.trainer -   AUC: 0.57111
06/17/2026 17:02:50 - INFO - utils.trainer -   Accuracy: 0.33333
06/17/2026 17:02:50 - INFO - utils.trainer -   Precision: 0.33677
06/17/2026 17:02:50 - INFO - utils.trainer -   Recall: 0.33686
06/17/2026 17:02:50 - INFO - utils.trainer -   F_score: 0.32876
06/17/2026 17:02:50 - INFO - utils.trainer -   Cla Loss: 2.65827
06/17/2026 17:02:50 - INFO - utils.trainer -   MMS Loss: 0.05251
06/17/2026 17:02:50 - INFO - utils.trainer -   Cons Loss: 0.00000
06/17/2026 17:02:50 - INFO - utils.trainer -   Div Loss: 0.00015
06/17/2026 17:02:50 - INFO - utils.trainer -   Sparsity Loss: 0.60446
06/17/2026 17:02:50 - INFO - utils.trainer -   Epoch: 32 [C], Cla: 0.14556, MMS: 0.03303, Cons: 0.00000, Div: 0.00013, Sparsity: 0.57910, Acc: 0.3333, Best: 0.3462, Time: 94.2s
06/17/2026 17:04:24 - INFO - utils.trainer -   ***** Running evaluation on test1 dataset *****
06/17/2026 17:04:42 - INFO - utils.trainer -   AUC: 0.55372
06/17/2026 17:04:42 - INFO - utils.trainer -   Accuracy: 0.25641
06/17/2026 17:04:42 - INFO - utils.trainer -   Precision: 0.21533
06/17/2026 17:04:42 - INFO - utils.trainer -   Recall: 0.25861
06/17/2026 17:04:42 - INFO - utils.trainer -   F_score: 0.21658
06/17/2026 17:04:42 - INFO - utils.trainer -   Cla Loss: 3.33539
06/17/2026 17:04:42 - INFO - utils.trainer -   MMS Loss: 0.05524
06/17/2026 17:04:42 - INFO - utils.trainer -   Cons Loss: 0.00000
06/17/2026 17:04:42 - INFO - utils.trainer -   Div Loss: 0.00013
06/17/2026 17:04:42 - INFO - utils.trainer -   Sparsity Loss: 0.57465
06/17/2026 17:04:42 - INFO - utils.trainer -   Epoch: 33 [C], Cla: 0.17726, MMS: 0.03277, Cons: 0.00000, Div: 0.00013, Sparsity: 0.57774, Acc: 0.2564, Best: 0.3462, Time: 94.3s
06/17/2026 17:06:16 - INFO - utils.trainer -   ***** Running evaluation on test1 dataset *****
06/17/2026 17:06:34 - INFO - utils.trainer -   AUC: 0.55267
06/17/2026 17:06:34 - INFO - utils.trainer -   Accuracy: 0.23718
06/17/2026 17:06:34 - INFO - utils.trainer -   Precision: 0.24777
06/17/2026 17:06:34 - INFO - utils.trainer -   Recall: 0.26774
06/17/2026 17:06:34 - INFO - utils.trainer -   F_score: 0.21749
06/17/2026 17:06:34 - INFO - utils.trainer -   Cla Loss: 3.27211
06/17/2026 17:06:34 - INFO - utils.trainer -   MMS Loss: 0.05015
06/17/2026 17:06:34 - INFO - utils.trainer -   Cons Loss: 0.00000
06/17/2026 17:06:34 - INFO - utils.trainer -   Div Loss: 0.00013
06/17/2026 17:06:34 - INFO - utils.trainer -   Sparsity Loss: 0.60222
06/17/2026 17:06:34 - INFO - utils.trainer -   Epoch: 34 [C], Cla: 0.12544, MMS: 0.03426, Cons: 0.00000, Div: 0.00013, Sparsity: 0.58779, Acc: 0.2372, Best: 0.3462, Time: 94.5s
06/17/2026 17:08:08 - INFO - utils.trainer -   ***** Running evaluation on test1 dataset *****
06/17/2026 17:08:26 - INFO - utils.trainer -   AUC: 0.53679
06/17/2026 17:08:26 - INFO - utils.trainer -   Accuracy: 0.26282
06/17/2026 17:08:26 - INFO - utils.trainer -   Precision: 0.24128
06/17/2026 17:08:26 - INFO - utils.trainer -   Recall: 0.27027
06/17/2026 17:08:26 - INFO - utils.trainer -   F_score: 0.24212
06/17/2026 17:08:26 - INFO - utils.trainer -   Cla Loss: 3.20220
06/17/2026 17:08:26 - INFO - utils.trainer -   MMS Loss: 0.05710
06/17/2026 17:08:26 - INFO - utils.trainer -   Cons Loss: 0.00000
06/17/2026 17:08:26 - INFO - utils.trainer -   Div Loss: 0.00014
06/17/2026 17:08:26 - INFO - utils.trainer -   Sparsity Loss: 0.59292
06/17/2026 17:08:26 - INFO - utils.trainer -   Epoch: 35 [C], Cla: 0.11465, MMS: 0.03088, Cons: 0.00000, Div: 0.00013, Sparsity: 0.58616, Acc: 0.2628, Best: 0.3462, Time: 94.6s
06/17/2026 17:10:00 - INFO - utils.trainer -   ***** Running evaluation on test1 dataset *****
06/17/2026 17:10:18 - INFO - utils.trainer -   AUC: 0.53951
06/17/2026 17:10:18 - INFO - utils.trainer -   Accuracy: 0.28205
06/17/2026 17:10:18 - INFO - utils.trainer -   Precision: 0.26315
06/17/2026 17:10:18 - INFO - utils.trainer -   Recall: 0.28116
06/17/2026 17:10:18 - INFO - utils.trainer -   F_score: 0.26555
06/17/2026 17:10:18 - INFO - utils.trainer -   Cla Loss: 3.11184
06/17/2026 17:10:18 - INFO - utils.trainer -   MMS Loss: 0.05637
06/17/2026 17:10:18 - INFO - utils.trainer -   Cons Loss: 0.00000
06/17/2026 17:10:18 - INFO - utils.trainer -   Div Loss: 0.00014
06/17/2026 17:10:18 - INFO - utils.trainer -   Sparsity Loss: 0.60430
06/17/2026 17:10:18 - INFO - utils.trainer -   Epoch: 36 [C], Cla: 0.11207, MMS: 0.03159, Cons: 0.00000, Div: 0.00014, Sparsity: 0.59323, Acc: 0.2821, Best: 0.3462, Time: 94.4s
06/17/2026 17:11:52 - INFO - utils.trainer -   ***** Running evaluation on test1 dataset *****
06/17/2026 17:12:10 - INFO - utils.trainer -   AUC: 0.59253
06/17/2026 17:12:10 - INFO - utils.trainer -   Accuracy: 0.26923
06/17/2026 17:12:10 - INFO - utils.trainer -   Precision: 0.25898
06/17/2026 17:12:10 - INFO - utils.trainer -   Recall: 0.30190
06/17/2026 17:12:10 - INFO - utils.trainer -   F_score: 0.25076
06/17/2026 17:12:10 - INFO - utils.trainer -   Cla Loss: 2.91509
06/17/2026 17:12:10 - INFO - utils.trainer -   MMS Loss: 0.04870
06/17/2026 17:12:10 - INFO - utils.trainer -   Cons Loss: 0.00000
06/17/2026 17:12:10 - INFO - utils.trainer -   Div Loss: 0.00014
06/17/2026 17:12:10 - INFO - utils.trainer -   Sparsity Loss: 0.59361
06/17/2026 17:12:10 - INFO - utils.trainer -   Epoch: 37 [C], Cla: 0.19689, MMS: 0.03139, Cons: 0.00000, Div: 0.00014, Sparsity: 0.59538, Acc: 0.2692, Best: 0.3462, Time: 94.7s
06/17/2026 17:13:44 - INFO - utils.trainer -   ***** Running evaluation on test1 dataset *****
06/17/2026 17:14:02 - INFO - utils.trainer -   AUC: 0.56523
06/17/2026 17:14:02 - INFO - utils.trainer -   Accuracy: 0.32692
06/17/2026 17:14:02 - INFO - utils.trainer -   Precision: 0.31020
06/17/2026 17:14:02 - INFO - utils.trainer -   Recall: 0.31310
06/17/2026 17:14:02 - INFO - utils.trainer -   F_score: 0.29888
06/17/2026 17:14:02 - INFO - utils.trainer -   Cla Loss: 2.85291
06/17/2026 17:14:02 - INFO - utils.trainer -   MMS Loss: 0.05091
06/17/2026 17:14:02 - INFO - utils.trainer -   Cons Loss: 0.00000
06/17/2026 17:14:02 - INFO - utils.trainer -   Div Loss: 0.00014
06/17/2026 17:14:02 - INFO - utils.trainer -   Sparsity Loss: 0.59782
06/17/2026 17:14:02 - INFO - utils.trainer -   Epoch: 38 [C], Cla: 0.16580, MMS: 0.03256, Cons: 0.00000, Div: 0.00014, Sparsity: 0.58825, Acc: 0.3269, Best: 0.3462, Time: 94.4s
06/17/2026 17:15:36 - INFO - utils.trainer -   ***** Running evaluation on test1 dataset *****
06/17/2026 17:15:54 - INFO - utils.trainer -   AUC: 0.55919
06/17/2026 17:15:54 - INFO - utils.trainer -   Accuracy: 0.31410
06/17/2026 17:15:54 - INFO - utils.trainer -   Precision: 0.29045
06/17/2026 17:15:54 - INFO - utils.trainer -   Recall: 0.29888
06/17/2026 17:15:54 - INFO - utils.trainer -   F_score: 0.29125
06/17/2026 17:15:54 - INFO - utils.trainer -   Cla Loss: 2.85832
06/17/2026 17:15:54 - INFO - utils.trainer -   MMS Loss: 0.05083
06/17/2026 17:15:54 - INFO - utils.trainer -   Cons Loss: 0.00000
06/17/2026 17:15:54 - INFO - utils.trainer -   Div Loss: 0.00015
06/17/2026 17:15:54 - INFO - utils.trainer -   Sparsity Loss: 0.60311
06/17/2026 17:15:54 - INFO - utils.trainer -   Epoch: 39 [C], Cla: 0.13832, MMS: 0.03212, Cons: 0.00000, Div: 0.00014, Sparsity: 0.57708, Acc: 0.3141, Best: 0.3462, Time: 94.6s
06/17/2026 17:17:29 - INFO - utils.trainer -   ***** Running evaluation on test1 dataset *****
06/17/2026 17:17:46 - INFO - utils.trainer -   AUC: 0.55476
06/17/2026 17:17:46 - INFO - utils.trainer -   Accuracy: 0.25641
06/17/2026 17:17:46 - INFO - utils.trainer -   Precision: 0.24636
06/17/2026 17:17:46 - INFO - utils.trainer -   Recall: 0.28902
06/17/2026 17:17:46 - INFO - utils.trainer -   F_score: 0.24984
06/17/2026 17:17:46 - INFO - utils.trainer -   Cla Loss: 3.02006
06/17/2026 17:17:46 - INFO - utils.trainer -   MMS Loss: 0.05742
06/17/2026 17:17:46 - INFO - utils.trainer -   Cons Loss: 0.00000
06/17/2026 17:17:46 - INFO - utils.trainer -   Div Loss: 0.00014
06/17/2026 17:17:46 - INFO - utils.trainer -   Sparsity Loss: 0.59699
06/17/2026 17:17:46 - INFO - utils.trainer -   Epoch: 40 [C], Cla: 0.13730, MMS: 0.03164, Cons: 0.00000, Div: 0.00014, Sparsity: 0.57195, Acc: 0.2564, Best: 0.3462, Time: 94.6s
06/17/2026 17:19:21 - INFO - utils.trainer -   ***** Running evaluation on test1 dataset *****
06/17/2026 17:19:39 - INFO - utils.trainer -   AUC: 0.58002
06/17/2026 17:19:39 - INFO - utils.trainer -   Accuracy: 0.32692
06/17/2026 17:19:39 - INFO - utils.trainer -   Precision: 0.31627
06/17/2026 17:19:39 - INFO - utils.trainer -   Recall: 0.33785
06/17/2026 17:19:39 - INFO - utils.trainer -   F_score: 0.31902
06/17/2026 17:19:39 - INFO - utils.trainer -   Cla Loss: 2.79741
06/17/2026 17:19:39 - INFO - utils.trainer -   MMS Loss: 0.06176
06/17/2026 17:19:39 - INFO - utils.trainer -   Cons Loss: 0.00000
06/17/2026 17:19:39 - INFO - utils.trainer -   Div Loss: 0.00016
06/17/2026 17:19:39 - INFO - utils.trainer -   Sparsity Loss: 0.61537
06/17/2026 17:19:39 - INFO - utils.trainer -   Epoch: 41 [C], Cla: 0.17581, MMS: 0.02966, Cons: 0.00000, Div: 0.00015, Sparsity: 0.58501, Acc: 0.3269, Best: 0.3462, Time: 94.7s
06/17/2026 17:21:13 - INFO - utils.trainer -   ***** Running evaluation on test1 dataset *****
06/17/2026 17:21:31 - INFO - utils.trainer -   AUC: 0.54620
06/17/2026 17:21:31 - INFO - utils.trainer -   Accuracy: 0.28846
06/17/2026 17:21:31 - INFO - utils.trainer -   Precision: 0.26487
06/17/2026 17:21:31 - INFO - utils.trainer -   Recall: 0.26827
06/17/2026 17:21:31 - INFO - utils.trainer -   F_score: 0.25942
06/17/2026 17:21:31 - INFO - utils.trainer -   Cla Loss: 3.07203
06/17/2026 17:21:31 - INFO - utils.trainer -   MMS Loss: 0.05314
06/17/2026 17:21:31 - INFO - utils.trainer -   Cons Loss: 0.00000
06/17/2026 17:21:31 - INFO - utils.trainer -   Div Loss: 0.00013
06/17/2026 17:21:31 - INFO - utils.trainer -   Sparsity Loss: 0.63561
06/17/2026 17:21:31 - INFO - utils.trainer -   Epoch: 42 [C], Cla: 0.12660, MMS: 0.02973, Cons: 0.00000, Div: 0.00014, Sparsity: 0.60899, Acc: 0.2885, Best: 0.3462, Time: 94.6s
06/17/2026 17:23:05 - INFO - utils.trainer -   ***** Running evaluation on test1 dataset *****
06/17/2026 17:23:23 - INFO - utils.trainer -   AUC: 0.57829
06/17/2026 17:23:23 - INFO - utils.trainer -   Accuracy: 0.28205
06/17/2026 17:23:23 - INFO - utils.trainer -   Precision: 0.26770
06/17/2026 17:23:23 - INFO - utils.trainer -   Recall: 0.28851
06/17/2026 17:23:23 - INFO - utils.trainer -   F_score: 0.25951
06/17/2026 17:23:23 - INFO - utils.trainer -   Cla Loss: 3.17109
06/17/2026 17:23:23 - INFO - utils.trainer -   MMS Loss: 0.05118
06/17/2026 17:23:23 - INFO - utils.trainer -   Cons Loss: 0.00000
06/17/2026 17:23:23 - INFO - utils.trainer -   Div Loss: 0.00014
06/17/2026 17:23:23 - INFO - utils.trainer -   Sparsity Loss: 0.60884
06/17/2026 17:23:23 - INFO - utils.trainer -   Epoch: 43 [C], Cla: 0.07332, MMS: 0.02956, Cons: 0.00000, Div: 0.00015, Sparsity: 0.60189, Acc: 0.2821, Best: 0.3462, Time: 94.4s
06/17/2026 17:24:58 - INFO - utils.trainer -   ***** Running evaluation on test1 dataset *****
06/17/2026 17:25:15 - INFO - utils.trainer -   AUC: 0.54742
06/17/2026 17:25:15 - INFO - utils.trainer -   Accuracy: 0.28846
06/17/2026 17:25:15 - INFO - utils.trainer -   Precision: 0.26089
06/17/2026 17:25:15 - INFO - utils.trainer -   Recall: 0.27686
06/17/2026 17:25:15 - INFO - utils.trainer -   F_score: 0.26399
06/17/2026 17:25:15 - INFO - utils.trainer -   Cla Loss: 2.96825
06/17/2026 17:25:15 - INFO - utils.trainer -   MMS Loss: 0.05330
06/17/2026 17:25:15 - INFO - utils.trainer -   Cons Loss: 0.00000
06/17/2026 17:25:15 - INFO - utils.trainer -   Div Loss: 0.00014
06/17/2026 17:25:15 - INFO - utils.trainer -   Sparsity Loss: 0.61434
06/17/2026 17:25:15 - INFO - utils.trainer -   Epoch: 44 [C], Cla: 0.13218, MMS: 0.03057, Cons: 0.00000, Div: 0.00015, Sparsity: 0.59319, Acc: 0.2885, Best: 0.3462, Time: 94.6s
06/17/2026 17:26:50 - INFO - utils.trainer -   ***** Running evaluation on test1 dataset *****
06/17/2026 17:27:08 - INFO - utils.trainer -   AUC: 0.52549
06/17/2026 17:27:08 - INFO - utils.trainer -   Accuracy: 0.26282
06/17/2026 17:27:08 - INFO - utils.trainer -   Precision: 0.26911
06/17/2026 17:27:08 - INFO - utils.trainer -   Recall: 0.27839
06/17/2026 17:27:08 - INFO - utils.trainer -   F_score: 0.26318
06/17/2026 17:27:08 - INFO - utils.trainer -   Cla Loss: 3.18644
06/17/2026 17:27:08 - INFO - utils.trainer -   MMS Loss: 0.05415
06/17/2026 17:27:08 - INFO - utils.trainer -   Cons Loss: 0.00000
06/17/2026 17:27:08 - INFO - utils.trainer -   Div Loss: 0.00016
06/17/2026 17:27:08 - INFO - utils.trainer -   Sparsity Loss: 0.64569
06/17/2026 17:27:08 - INFO - utils.trainer -   Epoch: 45 [C], Cla: 0.16068, MMS: 0.03151, Cons: 0.00000, Div: 0.00015, Sparsity: 0.61832, Acc: 0.2628, Best: 0.3462, Time: 94.8s
06/17/2026 17:28:42 - INFO - utils.trainer -   ***** Running evaluation on test1 dataset *****
06/17/2026 17:29:00 - INFO - utils.trainer -   AUC: 0.57434
06/17/2026 17:29:00 - INFO - utils.trainer -   Accuracy: 0.29487
06/17/2026 17:29:00 - INFO - utils.trainer -   Precision: 0.29556
06/17/2026 17:29:00 - INFO - utils.trainer -   Recall: 0.31810
06/17/2026 17:29:00 - INFO - utils.trainer -   F_score: 0.27978
06/17/2026 17:29:00 - INFO - utils.trainer -   Cla Loss: 3.27585
06/17/2026 17:29:00 - INFO - utils.trainer -   MMS Loss: 0.04925
06/17/2026 17:29:00 - INFO - utils.trainer -   Cons Loss: 0.00000
06/17/2026 17:29:00 - INFO - utils.trainer -   Div Loss: 0.00015
06/17/2026 17:29:00 - INFO - utils.trainer -   Sparsity Loss: 0.61421
06/17/2026 17:29:00 - INFO - utils.trainer -   Epoch: 46 [C], Cla: 0.12310, MMS: 0.02848, Cons: 0.00000, Div: 0.00015, Sparsity: 0.61742, Acc: 0.2949, Best: 0.3462, Time: 94.7s
06/17/2026 17:30:35 - INFO - utils.trainer -   ***** Running evaluation on test1 dataset *****
06/17/2026 17:30:52 - INFO - utils.trainer -   AUC: 0.57563
06/17/2026 17:30:52 - INFO - utils.trainer -   Accuracy: 0.29487
06/17/2026 17:30:52 - INFO - utils.trainer -   Precision: 0.29046
06/17/2026 17:30:52 - INFO - utils.trainer -   Recall: 0.30951
06/17/2026 17:30:52 - INFO - utils.trainer -   F_score: 0.28399
06/17/2026 17:30:52 - INFO - utils.trainer -   Cla Loss: 3.11204
06/17/2026 17:30:52 - INFO - utils.trainer -   MMS Loss: 0.05428
06/17/2026 17:30:52 - INFO - utils.trainer -   Cons Loss: 0.00000
06/17/2026 17:30:52 - INFO - utils.trainer -   Div Loss: 0.00014
06/17/2026 17:30:52 - INFO - utils.trainer -   Sparsity Loss: 0.64794
06/17/2026 17:30:52 - INFO - utils.trainer -   Epoch: 47 [C], Cla: 0.10849, MMS: 0.03102, Cons: 0.00000, Div: 0.00014, Sparsity: 0.61734, Acc: 0.2949, Best: 0.3462, Time: 94.9s
06/17/2026 17:32:27 - INFO - utils.trainer -   ***** Running evaluation on test1 dataset *****
06/17/2026 17:32:45 - INFO - utils.trainer -   AUC: 0.55280
06/17/2026 17:32:45 - INFO - utils.trainer -   Accuracy: 0.26923
06/17/2026 17:32:45 - INFO - utils.trainer -   Precision: 0.25569
06/17/2026 17:32:45 - INFO - utils.trainer -   Recall: 0.27157
06/17/2026 17:32:45 - INFO - utils.trainer -   F_score: 0.25757
06/17/2026 17:32:45 - INFO - utils.trainer -   Cla Loss: 3.30195
06/17/2026 17:32:45 - INFO - utils.trainer -   MMS Loss: 0.05167
06/17/2026 17:32:45 - INFO - utils.trainer -   Cons Loss: 0.00000
06/17/2026 17:32:45 - INFO - utils.trainer -   Div Loss: 0.00015
06/17/2026 17:32:45 - INFO - utils.trainer -   Sparsity Loss: 0.63261
06/17/2026 17:32:45 - INFO - utils.trainer -   Epoch: 48 [C], Cla: 0.09276, MMS: 0.02892, Cons: 0.00000, Div: 0.00015, Sparsity: 0.62380, Acc: 0.2692, Best: 0.3462, Time: 94.9s
06/17/2026 17:34:19 - INFO - utils.trainer -   ***** Running evaluation on test1 dataset *****
06/17/2026 17:34:37 - INFO - utils.trainer -   AUC: 0.56997
06/17/2026 17:34:37 - INFO - utils.trainer -   Accuracy: 0.28205
06/17/2026 17:34:37 - INFO - utils.trainer -   Precision: 0.27437
06/17/2026 17:34:37 - INFO - utils.trainer -   Recall: 0.30545
06/17/2026 17:34:37 - INFO - utils.trainer -   F_score: 0.27588
06/17/2026 17:34:37 - INFO - utils.trainer -   Cla Loss: 3.20291
06/17/2026 17:34:37 - INFO - utils.trainer -   MMS Loss: 0.05846
06/17/2026 17:34:37 - INFO - utils.trainer -   Cons Loss: 0.00000
06/17/2026 17:34:37 - INFO - utils.trainer -   Div Loss: 0.00015
06/17/2026 17:34:37 - INFO - utils.trainer -   Sparsity Loss: 0.63228
06/17/2026 17:34:37 - INFO - utils.trainer -   Epoch: 49 [C], Cla: 0.07668, MMS: 0.02701, Cons: 0.00000, Div: 0.00015, Sparsity: 0.62068, Acc: 0.2821, Best: 0.3462, Time: 94.6s
06/17/2026 17:36:12 - INFO - utils.trainer -   ***** Running evaluation on test1 dataset *****
06/17/2026 17:36:29 - INFO - utils.trainer -   AUC: 0.55270
06/17/2026 17:36:29 - INFO - utils.trainer -   Accuracy: 0.29487
06/17/2026 17:36:29 - INFO - utils.trainer -   Precision: 0.28023
06/17/2026 17:36:29 - INFO - utils.trainer -   Recall: 0.28293
06/17/2026 17:36:29 - INFO - utils.trainer -   F_score: 0.27481
06/17/2026 17:36:29 - INFO - utils.trainer -   Cla Loss: 3.14876
06/17/2026 17:36:29 - INFO - utils.trainer -   MMS Loss: 0.05856
06/17/2026 17:36:29 - INFO - utils.trainer -   Cons Loss: 0.00000
06/17/2026 17:36:29 - INFO - utils.trainer -   Div Loss: 0.00016
06/17/2026 17:36:29 - INFO - utils.trainer -   Sparsity Loss: 0.61254
06/17/2026 17:36:30 - INFO - utils.trainer -     state_dict: 350 tensors, 125.1 MB (trainable + buffers only)
06/17/2026 17:36:30 - INFO - utils.trainer -   Model saved to output_dir/LDDE2th/checkpoint-epoch-50
06/17/2026 17:36:30 - INFO - utils.trainer -   Checkpoint saved at epoch 50
06/17/2026 17:36:30 - INFO - utils.trainer -   Epoch: 50 [C], Cla: 0.06177, MMS: 0.02757, Cons: 0.00000, Div: 0.00014, Sparsity: 0.61026, Acc: 0.2949, Best: 0.3462, Time: 94.6s
06/17/2026 17:38:04 - INFO - utils.trainer -   ***** Running evaluation on test1 dataset *****
06/17/2026 17:38:22 - INFO - utils.trainer -   AUC: 0.56155
06/17/2026 17:38:22 - INFO - utils.trainer -   Accuracy: 0.31410
06/17/2026 17:38:22 - INFO - utils.trainer -   Precision: 0.30109
06/17/2026 17:38:22 - INFO - utils.trainer -   Recall: 0.31354
06/17/2026 17:38:22 - INFO - utils.trainer -   F_score: 0.28952
06/17/2026 17:38:22 - INFO - utils.trainer -   Cla Loss: 3.31739
06/17/2026 17:38:22 - INFO - utils.trainer -   MMS Loss: 0.05358
06/17/2026 17:38:22 - INFO - utils.trainer -   Cons Loss: 0.00000
06/17/2026 17:38:22 - INFO - utils.trainer -   Div Loss: 0.00015
06/17/2026 17:38:22 - INFO - utils.trainer -   Sparsity Loss: 0.61215
06/17/2026 17:38:22 - INFO - utils.trainer -   Epoch: 51 [C], Cla: 0.04128, MMS: 0.02749, Cons: 0.00000, Div: 0.00015, Sparsity: 0.60192, Acc: 0.3141, Best: 0.3462, Time: 94.6s
06/17/2026 17:39:57 - INFO - utils.trainer -   ***** Running evaluation on test1 dataset *****
06/17/2026 17:40:14 - INFO - utils.trainer -   AUC: 0.55610
06/17/2026 17:40:14 - INFO - utils.trainer -   Accuracy: 0.28205
06/17/2026 17:40:14 - INFO - utils.trainer -   Precision: 0.27323
06/17/2026 17:40:14 - INFO - utils.trainer -   Recall: 0.28296
06/17/2026 17:40:14 - INFO - utils.trainer -   F_score: 0.26697
06/17/2026 17:40:14 - INFO - utils.trainer -   Cla Loss: 3.25280
06/17/2026 17:40:14 - INFO - utils.trainer -   MMS Loss: 0.05104
06/17/2026 17:40:14 - INFO - utils.trainer -   Cons Loss: 0.00000
06/17/2026 17:40:14 - INFO - utils.trainer -   Div Loss: 0.00015
06/17/2026 17:40:14 - INFO - utils.trainer -   Sparsity Loss: 0.62314
06/17/2026 17:40:14 - INFO - utils.trainer -   Epoch: 52 [C], Cla: 0.05368, MMS: 0.02739, Cons: 0.00000, Div: 0.00015, Sparsity: 0.60060, Acc: 0.2821, Best: 0.3462, Time: 94.7s
06/17/2026 17:41:49 - INFO - utils.trainer -   ***** Running evaluation on test1 dataset *****
06/17/2026 17:42:07 - INFO - utils.trainer -   AUC: 0.54219
06/17/2026 17:42:07 - INFO - utils.trainer -   Accuracy: 0.27564
06/17/2026 17:42:07 - INFO - utils.trainer -   Precision: 0.26648
06/17/2026 17:42:07 - INFO - utils.trainer -   Recall: 0.28296
06/17/2026 17:42:07 - INFO - utils.trainer -   F_score: 0.26951
06/17/2026 17:42:07 - INFO - utils.trainer -   Cla Loss: 3.28363
06/17/2026 17:42:07 - INFO - utils.trainer -   MMS Loss: 0.05612
06/17/2026 17:42:07 - INFO - utils.trainer -   Cons Loss: 0.00000
06/17/2026 17:42:07 - INFO - utils.trainer -   Div Loss: 0.00016
06/17/2026 17:42:07 - INFO - utils.trainer -   Sparsity Loss: 0.64388
06/17/2026 17:42:07 - INFO - utils.trainer -   Epoch: 53 [C], Cla: 0.12505, MMS: 0.03084, Cons: 0.00000, Div: 0.00015, Sparsity: 0.61230, Acc: 0.2756, Best: 0.3462, Time: 94.7s
06/17/2026 17:43:41 - INFO - utils.trainer -   ***** Running evaluation on test1 dataset *****
06/17/2026 17:43:59 - INFO - utils.trainer -   AUC: 0.55329
06/17/2026 17:43:59 - INFO - utils.trainer -   Accuracy: 0.31410
06/17/2026 17:43:59 - INFO - utils.trainer -   Precision: 0.31319
06/17/2026 17:43:59 - INFO - utils.trainer -   Recall: 0.32169
06/17/2026 17:43:59 - INFO - utils.trainer -   F_score: 0.31221
06/17/2026 17:43:59 - INFO - utils.trainer -   Cla Loss: 3.03668
06/17/2026 17:43:59 - INFO - utils.trainer -   MMS Loss: 0.05489
06/17/2026 17:43:59 - INFO - utils.trainer -   Cons Loss: 0.00000
06/17/2026 17:43:59 - INFO - utils.trainer -   Div Loss: 0.00015
06/17/2026 17:43:59 - INFO - utils.trainer -   Sparsity Loss: 0.66176
06/17/2026 17:43:59 - INFO - utils.trainer -   Epoch: 54 [C], Cla: 0.12327, MMS: 0.02918, Cons: 0.00000, Div: 0.00015, Sparsity: 0.62560, Acc: 0.3141, Best: 0.3462, Time: 94.6s
06/17/2026 17:45:33 - INFO - utils.trainer -   ***** Running evaluation on test1 dataset *****
06/17/2026 17:45:51 - INFO - utils.trainer -   AUC: 0.54567
06/17/2026 17:45:51 - INFO - utils.trainer -   Accuracy: 0.28846
06/17/2026 17:45:51 - INFO - utils.trainer -   Precision: 0.28035
06/17/2026 17:45:51 - INFO - utils.trainer -   Recall: 0.29534
06/17/2026 17:45:51 - INFO - utils.trainer -   F_score: 0.28312
06/17/2026 17:45:51 - INFO - utils.trainer -   Cla Loss: 3.37863
06/17/2026 17:45:51 - INFO - utils.trainer -   MMS Loss: 0.05816
06/17/2026 17:45:51 - INFO - utils.trainer -   Cons Loss: 0.00000
06/17/2026 17:45:51 - INFO - utils.trainer -   Div Loss: 0.00016
06/17/2026 17:45:51 - INFO - utils.trainer -   Sparsity Loss: 0.62618
06/17/2026 17:45:51 - INFO - utils.trainer -   Epoch: 55 [C], Cla: 0.08069, MMS: 0.02983, Cons: 0.00000, Div: 0.00015, Sparsity: 0.62888, Acc: 0.2885, Best: 0.3462, Time: 94.3s
06/17/2026 17:47:25 - INFO - utils.trainer -   ***** Running evaluation on test1 dataset *****
06/17/2026 17:47:43 - INFO - utils.trainer -   AUC: 0.53042
06/17/2026 17:47:43 - INFO - utils.trainer -   Accuracy: 0.25641
06/17/2026 17:47:43 - INFO - utils.trainer -   Precision: 0.26833
06/17/2026 17:47:43 - INFO - utils.trainer -   Recall: 0.27232
06/17/2026 17:47:43 - INFO - utils.trainer -   F_score: 0.25535
06/17/2026 17:47:43 - INFO - utils.trainer -   Cla Loss: 3.54087
06/17/2026 17:47:43 - INFO - utils.trainer -   MMS Loss: 0.05520
06/17/2026 17:47:43 - INFO - utils.trainer -   Cons Loss: 0.00000
06/17/2026 17:47:43 - INFO - utils.trainer -   Div Loss: 0.00014
06/17/2026 17:47:43 - INFO - utils.trainer -   Sparsity Loss: 0.66396
06/17/2026 17:47:43 - INFO - utils.trainer -   Epoch: 56 [C], Cla: 0.10305, MMS: 0.02698, Cons: 0.00000, Div: 0.00015, Sparsity: 0.62654, Acc: 0.2564, Best: 0.3462, Time: 94.5s
06/17/2026 17:49:18 - INFO - utils.trainer -   ***** Running evaluation on test1 dataset *****
06/17/2026 17:49:35 - INFO - utils.trainer -   AUC: 0.53874
06/17/2026 17:49:35 - INFO - utils.trainer -   Accuracy: 0.26282
06/17/2026 17:49:35 - INFO - utils.trainer -   Precision: 0.25501
06/17/2026 17:49:35 - INFO - utils.trainer -   Recall: 0.26953
06/17/2026 17:49:35 - INFO - utils.trainer -   F_score: 0.25549
06/17/2026 17:49:35 - INFO - utils.trainer -   Cla Loss: 3.33722
06/17/2026 17:49:35 - INFO - utils.trainer -   MMS Loss: 0.05788
06/17/2026 17:49:35 - INFO - utils.trainer -   Cons Loss: 0.00000
06/17/2026 17:49:35 - INFO - utils.trainer -   Div Loss: 0.00014
06/17/2026 17:49:35 - INFO - utils.trainer -   Sparsity Loss: 0.64625
06/17/2026 17:49:35 - INFO - utils.trainer -   Epoch: 57 [C], Cla: 0.08719, MMS: 0.02761, Cons: 0.00000, Div: 0.00014, Sparsity: 0.62564, Acc: 0.2628, Best: 0.3462, Time: 94.6s
06/17/2026 17:51:09 - INFO - utils.trainer -   ***** Running evaluation on test1 dataset *****
06/17/2026 17:51:27 - INFO - utils.trainer -   AUC: 0.54875
06/17/2026 17:51:27 - INFO - utils.trainer -   Accuracy: 0.28205
06/17/2026 17:51:27 - INFO - utils.trainer -   Precision: 0.26563
06/17/2026 17:51:27 - INFO - utils.trainer -   Recall: 0.29052
06/17/2026 17:51:27 - INFO - utils.trainer -   F_score: 0.27046
06/17/2026 17:51:27 - INFO - utils.trainer -   Cla Loss: 3.49310
06/17/2026 17:51:27 - INFO - utils.trainer -   MMS Loss: 0.05223
06/17/2026 17:51:27 - INFO - utils.trainer -   Cons Loss: 0.00000
06/17/2026 17:51:27 - INFO - utils.trainer -   Div Loss: 0.00015
06/17/2026 17:51:27 - INFO - utils.trainer -   Sparsity Loss: 0.62115
06/17/2026 17:51:27 - INFO - utils.trainer -   Epoch: 58 [C], Cla: 0.06924, MMS: 0.02604, Cons: 0.00000, Div: 0.00015, Sparsity: 0.60411, Acc: 0.2821, Best: 0.3462, Time: 94.1s
06/17/2026 17:53:01 - INFO - utils.trainer -   ***** Running evaluation on test1 dataset *****
06/17/2026 17:53:19 - INFO - utils.trainer -   AUC: 0.54190
06/17/2026 17:53:19 - INFO - utils.trainer -   Accuracy: 0.25000
06/17/2026 17:53:19 - INFO - utils.trainer -   Precision: 0.23871
06/17/2026 17:53:19 - INFO - utils.trainer -   Recall: 0.26597
06/17/2026 17:53:19 - INFO - utils.trainer -   F_score: 0.23820
06/17/2026 17:53:19 - INFO - utils.trainer -   Cla Loss: 3.47984
06/17/2026 17:53:19 - INFO - utils.trainer -   MMS Loss: 0.05473
06/17/2026 17:53:19 - INFO - utils.trainer -   Cons Loss: 0.00000
06/17/2026 17:53:19 - INFO - utils.trainer -   Div Loss: 0.00015
06/17/2026 17:53:19 - INFO - utils.trainer -   Sparsity Loss: 0.61444
06/17/2026 17:53:19 - INFO - utils.trainer -   Epoch: 59 [C], Cla: 0.02873, MMS: 0.02480, Cons: 0.00000, Div: 0.00015, Sparsity: 0.59813, Acc: 0.2500, Best: 0.3462, Time: 94.3s
06/17/2026 17:54:53 - INFO - utils.trainer -   ***** Running evaluation on test1 dataset *****
06/17/2026 17:55:11 - INFO - utils.trainer -   AUC: 0.58213
06/17/2026 17:55:11 - INFO - utils.trainer -   Accuracy: 0.30128
06/17/2026 17:55:11 - INFO - utils.trainer -   Precision: 0.28597
06/17/2026 17:55:11 - INFO - utils.trainer -   Recall: 0.30672
06/17/2026 17:55:11 - INFO - utils.trainer -   F_score: 0.28373
06/17/2026 17:55:11 - INFO - utils.trainer -   Cla Loss: 3.10813
06/17/2026 17:55:11 - INFO - utils.trainer -   MMS Loss: 0.05264
06/17/2026 17:55:11 - INFO - utils.trainer -   Cons Loss: 0.00000
06/17/2026 17:55:11 - INFO - utils.trainer -   Div Loss: 0.00015
06/17/2026 17:55:11 - INFO - utils.trainer -   Sparsity Loss: 0.59298
06/17/2026 17:55:11 - INFO - utils.trainer -   Epoch: 60 [C], Cla: 0.08652, MMS: 0.02745, Cons: 0.00000, Div: 0.00015, Sparsity: 0.58724, Acc: 0.3013, Best: 0.3462, Time: 94.4s
06/17/2026 17:56:45 - INFO - utils.trainer -   ***** Running evaluation on test1 dataset *****
06/17/2026 17:57:03 - INFO - utils.trainer -   AUC: 0.56316
06/17/2026 17:57:03 - INFO - utils.trainer -   Accuracy: 0.26282
06/17/2026 17:57:03 - INFO - utils.trainer -   Precision: 0.26316
06/17/2026 17:57:03 - INFO - utils.trainer -   Recall: 0.28749
06/17/2026 17:57:03 - INFO - utils.trainer -   F_score: 0.25880
06/17/2026 17:57:03 - INFO - utils.trainer -   Cla Loss: 3.38264
06/17/2026 17:57:03 - INFO - utils.trainer -   MMS Loss: 0.05139
06/17/2026 17:57:03 - INFO - utils.trainer -   Cons Loss: 0.00000
06/17/2026 17:57:03 - INFO - utils.trainer -   Div Loss: 0.00017
06/17/2026 17:57:03 - INFO - utils.trainer -   Sparsity Loss: 0.65205
06/17/2026 17:57:03 - INFO - utils.trainer -   Epoch: 61 [C], Cla: 0.06173, MMS: 0.02543, Cons: 0.00000, Div: 0.00015, Sparsity: 0.61392, Acc: 0.2628, Best: 0.3462, Time: 94.5s
06/17/2026 17:58:37 - INFO - utils.trainer -   ***** Running evaluation on test1 dataset *****
06/17/2026 17:58:55 - INFO - utils.trainer -   AUC: 0.55019
06/17/2026 17:58:55 - INFO - utils.trainer -   Accuracy: 0.29487
06/17/2026 17:58:55 - INFO - utils.trainer -   Precision: 0.28713
06/17/2026 17:58:55 - INFO - utils.trainer -   Recall: 0.30597
06/17/2026 17:58:55 - INFO - utils.trainer -   F_score: 0.28787
06/17/2026 17:58:55 - INFO - utils.trainer -   Cla Loss: 3.23442
06/17/2026 17:58:55 - INFO - utils.trainer -   MMS Loss: 0.05592
06/17/2026 17:58:55 - INFO - utils.trainer -   Cons Loss: 0.00000
06/17/2026 17:58:55 - INFO - utils.trainer -   Div Loss: 0.00016
06/17/2026 17:58:55 - INFO - utils.trainer -   Sparsity Loss: 0.64050
06/17/2026 17:58:55 - INFO - utils.trainer -   Epoch: 62 [C], Cla: 0.11747, MMS: 0.02725, Cons: 0.00000, Div: 0.00015, Sparsity: 0.63152, Acc: 0.2949, Best: 0.3462, Time: 94.5s
06/17/2026 18:00:29 - INFO - utils.trainer -   ***** Running evaluation on test1 dataset *****
06/17/2026 18:00:47 - INFO - utils.trainer -   AUC: 0.54338
06/17/2026 18:00:47 - INFO - utils.trainer -   Accuracy: 0.30128
06/17/2026 18:00:47 - INFO - utils.trainer -   Precision: 0.28165
06/17/2026 18:00:47 - INFO - utils.trainer -   Recall: 0.29963
06/17/2026 18:00:47 - INFO - utils.trainer -   F_score: 0.27445
06/17/2026 18:00:47 - INFO - utils.trainer -   Cla Loss: 3.74568
06/17/2026 18:00:47 - INFO - utils.trainer -   MMS Loss: 0.05134
06/17/2026 18:00:47 - INFO - utils.trainer -   Cons Loss: 0.00000
06/17/2026 18:00:47 - INFO - utils.trainer -   Div Loss: 0.00015
06/17/2026 18:00:47 - INFO - utils.trainer -   Sparsity Loss: 0.61699
06/17/2026 18:00:47 - INFO - utils.trainer -   Epoch: 63 [C], Cla: 0.05918, MMS: 0.02584, Cons: 0.00000, Div: 0.00016, Sparsity: 0.62009, Acc: 0.3013, Best: 0.3462, Time: 94.4s
06/17/2026 18:02:21 - INFO - utils.trainer -   ***** Running evaluation on test1 dataset *****
06/17/2026 18:02:38 - INFO - utils.trainer -   AUC: 0.56212
06/17/2026 18:02:38 - INFO - utils.trainer -   Accuracy: 0.28205
06/17/2026 18:02:38 - INFO - utils.trainer -   Precision: 0.28144
06/17/2026 18:02:38 - INFO - utils.trainer -   Recall: 0.30419
06/17/2026 18:02:38 - INFO - utils.trainer -   F_score: 0.27658
06/17/2026 18:02:38 - INFO - utils.trainer -   Cla Loss: 3.48762
06/17/2026 18:02:38 - INFO - utils.trainer -   MMS Loss: 0.05460
06/17/2026 18:02:38 - INFO - utils.trainer -   Cons Loss: 0.00000
06/17/2026 18:02:38 - INFO - utils.trainer -   Div Loss: 0.00014
06/17/2026 18:02:38 - INFO - utils.trainer -   Sparsity Loss: 0.63588
06/17/2026 18:02:38 - INFO - utils.trainer -   Epoch: 64 [C], Cla: 0.04756, MMS: 0.02399, Cons: 0.00000, Div: 0.00015, Sparsity: 0.61185, Acc: 0.2821, Best: 0.3462, Time: 94.3s
06/17/2026 18:04:13 - INFO - utils.trainer -   ***** Running evaluation on test1 dataset *****
06/17/2026 18:04:30 - INFO - utils.trainer -   AUC: 0.55040
06/17/2026 18:04:30 - INFO - utils.trainer -   Accuracy: 0.26282
06/17/2026 18:04:30 - INFO - utils.trainer -   Precision: 0.25885
06/17/2026 18:04:30 - INFO - utils.trainer -   Recall: 0.27536
06/17/2026 18:04:30 - INFO - utils.trainer -   F_score: 0.26302
06/17/2026 18:04:30 - INFO - utils.trainer -   Cla Loss: 3.50489
06/17/2026 18:04:30 - INFO - utils.trainer -   MMS Loss: 0.05534
06/17/2026 18:04:30 - INFO - utils.trainer -   Cons Loss: 0.00000
06/17/2026 18:04:30 - INFO - utils.trainer -   Div Loss: 0.00016
06/17/2026 18:04:30 - INFO - utils.trainer -   Sparsity Loss: 0.64222
06/17/2026 18:04:30 - INFO - utils.trainer -   Epoch: 65 [C], Cla: 0.04682, MMS: 0.02720, Cons: 0.00000, Div: 0.00015, Sparsity: 0.61769, Acc: 0.2628, Best: 0.3462, Time: 94.2s
06/17/2026 18:06:04 - INFO - utils.trainer -   ***** Running evaluation on test1 dataset *****
06/17/2026 18:06:22 - INFO - utils.trainer -   AUC: 0.53016
06/17/2026 18:06:22 - INFO - utils.trainer -   Accuracy: 0.26923
06/17/2026 18:06:22 - INFO - utils.trainer -   Precision: 0.25762
06/17/2026 18:06:22 - INFO - utils.trainer -   Recall: 0.26575
06/17/2026 18:06:22 - INFO - utils.trainer -   F_score: 0.26010
06/17/2026 18:06:22 - INFO - utils.trainer -   Cla Loss: 3.76446
06/17/2026 18:06:22 - INFO - utils.trainer -   MMS Loss: 0.05556
06/17/2026 18:06:22 - INFO - utils.trainer -   Cons Loss: 0.00000
06/17/2026 18:06:22 - INFO - utils.trainer -   Div Loss: 0.00015
06/17/2026 18:06:22 - INFO - utils.trainer -   Sparsity Loss: 0.63591
06/17/2026 18:06:22 - INFO - utils.trainer -   Epoch: 66 [C], Cla: 0.03833, MMS: 0.02414, Cons: 0.00000, Div: 0.00014, Sparsity: 0.61478, Acc: 0.2692, Best: 0.3462, Time: 94.3s
06/17/2026 18:07:56 - INFO - utils.trainer -   ***** Running evaluation on test1 dataset *****
06/17/2026 18:08:14 - INFO - utils.trainer -   AUC: 0.54761
06/17/2026 18:08:14 - INFO - utils.trainer -   Accuracy: 0.28846
06/17/2026 18:08:14 - INFO - utils.trainer -   Precision: 0.27213
06/17/2026 18:08:14 - INFO - utils.trainer -   Recall: 0.27915
06/17/2026 18:08:14 - INFO - utils.trainer -   F_score: 0.27297
06/17/2026 18:08:14 - INFO - utils.trainer -   Cla Loss: 3.63300
06/17/2026 18:08:14 - INFO - utils.trainer -   MMS Loss: 0.05422
06/17/2026 18:08:14 - INFO - utils.trainer -   Cons Loss: 0.00000
06/17/2026 18:08:14 - INFO - utils.trainer -   Div Loss: 0.00015
06/17/2026 18:08:14 - INFO - utils.trainer -   Sparsity Loss: 0.59739
06/17/2026 18:08:14 - INFO - utils.trainer -   Epoch: 67 [C], Cla: 0.04467, MMS: 0.02395, Cons: 0.00000, Div: 0.00015, Sparsity: 0.60437, Acc: 0.2885, Best: 0.3462, Time: 94.4s
06/17/2026 18:09:48 - INFO - utils.trainer -   ***** Running evaluation on test1 dataset *****
06/17/2026 18:10:05 - INFO - utils.trainer -   AUC: 0.53608
06/17/2026 18:10:05 - INFO - utils.trainer -   Accuracy: 0.26923
06/17/2026 18:10:05 - INFO - utils.trainer -   Precision: 0.26243
06/17/2026 18:10:05 - INFO - utils.trainer -   Recall: 0.27536
06/17/2026 18:10:05 - INFO - utils.trainer -   F_score: 0.26214
06/17/2026 18:10:05 - INFO - utils.trainer -   Cla Loss: 3.37458
06/17/2026 18:10:05 - INFO - utils.trainer -   MMS Loss: 0.05479
06/17/2026 18:10:05 - INFO - utils.trainer -   Cons Loss: 0.00000
06/17/2026 18:10:05 - INFO - utils.trainer -   Div Loss: 0.00014
06/17/2026 18:10:05 - INFO - utils.trainer -   Sparsity Loss: 0.64236
06/17/2026 18:10:05 - INFO - utils.trainer -   Epoch: 68 [C], Cla: 0.04642, MMS: 0.02691, Cons: 0.00000, Div: 0.00014, Sparsity: 0.60946, Acc: 0.2692, Best: 0.3462, Time: 94.2s
06/17/2026 18:11:40 - INFO - utils.trainer -   ***** Running evaluation on test1 dataset *****
06/17/2026 18:11:57 - INFO - utils.trainer -   AUC: 0.56228
06/17/2026 18:11:57 - INFO - utils.trainer -   Accuracy: 0.27564
06/17/2026 18:11:57 - INFO - utils.trainer -   Precision: 0.26816
06/17/2026 18:11:57 - INFO - utils.trainer -   Recall: 0.29052
06/17/2026 18:11:57 - INFO - utils.trainer -   F_score: 0.26589
06/17/2026 18:11:57 - INFO - utils.trainer -   Cla Loss: 3.49061
06/17/2026 18:11:57 - INFO - utils.trainer -   MMS Loss: 0.05334
06/17/2026 18:11:57 - INFO - utils.trainer -   Cons Loss: 0.00000
06/17/2026 18:11:57 - INFO - utils.trainer -   Div Loss: 0.00015
06/17/2026 18:11:57 - INFO - utils.trainer -   Sparsity Loss: 0.62036
06/17/2026 18:11:57 - INFO - utils.trainer -   Epoch: 69 [C], Cla: 0.03474, MMS: 0.02453, Cons: 0.00000, Div: 0.00015, Sparsity: 0.61132, Acc: 0.2756, Best: 0.3462, Time: 94.2s
06/17/2026 18:13:31 - INFO - utils.trainer -   ***** Running evaluation on test1 dataset *****
06/17/2026 18:13:49 - INFO - utils.trainer -   AUC: 0.55717
06/17/2026 18:13:49 - INFO - utils.trainer -   Accuracy: 0.28846
06/17/2026 18:13:49 - INFO - utils.trainer -   Precision: 0.29572
06/17/2026 18:13:49 - INFO - utils.trainer -   Recall: 0.31156
06/17/2026 18:13:49 - INFO - utils.trainer -   F_score: 0.28124
06/17/2026 18:13:49 - INFO - utils.trainer -   Cla Loss: 3.55117
06/17/2026 18:13:49 - INFO - utils.trainer -   MMS Loss: 0.05013
06/17/2026 18:13:49 - INFO - utils.trainer -   Cons Loss: 0.00000
06/17/2026 18:13:49 - INFO - utils.trainer -   Div Loss: 0.00016
06/17/2026 18:13:49 - INFO - utils.trainer -   Sparsity Loss: 0.64131
06/17/2026 18:13:49 - INFO - utils.trainer -   Epoch: 70 [C], Cla: 0.02479, MMS: 0.02341, Cons: 0.00000, Div: 0.00015, Sparsity: 0.61008, Acc: 0.2885, Best: 0.3462, Time: 94.1s
06/17/2026 18:15:23 - INFO - utils.trainer -   ***** Running evaluation on test1 dataset *****
06/17/2026 18:15:41 - INFO - utils.trainer -   AUC: 0.57259
06/17/2026 18:15:41 - INFO - utils.trainer -   Accuracy: 0.29487
06/17/2026 18:15:41 - INFO - utils.trainer -   Precision: 0.28565
06/17/2026 18:15:41 - INFO - utils.trainer -   Recall: 0.32519
06/17/2026 18:15:41 - INFO - utils.trainer -   F_score: 0.29100
06/17/2026 18:15:41 - INFO - utils.trainer -   Cla Loss: 3.49822
06/17/2026 18:15:41 - INFO - utils.trainer -   MMS Loss: 0.05345
06/17/2026 18:15:41 - INFO - utils.trainer -   Cons Loss: 0.00000
06/17/2026 18:15:41 - INFO - utils.trainer -   Div Loss: 0.00015
06/17/2026 18:15:41 - INFO - utils.trainer -   Sparsity Loss: 0.64247
06/17/2026 18:15:41 - INFO - utils.trainer -   Epoch: 71 [C], Cla: 0.08110, MMS: 0.02285, Cons: 0.00000, Div: 0.00015, Sparsity: 0.61582, Acc: 0.2949, Best: 0.3462, Time: 94.5s
06/17/2026 18:17:15 - INFO - utils.trainer -   ***** Running evaluation on test1 dataset *****
06/17/2026 18:17:32 - INFO - utils.trainer -   AUC: 0.57784
06/17/2026 18:17:32 - INFO - utils.trainer -   Accuracy: 0.35897
06/17/2026 18:17:32 - INFO - utils.trainer -   Precision: 0.34894
06/17/2026 18:17:32 - INFO - utils.trainer -   Recall: 0.36901
06/17/2026 18:17:32 - INFO - utils.trainer -   F_score: 0.35337
06/17/2026 18:17:32 - INFO - utils.trainer -   Cla Loss: 3.45643
06/17/2026 18:17:32 - INFO - utils.trainer -   MMS Loss: 0.05501
06/17/2026 18:17:32 - INFO - utils.trainer -   Cons Loss: 0.00000
06/17/2026 18:17:32 - INFO - utils.trainer -   Div Loss: 0.00015
06/17/2026 18:17:32 - INFO - utils.trainer -   Sparsity Loss: 0.63174
06/17/2026 18:17:33 - INFO - utils.trainer -     state_dict: 350 tensors, 125.1 MB (trainable + buffers only)
06/17/2026 18:17:33 - INFO - utils.trainer -   Model saved to output_dir/LDDE2th
06/17/2026 18:17:33 - INFO - utils.trainer -   Best model saved (acc=0.3590)
06/17/2026 18:17:33 - INFO - utils.trainer -   Epoch: 72 [C], Cla: 0.07229, MMS: 0.02441, Cons: 0.00000, Div: 0.00015, Sparsity: 0.62032, Acc: 0.3590, Best: 0.3590, Time: 94.2s
06/17/2026 18:19:07 - INFO - utils.trainer -   ***** Running evaluation on test1 dataset *****
06/17/2026 18:19:25 - INFO - utils.trainer -   AUC: 0.56493
06/17/2026 18:19:25 - INFO - utils.trainer -   Accuracy: 0.28205
06/17/2026 18:19:25 - INFO - utils.trainer -   Precision: 0.28514
06/17/2026 18:19:25 - INFO - utils.trainer -   Recall: 0.28954
06/17/2026 18:19:25 - INFO - utils.trainer -   F_score: 0.27145
06/17/2026 18:19:25 - INFO - utils.trainer -   Cla Loss: 3.39017
06/17/2026 18:19:25 - INFO - utils.trainer -   MMS Loss: 0.05401
06/17/2026 18:19:25 - INFO - utils.trainer -   Cons Loss: 0.00000
06/17/2026 18:19:25 - INFO - utils.trainer -   Div Loss: 0.00015
06/17/2026 18:19:25 - INFO - utils.trainer -   Sparsity Loss: 0.63589
06/17/2026 18:19:25 - INFO - utils.trainer -   Epoch: 73 [C], Cla: 0.07550, MMS: 0.02555, Cons: 0.00000, Div: 0.00015, Sparsity: 0.61950, Acc: 0.2821, Best: 0.3590, Time: 94.3s
06/17/2026 18:20:59 - INFO - utils.trainer -   ***** Running evaluation on test1 dataset *****
06/17/2026 18:21:16 - INFO - utils.trainer -   AUC: 0.54713
06/17/2026 18:21:16 - INFO - utils.trainer -   Accuracy: 0.28205
06/17/2026 18:21:16 - INFO - utils.trainer -   Precision: 0.25760
06/17/2026 18:21:16 - INFO - utils.trainer -   Recall: 0.26701
06/17/2026 18:21:16 - INFO - utils.trainer -   F_score: 0.25865
06/17/2026 18:21:16 - INFO - utils.trainer -   Cla Loss: 3.31078
06/17/2026 18:21:16 - INFO - utils.trainer -   MMS Loss: 0.05486
06/17/2026 18:21:16 - INFO - utils.trainer -   Cons Loss: 0.00000
06/17/2026 18:21:16 - INFO - utils.trainer -   Div Loss: 0.00015
06/17/2026 18:21:16 - INFO - utils.trainer -   Sparsity Loss: 0.60920
06/17/2026 18:21:16 - INFO - utils.trainer -   Epoch: 74 [C], Cla: 0.10097, MMS: 0.02707, Cons: 0.00000, Div: 0.00014, Sparsity: 0.60903, Acc: 0.2821, Best: 0.3590, Time: 94.4s
06/17/2026 18:22:51 - INFO - utils.trainer -   ***** Running evaluation on test1 dataset *****
06/17/2026 18:23:08 - INFO - utils.trainer -   AUC: 0.57423
06/17/2026 18:23:08 - INFO - utils.trainer -   Accuracy: 0.32051
06/17/2026 18:23:08 - INFO - utils.trainer -   Precision: 0.30822
06/17/2026 18:23:08 - INFO - utils.trainer -   Recall: 0.32418
06/17/2026 18:23:08 - INFO - utils.trainer -   F_score: 0.31132
06/17/2026 18:23:08 - INFO - utils.trainer -   Cla Loss: 3.12400
06/17/2026 18:23:08 - INFO - utils.trainer -   MMS Loss: 0.05939
06/17/2026 18:23:08 - INFO - utils.trainer -   Cons Loss: 0.00000
06/17/2026 18:23:08 - INFO - utils.trainer -   Div Loss: 0.00014
06/17/2026 18:23:08 - INFO - utils.trainer -   Sparsity Loss: 0.63123
06/17/2026 18:23:08 - INFO - utils.trainer -   Epoch: 75 [C], Cla: 0.11003, MMS: 0.02623, Cons: 0.00000, Div: 0.00014, Sparsity: 0.61308, Acc: 0.3205, Best: 0.3590, Time: 94.3s
06/17/2026 18:24:43 - INFO - utils.trainer -   ***** Running evaluation on test1 dataset *****
06/17/2026 18:25:00 - INFO - utils.trainer -   AUC: 0.57695
06/17/2026 18:25:00 - INFO - utils.trainer -   Accuracy: 0.30769
06/17/2026 18:25:00 - INFO - utils.trainer -   Precision: 0.32881
06/17/2026 18:25:00 - INFO - utils.trainer -   Recall: 0.32826
06/17/2026 18:25:00 - INFO - utils.trainer -   F_score: 0.30006
06/17/2026 18:25:00 - INFO - utils.trainer -   Cla Loss: 3.32361
06/17/2026 18:25:00 - INFO - utils.trainer -   MMS Loss: 0.05146
06/17/2026 18:25:00 - INFO - utils.trainer -   Cons Loss: 0.00000
06/17/2026 18:25:00 - INFO - utils.trainer -   Div Loss: 0.00015
06/17/2026 18:25:00 - INFO - utils.trainer -   Sparsity Loss: 0.63567
06/17/2026 18:25:00 - INFO - utils.trainer -   Epoch: 76 [C], Cla: 0.07544, MMS: 0.02395, Cons: 0.00000, Div: 0.00014, Sparsity: 0.62349, Acc: 0.3077, Best: 0.3590, Time: 94.3s
06/17/2026 18:26:35 - INFO - utils.trainer -   ***** Running evaluation on test1 dataset *****
06/17/2026 18:26:52 - INFO - utils.trainer -   AUC: 0.57583
06/17/2026 18:26:52 - INFO - utils.trainer -   Accuracy: 0.33333
06/17/2026 18:26:52 - INFO - utils.trainer -   Precision: 0.33218
06/17/2026 18:26:52 - INFO - utils.trainer -   Recall: 0.34647
06/17/2026 18:26:52 - INFO - utils.trainer -   F_score: 0.32809
06/17/2026 18:26:52 - INFO - utils.trainer -   Cla Loss: 3.45057
06/17/2026 18:26:52 - INFO - utils.trainer -   MMS Loss: 0.05302
06/17/2026 18:26:52 - INFO - utils.trainer -   Cons Loss: 0.00000
06/17/2026 18:26:52 - INFO - utils.trainer -   Div Loss: 0.00014
06/17/2026 18:26:52 - INFO - utils.trainer -   Sparsity Loss: 0.65420
06/17/2026 18:26:52 - INFO - utils.trainer -   Epoch: 77 [C], Cla: 0.10467, MMS: 0.02616, Cons: 0.00000, Div: 0.00014, Sparsity: 0.62739, Acc: 0.3333, Best: 0.3590, Time: 94.4s
06/17/2026 18:28:27 - INFO - utils.trainer -   ***** Running evaluation on test1 dataset *****
06/17/2026 18:28:44 - INFO - utils.trainer -   AUC: 0.58289
06/17/2026 18:28:44 - INFO - utils.trainer -   Accuracy: 0.32692
06/17/2026 18:28:44 - INFO - utils.trainer -   Precision: 0.30723
06/17/2026 18:28:44 - INFO - utils.trainer -   Recall: 0.31610
06/17/2026 18:28:44 - INFO - utils.trainer -   F_score: 0.30811
06/17/2026 18:28:44 - INFO - utils.trainer -   Cla Loss: 3.29795
06/17/2026 18:28:44 - INFO - utils.trainer -   MMS Loss: 0.05165
06/17/2026 18:28:44 - INFO - utils.trainer -   Cons Loss: 0.00000
06/17/2026 18:28:44 - INFO - utils.trainer -   Div Loss: 0.00014
06/17/2026 18:28:44 - INFO - utils.trainer -   Sparsity Loss: 0.65972
06/17/2026 18:28:44 - INFO - utils.trainer -   Epoch: 78 [C], Cla: 0.08154, MMS: 0.02556, Cons: 0.00000, Div: 0.00014, Sparsity: 0.63520, Acc: 0.3269, Best: 0.3590, Time: 94.5s
06/17/2026 18:30:19 - INFO - utils.trainer -   ***** Running evaluation on test1 dataset *****
06/17/2026 18:30:36 - INFO - utils.trainer -   AUC: 0.55652
06/17/2026 18:30:36 - INFO - utils.trainer -   Accuracy: 0.31410
06/17/2026 18:30:36 - INFO - utils.trainer -   Precision: 0.30941
06/17/2026 18:30:36 - INFO - utils.trainer -   Recall: 0.29841
06/17/2026 18:30:36 - INFO - utils.trainer -   F_score: 0.29431
06/17/2026 18:30:36 - INFO - utils.trainer -   Cla Loss: 3.45541
06/17/2026 18:30:36 - INFO - utils.trainer -   MMS Loss: 0.05584
06/17/2026 18:30:36 - INFO - utils.trainer -   Cons Loss: 0.00000
06/17/2026 18:30:36 - INFO - utils.trainer -   Div Loss: 0.00012
06/17/2026 18:30:36 - INFO - utils.trainer -   Sparsity Loss: 0.66530
06/17/2026 18:30:36 - INFO - utils.trainer -   Epoch: 79 [C], Cla: 0.07643, MMS: 0.02445, Cons: 0.00000, Div: 0.00014, Sparsity: 0.62917, Acc: 0.3141, Best: 0.3590, Time: 94.5s
06/17/2026 18:32:11 - INFO - utils.trainer -   ***** Running evaluation on test1 dataset *****
06/17/2026 18:32:28 - INFO - utils.trainer -   AUC: 0.57656
06/17/2026 18:32:28 - INFO - utils.trainer -   Accuracy: 0.32692
06/17/2026 18:32:28 - INFO - utils.trainer -   Precision: 0.31782
06/17/2026 18:32:28 - INFO - utils.trainer -   Recall: 0.31941
06/17/2026 18:32:28 - INFO - utils.trainer -   F_score: 0.30784
06/17/2026 18:32:28 - INFO - utils.trainer -   Cla Loss: 3.35088
06/17/2026 18:32:28 - INFO - utils.trainer -   MMS Loss: 0.05077
06/17/2026 18:32:28 - INFO - utils.trainer -   Cons Loss: 0.00000
06/17/2026 18:32:28 - INFO - utils.trainer -   Div Loss: 0.00015
06/17/2026 18:32:28 - INFO - utils.trainer -   Sparsity Loss: 0.65165
06/17/2026 18:32:28 - INFO - utils.trainer -   Epoch: 80 [C], Cla: 0.08181, MMS: 0.02815, Cons: 0.00000, Div: 0.00014, Sparsity: 0.62599, Acc: 0.3269, Best: 0.3590, Time: 94.4s
06/17/2026 18:34:03 - INFO - utils.trainer -   ***** Running evaluation on test1 dataset *****
06/17/2026 18:34:20 - INFO - utils.trainer -   AUC: 0.55991
06/17/2026 18:34:20 - INFO - utils.trainer -   Accuracy: 0.32051
06/17/2026 18:34:20 - INFO - utils.trainer -   Precision: 0.33319
06/17/2026 18:34:20 - INFO - utils.trainer -   Recall: 0.33836
06/17/2026 18:34:20 - INFO - utils.trainer -   F_score: 0.31845
06/17/2026 18:34:20 - INFO - utils.trainer -   Cla Loss: 3.63989
06/17/2026 18:34:20 - INFO - utils.trainer -   MMS Loss: 0.05503
06/17/2026 18:34:20 - INFO - utils.trainer -   Cons Loss: 0.00000
06/17/2026 18:34:20 - INFO - utils.trainer -   Div Loss: 0.00014
06/17/2026 18:34:20 - INFO - utils.trainer -   Sparsity Loss: 0.65447
06/17/2026 18:34:20 - INFO - utils.trainer -   Epoch: 81 [C], Cla: 0.03388, MMS: 0.02395, Cons: 0.00000, Div: 0.00014, Sparsity: 0.62263, Acc: 0.3205, Best: 0.3590, Time: 94.4s
06/17/2026 18:35:55 - INFO - utils.trainer -   ***** Running evaluation on test1 dataset *****
06/17/2026 18:36:12 - INFO - utils.trainer -   AUC: 0.55605
06/17/2026 18:36:12 - INFO - utils.trainer -   Accuracy: 0.26923
06/17/2026 18:36:12 - INFO - utils.trainer -   Precision: 0.28771
06/17/2026 18:36:12 - INFO - utils.trainer -   Recall: 0.29485
06/17/2026 18:36:12 - INFO - utils.trainer -   F_score: 0.26524
06/17/2026 18:36:12 - INFO - utils.trainer -   Cla Loss: 3.79536
06/17/2026 18:36:12 - INFO - utils.trainer -   MMS Loss: 0.05336
06/17/2026 18:36:12 - INFO - utils.trainer -   Cons Loss: 0.00000
06/17/2026 18:36:12 - INFO - utils.trainer -   Div Loss: 0.00014
06/17/2026 18:36:12 - INFO - utils.trainer -   Sparsity Loss: 0.65849
06/17/2026 18:36:12 - INFO - utils.trainer -   Epoch: 82 [C], Cla: 0.08504, MMS: 0.02442, Cons: 0.00000, Div: 0.00013, Sparsity: 0.62506, Acc: 0.2692, Best: 0.3590, Time: 94.4s
06/17/2026 18:37:47 - INFO - utils.trainer -   ***** Running evaluation on test1 dataset *****
06/17/2026 18:38:04 - INFO - utils.trainer -   AUC: 0.58653
06/17/2026 18:38:04 - INFO - utils.trainer -   Accuracy: 0.33333
06/17/2026 18:38:04 - INFO - utils.trainer -   Precision: 0.30211
06/17/2026 18:38:04 - INFO - utils.trainer -   Recall: 0.30421
06/17/2026 18:38:04 - INFO - utils.trainer -   F_score: 0.29931
06/17/2026 18:38:04 - INFO - utils.trainer -   Cla Loss: 3.14856
06/17/2026 18:38:04 - INFO - utils.trainer -   MMS Loss: 0.05474
06/17/2026 18:38:04 - INFO - utils.trainer -   Cons Loss: 0.00000
06/17/2026 18:38:04 - INFO - utils.trainer -   Div Loss: 0.00014
06/17/2026 18:38:04 - INFO - utils.trainer -   Sparsity Loss: 0.64189
06/17/2026 18:38:04 - INFO - utils.trainer -   Epoch: 83 [C], Cla: 0.09278, MMS: 0.02612, Cons: 0.00000, Div: 0.00014, Sparsity: 0.62390, Acc: 0.3333, Best: 0.3590, Time: 94.5s
06/17/2026 18:39:39 - INFO - utils.trainer -   ***** Running evaluation on test1 dataset *****
06/17/2026 18:39:57 - INFO - utils.trainer -   AUC: 0.58328
06/17/2026 18:39:57 - INFO - utils.trainer -   Accuracy: 0.31410
06/17/2026 18:39:57 - INFO - utils.trainer -   Precision: 0.31946
06/17/2026 18:39:57 - INFO - utils.trainer -   Recall: 0.33938
06/17/2026 18:39:57 - INFO - utils.trainer -   F_score: 0.30922
06/17/2026 18:39:57 - INFO - utils.trainer -   Cla Loss: 3.73459
06/17/2026 18:39:57 - INFO - utils.trainer -   MMS Loss: 0.05273
06/17/2026 18:39:57 - INFO - utils.trainer -   Cons Loss: 0.00000
06/17/2026 18:39:57 - INFO - utils.trainer -   Div Loss: 0.00015
06/17/2026 18:39:57 - INFO - utils.trainer -   Sparsity Loss: 0.64189
06/17/2026 18:39:57 - INFO - utils.trainer -   Epoch: 84 [C], Cla: 0.10623, MMS: 0.02442, Cons: 0.00000, Div: 0.00015, Sparsity: 0.62914, Acc: 0.3141, Best: 0.3590, Time: 94.5s
06/17/2026 18:41:31 - INFO - utils.trainer -   ***** Running evaluation on test1 dataset *****
06/17/2026 18:41:48 - INFO - utils.trainer -   AUC: 0.56061
06/17/2026 18:41:48 - INFO - utils.trainer -   Accuracy: 0.28846
06/17/2026 18:41:48 - INFO - utils.trainer -   Precision: 0.27245
06/17/2026 18:41:48 - INFO - utils.trainer -   Recall: 0.27816
06/17/2026 18:41:48 - INFO - utils.trainer -   F_score: 0.26955
06/17/2026 18:41:48 - INFO - utils.trainer -   Cla Loss: 3.49698
06/17/2026 18:41:48 - INFO - utils.trainer -   MMS Loss: 0.05742
06/17/2026 18:41:48 - INFO - utils.trainer -   Cons Loss: 0.00000
06/17/2026 18:41:48 - INFO - utils.trainer -   Div Loss: 0.00015
06/17/2026 18:41:48 - INFO - utils.trainer -   Sparsity Loss: 0.66314
06/17/2026 18:41:48 - INFO - utils.trainer -   Epoch: 85 [C], Cla: 0.04852, MMS: 0.02341, Cons: 0.00000, Div: 0.00014, Sparsity: 0.62473, Acc: 0.2885, Best: 0.3590, Time: 94.3s
06/17/2026 18:43:23 - INFO - utils.trainer -   ***** Running evaluation on test1 dataset *****
06/17/2026 18:43:40 - INFO - utils.trainer -   AUC: 0.56404
06/17/2026 18:43:40 - INFO - utils.trainer -   Accuracy: 0.30128
06/17/2026 18:43:40 - INFO - utils.trainer -   Precision: 0.28370
06/17/2026 18:43:40 - INFO - utils.trainer -   Recall: 0.29939
06/17/2026 18:43:40 - INFO - utils.trainer -   F_score: 0.28121
06/17/2026 18:43:40 - INFO - utils.trainer -   Cla Loss: 3.66240
06/17/2026 18:43:40 - INFO - utils.trainer -   MMS Loss: 0.05529
06/17/2026 18:43:40 - INFO - utils.trainer -   Cons Loss: 0.00000
06/17/2026 18:43:40 - INFO - utils.trainer -   Div Loss: 0.00014
06/17/2026 18:43:40 - INFO - utils.trainer -   Sparsity Loss: 0.64830
06/17/2026 18:43:40 - INFO - utils.trainer -   Epoch: 86 [C], Cla: 0.07211, MMS: 0.02492, Cons: 0.00000, Div: 0.00014, Sparsity: 0.63126, Acc: 0.3013, Best: 0.3590, Time: 94.4s
06/17/2026 18:45:15 - INFO - utils.trainer -   ***** Running evaluation on test1 dataset *****
06/17/2026 18:45:32 - INFO - utils.trainer -   AUC: 0.58305
06/17/2026 18:45:32 - INFO - utils.trainer -   Accuracy: 0.32051
06/17/2026 18:45:32 - INFO - utils.trainer -   Precision: 0.31083
06/17/2026 18:45:32 - INFO - utils.trainer -   Recall: 0.31055
06/17/2026 18:45:32 - INFO - utils.trainer -   F_score: 0.30636
06/17/2026 18:45:32 - INFO - utils.trainer -   Cla Loss: 3.22929
06/17/2026 18:45:32 - INFO - utils.trainer -   MMS Loss: 0.05101
06/17/2026 18:45:32 - INFO - utils.trainer -   Cons Loss: 0.00000
06/17/2026 18:45:32 - INFO - utils.trainer -   Div Loss: 0.00015
06/17/2026 18:45:32 - INFO - utils.trainer -   Sparsity Loss: 0.66104
06/17/2026 18:45:32 - INFO - utils.trainer -   Epoch: 87 [C], Cla: 0.08402, MMS: 0.02465, Cons: 0.00000, Div: 0.00013, Sparsity: 0.63176, Acc: 0.3205, Best: 0.3590, Time: 94.5s
06/17/2026 18:47:07 - INFO - utils.trainer -   ***** Running evaluation on test1 dataset *****
06/17/2026 18:47:24 - INFO - utils.trainer -   AUC: 0.59065
06/17/2026 18:47:24 - INFO - utils.trainer -   Accuracy: 0.28846
06/17/2026 18:47:24 - INFO - utils.trainer -   Precision: 0.28418
06/17/2026 18:47:24 - INFO - utils.trainer -   Recall: 0.30624
06/17/2026 18:47:24 - INFO - utils.trainer -   F_score: 0.27743
06/17/2026 18:47:24 - INFO - utils.trainer -   Cla Loss: 3.47055
06/17/2026 18:47:24 - INFO - utils.trainer -   MMS Loss: 0.05314
06/17/2026 18:47:24 - INFO - utils.trainer -   Cons Loss: 0.00000
06/17/2026 18:47:24 - INFO - utils.trainer -   Div Loss: 0.00012
06/17/2026 18:47:24 - INFO - utils.trainer -   Sparsity Loss: 0.63591
06/17/2026 18:47:24 - INFO - utils.trainer -   Epoch: 88 [C], Cla: 0.03093, MMS: 0.02393, Cons: 0.00000, Div: 0.00014, Sparsity: 0.61919, Acc: 0.2885, Best: 0.3590, Time: 94.3s
06/17/2026 18:48:59 - INFO - utils.trainer -   ***** Running evaluation on test1 dataset *****
06/17/2026 18:49:16 - INFO - utils.trainer -   AUC: 0.59982
06/17/2026 18:49:16 - INFO - utils.trainer -   Accuracy: 0.31410
06/17/2026 18:49:16 - INFO - utils.trainer -   Precision: 0.29756
06/17/2026 18:49:16 - INFO - utils.trainer -   Recall: 0.32141
06/17/2026 18:49:16 - INFO - utils.trainer -   F_score: 0.29736
06/17/2026 18:49:16 - INFO - utils.trainer -   Cla Loss: 3.34186
06/17/2026 18:49:16 - INFO - utils.trainer -   MMS Loss: 0.05308
06/17/2026 18:49:16 - INFO - utils.trainer -   Cons Loss: 0.00000
06/17/2026 18:49:16 - INFO - utils.trainer -   Div Loss: 0.00014
06/17/2026 18:49:16 - INFO - utils.trainer -   Sparsity Loss: 0.60634
06/17/2026 18:49:16 - INFO - utils.trainer -   Epoch: 89 [C], Cla: 0.02259, MMS: 0.02197, Cons: 0.00000, Div: 0.00013, Sparsity: 0.60898, Acc: 0.3141, Best: 0.3590, Time: 94.4s
06/17/2026 18:50:50 - INFO - utils.trainer -   ***** Running evaluation on test1 dataset *****
06/17/2026 18:51:08 - INFO - utils.trainer -   AUC: 0.59438
06/17/2026 18:51:08 - INFO - utils.trainer -   Accuracy: 0.28205
06/17/2026 18:51:08 - INFO - utils.trainer -   Precision: 0.26241
06/17/2026 18:51:08 - INFO - utils.trainer -   Recall: 0.30442
06/17/2026 18:51:08 - INFO - utils.trainer -   F_score: 0.25821
06/17/2026 18:51:08 - INFO - utils.trainer -   Cla Loss: 3.73665
06/17/2026 18:51:08 - INFO - utils.trainer -   MMS Loss: 0.05241
06/17/2026 18:51:08 - INFO - utils.trainer -   Cons Loss: 0.00000
06/17/2026 18:51:08 - INFO - utils.trainer -   Div Loss: 0.00013
06/17/2026 18:51:08 - INFO - utils.trainer -   Sparsity Loss: 0.61116
06/17/2026 18:51:08 - INFO - utils.trainer -   Epoch: 90 [C], Cla: 0.02158, MMS: 0.02284, Cons: 0.00000, Div: 0.00013, Sparsity: 0.60670, Acc: 0.2821, Best: 0.3590, Time: 94.2s
06/17/2026 18:52:42 - INFO - utils.trainer -   ***** Running evaluation on test1 dataset *****
06/17/2026 18:53:00 - INFO - utils.trainer -   AUC: 0.58343
06/17/2026 18:53:00 - INFO - utils.trainer -   Accuracy: 0.30769
06/17/2026 18:53:00 - INFO - utils.trainer -   Precision: 0.28285
06/17/2026 18:53:00 - INFO - utils.trainer -   Recall: 0.29990
06/17/2026 18:53:00 - INFO - utils.trainer -   F_score: 0.28193
06/17/2026 18:53:00 - INFO - utils.trainer -   Cla Loss: 3.42930
06/17/2026 18:53:00 - INFO - utils.trainer -   MMS Loss: 0.05140
06/17/2026 18:53:00 - INFO - utils.trainer -   Cons Loss: 0.00000
06/17/2026 18:53:00 - INFO - utils.trainer -   Div Loss: 0.00015
06/17/2026 18:53:00 - INFO - utils.trainer -   Sparsity Loss: 0.61200
06/17/2026 18:53:00 - INFO - utils.trainer -   Epoch: 91 [C], Cla: 0.01727, MMS: 0.02301, Cons: 0.00000, Div: 0.00014, Sparsity: 0.60904, Acc: 0.3077, Best: 0.3590, Time: 94.4s
06/17/2026 18:54:34 - INFO - utils.trainer -   ***** Running evaluation on test1 dataset *****
06/17/2026 18:54:52 - INFO - utils.trainer -   AUC: 0.58455
06/17/2026 18:54:52 - INFO - utils.trainer -   Accuracy: 0.32051
06/17/2026 18:54:52 - INFO - utils.trainer -   Precision: 0.31732
06/17/2026 18:54:52 - INFO - utils.trainer -   Recall: 0.34973
06/17/2026 18:54:52 - INFO - utils.trainer -   F_score: 0.30688
06/17/2026 18:54:52 - INFO - utils.trainer -   Cla Loss: 3.78665
06/17/2026 18:54:52 - INFO - utils.trainer -   MMS Loss: 0.05493
06/17/2026 18:54:52 - INFO - utils.trainer -   Cons Loss: 0.00000
06/17/2026 18:54:52 - INFO - utils.trainer -   Div Loss: 0.00013
06/17/2026 18:54:52 - INFO - utils.trainer -   Sparsity Loss: 0.60664
06/17/2026 18:54:52 - INFO - utils.trainer -   Epoch: 92 [C], Cla: 0.01545, MMS: 0.02275, Cons: 0.00000, Div: 0.00013, Sparsity: 0.60796, Acc: 0.3205, Best: 0.3590, Time: 94.4s
06/17/2026 18:56:26 - INFO - utils.trainer -   ***** Running evaluation on test1 dataset *****
06/17/2026 18:56:44 - INFO - utils.trainer -   AUC: 0.58004
06/17/2026 18:56:44 - INFO - utils.trainer -   Accuracy: 0.32692
06/17/2026 18:56:44 - INFO - utils.trainer -   Precision: 0.32490
06/17/2026 18:56:44 - INFO - utils.trainer -   Recall: 0.34521
06/17/2026 18:56:44 - INFO - utils.trainer -   F_score: 0.31764
06/17/2026 18:56:44 - INFO - utils.trainer -   Cla Loss: 3.79720
06/17/2026 18:56:44 - INFO - utils.trainer -   MMS Loss: 0.05562
06/17/2026 18:56:44 - INFO - utils.trainer -   Cons Loss: 0.00000
06/17/2026 18:56:44 - INFO - utils.trainer -   Div Loss: 0.00014
06/17/2026 18:56:44 - INFO - utils.trainer -   Sparsity Loss: 0.59573
06/17/2026 18:56:44 - INFO - utils.trainer -   Epoch: 93 [C], Cla: 0.03401, MMS: 0.02438, Cons: 0.00000, Div: 0.00013, Sparsity: 0.59555, Acc: 0.3269, Best: 0.3590, Time: 94.6s
06/17/2026 18:58:18 - INFO - utils.trainer -   ***** Running evaluation on test1 dataset *****
06/17/2026 18:58:36 - INFO - utils.trainer -   AUC: 0.58098
06/17/2026 18:58:36 - INFO - utils.trainer -   Accuracy: 0.33974
06/17/2026 18:58:36 - INFO - utils.trainer -   Precision: 0.33696
06/17/2026 18:58:36 - INFO - utils.trainer -   Recall: 0.36089
06/17/2026 18:58:36 - INFO - utils.trainer -   F_score: 0.33307
06/17/2026 18:58:36 - INFO - utils.trainer -   Cla Loss: 3.74306
06/17/2026 18:58:36 - INFO - utils.trainer -   MMS Loss: 0.05286
06/17/2026 18:58:36 - INFO - utils.trainer -   Cons Loss: 0.00000
06/17/2026 18:58:36 - INFO - utils.trainer -   Div Loss: 0.00012
06/17/2026 18:58:36 - INFO - utils.trainer -   Sparsity Loss: 0.62246
06/17/2026 18:58:36 - INFO - utils.trainer -   Epoch: 94 [C], Cla: 0.02377, MMS: 0.02494, Cons: 0.00000, Div: 0.00013, Sparsity: 0.60416, Acc: 0.3397, Best: 0.3590, Time: 94.4s
06/17/2026 19:00:11 - INFO - utils.trainer -   ***** Running evaluation on test1 dataset *****
06/17/2026 19:00:28 - INFO - utils.trainer -   AUC: 0.56738
06/17/2026 19:00:28 - INFO - utils.trainer -   Accuracy: 0.30128
06/17/2026 19:00:28 - INFO - utils.trainer -   Precision: 0.29387
06/17/2026 19:00:28 - INFO - utils.trainer -   Recall: 0.29865
06/17/2026 19:00:28 - INFO - utils.trainer -   F_score: 0.29162
06/17/2026 19:00:28 - INFO - utils.trainer -   Cla Loss: 3.46382
06/17/2026 19:00:28 - INFO - utils.trainer -   MMS Loss: 0.05723
06/17/2026 19:00:28 - INFO - utils.trainer -   Cons Loss: 0.00000
06/17/2026 19:00:28 - INFO - utils.trainer -   Div Loss: 0.00013
06/17/2026 19:00:28 - INFO - utils.trainer -   Sparsity Loss: 0.64247
06/17/2026 19:00:28 - INFO - utils.trainer -   Epoch: 95 [C], Cla: 0.05900, MMS: 0.02417, Cons: 0.00000, Div: 0.00012, Sparsity: 0.61917, Acc: 0.3013, Best: 0.3590, Time: 94.5s
06/17/2026 19:02:02 - INFO - utils.trainer -   ***** Running evaluation on test1 dataset *****
06/17/2026 19:02:20 - INFO - utils.trainer -   AUC: 0.60002
06/17/2026 19:02:20 - INFO - utils.trainer -   Accuracy: 0.33333
06/17/2026 19:02:20 - INFO - utils.trainer -   Precision: 0.31018
06/17/2026 19:02:20 - INFO - utils.trainer -   Recall: 0.32292
06/17/2026 19:02:20 - INFO - utils.trainer -   F_score: 0.30751
06/17/2026 19:02:20 - INFO - utils.trainer -   Cla Loss: 3.56986
06/17/2026 19:02:20 - INFO - utils.trainer -   MMS Loss: 0.05079
06/17/2026 19:02:20 - INFO - utils.trainer -   Cons Loss: 0.00000
06/17/2026 19:02:20 - INFO - utils.trainer -   Div Loss: 0.00014
06/17/2026 19:02:20 - INFO - utils.trainer -   Sparsity Loss: 0.61826
06/17/2026 19:02:20 - INFO - utils.trainer -   Epoch: 96 [C], Cla: 0.06304, MMS: 0.02315, Cons: 0.00000, Div: 0.00013, Sparsity: 0.61794, Acc: 0.3333, Best: 0.3590, Time: 94.3s
06/17/2026 19:03:55 - INFO - utils.trainer -   ***** Running evaluation on test1 dataset *****
06/17/2026 19:04:12 - INFO - utils.trainer -   AUC: 0.58705
06/17/2026 19:04:12 - INFO - utils.trainer -   Accuracy: 0.31410
06/17/2026 19:04:12 - INFO - utils.trainer -   Precision: 0.29075
06/17/2026 19:04:12 - INFO - utils.trainer -   Recall: 0.30117
06/17/2026 19:04:12 - INFO - utils.trainer -   F_score: 0.28847
06/17/2026 19:04:12 - INFO - utils.trainer -   Cla Loss: 3.56580
06/17/2026 19:04:12 - INFO - utils.trainer -   MMS Loss: 0.05235
06/17/2026 19:04:12 - INFO - utils.trainer -   Cons Loss: 0.00000
06/17/2026 19:04:12 - INFO - utils.trainer -   Div Loss: 0.00013
06/17/2026 19:04:12 - INFO - utils.trainer -   Sparsity Loss: 0.62556
06/17/2026 19:04:12 - INFO - utils.trainer -   Epoch: 97 [C], Cla: 0.02724, MMS: 0.02194, Cons: 0.00000, Div: 0.00013, Sparsity: 0.61953, Acc: 0.3141, Best: 0.3590, Time: 94.6s
06/17/2026 19:05:46 - INFO - utils.trainer -   ***** Running evaluation on test1 dataset *****
06/17/2026 19:06:04 - INFO - utils.trainer -   AUC: 0.58847
06/17/2026 19:06:04 - INFO - utils.trainer -   Accuracy: 0.33333
06/17/2026 19:06:04 - INFO - utils.trainer -   Precision: 0.29406
06/17/2026 19:06:04 - INFO - utils.trainer -   Recall: 0.30547
06/17/2026 19:06:04 - INFO - utils.trainer -   F_score: 0.29778
06/17/2026 19:06:04 - INFO - utils.trainer -   Cla Loss: 3.47711
06/17/2026 19:06:04 - INFO - utils.trainer -   MMS Loss: 0.05335
06/17/2026 19:06:04 - INFO - utils.trainer -   Cons Loss: 0.00000
06/17/2026 19:06:04 - INFO - utils.trainer -   Div Loss: 0.00013
06/17/2026 19:06:04 - INFO - utils.trainer -   Sparsity Loss: 0.61887
06/17/2026 19:06:04 - INFO - utils.trainer -   Epoch: 98 [C], Cla: 0.02036, MMS: 0.02293, Cons: 0.00000, Div: 0.00013, Sparsity: 0.61768, Acc: 0.3333, Best: 0.3590, Time: 94.3s
06/17/2026 19:07:38 - INFO - utils.trainer -   ***** Running evaluation on test1 dataset *****
06/17/2026 19:07:56 - INFO - utils.trainer -   AUC: 0.58655
06/17/2026 19:07:56 - INFO - utils.trainer -   Accuracy: 0.32051
06/17/2026 19:07:56 - INFO - utils.trainer -   Precision: 0.31334
06/17/2026 19:07:56 - INFO - utils.trainer -   Recall: 0.31712
06/17/2026 19:07:56 - INFO - utils.trainer -   F_score: 0.30051
06/17/2026 19:07:56 - INFO - utils.trainer -   Cla Loss: 3.59830
06/17/2026 19:07:56 - INFO - utils.trainer -   MMS Loss: 0.05167
06/17/2026 19:07:56 - INFO - utils.trainer -   Cons Loss: 0.00000
06/17/2026 19:07:56 - INFO - utils.trainer -   Div Loss: 0.00014
06/17/2026 19:07:56 - INFO - utils.trainer -   Sparsity Loss: 0.62570
06/17/2026 19:07:56 - INFO - utils.trainer -   Epoch: 99 [C], Cla: 0.09537, MMS: 0.02304, Cons: 0.00000, Div: 0.00013, Sparsity: 0.60931, Acc: 0.3205, Best: 0.3590, Time: 94.2s
06/17/2026 19:09:30 - INFO - utils.trainer -   ***** Running evaluation on test1 dataset *****
06/17/2026 19:09:48 - INFO - utils.trainer -   AUC: 0.58609
06/17/2026 19:09:48 - INFO - utils.trainer -   Accuracy: 0.31410
06/17/2026 19:09:48 - INFO - utils.trainer -   Precision: 0.30093
06/17/2026 19:09:48 - INFO - utils.trainer -   Recall: 0.31078
06/17/2026 19:09:48 - INFO - utils.trainer -   F_score: 0.29226
06/17/2026 19:09:48 - INFO - utils.trainer -   Cla Loss: 3.49230
06/17/2026 19:09:48 - INFO - utils.trainer -   MMS Loss: 0.05285
06/17/2026 19:09:48 - INFO - utils.trainer -   Cons Loss: 0.00000
06/17/2026 19:09:48 - INFO - utils.trainer -   Div Loss: 0.00011
06/17/2026 19:09:48 - INFO - utils.trainer -   Sparsity Loss: 0.61342
06/17/2026 19:09:48 - INFO - utils.trainer -     state_dict: 350 tensors, 125.1 MB (trainable + buffers only)
06/17/2026 19:09:48 - INFO - utils.trainer -   Model saved to output_dir/LDDE2th/checkpoint-epoch-100
06/17/2026 19:09:48 - INFO - utils.trainer -   Checkpoint saved at epoch 100
06/17/2026 19:09:48 - INFO - utils.trainer -   Epoch: 100 [C], Cla: 0.03751, MMS: 0.02130, Cons: 0.00000, Div: 0.00013, Sparsity: 0.61712, Acc: 0.3141, Best: 0.3590, Time: 94.2s
06/17/2026 19:11:22 - INFO - utils.trainer -   ***** Running evaluation on test1 dataset *****
06/17/2026 19:11:40 - INFO - utils.trainer -   AUC: 0.58479
06/17/2026 19:11:40 - INFO - utils.trainer -   Accuracy: 0.33333
06/17/2026 19:11:40 - INFO - utils.trainer -   Precision: 0.31347
06/17/2026 19:11:40 - INFO - utils.trainer -   Recall: 0.33682
06/17/2026 19:11:40 - INFO - utils.trainer -   F_score: 0.31450
06/17/2026 19:11:40 - INFO - utils.trainer -   Cla Loss: 3.88227
06/17/2026 19:11:40 - INFO - utils.trainer -   MMS Loss: 0.05455
06/17/2026 19:11:40 - INFO - utils.trainer -   Cons Loss: 0.00000
06/17/2026 19:11:40 - INFO - utils.trainer -   Div Loss: 0.00012
06/17/2026 19:11:40 - INFO - utils.trainer -   Sparsity Loss: 0.58748
06/17/2026 19:11:40 - INFO - utils.trainer -   Epoch: 101 [C], Cla: 0.08352, MMS: 0.02348, Cons: 0.00000, Div: 0.00012, Sparsity: 0.61475, Acc: 0.3333, Best: 0.3590, Time: 94.4s
06/17/2026 19:13:14 - INFO - utils.trainer -   ***** Running evaluation on test1 dataset *****
06/17/2026 19:13:32 - INFO - utils.trainer -   AUC: 0.55982
06/17/2026 19:13:32 - INFO - utils.trainer -   Accuracy: 0.30769
06/17/2026 19:13:32 - INFO - utils.trainer -   Precision: 0.30441
06/17/2026 19:13:32 - INFO - utils.trainer -   Recall: 0.31763
06/17/2026 19:13:32 - INFO - utils.trainer -   F_score: 0.30060
06/17/2026 19:13:32 - INFO - utils.trainer -   Cla Loss: 3.74147
06/17/2026 19:13:32 - INFO - utils.trainer -   MMS Loss: 0.05689
06/17/2026 19:13:32 - INFO - utils.trainer -   Cons Loss: 0.00000
06/17/2026 19:13:32 - INFO - utils.trainer -   Div Loss: 0.00013
06/17/2026 19:13:32 - INFO - utils.trainer -   Sparsity Loss: 0.62283
06/17/2026 19:13:32 - INFO - utils.trainer -   Epoch: 102 [C], Cla: 0.02378, MMS: 0.02212, Cons: 0.00000, Div: 0.00013, Sparsity: 0.60985, Acc: 0.3077, Best: 0.3590, Time: 93.9s
06/17/2026 19:15:06 - INFO - utils.trainer -   ***** Running evaluation on test1 dataset *****
06/17/2026 19:15:23 - INFO - utils.trainer -   AUC: 0.58408
06/17/2026 19:15:23 - INFO - utils.trainer -   Accuracy: 0.29487
06/17/2026 19:15:23 - INFO - utils.trainer -   Precision: 0.28234
06/17/2026 19:15:23 - INFO - utils.trainer -   Recall: 0.28371
06/17/2026 19:15:23 - INFO - utils.trainer -   F_score: 0.27253
06/17/2026 19:15:23 - INFO - utils.trainer -   Cla Loss: 3.63632
06/17/2026 19:15:23 - INFO - utils.trainer -   MMS Loss: 0.05530
06/17/2026 19:15:23 - INFO - utils.trainer -   Cons Loss: 0.00000
06/17/2026 19:15:23 - INFO - utils.trainer -   Div Loss: 0.00011
06/17/2026 19:15:23 - INFO - utils.trainer -   Sparsity Loss: 0.60656
06/17/2026 19:15:23 - INFO - utils.trainer -   Epoch: 103 [C], Cla: 0.02738, MMS: 0.02126, Cons: 0.00000, Div: 0.00012, Sparsity: 0.60736, Acc: 0.2949, Best: 0.3590, Time: 94.0s
06/17/2026 19:16:57 - INFO - utils.trainer -   ***** Running evaluation on test1 dataset *****
06/17/2026 19:17:15 - INFO - utils.trainer -   AUC: 0.59080
06/17/2026 19:17:15 - INFO - utils.trainer -   Accuracy: 0.33333
06/17/2026 19:17:15 - INFO - utils.trainer -   Precision: 0.32530
06/17/2026 19:17:15 - INFO - utils.trainer -   Recall: 0.33686
06/17/2026 19:17:15 - INFO - utils.trainer -   F_score: 0.32426
06/17/2026 19:17:15 - INFO - utils.trainer -   Cla Loss: 3.45909
06/17/2026 19:17:15 - INFO - utils.trainer -   MMS Loss: 0.05502
06/17/2026 19:17:15 - INFO - utils.trainer -   Cons Loss: 0.00000
06/17/2026 19:17:15 - INFO - utils.trainer -   Div Loss: 0.00010
06/17/2026 19:17:15 - INFO - utils.trainer -   Sparsity Loss: 0.63135
06/17/2026 19:17:15 - INFO - utils.trainer -   Epoch: 104 [C], Cla: 0.04025, MMS: 0.02168, Cons: 0.00000, Div: 0.00011, Sparsity: 0.61767, Acc: 0.3333, Best: 0.3590, Time: 94.3s
06/17/2026 19:18:49 - INFO - utils.trainer -   ***** Running evaluation on test1 dataset *****
06/17/2026 19:19:07 - INFO - utils.trainer -   AUC: 0.57289
06/17/2026 19:19:07 - INFO - utils.trainer -   Accuracy: 0.30769
06/17/2026 19:19:07 - INFO - utils.trainer -   Precision: 0.28467
06/17/2026 19:19:07 - INFO - utils.trainer -   Recall: 0.29156
06/17/2026 19:19:07 - INFO - utils.trainer -   F_score: 0.28401
06/17/2026 19:19:07 - INFO - utils.trainer -   Cla Loss: 3.80055
06/17/2026 19:19:07 - INFO - utils.trainer -   MMS Loss: 0.06031
06/17/2026 19:19:07 - INFO - utils.trainer -   Cons Loss: 0.00000
06/17/2026 19:19:07 - INFO - utils.trainer -   Div Loss: 0.00011
06/17/2026 19:19:07 - INFO - utils.trainer -   Sparsity Loss: 0.61456
06/17/2026 19:19:07 - INFO - utils.trainer -   Epoch: 105 [C], Cla: 0.03713, MMS: 0.02185, Cons: 0.00000, Div: 0.00012, Sparsity: 0.61324, Acc: 0.3077, Best: 0.3590, Time: 94.3s
06/17/2026 19:20:41 - INFO - utils.trainer -   ***** Running evaluation on test1 dataset *****
06/17/2026 19:20:58 - INFO - utils.trainer -   AUC: 0.59869
06/17/2026 19:20:58 - INFO - utils.trainer -   Accuracy: 0.30769
06/17/2026 19:20:58 - INFO - utils.trainer -   Precision: 0.29892
06/17/2026 19:20:58 - INFO - utils.trainer -   Recall: 0.32697
06/17/2026 19:20:58 - INFO - utils.trainer -   F_score: 0.29951
06/17/2026 19:20:58 - INFO - utils.trainer -   Cla Loss: 3.63598
06/17/2026 19:20:58 - INFO - utils.trainer -   MMS Loss: 0.05271
06/17/2026 19:20:58 - INFO - utils.trainer -   Cons Loss: 0.00000
06/17/2026 19:20:58 - INFO - utils.trainer -   Div Loss: 0.00010
06/17/2026 19:20:58 - INFO - utils.trainer -   Sparsity Loss: 0.61030
06/17/2026 19:20:58 - INFO - utils.trainer -   Epoch: 106 [C], Cla: 0.10628, MMS: 0.02450, Cons: 0.00000, Div: 0.00011, Sparsity: 0.60628, Acc: 0.3077, Best: 0.3590, Time: 94.2s
06/17/2026 19:22:33 - INFO - utils.trainer -   ***** Running evaluation on test1 dataset *****
06/17/2026 19:22:50 - INFO - utils.trainer -   AUC: 0.57660
06/17/2026 19:22:50 - INFO - utils.trainer -   Accuracy: 0.30769
06/17/2026 19:22:50 - INFO - utils.trainer -   Precision: 0.29439
06/17/2026 19:22:50 - INFO - utils.trainer -   Recall: 0.30826
06/17/2026 19:22:50 - INFO - utils.trainer -   F_score: 0.29679
06/17/2026 19:22:50 - INFO - utils.trainer -   Cla Loss: 3.57246
06/17/2026 19:22:50 - INFO - utils.trainer -   MMS Loss: 0.05664
06/17/2026 19:22:50 - INFO - utils.trainer -   Cons Loss: 0.00000
06/17/2026 19:22:50 - INFO - utils.trainer -   Div Loss: 0.00012
06/17/2026 19:22:50 - INFO - utils.trainer -   Sparsity Loss: 0.61258
06/17/2026 19:22:50 - INFO - utils.trainer -   Epoch: 107 [C], Cla: 0.04014, MMS: 0.02152, Cons: 0.00000, Div: 0.00011, Sparsity: 0.59930, Acc: 0.3077, Best: 0.3590, Time: 94.1s
06/17/2026 19:24:24 - INFO - utils.trainer -   ***** Running evaluation on test1 dataset *****
06/17/2026 19:24:42 - INFO - utils.trainer -   AUC: 0.58180
06/17/2026 19:24:42 - INFO - utils.trainer -   Accuracy: 0.32051
06/17/2026 19:24:42 - INFO - utils.trainer -   Precision: 0.28607
06/17/2026 19:24:42 - INFO - utils.trainer -   Recall: 0.28018
06/17/2026 19:24:42 - INFO - utils.trainer -   F_score: 0.28289
06/17/2026 19:24:42 - INFO - utils.trainer -   Cla Loss: 3.31861
06/17/2026 19:24:42 - INFO - utils.trainer -   MMS Loss: 0.05402
06/17/2026 19:24:42 - INFO - utils.trainer -   Cons Loss: 0.00000
06/17/2026 19:24:42 - INFO - utils.trainer -   Div Loss: 0.00012
06/17/2026 19:24:42 - INFO - utils.trainer -   Sparsity Loss: 0.61552
06/17/2026 19:24:42 - INFO - utils.trainer -   Epoch: 108 [C], Cla: 0.05638, MMS: 0.02269, Cons: 0.00000, Div: 0.00011, Sparsity: 0.59691, Acc: 0.3205, Best: 0.3590, Time: 94.2s
06/17/2026 19:26:16 - INFO - utils.trainer -   ***** Running evaluation on test1 dataset *****
06/17/2026 19:26:34 - INFO - utils.trainer -   AUC: 0.59424
06/17/2026 19:26:34 - INFO - utils.trainer -   Accuracy: 0.32692
06/17/2026 19:26:34 - INFO - utils.trainer -   Precision: 0.32657
06/17/2026 19:26:34 - INFO - utils.trainer -   Recall: 0.34013
06/17/2026 19:26:34 - INFO - utils.trainer -   F_score: 0.32090
06/17/2026 19:26:34 - INFO - utils.trainer -   Cla Loss: 3.44871
06/17/2026 19:26:34 - INFO - utils.trainer -   MMS Loss: 0.05495
06/17/2026 19:26:34 - INFO - utils.trainer -   Cons Loss: 0.00000
06/17/2026 19:26:34 - INFO - utils.trainer -   Div Loss: 0.00012
06/17/2026 19:26:34 - INFO - utils.trainer -   Sparsity Loss: 0.62482
06/17/2026 19:26:34 - INFO - utils.trainer -   Epoch: 109 [C], Cla: 0.05951, MMS: 0.02390, Cons: 0.00000, Div: 0.00011, Sparsity: 0.60495, Acc: 0.3269, Best: 0.3590, Time: 94.3s
06/17/2026 19:28:08 - INFO - utils.trainer -   ***** Running evaluation on test1 dataset *****
06/17/2026 19:28:25 - INFO - utils.trainer -   AUC: 0.59969
06/17/2026 19:28:25 - INFO - utils.trainer -   Accuracy: 0.31410
06/17/2026 19:28:25 - INFO - utils.trainer -   Precision: 0.32642
06/17/2026 19:28:25 - INFO - utils.trainer -   Recall: 0.33938
06/17/2026 19:28:25 - INFO - utils.trainer -   F_score: 0.31027
06/17/2026 19:28:25 - INFO - utils.trainer -   Cla Loss: 3.55801
06/17/2026 19:28:25 - INFO - utils.trainer -   MMS Loss: 0.05121
06/17/2026 19:28:25 - INFO - utils.trainer -   Cons Loss: 0.00000
06/17/2026 19:28:25 - INFO - utils.trainer -   Div Loss: 0.00011
06/17/2026 19:28:25 - INFO - utils.trainer -   Sparsity Loss: 0.62566
06/17/2026 19:28:25 - INFO - utils.trainer -   Epoch: 110 [C], Cla: 0.04849, MMS: 0.02269, Cons: 0.00000, Div: 0.00011, Sparsity: 0.60429, Acc: 0.3141, Best: 0.3590, Time: 94.2s
06/17/2026 19:29:59 - INFO - utils.trainer -   ***** Running evaluation on test1 dataset *****
06/17/2026 19:30:17 - INFO - utils.trainer -   AUC: 0.59398
06/17/2026 19:30:17 - INFO - utils.trainer -   Accuracy: 0.32692
06/17/2026 19:30:17 - INFO - utils.trainer -   Precision: 0.31744
06/17/2026 19:30:17 - INFO - utils.trainer -   Recall: 0.33583
06/17/2026 19:30:17 - INFO - utils.trainer -   F_score: 0.31562
06/17/2026 19:30:17 - INFO - utils.trainer -   Cla Loss: 3.62792
06/17/2026 19:30:17 - INFO - utils.trainer -   MMS Loss: 0.05271
06/17/2026 19:30:17 - INFO - utils.trainer -   Cons Loss: 0.00000
06/17/2026 19:30:17 - INFO - utils.trainer -   Div Loss: 0.00011
06/17/2026 19:30:17 - INFO - utils.trainer -   Sparsity Loss: 0.61551
06/17/2026 19:30:17 - INFO - utils.trainer -   Epoch: 111 [C], Cla: 0.04832, MMS: 0.02231, Cons: 0.00000, Div: 0.00011, Sparsity: 0.60603, Acc: 0.3269, Best: 0.3590, Time: 94.1s
06/17/2026 19:31:51 - INFO - utils.trainer -   ***** Running evaluation on test1 dataset *****
06/17/2026 19:32:08 - INFO - utils.trainer -   AUC: 0.59679
06/17/2026 19:32:08 - INFO - utils.trainer -   Accuracy: 0.31410
06/17/2026 19:32:08 - INFO - utils.trainer -   Precision: 0.29685
06/17/2026 19:32:08 - INFO - utils.trainer -   Recall: 0.33555
06/17/2026 19:32:08 - INFO - utils.trainer -   F_score: 0.29760
06/17/2026 19:32:08 - INFO - utils.trainer -   Cla Loss: 3.87348
06/17/2026 19:32:08 - INFO - utils.trainer -   MMS Loss: 0.05116
06/17/2026 19:32:08 - INFO - utils.trainer -   Cons Loss: 0.00000
06/17/2026 19:32:08 - INFO - utils.trainer -   Div Loss: 0.00012
06/17/2026 19:32:08 - INFO - utils.trainer -   Sparsity Loss: 0.58569
06/17/2026 19:32:08 - INFO - utils.trainer -   Epoch: 112 [C], Cla: 0.10276, MMS: 0.02312, Cons: 0.00000, Div: 0.00011, Sparsity: 0.60248, Acc: 0.3141, Best: 0.3590, Time: 94.3s
06/17/2026 19:33:43 - INFO - utils.trainer -   ***** Running evaluation on test1 dataset *****
06/17/2026 19:34:00 - INFO - utils.trainer -   AUC: 0.59722
06/17/2026 19:34:00 - INFO - utils.trainer -   Accuracy: 0.33333
06/17/2026 19:34:00 - INFO - utils.trainer -   Precision: 0.34430
06/17/2026 19:34:00 - INFO - utils.trainer -   Recall: 0.36392
06/17/2026 19:34:00 - INFO - utils.trainer -   F_score: 0.33123
06/17/2026 19:34:00 - INFO - utils.trainer -   Cla Loss: 3.63807
06/17/2026 19:34:00 - INFO - utils.trainer -   MMS Loss: 0.05161
06/17/2026 19:34:00 - INFO - utils.trainer -   Cons Loss: 0.00000
06/17/2026 19:34:00 - INFO - utils.trainer -   Div Loss: 0.00009
06/17/2026 19:34:00 - INFO - utils.trainer -   Sparsity Loss: 0.59422
06/17/2026 19:34:00 - INFO - utils.trainer -   Epoch: 113 [C], Cla: 0.05995, MMS: 0.02388, Cons: 0.00000, Div: 0.00010, Sparsity: 0.59425, Acc: 0.3333, Best: 0.3590, Time: 94.1s
06/17/2026 19:35:34 - INFO - utils.trainer -   ***** Running evaluation on test1 dataset *****
06/17/2026 19:35:52 - INFO - utils.trainer -   AUC: 0.57737
06/17/2026 19:35:52 - INFO - utils.trainer -   Accuracy: 0.26923
06/17/2026 19:35:52 - INFO - utils.trainer -   Precision: 0.26821
06/17/2026 19:35:52 - INFO - utils.trainer -   Recall: 0.29533
06/17/2026 19:35:52 - INFO - utils.trainer -   F_score: 0.26042
06/17/2026 19:35:52 - INFO - utils.trainer -   Cla Loss: 3.73062
06/17/2026 19:35:52 - INFO - utils.trainer -   MMS Loss: 0.05798
06/17/2026 19:35:52 - INFO - utils.trainer -   Cons Loss: -0.00000
06/17/2026 19:35:52 - INFO - utils.trainer -   Div Loss: 0.00010
06/17/2026 19:35:52 - INFO - utils.trainer -   Sparsity Loss: 0.55370
06/17/2026 19:35:52 - INFO - utils.trainer -   Epoch: 114 [C], Cla: 0.09116, MMS: 0.02216, Cons: 0.00000, Div: 0.00010, Sparsity: 0.57435, Acc: 0.2692, Best: 0.3590, Time: 94.2s
06/17/2026 19:37:26 - INFO - utils.trainer -   ***** Running evaluation on test1 dataset *****
06/17/2026 19:37:44 - INFO - utils.trainer -   AUC: 0.58480
06/17/2026 19:37:44 - INFO - utils.trainer -   Accuracy: 0.32051
06/17/2026 19:37:44 - INFO - utils.trainer -   Precision: 0.31997
06/17/2026 19:37:44 - INFO - utils.trainer -   Recall: 0.34418
06/17/2026 19:37:44 - INFO - utils.trainer -   F_score: 0.31622
06/17/2026 19:37:44 - INFO - utils.trainer -   Cla Loss: 3.51861
06/17/2026 19:37:44 - INFO - utils.trainer -   MMS Loss: 0.05426
06/17/2026 19:37:44 - INFO - utils.trainer -   Cons Loss: 0.00000
06/17/2026 19:37:44 - INFO - utils.trainer -   Div Loss: 0.00011
06/17/2026 19:37:44 - INFO - utils.trainer -   Sparsity Loss: 0.57947
06/17/2026 19:37:44 - INFO - utils.trainer -   Epoch: 115 [C], Cla: 0.02050, MMS: 0.02203, Cons: 0.00000, Div: 0.00010, Sparsity: 0.57543, Acc: 0.3205, Best: 0.3590, Time: 94.5s
06/17/2026 19:39:18 - INFO - utils.trainer -   ***** Running evaluation on test1 dataset *****
06/17/2026 19:39:36 - INFO - utils.trainer -   AUC: 0.57013
06/17/2026 19:39:36 - INFO - utils.trainer -   Accuracy: 0.32051
06/17/2026 19:39:36 - INFO - utils.trainer -   Precision: 0.32747
06/17/2026 19:39:36 - INFO - utils.trainer -   Recall: 0.35455
06/17/2026 19:39:36 - INFO - utils.trainer -   F_score: 0.31973
06/17/2026 19:39:36 - INFO - utils.trainer -   Cla Loss: 3.68326
06/17/2026 19:39:36 - INFO - utils.trainer -   MMS Loss: 0.05736
06/17/2026 19:39:36 - INFO - utils.trainer -   Cons Loss: 0.00000
06/17/2026 19:39:36 - INFO - utils.trainer -   Div Loss: 0.00010
06/17/2026 19:39:36 - INFO - utils.trainer -   Sparsity Loss: 0.58892
06/17/2026 19:39:36 - INFO - utils.trainer -   Epoch: 116 [C], Cla: 0.01481, MMS: 0.02135, Cons: 0.00000, Div: 0.00010, Sparsity: 0.58102, Acc: 0.3205, Best: 0.3590, Time: 94.3s
06/17/2026 19:41:10 - INFO - utils.trainer -   ***** Running evaluation on test1 dataset *****
06/17/2026 19:41:28 - INFO - utils.trainer -   AUC: 0.57334
06/17/2026 19:41:28 - INFO - utils.trainer -   Accuracy: 0.32051
06/17/2026 19:41:28 - INFO - utils.trainer -   Precision: 0.31205
06/17/2026 19:41:28 - INFO - utils.trainer -   Recall: 0.33304
06/17/2026 19:41:28 - INFO - utils.trainer -   F_score: 0.31212
06/17/2026 19:41:28 - INFO - utils.trainer -   Cla Loss: 3.61853
06/17/2026 19:41:28 - INFO - utils.trainer -   MMS Loss: 0.05899
06/17/2026 19:41:28 - INFO - utils.trainer -   Cons Loss: 0.00000
06/17/2026 19:41:28 - INFO - utils.trainer -   Div Loss: 0.00011
06/17/2026 19:41:28 - INFO - utils.trainer -   Sparsity Loss: 0.58198
06/17/2026 19:41:28 - INFO - utils.trainer -   Epoch: 117 [C], Cla: 0.06471, MMS: 0.02242, Cons: 0.00000, Div: 0.00010, Sparsity: 0.58741, Acc: 0.3205, Best: 0.3590, Time: 94.5s
06/17/2026 19:43:02 - INFO - utils.trainer -   ***** Running evaluation on test1 dataset *****
06/17/2026 19:43:19 - INFO - utils.trainer -   AUC: 0.56904
06/17/2026 19:43:19 - INFO - utils.trainer -   Accuracy: 0.32692
06/17/2026 19:43:19 - INFO - utils.trainer -   Precision: 0.32136
06/17/2026 19:43:19 - INFO - utils.trainer -   Recall: 0.34064
06/17/2026 19:43:19 - INFO - utils.trainer -   F_score: 0.31879
06/17/2026 19:43:19 - INFO - utils.trainer -   Cla Loss: 3.73294
06/17/2026 19:43:19 - INFO - utils.trainer -   MMS Loss: 0.05542
06/17/2026 19:43:19 - INFO - utils.trainer -   Cons Loss: 0.00000
06/17/2026 19:43:19 - INFO - utils.trainer -   Div Loss: 0.00010
06/17/2026 19:43:19 - INFO - utils.trainer -   Sparsity Loss: 0.58915
06/17/2026 19:43:19 - INFO - utils.trainer -   Epoch: 118 [C], Cla: 0.01730, MMS: 0.02069, Cons: 0.00000, Div: 0.00010, Sparsity: 0.58052, Acc: 0.3269, Best: 0.3590, Time: 94.2s
06/17/2026 19:44:54 - INFO - utils.trainer -   ***** Running evaluation on test1 dataset *****
06/17/2026 19:45:11 - INFO - utils.trainer -   AUC: 0.57889
06/17/2026 19:45:11 - INFO - utils.trainer -   Accuracy: 0.31410
06/17/2026 19:45:11 - INFO - utils.trainer -   Precision: 0.29271
06/17/2026 19:45:11 - INFO - utils.trainer -   Recall: 0.30901
06/17/2026 19:45:11 - INFO - utils.trainer -   F_score: 0.29337
06/17/2026 19:45:11 - INFO - utils.trainer -   Cla Loss: 3.74112
06/17/2026 19:45:11 - INFO - utils.trainer -   MMS Loss: 0.05366
06/17/2026 19:45:11 - INFO - utils.trainer -   Cons Loss: 0.00000
06/17/2026 19:45:11 - INFO - utils.trainer -   Div Loss: 0.00009
06/17/2026 19:45:11 - INFO - utils.trainer -   Sparsity Loss: 0.58389
06/17/2026 19:45:11 - INFO - utils.trainer -   Epoch: 119 [C], Cla: 0.00996, MMS: 0.02104, Cons: 0.00000, Div: 0.00010, Sparsity: 0.58653, Acc: 0.3141, Best: 0.3590, Time: 94.3s
06/17/2026 19:46:45 - INFO - utils.trainer -   ***** Running evaluation on test1 dataset *****
06/17/2026 19:47:03 - INFO - utils.trainer -   AUC: 0.58669
06/17/2026 19:47:03 - INFO - utils.trainer -   Accuracy: 0.33333
06/17/2026 19:47:03 - INFO - utils.trainer -   Precision: 0.34063
06/17/2026 19:47:03 - INFO - utils.trainer -   Recall: 0.37050
06/17/2026 19:47:03 - INFO - utils.trainer -   F_score: 0.33071
06/17/2026 19:47:03 - INFO - utils.trainer -   Cla Loss: 3.69165
06/17/2026 19:47:03 - INFO - utils.trainer -   MMS Loss: 0.05644
06/17/2026 19:47:03 - INFO - utils.trainer -   Cons Loss: 0.00000
06/17/2026 19:47:03 - INFO - utils.trainer -   Div Loss: 0.00010
06/17/2026 19:47:03 - INFO - utils.trainer -   Sparsity Loss: 0.58982
06/17/2026 19:47:03 - INFO - utils.trainer -   Epoch: 120 [C], Cla: 0.04293, MMS: 0.02140, Cons: 0.00000, Div: 0.00010, Sparsity: 0.58688, Acc: 0.3333, Best: 0.3590, Time: 94.3s
06/17/2026 19:48:37 - INFO - utils.trainer -   ***** Running evaluation on test1 dataset *****
06/17/2026 19:48:55 - INFO - utils.trainer -   AUC: 0.58179
06/17/2026 19:48:55 - INFO - utils.trainer -   Accuracy: 0.30769
06/17/2026 19:48:55 - INFO - utils.trainer -   Precision: 0.29613
06/17/2026 19:48:55 - INFO - utils.trainer -   Recall: 0.29943
06/17/2026 19:48:55 - INFO - utils.trainer -   F_score: 0.29108
06/17/2026 19:48:55 - INFO - utils.trainer -   Cla Loss: 3.53463
06/17/2026 19:48:55 - INFO - utils.trainer -   MMS Loss: 0.05272
06/17/2026 19:48:55 - INFO - utils.trainer -   Cons Loss: 0.00000
06/17/2026 19:48:55 - INFO - utils.trainer -   Div Loss: 0.00011
06/17/2026 19:48:55 - INFO - utils.trainer -   Sparsity Loss: 0.60678
06/17/2026 19:48:55 - INFO - utils.trainer -   Epoch: 121 [C], Cla: 0.04232, MMS: 0.02230, Cons: 0.00000, Div: 0.00009, Sparsity: 0.58400, Acc: 0.3077, Best: 0.3590, Time: 94.4s
06/17/2026 19:50:29 - INFO - utils.trainer -   ***** Running evaluation on test1 dataset *****
06/17/2026 19:50:47 - INFO - utils.trainer -   AUC: 0.57580
06/17/2026 19:50:47 - INFO - utils.trainer -   Accuracy: 0.33974
06/17/2026 19:50:47 - INFO - utils.trainer -   Precision: 0.33758
06/17/2026 19:50:47 - INFO - utils.trainer -   Recall: 0.35230
06/17/2026 19:50:47 - INFO - utils.trainer -   F_score: 0.33393
06/17/2026 19:50:47 - INFO - utils.trainer -   Cla Loss: 3.66737
06/17/2026 19:50:47 - INFO - utils.trainer -   MMS Loss: 0.05766
06/17/2026 19:50:47 - INFO - utils.trainer -   Cons Loss: 0.00000
06/17/2026 19:50:47 - INFO - utils.trainer -   Div Loss: 0.00009
06/17/2026 19:50:47 - INFO - utils.trainer -   Sparsity Loss: 0.59354
06/17/2026 19:50:47 - INFO - utils.trainer -   Epoch: 122 [C], Cla: 0.04601, MMS: 0.02045, Cons: 0.00000, Div: 0.00010, Sparsity: 0.58810, Acc: 0.3397, Best: 0.3590, Time: 94.5s
06/17/2026 19:52:21 - INFO - utils.trainer -   ***** Running evaluation on test1 dataset *****
06/17/2026 19:52:39 - INFO - utils.trainer -   AUC: 0.58805
06/17/2026 19:52:39 - INFO - utils.trainer -   Accuracy: 0.32051
06/17/2026 19:52:39 - INFO - utils.trainer -   Precision: 0.29583
06/17/2026 19:52:39 - INFO - utils.trainer -   Recall: 0.29766
06/17/2026 19:52:39 - INFO - utils.trainer -   F_score: 0.28940
06/17/2026 19:52:39 - INFO - utils.trainer -   Cla Loss: 3.47909
06/17/2026 19:52:39 - INFO - utils.trainer -   MMS Loss: 0.05157
06/17/2026 19:52:39 - INFO - utils.trainer -   Cons Loss: 0.00000
06/17/2026 19:52:39 - INFO - utils.trainer -   Div Loss: 0.00009
06/17/2026 19:52:39 - INFO - utils.trainer -   Sparsity Loss: 0.57013
06/17/2026 19:52:39 - INFO - utils.trainer -   Epoch: 123 [C], Cla: 0.10699, MMS: 0.02220, Cons: 0.00000, Div: 0.00009, Sparsity: 0.58370, Acc: 0.3205, Best: 0.3590, Time: 94.2s
06/17/2026 19:54:13 - INFO - utils.trainer -   ***** Running evaluation on test1 dataset *****
06/17/2026 19:54:30 - INFO - utils.trainer -   AUC: 0.59302
06/17/2026 19:54:30 - INFO - utils.trainer -   Accuracy: 0.31410
06/17/2026 19:54:30 - INFO - utils.trainer -   Precision: 0.31058
06/17/2026 19:54:30 - INFO - utils.trainer -   Recall: 0.31889
06/17/2026 19:54:30 - INFO - utils.trainer -   F_score: 0.29906
06/17/2026 19:54:30 - INFO - utils.trainer -   Cla Loss: 3.43637
06/17/2026 19:54:30 - INFO - utils.trainer -   MMS Loss: 0.05225
06/17/2026 19:54:30 - INFO - utils.trainer -   Cons Loss: 0.00000
06/17/2026 19:54:30 - INFO - utils.trainer -   Div Loss: 0.00010
06/17/2026 19:54:30 - INFO - utils.trainer -   Sparsity Loss: 0.56959
06/17/2026 19:54:30 - INFO - utils.trainer -   Epoch: 124 [C], Cla: 0.08354, MMS: 0.02303, Cons: 0.00000, Div: 0.00009, Sparsity: 0.56626, Acc: 0.3141, Best: 0.3590, Time: 94.3s
06/17/2026 19:56:05 - INFO - utils.trainer -   ***** Running evaluation on test1 dataset *****
06/17/2026 19:56:22 - INFO - utils.trainer -   AUC: 0.58748
06/17/2026 19:56:22 - INFO - utils.trainer -   Accuracy: 0.31410
06/17/2026 19:56:22 - INFO - utils.trainer -   Precision: 0.30875
06/17/2026 19:56:22 - INFO - utils.trainer -   Recall: 0.31889
06/17/2026 19:56:22 - INFO - utils.trainer -   F_score: 0.29930
06/17/2026 19:56:22 - INFO - utils.trainer -   Cla Loss: 3.51822
06/17/2026 19:56:22 - INFO - utils.trainer -   MMS Loss: 0.05237
06/17/2026 19:56:22 - INFO - utils.trainer -   Cons Loss: 0.00000
06/17/2026 19:56:22 - INFO - utils.trainer -   Div Loss: 0.00009
06/17/2026 19:56:22 - INFO - utils.trainer -   Sparsity Loss: 0.57317
06/17/2026 19:56:22 - INFO - utils.trainer -   Epoch: 125 [C], Cla: 0.08232, MMS: 0.02119, Cons: 0.00000, Div: 0.00009, Sparsity: 0.57723, Acc: 0.3141, Best: 0.3590, Time: 94.4s
06/17/2026 19:57:57 - INFO - utils.trainer -   ***** Running evaluation on test1 dataset *****
06/17/2026 19:58:14 - INFO - utils.trainer -   AUC: 0.57868
06/17/2026 19:58:14 - INFO - utils.trainer -   Accuracy: 0.26282
06/17/2026 19:58:14 - INFO - utils.trainer -   Precision: 0.29006
06/17/2026 19:58:14 - INFO - utils.trainer -   Recall: 0.30343
06/17/2026 19:58:14 - INFO - utils.trainer -   F_score: 0.24675
06/17/2026 19:58:14 - INFO - utils.trainer -   Cla Loss: 3.78774
06/17/2026 19:58:14 - INFO - utils.trainer -   MMS Loss: 0.04937
06/17/2026 19:58:14 - INFO - utils.trainer -   Cons Loss: 0.00000
06/17/2026 19:58:14 - INFO - utils.trainer -   Div Loss: 0.00009
06/17/2026 19:58:14 - INFO - utils.trainer -   Sparsity Loss: 0.57648
06/17/2026 19:58:14 - INFO - utils.trainer -   Epoch: 126 [C], Cla: 0.02724, MMS: 0.02150, Cons: 0.00000, Div: 0.00009, Sparsity: 0.57699, Acc: 0.2628, Best: 0.3590, Time: 94.2s
06/17/2026 19:59:48 - INFO - utils.trainer -   ***** Running evaluation on test1 dataset *****
06/17/2026 20:00:06 - INFO - utils.trainer -   AUC: 0.58205
06/17/2026 20:00:06 - INFO - utils.trainer -   Accuracy: 0.30128
06/17/2026 20:00:06 - INFO - utils.trainer -   Precision: 0.30598
06/17/2026 20:00:06 - INFO - utils.trainer -   Recall: 0.32645
06/17/2026 20:00:06 - INFO - utils.trainer -   F_score: 0.29630
06/17/2026 20:00:06 - INFO - utils.trainer -   Cla Loss: 3.46167
06/17/2026 20:00:06 - INFO - utils.trainer -   MMS Loss: 0.05136
06/17/2026 20:00:06 - INFO - utils.trainer -   Cons Loss: 0.00000
06/17/2026 20:00:06 - INFO - utils.trainer -   Div Loss: 0.00009
06/17/2026 20:00:06 - INFO - utils.trainer -   Sparsity Loss: 0.58312
06/17/2026 20:00:06 - INFO - utils.trainer -   Epoch: 127 [C], Cla: 0.04290, MMS: 0.02274, Cons: 0.00000, Div: 0.00009, Sparsity: 0.58290, Acc: 0.3013, Best: 0.3590, Time: 94.0s
06/17/2026 20:01:40 - INFO - utils.trainer -   ***** Running evaluation on test1 dataset *****
06/17/2026 20:01:57 - INFO - utils.trainer -   AUC: 0.58937
06/17/2026 20:01:57 - INFO - utils.trainer -   Accuracy: 0.28846
06/17/2026 20:01:57 - INFO - utils.trainer -   Precision: 0.30562
06/17/2026 20:01:57 - INFO - utils.trainer -   Recall: 0.30368
06/17/2026 20:01:57 - INFO - utils.trainer -   F_score: 0.27634
06/17/2026 20:01:57 - INFO - utils.trainer -   Cla Loss: 3.64146
06/17/2026 20:01:57 - INFO - utils.trainer -   MMS Loss: 0.04986
06/17/2026 20:01:57 - INFO - utils.trainer -   Cons Loss: -0.00000
06/17/2026 20:01:57 - INFO - utils.trainer -   Div Loss: 0.00008
06/17/2026 20:01:57 - INFO - utils.trainer -   Sparsity Loss: 0.58367
06/17/2026 20:01:57 - INFO - utils.trainer -   Epoch: 128 [C], Cla: 0.02178, MMS: 0.02148, Cons: 0.00000, Div: 0.00008, Sparsity: 0.58542, Acc: 0.2885, Best: 0.3590, Time: 94.1s
06/17/2026 20:03:32 - INFO - utils.trainer -   ***** Running evaluation on test1 dataset *****
06/17/2026 20:03:49 - INFO - utils.trainer -   AUC: 0.59740
06/17/2026 20:03:49 - INFO - utils.trainer -   Accuracy: 0.27564
06/17/2026 20:03:49 - INFO - utils.trainer -   Precision: 0.27754
06/17/2026 20:03:49 - INFO - utils.trainer -   Recall: 0.28118
06/17/2026 20:03:49 - INFO - utils.trainer -   F_score: 0.25532
06/17/2026 20:03:49 - INFO - utils.trainer -   Cla Loss: 3.75147
06/17/2026 20:03:49 - INFO - utils.trainer -   MMS Loss: 0.05036
06/17/2026 20:03:49 - INFO - utils.trainer -   Cons Loss: 0.00000
06/17/2026 20:03:49 - INFO - utils.trainer -   Div Loss: 0.00008
06/17/2026 20:03:49 - INFO - utils.trainer -   Sparsity Loss: 0.58145
06/17/2026 20:03:49 - INFO - utils.trainer -   Epoch: 129 [C], Cla: 0.04458, MMS: 0.02113, Cons: 0.00000, Div: 0.00008, Sparsity: 0.58386, Acc: 0.2756, Best: 0.3590, Time: 94.5s
06/17/2026 20:05:24 - INFO - utils.trainer -   ***** Running evaluation on test1 dataset *****
06/17/2026 20:05:41 - INFO - utils.trainer -   AUC: 0.58790
06/17/2026 20:05:41 - INFO - utils.trainer -   Accuracy: 0.28846
06/17/2026 20:05:41 - INFO - utils.trainer -   Precision: 0.26019
06/17/2026 20:05:41 - INFO - utils.trainer -   Recall: 0.27256
06/17/2026 20:05:41 - INFO - utils.trainer -   F_score: 0.25553
06/17/2026 20:05:41 - INFO - utils.trainer -   Cla Loss: 3.52791
06/17/2026 20:05:41 - INFO - utils.trainer -   MMS Loss: 0.05561
06/17/2026 20:05:41 - INFO - utils.trainer -   Cons Loss: 0.00000
06/17/2026 20:05:41 - INFO - utils.trainer -   Div Loss: 0.00007
06/17/2026 20:05:41 - INFO - utils.trainer -   Sparsity Loss: 0.56859
06/17/2026 20:05:41 - INFO - utils.trainer -   Epoch: 130 [C], Cla: 0.03102, MMS: 0.02085, Cons: 0.00000, Div: 0.00008, Sparsity: 0.58038, Acc: 0.2885, Best: 0.3590, Time: 94.3s
06/17/2026 20:07:15 - INFO - utils.trainer -   ***** Running evaluation on test1 dataset *****
06/17/2026 20:07:33 - INFO - utils.trainer -   AUC: 0.58995
06/17/2026 20:07:33 - INFO - utils.trainer -   Accuracy: 0.31410
06/17/2026 20:07:33 - INFO - utils.trainer -   Precision: 0.28968
06/17/2026 20:07:33 - INFO - utils.trainer -   Recall: 0.32012
06/17/2026 20:07:33 - INFO - utils.trainer -   F_score: 0.29363
06/17/2026 20:07:33 - INFO - utils.trainer -   Cla Loss: 3.50986
06/17/2026 20:07:33 - INFO - utils.trainer -   MMS Loss: 0.05551
06/17/2026 20:07:33 - INFO - utils.trainer -   Cons Loss: 0.00000
06/17/2026 20:07:33 - INFO - utils.trainer -   Div Loss: 0.00008
06/17/2026 20:07:33 - INFO - utils.trainer -   Sparsity Loss: 0.56601
06/17/2026 20:07:33 - INFO - utils.trainer -   Epoch: 131 [C], Cla: 0.05241, MMS: 0.02048, Cons: 0.00000, Div: 0.00008, Sparsity: 0.57248, Acc: 0.3141, Best: 0.3590, Time: 94.0s
06/17/2026 20:09:07 - INFO - utils.trainer -   ***** Running evaluation on test1 dataset *****
06/17/2026 20:09:24 - INFO - utils.trainer -   AUC: 0.58008
06/17/2026 20:09:24 - INFO - utils.trainer -   Accuracy: 0.28205
06/17/2026 20:09:24 - INFO - utils.trainer -   Precision: 0.28159
06/17/2026 20:09:24 - INFO - utils.trainer -   Recall: 0.30974
06/17/2026 20:09:24 - INFO - utils.trainer -   F_score: 0.26612
06/17/2026 20:09:24 - INFO - utils.trainer -   Cla Loss: 3.99168
06/17/2026 20:09:24 - INFO - utils.trainer -   MMS Loss: 0.05391
06/17/2026 20:09:24 - INFO - utils.trainer -   Cons Loss: 0.00000
06/17/2026 20:09:24 - INFO - utils.trainer -   Div Loss: 0.00008
06/17/2026 20:09:24 - INFO - utils.trainer -   Sparsity Loss: 0.56653
06/17/2026 20:09:24 - INFO - utils.trainer -   Epoch: 132 [C], Cla: 0.04763, MMS: 0.02069, Cons: 0.00000, Div: 0.00008, Sparsity: 0.57964, Acc: 0.2821, Best: 0.3590, Time: 94.0s
06/17/2026 20:10:58 - INFO - utils.trainer -   ***** Running evaluation on test1 dataset *****
06/17/2026 20:11:16 - INFO - utils.trainer -   AUC: 0.56400
06/17/2026 20:11:16 - INFO - utils.trainer -   Accuracy: 0.34615
06/17/2026 20:11:16 - INFO - utils.trainer -   Precision: 0.34067
06/17/2026 20:11:16 - INFO - utils.trainer -   Recall: 0.34545
06/17/2026 20:11:16 - INFO - utils.trainer -   F_score: 0.33630
06/17/2026 20:11:16 - INFO - utils.trainer -   Cla Loss: 3.50728
06/17/2026 20:11:16 - INFO - utils.trainer -   MMS Loss: 0.05477
06/17/2026 20:11:16 - INFO - utils.trainer -   Cons Loss: 0.00000
06/17/2026 20:11:16 - INFO - utils.trainer -   Div Loss: 0.00007
06/17/2026 20:11:16 - INFO - utils.trainer -   Sparsity Loss: 0.58704
06/17/2026 20:11:16 - INFO - utils.trainer -   Epoch: 133 [C], Cla: 0.04842, MMS: 0.02014, Cons: 0.00000, Div: 0.00008, Sparsity: 0.57538, Acc: 0.3462, Best: 0.3590, Time: 94.4s
06/17/2026 20:12:50 - INFO - utils.trainer -   ***** Running evaluation on test1 dataset *****
06/17/2026 20:13:08 - INFO - utils.trainer -   AUC: 0.57382
06/17/2026 20:13:08 - INFO - utils.trainer -   Accuracy: 0.28205
06/17/2026 20:13:08 - INFO - utils.trainer -   Precision: 0.26394
06/17/2026 20:13:08 - INFO - utils.trainer -   Recall: 0.27611
06/17/2026 20:13:08 - INFO - utils.trainer -   F_score: 0.25777
06/17/2026 20:13:08 - INFO - utils.trainer -   Cla Loss: 3.71410
06/17/2026 20:13:08 - INFO - utils.trainer -   MMS Loss: 0.05266
06/17/2026 20:13:08 - INFO - utils.trainer -   Cons Loss: 0.00000
06/17/2026 20:13:08 - INFO - utils.trainer -   Div Loss: 0.00007
06/17/2026 20:13:08 - INFO - utils.trainer -   Sparsity Loss: 0.58313
06/17/2026 20:13:08 - INFO - utils.trainer -   Epoch: 134 [C], Cla: 0.02270, MMS: 0.02089, Cons: 0.00000, Div: 0.00008, Sparsity: 0.58426, Acc: 0.2821, Best: 0.3590, Time: 94.1s
06/17/2026 20:14:42 - INFO - utils.trainer -   ***** Running evaluation on test1 dataset *****
06/17/2026 20:14:59 - INFO - utils.trainer -   AUC: 0.57740
06/17/2026 20:14:59 - INFO - utils.trainer -   Accuracy: 0.30128
06/17/2026 20:14:59 - INFO - utils.trainer -   Precision: 0.29732
06/17/2026 20:14:59 - INFO - utils.trainer -   Recall: 0.32291
06/17/2026 20:14:59 - INFO - utils.trainer -   F_score: 0.28750
06/17/2026 20:14:59 - INFO - utils.trainer -   Cla Loss: 3.98137
06/17/2026 20:14:59 - INFO - utils.trainer -   MMS Loss: 0.05300
06/17/2026 20:14:59 - INFO - utils.trainer -   Cons Loss: 0.00000
06/17/2026 20:14:59 - INFO - utils.trainer -   Div Loss: 0.00007
06/17/2026 20:14:59 - INFO - utils.trainer -   Sparsity Loss: 0.56592
06/17/2026 20:14:59 - INFO - utils.trainer -   Epoch: 135 [C], Cla: 0.04716, MMS: 0.02083, Cons: 0.00000, Div: 0.00008, Sparsity: 0.58165, Acc: 0.3013, Best: 0.3590, Time: 94.2s
06/17/2026 20:16:34 - INFO - utils.trainer -   ***** Running evaluation on test1 dataset *****
06/17/2026 20:16:51 - INFO - utils.trainer -   AUC: 0.57713
06/17/2026 20:16:51 - INFO - utils.trainer -   Accuracy: 0.30769
06/17/2026 20:16:51 - INFO - utils.trainer -   Precision: 0.31207
06/17/2026 20:16:51 - INFO - utils.trainer -   Recall: 0.32342
06/17/2026 20:16:51 - INFO - utils.trainer -   F_score: 0.30293
06/17/2026 20:16:51 - INFO - utils.trainer -   Cla Loss: 3.63130
06/17/2026 20:16:51 - INFO - utils.trainer -   MMS Loss: 0.05507
06/17/2026 20:16:51 - INFO - utils.trainer -   Cons Loss: -0.00000
06/17/2026 20:16:51 - INFO - utils.trainer -   Div Loss: 0.00007
06/17/2026 20:16:51 - INFO - utils.trainer -   Sparsity Loss: 0.57951
06/17/2026 20:16:51 - INFO - utils.trainer -   Epoch: 136 [C], Cla: 0.06007, MMS: 0.02197, Cons: 0.00000, Div: 0.00007, Sparsity: 0.57819, Acc: 0.3077, Best: 0.3590, Time: 94.3s
06/17/2026 20:18:25 - INFO - utils.trainer -   ***** Running evaluation on test1 dataset *****
06/17/2026 20:18:43 - INFO - utils.trainer -   AUC: 0.58229
06/17/2026 20:18:43 - INFO - utils.trainer -   Accuracy: 0.30128
06/17/2026 20:18:43 - INFO - utils.trainer -   Precision: 0.28650
06/17/2026 20:18:43 - INFO - utils.trainer -   Recall: 0.29383
06/17/2026 20:18:43 - INFO - utils.trainer -   F_score: 0.27594
06/17/2026 20:18:43 - INFO - utils.trainer -   Cla Loss: 3.57794
06/17/2026 20:18:43 - INFO - utils.trainer -   MMS Loss: 0.05634
06/17/2026 20:18:43 - INFO - utils.trainer -   Cons Loss: 0.00000
06/17/2026 20:18:43 - INFO - utils.trainer -   Div Loss: 0.00007
06/17/2026 20:18:43 - INFO - utils.trainer -   Sparsity Loss: 0.56810
06/17/2026 20:18:43 - INFO - utils.trainer -   Epoch: 137 [C], Cla: 0.08134, MMS: 0.02068, Cons: 0.00000, Div: 0.00007, Sparsity: 0.58185, Acc: 0.3013, Best: 0.3590, Time: 94.2s
06/17/2026 20:20:17 - INFO - utils.trainer -   ***** Running evaluation on test1 dataset *****
06/17/2026 20:20:34 - INFO - utils.trainer -   AUC: 0.58303
06/17/2026 20:20:34 - INFO - utils.trainer -   Accuracy: 0.33333
06/17/2026 20:20:34 - INFO - utils.trainer -   Precision: 0.32748
06/17/2026 20:20:34 - INFO - utils.trainer -   Recall: 0.32701
06/17/2026 20:20:34 - INFO - utils.trainer -   F_score: 0.31142
06/17/2026 20:20:34 - INFO - utils.trainer -   Cla Loss: 3.49645
06/17/2026 20:20:34 - INFO - utils.trainer -   MMS Loss: 0.05320
06/17/2026 20:20:34 - INFO - utils.trainer -   Cons Loss: 0.00000
06/17/2026 20:20:34 - INFO - utils.trainer -   Div Loss: 0.00007
06/17/2026 20:20:34 - INFO - utils.trainer -   Sparsity Loss: 0.56767
06/17/2026 20:20:34 - INFO - utils.trainer -   Epoch: 138 [C], Cla: 0.03165, MMS: 0.01955, Cons: 0.00000, Div: 0.00007, Sparsity: 0.57113, Acc: 0.3333, Best: 0.3590, Time: 94.2s
06/17/2026 20:22:08 - INFO - utils.trainer -   ***** Running evaluation on test1 dataset *****
06/17/2026 20:22:26 - INFO - utils.trainer -   AUC: 0.57566
06/17/2026 20:22:26 - INFO - utils.trainer -   Accuracy: 0.31410
06/17/2026 20:22:26 - INFO - utils.trainer -   Precision: 0.28274
06/17/2026 20:22:26 - INFO - utils.trainer -   Recall: 0.28904
06/17/2026 20:22:26 - INFO - utils.trainer -   F_score: 0.28374
06/17/2026 20:22:26 - INFO - utils.trainer -   Cla Loss: 3.50549
06/17/2026 20:22:26 - INFO - utils.trainer -   MMS Loss: 0.05442
06/17/2026 20:22:26 - INFO - utils.trainer -   Cons Loss: 0.00000
06/17/2026 20:22:26 - INFO - utils.trainer -   Div Loss: 0.00006
06/17/2026 20:22:26 - INFO - utils.trainer -   Sparsity Loss: 0.56664
06/17/2026 20:22:26 - INFO - utils.trainer -   Epoch: 139 [C], Cla: 0.03177, MMS: 0.01982, Cons: 0.00000, Div: 0.00007, Sparsity: 0.57023, Acc: 0.3141, Best: 0.3590, Time: 94.1s
06/17/2026 20:24:01 - INFO - utils.trainer -   ***** Running evaluation on test1 dataset *****
06/17/2026 20:24:18 - INFO - utils.trainer -   AUC: 0.58179
06/17/2026 20:24:18 - INFO - utils.trainer -   Accuracy: 0.30128
06/17/2026 20:24:18 - INFO - utils.trainer -   Precision: 0.27280
06/17/2026 20:24:18 - INFO - utils.trainer -   Recall: 0.28068
06/17/2026 20:24:18 - INFO - utils.trainer -   F_score: 0.27260
06/17/2026 20:24:18 - INFO - utils.trainer -   Cla Loss: 3.41632
06/17/2026 20:24:18 - INFO - utils.trainer -   MMS Loss: 0.05216
06/17/2026 20:24:18 - INFO - utils.trainer -   Cons Loss: 0.00000
06/17/2026 20:24:18 - INFO - utils.trainer -   Div Loss: 0.00007
06/17/2026 20:24:18 - INFO - utils.trainer -   Sparsity Loss: 0.56238
06/17/2026 20:24:18 - INFO - utils.trainer -   Epoch: 140 [C], Cla: 0.03246, MMS: 0.02017, Cons: 0.00000, Div: 0.00007, Sparsity: 0.56191, Acc: 0.3013, Best: 0.3590, Time: 94.6s
06/17/2026 20:25:52 - INFO - utils.trainer -   ***** Running evaluation on test1 dataset *****
06/17/2026 20:26:10 - INFO - utils.trainer -   AUC: 0.57930
06/17/2026 20:26:10 - INFO - utils.trainer -   Accuracy: 0.29487
06/17/2026 20:26:10 - INFO - utils.trainer -   Precision: 0.29965
06/17/2026 20:26:10 - INFO - utils.trainer -   Recall: 0.29309
06/17/2026 20:26:10 - INFO - utils.trainer -   F_score: 0.27809
06/17/2026 20:26:10 - INFO - utils.trainer -   Cla Loss: 3.71408
06/17/2026 20:26:10 - INFO - utils.trainer -   MMS Loss: 0.05119
06/17/2026 20:26:10 - INFO - utils.trainer -   Cons Loss: 0.00000
06/17/2026 20:26:10 - INFO - utils.trainer -   Div Loss: 0.00007
06/17/2026 20:26:10 - INFO - utils.trainer -   Sparsity Loss: 0.57259
06/17/2026 20:26:10 - INFO - utils.trainer -   Epoch: 141 [C], Cla: 0.05177, MMS: 0.01956, Cons: 0.00000, Div: 0.00007, Sparsity: 0.57173, Acc: 0.2949, Best: 0.3590, Time: 94.2s
06/17/2026 20:27:44 - INFO - utils.trainer -   ***** Running evaluation on test1 dataset *****
06/17/2026 20:28:02 - INFO - utils.trainer -   AUC: 0.57347
06/17/2026 20:28:02 - INFO - utils.trainer -   Accuracy: 0.28846
06/17/2026 20:28:02 - INFO - utils.trainer -   Precision: 0.27343
06/17/2026 20:28:02 - INFO - utils.trainer -   Recall: 0.27713
06/17/2026 20:28:02 - INFO - utils.trainer -   F_score: 0.26799
06/17/2026 20:28:02 - INFO - utils.trainer -   Cla Loss: 3.73095
06/17/2026 20:28:02 - INFO - utils.trainer -   MMS Loss: 0.05202
06/17/2026 20:28:02 - INFO - utils.trainer -   Cons Loss: 0.00000
06/17/2026 20:28:02 - INFO - utils.trainer -   Div Loss: 0.00007
06/17/2026 20:28:02 - INFO - utils.trainer -   Sparsity Loss: 0.56349
06/17/2026 20:28:02 - INFO - utils.trainer -   Epoch: 142 [C], Cla: 0.03615, MMS: 0.02023, Cons: 0.00000, Div: 0.00007, Sparsity: 0.56380, Acc: 0.2885, Best: 0.3590, Time: 94.2s
06/17/2026 20:29:36 - INFO - utils.trainer -   ***** Running evaluation on test1 dataset *****
06/17/2026 20:29:54 - INFO - utils.trainer -   AUC: 0.56272
06/17/2026 20:29:54 - INFO - utils.trainer -   Accuracy: 0.28205
06/17/2026 20:29:54 - INFO - utils.trainer -   Precision: 0.27308
06/17/2026 20:29:54 - INFO - utils.trainer -   Recall: 0.26500
06/17/2026 20:29:54 - INFO - utils.trainer -   F_score: 0.26356
06/17/2026 20:29:54 - INFO - utils.trainer -   Cla Loss: 3.62333
06/17/2026 20:29:54 - INFO - utils.trainer -   MMS Loss: 0.05425
06/17/2026 20:29:54 - INFO - utils.trainer -   Cons Loss: 0.00000
06/17/2026 20:29:54 - INFO - utils.trainer -   Div Loss: 0.00006
06/17/2026 20:29:54 - INFO - utils.trainer -   Sparsity Loss: 0.58314
06/17/2026 20:29:54 - INFO - utils.trainer -   Epoch: 143 [C], Cla: 0.03659, MMS: 0.02051, Cons: 0.00000, Div: 0.00007, Sparsity: 0.56902, Acc: 0.2821, Best: 0.3590, Time: 94.4s
06/17/2026 20:31:28 - INFO - utils.trainer -   ***** Running evaluation on test1 dataset *****
06/17/2026 20:31:46 - INFO - utils.trainer -   AUC: 0.57086
06/17/2026 20:31:46 - INFO - utils.trainer -   Accuracy: 0.26923
06/17/2026 20:31:46 - INFO - utils.trainer -   Precision: 0.23505
06/17/2026 20:31:46 - INFO - utils.trainer -   Recall: 0.24601
06/17/2026 20:31:46 - INFO - utils.trainer -   F_score: 0.23715
06/17/2026 20:31:46 - INFO - utils.trainer -   Cla Loss: 3.76143
06/17/2026 20:31:46 - INFO - utils.trainer -   MMS Loss: 0.05420
06/17/2026 20:31:46 - INFO - utils.trainer -   Cons Loss: 0.00000
06/17/2026 20:31:46 - INFO - utils.trainer -   Div Loss: 0.00007
06/17/2026 20:31:46 - INFO - utils.trainer -   Sparsity Loss: 0.57098
06/17/2026 20:31:46 - INFO - utils.trainer -   Epoch: 144 [C], Cla: 0.00945, MMS: 0.01997, Cons: 0.00000, Div: 0.00007, Sparsity: 0.57361, Acc: 0.2692, Best: 0.3590, Time: 94.6s
06/17/2026 20:33:20 - INFO - utils.trainer -   ***** Running evaluation on test1 dataset *****
06/17/2026 20:33:38 - INFO - utils.trainer -   AUC: 0.56868
06/17/2026 20:33:38 - INFO - utils.trainer -   Accuracy: 0.27564
06/17/2026 20:33:38 - INFO - utils.trainer -   Precision: 0.25861
06/17/2026 20:33:38 - INFO - utils.trainer -   Recall: 0.25968
06/17/2026 20:33:38 - INFO - utils.trainer -   F_score: 0.25187
06/17/2026 20:33:38 - INFO - utils.trainer -   Cla Loss: 3.65146
06/17/2026 20:33:38 - INFO - utils.trainer -   MMS Loss: 0.05295
06/17/2026 20:33:38 - INFO - utils.trainer -   Cons Loss: 0.00000
06/17/2026 20:33:38 - INFO - utils.trainer -   Div Loss: 0.00006
06/17/2026 20:33:38 - INFO - utils.trainer -   Sparsity Loss: 0.57952
06/17/2026 20:33:38 - INFO - utils.trainer -   Epoch: 145 [C], Cla: 0.00899, MMS: 0.01957, Cons: 0.00000, Div: 0.00006, Sparsity: 0.57796, Acc: 0.2756, Best: 0.3590, Time: 94.1s
06/17/2026 20:35:12 - INFO - utils.trainer -   ***** Running evaluation on test1 dataset *****
06/17/2026 20:35:30 - INFO - utils.trainer -   AUC: 0.55864
06/17/2026 20:35:30 - INFO - utils.trainer -   Accuracy: 0.27564
06/17/2026 20:35:30 - INFO - utils.trainer -   Precision: 0.26317
06/17/2026 20:35:30 - INFO - utils.trainer -   Recall: 0.25665
06/17/2026 20:35:30 - INFO - utils.trainer -   F_score: 0.25478
06/17/2026 20:35:30 - INFO - utils.trainer -   Cla Loss: 3.63114
06/17/2026 20:35:30 - INFO - utils.trainer -   MMS Loss: 0.05430
06/17/2026 20:35:30 - INFO - utils.trainer -   Cons Loss: 0.00000
06/17/2026 20:35:30 - INFO - utils.trainer -   Div Loss: 0.00006
06/17/2026 20:35:30 - INFO - utils.trainer -   Sparsity Loss: 0.58782
06/17/2026 20:35:30 - INFO - utils.trainer -   Epoch: 146 [C], Cla: 0.01254, MMS: 0.01968, Cons: 0.00000, Div: 0.00006, Sparsity: 0.57645, Acc: 0.2756, Best: 0.3590, Time: 94.5s
06/17/2026 20:37:04 - INFO - utils.trainer -   ***** Running evaluation on test1 dataset *****
06/17/2026 20:37:22 - INFO - utils.trainer -   AUC: 0.55890
06/17/2026 20:37:22 - INFO - utils.trainer -   Accuracy: 0.30128
06/17/2026 20:37:22 - INFO - utils.trainer -   Precision: 0.28649
06/17/2026 20:37:22 - INFO - utils.trainer -   Recall: 0.29636
06/17/2026 20:37:22 - INFO - utils.trainer -   F_score: 0.28368
06/17/2026 20:37:22 - INFO - utils.trainer -   Cla Loss: 3.87565
06/17/2026 20:37:22 - INFO - utils.trainer -   MMS Loss: 0.05384
06/17/2026 20:37:22 - INFO - utils.trainer -   Cons Loss: 0.00000
06/17/2026 20:37:22 - INFO - utils.trainer -   Div Loss: 0.00006
06/17/2026 20:37:22 - INFO - utils.trainer -   Sparsity Loss: 0.57015
06/17/2026 20:37:22 - INFO - utils.trainer -   Epoch: 147 [C], Cla: 0.03182, MMS: 0.01941, Cons: 0.00000, Div: 0.00006, Sparsity: 0.57783, Acc: 0.3013, Best: 0.3590, Time: 94.3s
06/17/2026 20:38:56 - INFO - utils.trainer -   ***** Running evaluation on test1 dataset *****
06/17/2026 20:39:13 - INFO - utils.trainer -   AUC: 0.56561
06/17/2026 20:39:13 - INFO - utils.trainer -   Accuracy: 0.28205
06/17/2026 20:39:13 - INFO - utils.trainer -   Precision: 0.26740
06/17/2026 20:39:13 - INFO - utils.trainer -   Recall: 0.27386
06/17/2026 20:39:13 - INFO - utils.trainer -   F_score: 0.26391
06/17/2026 20:39:13 - INFO - utils.trainer -   Cla Loss: 3.77378
06/17/2026 20:39:13 - INFO - utils.trainer -   MMS Loss: 0.05342
06/17/2026 20:39:13 - INFO - utils.trainer -   Cons Loss: 0.00000
06/17/2026 20:39:13 - INFO - utils.trainer -   Div Loss: 0.00005
06/17/2026 20:39:13 - INFO - utils.trainer -   Sparsity Loss: 0.58221
06/17/2026 20:39:13 - INFO - utils.trainer -   Epoch: 148 [C], Cla: 0.00656, MMS: 0.01916, Cons: 0.00000, Div: 0.00006, Sparsity: 0.57250, Acc: 0.2821, Best: 0.3590, Time: 94.4s
06/17/2026 20:40:47 - INFO - utils.trainer -   ***** Running evaluation on test1 dataset *****
06/17/2026 20:41:05 - INFO - utils.trainer -   AUC: 0.55855
06/17/2026 20:41:05 - INFO - utils.trainer -   Accuracy: 0.26923
06/17/2026 20:41:05 - INFO - utils.trainer -   Precision: 0.26074
06/17/2026 20:41:05 - INFO - utils.trainer -   Recall: 0.26397
06/17/2026 20:41:05 - INFO - utils.trainer -   F_score: 0.24947
06/17/2026 20:41:05 - INFO - utils.trainer -   Cla Loss: 3.86503
06/17/2026 20:41:05 - INFO - utils.trainer -   MMS Loss: 0.05315
06/17/2026 20:41:05 - INFO - utils.trainer -   Cons Loss: 0.00000
06/17/2026 20:41:05 - INFO - utils.trainer -   Div Loss: 0.00005
06/17/2026 20:41:05 - INFO - utils.trainer -   Sparsity Loss: 0.57006
06/17/2026 20:41:05 - INFO - utils.trainer -   Epoch: 149 [C], Cla: 0.03134, MMS: 0.01980, Cons: 0.00000, Div: 0.00006, Sparsity: 0.56895, Acc: 0.2692, Best: 0.3590, Time: 94.0s
06/17/2026 20:42:39 - INFO - utils.trainer -   ***** Running evaluation on test1 dataset *****
06/17/2026 20:42:57 - INFO - utils.trainer -   AUC: 0.55862
06/17/2026 20:42:57 - INFO - utils.trainer -   Accuracy: 0.28205
06/17/2026 20:42:57 - INFO - utils.trainer -   Precision: 0.26713
06/17/2026 20:42:57 - INFO - utils.trainer -   Recall: 0.26575
06/17/2026 20:42:57 - INFO - utils.trainer -   F_score: 0.25657
06/17/2026 20:42:57 - INFO - utils.trainer -   Cla Loss: 3.85673
06/17/2026 20:42:57 - INFO - utils.trainer -   MMS Loss: 0.05151
06/17/2026 20:42:57 - INFO - utils.trainer -   Cons Loss: 0.00000
06/17/2026 20:42:57 - INFO - utils.trainer -   Div Loss: 0.00006
06/17/2026 20:42:57 - INFO - utils.trainer -   Sparsity Loss: 0.57518
06/17/2026 20:42:57 - INFO - utils.trainer -     state_dict: 350 tensors, 125.1 MB (trainable + buffers only)
06/17/2026 20:42:58 - INFO - utils.trainer -   Model saved to output_dir/LDDE2th/checkpoint-epoch-150
06/17/2026 20:42:58 - INFO - utils.trainer -   Checkpoint saved at epoch 150
06/17/2026 20:42:58 - INFO - utils.trainer -   Epoch: 150 [C], Cla: 0.00784, MMS: 0.01887, Cons: 0.00000, Div: 0.00006, Sparsity: 0.57445, Acc: 0.2821, Best: 0.3590, Time: 94.4s
06/17/2026 20:44:32 - INFO - utils.trainer -   ***** Running evaluation on test1 dataset *****
06/17/2026 20:44:50 - INFO - utils.trainer -   AUC: 0.54921
06/17/2026 20:44:50 - INFO - utils.trainer -   Accuracy: 0.28205
06/17/2026 20:44:50 - INFO - utils.trainer -   Precision: 0.25019
06/17/2026 20:44:50 - INFO - utils.trainer -   Recall: 0.25767
06/17/2026 20:44:50 - INFO - utils.trainer -   F_score: 0.25133
06/17/2026 20:44:50 - INFO - utils.trainer -   Cla Loss: 3.68517
06/17/2026 20:44:50 - INFO - utils.trainer -   MMS Loss: 0.05440
06/17/2026 20:44:50 - INFO - utils.trainer -   Cons Loss: 0.00000
06/17/2026 20:44:50 - INFO - utils.trainer -   Div Loss: 0.00005
06/17/2026 20:44:50 - INFO - utils.trainer -   Sparsity Loss: 0.57714
06/17/2026 20:44:50 - INFO - utils.trainer -   Epoch: 151 [C], Cla: 0.03612, MMS: 0.02006, Cons: 0.00000, Div: 0.00006, Sparsity: 0.57188, Acc: 0.2821, Best: 0.3590, Time: 94.4s
06/17/2026 20:46:24 - INFO - utils.trainer -   ***** Running evaluation on test1 dataset *****
06/17/2026 20:46:41 - INFO - utils.trainer -   AUC: 0.57324
06/17/2026 20:46:41 - INFO - utils.trainer -   Accuracy: 0.30128
06/17/2026 20:46:41 - INFO - utils.trainer -   Precision: 0.29517
06/17/2026 20:46:41 - INFO - utils.trainer -   Recall: 0.30546
06/17/2026 20:46:41 - INFO - utils.trainer -   F_score: 0.28426
06/17/2026 20:46:41 - INFO - utils.trainer -   Cla Loss: 3.83094
06/17/2026 20:46:41 - INFO - utils.trainer -   MMS Loss: 0.05410
06/17/2026 20:46:41 - INFO - utils.trainer -   Cons Loss: 0.00000
06/17/2026 20:46:41 - INFO - utils.trainer -   Div Loss: 0.00006
06/17/2026 20:46:41 - INFO - utils.trainer -   Sparsity Loss: 0.55260
06/17/2026 20:46:41 - INFO - utils.trainer -   Epoch: 152 [C], Cla: 0.07565, MMS: 0.02018, Cons: 0.00000, Div: 0.00006, Sparsity: 0.56690, Acc: 0.3013, Best: 0.3590, Time: 94.2s
06/17/2026 20:48:16 - INFO - utils.trainer -   ***** Running evaluation on test1 dataset *****
06/17/2026 20:48:33 - INFO - utils.trainer -   AUC: 0.56493
06/17/2026 20:48:33 - INFO - utils.trainer -   Accuracy: 0.28846
06/17/2026 20:48:33 - INFO - utils.trainer -   Precision: 0.26142
06/17/2026 20:48:33 - INFO - utils.trainer -   Recall: 0.27509
06/17/2026 20:48:33 - INFO - utils.trainer -   F_score: 0.26433
06/17/2026 20:48:33 - INFO - utils.trainer -   Cla Loss: 3.60162
06/17/2026 20:48:33 - INFO - utils.trainer -   MMS Loss: 0.05429
06/17/2026 20:48:33 - INFO - utils.trainer -   Cons Loss: 0.00000
06/17/2026 20:48:33 - INFO - utils.trainer -   Div Loss: 0.00004
06/17/2026 20:48:33 - INFO - utils.trainer -   Sparsity Loss: 0.55963
06/17/2026 20:48:33 - INFO - utils.trainer -   Epoch: 153 [C], Cla: 0.01153, MMS: 0.02010, Cons: 0.00000, Div: 0.00005, Sparsity: 0.56649, Acc: 0.2885, Best: 0.3590, Time: 94.5s
06/17/2026 20:50:08 - INFO - utils.trainer -   ***** Running evaluation on test1 dataset *****
06/17/2026 20:50:25 - INFO - utils.trainer -   AUC: 0.56239
06/17/2026 20:50:25 - INFO - utils.trainer -   Accuracy: 0.28205
06/17/2026 20:50:25 - INFO - utils.trainer -   Precision: 0.26951
06/17/2026 20:50:25 - INFO - utils.trainer -   Recall: 0.27130
06/17/2026 20:50:25 - INFO - utils.trainer -   F_score: 0.26688
06/17/2026 20:50:25 - INFO - utils.trainer -   Cla Loss: 3.57879
06/17/2026 20:50:25 - INFO - utils.trainer -   MMS Loss: 0.05490
06/17/2026 20:50:25 - INFO - utils.trainer -   Cons Loss: 0.00000
06/17/2026 20:50:25 - INFO - utils.trainer -   Div Loss: 0.00005
06/17/2026 20:50:25 - INFO - utils.trainer -   Sparsity Loss: 0.56297
06/17/2026 20:50:25 - INFO - utils.trainer -   Epoch: 154 [C], Cla: 0.03180, MMS: 0.01992, Cons: 0.00000, Div: 0.00005, Sparsity: 0.56509, Acc: 0.2821, Best: 0.3590, Time: 94.2s
06/17/2026 20:52:00 - INFO - utils.trainer -   ***** Running evaluation on test1 dataset *****
06/17/2026 20:52:17 - INFO - utils.trainer -   AUC: 0.56439
06/17/2026 20:52:18 - INFO - utils.trainer -   Accuracy: 0.26282
06/17/2026 20:52:18 - INFO - utils.trainer -   Precision: 0.25383
06/17/2026 20:52:18 - INFO - utils.trainer -   Recall: 0.26421
06/17/2026 20:52:18 - INFO - utils.trainer -   F_score: 0.24734
06/17/2026 20:52:18 - INFO - utils.trainer -   Cla Loss: 3.93219
06/17/2026 20:52:18 - INFO - utils.trainer -   MMS Loss: 0.05302
06/17/2026 20:52:18 - INFO - utils.trainer -   Cons Loss: 0.00000
06/17/2026 20:52:18 - INFO - utils.trainer -   Div Loss: 0.00005
06/17/2026 20:52:18 - INFO - utils.trainer -   Sparsity Loss: 0.55849
06/17/2026 20:52:18 - INFO - utils.trainer -   Epoch: 155 [C], Cla: 0.05760, MMS: 0.02083, Cons: 0.00000, Div: 0.00005, Sparsity: 0.56699, Acc: 0.2628, Best: 0.3590, Time: 94.5s
06/17/2026 20:53:52 - INFO - utils.trainer -   ***** Running evaluation on test1 dataset *****
06/17/2026 20:54:10 - INFO - utils.trainer -   AUC: 0.55595
06/17/2026 20:54:10 - INFO - utils.trainer -   Accuracy: 0.26282
06/17/2026 20:54:10 - INFO - utils.trainer -   Precision: 0.25218
06/17/2026 20:54:10 - INFO - utils.trainer -   Recall: 0.26472
06/17/2026 20:54:10 - INFO - utils.trainer -   F_score: 0.25038
06/17/2026 20:54:10 - INFO - utils.trainer -   Cla Loss: 3.70705
06/17/2026 20:54:10 - INFO - utils.trainer -   MMS Loss: 0.05284
06/17/2026 20:54:10 - INFO - utils.trainer -   Cons Loss: 0.00000
06/17/2026 20:54:10 - INFO - utils.trainer -   Div Loss: 0.00005
06/17/2026 20:54:10 - INFO - utils.trainer -   Sparsity Loss: 0.56005
06/17/2026 20:54:10 - INFO - utils.trainer -   Epoch: 156 [C], Cla: 0.04823, MMS: 0.02027, Cons: 0.00000, Div: 0.00005, Sparsity: 0.56932, Acc: 0.2628, Best: 0.3590, Time: 94.5s
06/17/2026 20:55:44 - INFO - utils.trainer -   ***** Running evaluation on test1 dataset *****
06/17/2026 20:56:01 - INFO - utils.trainer -   AUC: 0.55962
06/17/2026 20:56:01 - INFO - utils.trainer -   Accuracy: 0.25641
06/17/2026 20:56:01 - INFO - utils.trainer -   Precision: 0.24908
06/17/2026 20:56:01 - INFO - utils.trainer -   Recall: 0.26117
06/17/2026 20:56:01 - INFO - utils.trainer -   F_score: 0.24408
06/17/2026 20:56:01 - INFO - utils.trainer -   Cla Loss: 3.72810
06/17/2026 20:56:01 - INFO - utils.trainer -   MMS Loss: 0.05276
06/17/2026 20:56:01 - INFO - utils.trainer -   Cons Loss: 0.00000
06/17/2026 20:56:01 - INFO - utils.trainer -   Div Loss: 0.00005
06/17/2026 20:56:01 - INFO - utils.trainer -   Sparsity Loss: 0.56212
06/17/2026 20:56:01 - INFO - utils.trainer -   Epoch: 157 [C], Cla: 0.00518, MMS: 0.01874, Cons: 0.00000, Div: 0.00005, Sparsity: 0.56870, Acc: 0.2564, Best: 0.3590, Time: 94.2s
06/17/2026 20:57:36 - INFO - utils.trainer -   ***** Running evaluation on test1 dataset *****
06/17/2026 20:57:54 - INFO - utils.trainer -   AUC: 0.54635
06/17/2026 20:57:54 - INFO - utils.trainer -   Accuracy: 0.30769
06/17/2026 20:57:54 - INFO - utils.trainer -   Precision: 0.32138
06/17/2026 20:57:54 - INFO - utils.trainer -   Recall: 0.31307
06/17/2026 20:57:54 - INFO - utils.trainer -   F_score: 0.30575
06/17/2026 20:57:54 - INFO - utils.trainer -   Cla Loss: 3.79365
06/17/2026 20:57:54 - INFO - utils.trainer -   MMS Loss: 0.05469
06/17/2026 20:57:54 - INFO - utils.trainer -   Cons Loss: 0.00000
06/17/2026 20:57:54 - INFO - utils.trainer -   Div Loss: 0.00005
06/17/2026 20:57:54 - INFO - utils.trainer -   Sparsity Loss: 0.56099
06/17/2026 20:57:54 - INFO - utils.trainer -   Epoch: 158 [C], Cla: 0.03009, MMS: 0.01929, Cons: 0.00000, Div: 0.00005, Sparsity: 0.56163, Acc: 0.3077, Best: 0.3590, Time: 94.4s
06/17/2026 20:59:28 - INFO - utils.trainer -   ***** Running evaluation on test1 dataset *****
06/17/2026 20:59:46 - INFO - utils.trainer -   AUC: 0.56623
06/17/2026 20:59:46 - INFO - utils.trainer -   Accuracy: 0.27564
06/17/2026 20:59:46 - INFO - utils.trainer -   Precision: 0.24810
06/17/2026 20:59:46 - INFO - utils.trainer -   Recall: 0.26043
06/17/2026 20:59:46 - INFO - utils.trainer -   F_score: 0.24901
06/17/2026 20:59:46 - INFO - utils.trainer -   Cla Loss: 3.79471
06/17/2026 20:59:46 - INFO - utils.trainer -   MMS Loss: 0.05398
06/17/2026 20:59:46 - INFO - utils.trainer -   Cons Loss: 0.00000
06/17/2026 20:59:46 - INFO - utils.trainer -   Div Loss: 0.00004
06/17/2026 20:59:46 - INFO - utils.trainer -   Sparsity Loss: 0.55296
06/17/2026 20:59:46 - INFO - utils.trainer -   Epoch: 159 [C], Cla: 0.00677, MMS: 0.01923, Cons: 0.00000, Div: 0.00005, Sparsity: 0.56318, Acc: 0.2756, Best: 0.3590, Time: 94.5s
06/17/2026 21:01:20 - INFO - utils.trainer -   ***** Running evaluation on test1 dataset *****
06/17/2026 21:01:38 - INFO - utils.trainer -   AUC: 0.56204
06/17/2026 21:01:38 - INFO - utils.trainer -   Accuracy: 0.27564
06/17/2026 21:01:38 - INFO - utils.trainer -   Precision: 0.24892
06/17/2026 21:01:38 - INFO - utils.trainer -   Recall: 0.25941
06/17/2026 21:01:38 - INFO - utils.trainer -   F_score: 0.24776
06/17/2026 21:01:38 - INFO - utils.trainer -   Cla Loss: 3.72184
06/17/2026 21:01:38 - INFO - utils.trainer -   MMS Loss: 0.05390
06/17/2026 21:01:38 - INFO - utils.trainer -   Cons Loss: 0.00000
06/17/2026 21:01:38 - INFO - utils.trainer -   Div Loss: 0.00005
06/17/2026 21:01:38 - INFO - utils.trainer -   Sparsity Loss: 0.54854
06/17/2026 21:01:38 - INFO - utils.trainer -   Epoch: 160 [C], Cla: 0.03513, MMS: 0.01956, Cons: 0.00000, Div: 0.00005, Sparsity: 0.56314, Acc: 0.2756, Best: 0.3590, Time: 94.4s
06/17/2026 21:03:12 - INFO - utils.trainer -   ***** Running evaluation on test1 dataset *****
06/17/2026 21:03:30 - INFO - utils.trainer -   AUC: 0.55464
06/17/2026 21:03:30 - INFO - utils.trainer -   Accuracy: 0.26282
06/17/2026 21:03:30 - INFO - utils.trainer -   Precision: 0.24824
06/17/2026 21:03:30 - INFO - utils.trainer -   Recall: 0.24955
06/17/2026 21:03:30 - INFO - utils.trainer -   F_score: 0.24204
06/17/2026 21:03:30 - INFO - utils.trainer -   Cla Loss: 3.75462
06/17/2026 21:03:30 - INFO - utils.trainer -   MMS Loss: 0.05441
06/17/2026 21:03:30 - INFO - utils.trainer -   Cons Loss: 0.00000
06/17/2026 21:03:30 - INFO - utils.trainer -   Div Loss: 0.00004
06/17/2026 21:03:30 - INFO - utils.trainer -   Sparsity Loss: 0.56370
06/17/2026 21:03:30 - INFO - utils.trainer -   Epoch: 161 [C], Cla: 0.02051, MMS: 0.01879, Cons: 0.00000, Div: 0.00004, Sparsity: 0.56101, Acc: 0.2628, Best: 0.3590, Time: 94.3s
06/17/2026 21:05:04 - INFO - utils.trainer -   ***** Running evaluation on test1 dataset *****
06/17/2026 21:05:21 - INFO - utils.trainer -   AUC: 0.56768
06/17/2026 21:05:21 - INFO - utils.trainer -   Accuracy: 0.28846
06/17/2026 21:05:21 - INFO - utils.trainer -   Precision: 0.24838
06/17/2026 21:05:21 - INFO - utils.trainer -   Recall: 0.27103
06/17/2026 21:05:21 - INFO - utils.trainer -   F_score: 0.24838
06/17/2026 21:05:21 - INFO - utils.trainer -   Cla Loss: 3.94697
06/17/2026 21:05:21 - INFO - utils.trainer -   MMS Loss: 0.05760
06/17/2026 21:05:21 - INFO - utils.trainer -   Cons Loss: 0.00000
06/17/2026 21:05:21 - INFO - utils.trainer -   Div Loss: 0.00004
06/17/2026 21:05:21 - INFO - utils.trainer -   Sparsity Loss: 0.54150
06/17/2026 21:05:21 - INFO - utils.trainer -   Epoch: 162 [C], Cla: 0.03644, MMS: 0.01881, Cons: 0.00000, Div: 0.00004, Sparsity: 0.56170, Acc: 0.2885, Best: 0.3590, Time: 94.2s
06/17/2026 21:06:56 - INFO - utils.trainer -   ***** Running evaluation on test1 dataset *****
06/17/2026 21:07:13 - INFO - utils.trainer -   AUC: 0.56782
06/17/2026 21:07:13 - INFO - utils.trainer -   Accuracy: 0.28205
06/17/2026 21:07:13 - INFO - utils.trainer -   Precision: 0.24525
06/17/2026 21:07:13 - INFO - utils.trainer -   Recall: 0.25941
06/17/2026 21:07:13 - INFO - utils.trainer -   F_score: 0.24248
06/17/2026 21:07:13 - INFO - utils.trainer -   Cla Loss: 3.81504
06/17/2026 21:07:13 - INFO - utils.trainer -   MMS Loss: 0.05425
06/17/2026 21:07:13 - INFO - utils.trainer -   Cons Loss: 0.00000
06/17/2026 21:07:13 - INFO - utils.trainer -   Div Loss: 0.00004
06/17/2026 21:07:13 - INFO - utils.trainer -   Sparsity Loss: 0.54985
06/17/2026 21:07:13 - INFO - utils.trainer -   Epoch: 163 [C], Cla: 0.00685, MMS: 0.01895, Cons: 0.00000, Div: 0.00004, Sparsity: 0.56197, Acc: 0.2821, Best: 0.3590, Time: 94.1s
06/17/2026 21:08:48 - INFO - utils.trainer -   ***** Running evaluation on test1 dataset *****
06/17/2026 21:09:05 - INFO - utils.trainer -   AUC: 0.57592
06/17/2026 21:09:05 - INFO - utils.trainer -   Accuracy: 0.30128
06/17/2026 21:09:05 - INFO - utils.trainer -   Precision: 0.29690
06/17/2026 21:09:05 - INFO - utils.trainer -   Recall: 0.31176
06/17/2026 21:09:05 - INFO - utils.trainer -   F_score: 0.27564
06/17/2026 21:09:05 - INFO - utils.trainer -   Cla Loss: 4.05248
06/17/2026 21:09:05 - INFO - utils.trainer -   MMS Loss: 0.05829
06/17/2026 21:09:05 - INFO - utils.trainer -   Cons Loss: 0.00000
06/17/2026 21:09:05 - INFO - utils.trainer -   Div Loss: 0.00004
06/17/2026 21:09:05 - INFO - utils.trainer -   Sparsity Loss: 0.54107
06/17/2026 21:09:05 - INFO - utils.trainer -   Epoch: 164 [C], Cla: 0.03086, MMS: 0.02003, Cons: 0.00000, Div: 0.00004, Sparsity: 0.56312, Acc: 0.3013, Best: 0.3590, Time: 94.5s
06/17/2026 21:10:40 - INFO - utils.trainer -   ***** Running evaluation on test1 dataset *****
06/17/2026 21:10:57 - INFO - utils.trainer -   AUC: 0.57112
06/17/2026 21:10:57 - INFO - utils.trainer -   Accuracy: 0.31410
06/17/2026 21:10:57 - INFO - utils.trainer -   Precision: 0.28607
06/17/2026 21:10:57 - INFO - utils.trainer -   Recall: 0.29660
06/17/2026 21:10:57 - INFO - utils.trainer -   F_score: 0.28772
06/17/2026 21:10:57 - INFO - utils.trainer -   Cla Loss: 3.53385
06/17/2026 21:10:57 - INFO - utils.trainer -   MMS Loss: 0.05635
06/17/2026 21:10:57 - INFO - utils.trainer -   Cons Loss: 0.00000
06/17/2026 21:10:57 - INFO - utils.trainer -   Div Loss: 0.00004
06/17/2026 21:10:57 - INFO - utils.trainer -   Sparsity Loss: 0.55557
06/17/2026 21:10:57 - INFO - utils.trainer -   Epoch: 165 [C], Cla: 0.00440, MMS: 0.01844, Cons: 0.00000, Div: 0.00004, Sparsity: 0.56011, Acc: 0.3141, Best: 0.3590, Time: 94.5s
06/17/2026 21:12:32 - INFO - utils.trainer -   ***** Running evaluation on test1 dataset *****
06/17/2026 21:12:50 - INFO - utils.trainer -   AUC: 0.56726
06/17/2026 21:12:50 - INFO - utils.trainer -   Accuracy: 0.28846
06/17/2026 21:12:50 - INFO - utils.trainer -   Precision: 0.28164
06/17/2026 21:12:50 - INFO - utils.trainer -   Recall: 0.30293
06/17/2026 21:12:50 - INFO - utils.trainer -   F_score: 0.28065
06/17/2026 21:12:50 - INFO - utils.trainer -   Cla Loss: 3.80777
06/17/2026 21:12:50 - INFO - utils.trainer -   MMS Loss: 0.05561
06/17/2026 21:12:50 - INFO - utils.trainer -   Cons Loss: 0.00000
06/17/2026 21:12:50 - INFO - utils.trainer -   Div Loss: 0.00004
06/17/2026 21:12:50 - INFO - utils.trainer -   Sparsity Loss: 0.56408
06/17/2026 21:12:50 - INFO - utils.trainer -   Epoch: 166 [C], Cla: 0.05576, MMS: 0.02070, Cons: 0.00000, Div: 0.00004, Sparsity: 0.56252, Acc: 0.2885, Best: 0.3590, Time: 94.6s
06/17/2026 21:14:24 - INFO - utils.trainer -   ***** Running evaluation on test1 dataset *****
06/17/2026 21:14:42 - INFO - utils.trainer -   AUC: 0.56371
06/17/2026 21:14:42 - INFO - utils.trainer -   Accuracy: 0.28205
06/17/2026 21:14:42 - INFO - utils.trainer -   Precision: 0.24730
06/17/2026 21:14:42 - INFO - utils.trainer -   Recall: 0.25968
06/17/2026 21:14:42 - INFO - utils.trainer -   F_score: 0.24659
06/17/2026 21:14:42 - INFO - utils.trainer -   Cla Loss: 3.84394
06/17/2026 21:14:42 - INFO - utils.trainer -   MMS Loss: 0.05512
06/17/2026 21:14:42 - INFO - utils.trainer -   Cons Loss: 0.00000
06/17/2026 21:14:42 - INFO - utils.trainer -   Div Loss: 0.00004
06/17/2026 21:14:42 - INFO - utils.trainer -   Sparsity Loss: 0.56069
06/17/2026 21:14:42 - INFO - utils.trainer -   Epoch: 167 [C], Cla: 0.00606, MMS: 0.01907, Cons: 0.00000, Div: 0.00004, Sparsity: 0.56463, Acc: 0.2821, Best: 0.3590, Time: 94.4s
06/17/2026 21:16:16 - INFO - utils.trainer -   ***** Running evaluation on test1 dataset *****
06/17/2026 21:16:34 - INFO - utils.trainer -   AUC: 0.56280
06/17/2026 21:16:34 - INFO - utils.trainer -   Accuracy: 0.31410
06/17/2026 21:16:34 - INFO - utils.trainer -   Precision: 0.30460
06/17/2026 21:16:34 - INFO - utils.trainer -   Recall: 0.30069
06/17/2026 21:16:34 - INFO - utils.trainer -   F_score: 0.29237
06/17/2026 21:16:34 - INFO - utils.trainer -   Cla Loss: 3.70523
06/17/2026 21:16:34 - INFO - utils.trainer -   MMS Loss: 0.05440
06/17/2026 21:16:34 - INFO - utils.trainer -   Cons Loss: 0.00000
06/17/2026 21:16:34 - INFO - utils.trainer -   Div Loss: 0.00004
06/17/2026 21:16:34 - INFO - utils.trainer -   Sparsity Loss: 0.57195
06/17/2026 21:16:34 - INFO - utils.trainer -   Epoch: 168 [C], Cla: 0.02677, MMS: 0.01845, Cons: 0.00000, Div: 0.00004, Sparsity: 0.56775, Acc: 0.3141, Best: 0.3590, Time: 94.4s
06/17/2026 21:18:08 - INFO - utils.trainer -   ***** Running evaluation on test1 dataset *****
06/17/2026 21:18:26 - INFO - utils.trainer -   AUC: 0.56502
06/17/2026 21:18:26 - INFO - utils.trainer -   Accuracy: 0.28846
06/17/2026 21:18:26 - INFO - utils.trainer -   Precision: 0.24454
06/17/2026 21:18:26 - INFO - utils.trainer -   Recall: 0.26875
06/17/2026 21:18:26 - INFO - utils.trainer -   F_score: 0.24517
06/17/2026 21:18:26 - INFO - utils.trainer -   Cla Loss: 3.83596
06/17/2026 21:18:26 - INFO - utils.trainer -   MMS Loss: 0.05784
06/17/2026 21:18:26 - INFO - utils.trainer -   Cons Loss: 0.00000
06/17/2026 21:18:26 - INFO - utils.trainer -   Div Loss: 0.00004
06/17/2026 21:18:26 - INFO - utils.trainer -   Sparsity Loss: 0.54973
06/17/2026 21:18:26 - INFO - utils.trainer -   Epoch: 169 [C], Cla: 0.03555, MMS: 0.01847, Cons: 0.00000, Div: 0.00004, Sparsity: 0.56522, Acc: 0.2885, Best: 0.3590, Time: 94.3s
06/17/2026 21:20:00 - INFO - utils.trainer -   ***** Running evaluation on test1 dataset *****
06/17/2026 21:20:18 - INFO - utils.trainer -   AUC: 0.55826
06/17/2026 21:20:18 - INFO - utils.trainer -   Accuracy: 0.28846
06/17/2026 21:20:18 - INFO - utils.trainer -   Precision: 0.26084
06/17/2026 21:20:18 - INFO - utils.trainer -   Recall: 0.27056
06/17/2026 21:20:18 - INFO - utils.trainer -   F_score: 0.26025
06/17/2026 21:20:18 - INFO - utils.trainer -   Cla Loss: 3.76158
06/17/2026 21:20:18 - INFO - utils.trainer -   MMS Loss: 0.05513
06/17/2026 21:20:18 - INFO - utils.trainer -   Cons Loss: 0.00000
06/17/2026 21:20:18 - INFO - utils.trainer -   Div Loss: 0.00003
06/17/2026 21:20:18 - INFO - utils.trainer -   Sparsity Loss: 0.56589
06/17/2026 21:20:18 - INFO - utils.trainer -   Epoch: 170 [C], Cla: 0.02102, MMS: 0.01856, Cons: 0.00000, Div: 0.00004, Sparsity: 0.56902, Acc: 0.2885, Best: 0.3590, Time: 94.3s
06/17/2026 21:21:52 - INFO - utils.trainer -   ***** Running evaluation on test1 dataset *****
06/17/2026 21:22:10 - INFO - utils.trainer -   AUC: 0.56110
06/17/2026 21:22:10 - INFO - utils.trainer -   Accuracy: 0.27564
06/17/2026 21:22:10 - INFO - utils.trainer -   Precision: 0.25338
06/17/2026 21:22:10 - INFO - utils.trainer -   Recall: 0.25917
06/17/2026 21:22:10 - INFO - utils.trainer -   F_score: 0.25103
06/17/2026 21:22:10 - INFO - utils.trainer -   Cla Loss: 3.76760
06/17/2026 21:22:10 - INFO - utils.trainer -   MMS Loss: 0.05567
06/17/2026 21:22:10 - INFO - utils.trainer -   Cons Loss: 0.00000
06/17/2026 21:22:10 - INFO - utils.trainer -   Div Loss: 0.00004
06/17/2026 21:22:10 - INFO - utils.trainer -   Sparsity Loss: 0.57182
06/17/2026 21:22:10 - INFO - utils.trainer -   Epoch: 171 [C], Cla: 0.02735, MMS: 0.01867, Cons: 0.00000, Div: 0.00004, Sparsity: 0.56960, Acc: 0.2756, Best: 0.3590, Time: 94.4s
06/17/2026 21:23:44 - INFO - utils.trainer -   ***** Running evaluation on test1 dataset *****
06/17/2026 21:24:02 - INFO - utils.trainer -   AUC: 0.55964
06/17/2026 21:24:02 - INFO - utils.trainer -   Accuracy: 0.28846
06/17/2026 21:24:02 - INFO - utils.trainer -   Precision: 0.29800
06/17/2026 21:24:02 - INFO - utils.trainer -   Recall: 0.29005
06/17/2026 21:24:02 - INFO - utils.trainer -   F_score: 0.27040
06/17/2026 21:24:02 - INFO - utils.trainer -   Cla Loss: 3.85507
06/17/2026 21:24:02 - INFO - utils.trainer -   MMS Loss: 0.05536
06/17/2026 21:24:02 - INFO - utils.trainer -   Cons Loss: 0.00000
06/17/2026 21:24:02 - INFO - utils.trainer -   Div Loss: 0.00003
06/17/2026 21:24:02 - INFO - utils.trainer -   Sparsity Loss: 0.57695
06/17/2026 21:24:02 - INFO - utils.trainer -   Epoch: 172 [C], Cla: 0.00636, MMS: 0.01846, Cons: 0.00000, Div: 0.00003, Sparsity: 0.57016, Acc: 0.2885, Best: 0.3590, Time: 94.3s
06/17/2026 21:25:36 - INFO - utils.trainer -   ***** Running evaluation on test1 dataset *****
06/17/2026 21:25:54 - INFO - utils.trainer -   AUC: 0.55220
06/17/2026 21:25:54 - INFO - utils.trainer -   Accuracy: 0.28205
06/17/2026 21:25:54 - INFO - utils.trainer -   Precision: 0.27944
06/17/2026 21:25:54 - INFO - utils.trainer -   Recall: 0.28954
06/17/2026 21:25:54 - INFO - utils.trainer -   F_score: 0.27094
06/17/2026 21:25:54 - INFO - utils.trainer -   Cla Loss: 3.81658
06/17/2026 21:25:54 - INFO - utils.trainer -   MMS Loss: 0.05525
06/17/2026 21:25:54 - INFO - utils.trainer -   Cons Loss: 0.00000
06/17/2026 21:25:54 - INFO - utils.trainer -   Div Loss: 0.00003
06/17/2026 21:25:54 - INFO - utils.trainer -   Sparsity Loss: 0.57080
06/17/2026 21:25:54 - INFO - utils.trainer -   Epoch: 173 [C], Cla: 0.04156, MMS: 0.01950, Cons: 0.00000, Div: 0.00003, Sparsity: 0.56666, Acc: 0.2821, Best: 0.3590, Time: 94.3s
06/17/2026 21:27:28 - INFO - utils.trainer -   ***** Running evaluation on test1 dataset *****
06/17/2026 21:27:46 - INFO - utils.trainer -   AUC: 0.55546
06/17/2026 21:27:46 - INFO - utils.trainer -   Accuracy: 0.31410
06/17/2026 21:27:46 - INFO - utils.trainer -   Precision: 0.28113
06/17/2026 21:27:46 - INFO - utils.trainer -   Recall: 0.28801
06/17/2026 21:27:46 - INFO - utils.trainer -   F_score: 0.28188
06/17/2026 21:27:46 - INFO - utils.trainer -   Cla Loss: 3.84522
06/17/2026 21:27:46 - INFO - utils.trainer -   MMS Loss: 0.05777
06/17/2026 21:27:46 - INFO - utils.trainer -   Cons Loss: 0.00000
06/17/2026 21:27:46 - INFO - utils.trainer -   Div Loss: 0.00003
06/17/2026 21:27:46 - INFO - utils.trainer -   Sparsity Loss: 0.56060
06/17/2026 21:27:46 - INFO - utils.trainer -   Epoch: 174 [C], Cla: 0.01527, MMS: 0.01795, Cons: 0.00000, Div: 0.00003, Sparsity: 0.57012, Acc: 0.3141, Best: 0.3590, Time: 94.7s
06/17/2026 21:29:21 - INFO - utils.trainer -   ***** Running evaluation on test1 dataset *****
06/17/2026 21:29:39 - INFO - utils.trainer -   AUC: 0.55354
06/17/2026 21:29:39 - INFO - utils.trainer -   Accuracy: 0.28205
06/17/2026 21:29:39 - INFO - utils.trainer -   Precision: 0.24808
06/17/2026 21:29:39 - INFO - utils.trainer -   Recall: 0.25665
06/17/2026 21:29:39 - INFO - utils.trainer -   F_score: 0.24953
06/17/2026 21:29:39 - INFO - utils.trainer -   Cla Loss: 3.75232
06/17/2026 21:29:39 - INFO - utils.trainer -   MMS Loss: 0.05648
06/17/2026 21:29:39 - INFO - utils.trainer -   Cons Loss: 0.00000
06/17/2026 21:29:39 - INFO - utils.trainer -   Div Loss: 0.00003
06/17/2026 21:29:39 - INFO - utils.trainer -   Sparsity Loss: 0.55892
06/17/2026 21:29:39 - INFO - utils.trainer -   Epoch: 175 [C], Cla: 0.04342, MMS: 0.01816, Cons: 0.00000, Div: 0.00003, Sparsity: 0.56361, Acc: 0.2821, Best: 0.3590, Time: 94.5s
06/17/2026 21:31:13 - INFO - utils.trainer -   ***** Running evaluation on test1 dataset *****
06/17/2026 21:31:31 - INFO - utils.trainer -   AUC: 0.56066
06/17/2026 21:31:31 - INFO - utils.trainer -   Accuracy: 0.28205
06/17/2026 21:31:31 - INFO - utils.trainer -   Precision: 0.26919
06/17/2026 21:31:31 - INFO - utils.trainer -   Recall: 0.27386
06/17/2026 21:31:31 - INFO - utils.trainer -   F_score: 0.26256
06/17/2026 21:31:31 - INFO - utils.trainer -   Cla Loss: 3.74824
06/17/2026 21:31:31 - INFO - utils.trainer -   MMS Loss: 0.05508
06/17/2026 21:31:31 - INFO - utils.trainer -   Cons Loss: 0.00000
06/17/2026 21:31:31 - INFO - utils.trainer -   Div Loss: 0.00003
06/17/2026 21:31:31 - INFO - utils.trainer -   Sparsity Loss: 0.56249
06/17/2026 21:31:31 - INFO - utils.trainer -   Epoch: 176 [C], Cla: 0.00427, MMS: 0.01783, Cons: 0.00000, Div: 0.00003, Sparsity: 0.55989, Acc: 0.2821, Best: 0.3590, Time: 94.5s
06/17/2026 21:33:05 - INFO - utils.trainer -   ***** Running evaluation on test1 dataset *****
06/17/2026 21:33:23 - INFO - utils.trainer -   AUC: 0.56481
06/17/2026 21:33:23 - INFO - utils.trainer -   Accuracy: 0.27564
06/17/2026 21:33:23 - INFO - utils.trainer -   Precision: 0.26497
06/17/2026 21:33:23 - INFO - utils.trainer -   Recall: 0.28520
06/17/2026 21:33:23 - INFO - utils.trainer -   F_score: 0.25842
06/17/2026 21:33:23 - INFO - utils.trainer -   Cla Loss: 4.13381
06/17/2026 21:33:23 - INFO - utils.trainer -   MMS Loss: 0.05535
06/17/2026 21:33:23 - INFO - utils.trainer -   Cons Loss: 0.00000
06/17/2026 21:33:23 - INFO - utils.trainer -   Div Loss: 0.00003
06/17/2026 21:33:23 - INFO - utils.trainer -   Sparsity Loss: 0.54522
06/17/2026 21:33:23 - INFO - utils.trainer -   Epoch: 177 [C], Cla: 0.00594, MMS: 0.01770, Cons: 0.00000, Div: 0.00003, Sparsity: 0.56320, Acc: 0.2756, Best: 0.3590, Time: 94.3s
06/17/2026 21:34:57 - INFO - utils.trainer -   ***** Running evaluation on test1 dataset *****
06/17/2026 21:35:15 - INFO - utils.trainer -   AUC: 0.55414
06/17/2026 21:35:15 - INFO - utils.trainer -   Accuracy: 0.26923
06/17/2026 21:35:15 - INFO - utils.trainer -   Precision: 0.25093
06/17/2026 21:35:15 - INFO - utils.trainer -   Recall: 0.25487
06/17/2026 21:35:15 - INFO - utils.trainer -   F_score: 0.24627
06/17/2026 21:35:15 - INFO - utils.trainer -   Cla Loss: 3.84358
06/17/2026 21:35:15 - INFO - utils.trainer -   MMS Loss: 0.05690
06/17/2026 21:35:15 - INFO - utils.trainer -   Cons Loss: 0.00000
06/17/2026 21:35:15 - INFO - utils.trainer -   Div Loss: 0.00003
06/17/2026 21:35:15 - INFO - utils.trainer -   Sparsity Loss: 0.56319
06/17/2026 21:35:15 - INFO - utils.trainer -   Epoch: 178 [C], Cla: 0.00946, MMS: 0.01852, Cons: 0.00000, Div: 0.00003, Sparsity: 0.56316, Acc: 0.2692, Best: 0.3590, Time: 94.6s
06/17/2026 21:36:49 - INFO - utils.trainer -   ***** Running evaluation on test1 dataset *****
06/17/2026 21:37:07 - INFO - utils.trainer -   AUC: 0.54616
06/17/2026 21:37:07 - INFO - utils.trainer -   Accuracy: 0.29487
06/17/2026 21:37:07 - INFO - utils.trainer -   Precision: 0.31554
06/17/2026 21:37:07 - INFO - utils.trainer -   Recall: 0.31408
06/17/2026 21:37:07 - INFO - utils.trainer -   F_score: 0.29563
06/17/2026 21:37:07 - INFO - utils.trainer -   Cla Loss: 3.76554
06/17/2026 21:37:07 - INFO - utils.trainer -   MMS Loss: 0.05864
06/17/2026 21:37:07 - INFO - utils.trainer -   Cons Loss: 0.00000
06/17/2026 21:37:07 - INFO - utils.trainer -   Div Loss: 0.00003
06/17/2026 21:37:07 - INFO - utils.trainer -   Sparsity Loss: 0.56716
06/17/2026 21:37:07 - INFO - utils.trainer -   Epoch: 179 [C], Cla: 0.04572, MMS: 0.01879, Cons: 0.00000, Div: 0.00003, Sparsity: 0.56598, Acc: 0.2949, Best: 0.3590, Time: 94.4s
06/17/2026 21:38:41 - INFO - utils.trainer -   ***** Running evaluation on test1 dataset *****
06/17/2026 21:38:59 - INFO - utils.trainer -   AUC: 0.56578
06/17/2026 21:38:59 - INFO - utils.trainer -   Accuracy: 0.27564
06/17/2026 21:38:59 - INFO - utils.trainer -   Precision: 0.27520
06/17/2026 21:38:59 - INFO - utils.trainer -   Recall: 0.27941
06/17/2026 21:38:59 - INFO - utils.trainer -   F_score: 0.25889
06/17/2026 21:38:59 - INFO - utils.trainer -   Cla Loss: 3.73101
06/17/2026 21:38:59 - INFO - utils.trainer -   MMS Loss: 0.05283
06/17/2026 21:38:59 - INFO - utils.trainer -   Cons Loss: 0.00000
06/17/2026 21:38:59 - INFO - utils.trainer -   Div Loss: 0.00003
06/17/2026 21:38:59 - INFO - utils.trainer -   Sparsity Loss: 0.55115
06/17/2026 21:38:59 - INFO - utils.trainer -   Epoch: 180 [C], Cla: 0.02225, MMS: 0.01807, Cons: 0.00000, Div: 0.00003, Sparsity: 0.55603, Acc: 0.2756, Best: 0.3590, Time: 94.3s
06/17/2026 21:40:33 - INFO - utils.trainer -   ***** Running evaluation on test1 dataset *****
06/17/2026 21:40:51 - INFO - utils.trainer -   AUC: 0.55737
06/17/2026 21:40:51 - INFO - utils.trainer -   Accuracy: 0.28846
06/17/2026 21:40:51 - INFO - utils.trainer -   Precision: 0.27809
06/17/2026 21:40:51 - INFO - utils.trainer -   Recall: 0.27536
06/17/2026 21:40:51 - INFO - utils.trainer -   F_score: 0.27286
06/17/2026 21:40:51 - INFO - utils.trainer -   Cla Loss: 3.59731
06/17/2026 21:40:51 - INFO - utils.trainer -   MMS Loss: 0.05652
06/17/2026 21:40:51 - INFO - utils.trainer -   Cons Loss: 0.00000
06/17/2026 21:40:51 - INFO - utils.trainer -   Div Loss: 0.00003
06/17/2026 21:40:51 - INFO - utils.trainer -   Sparsity Loss: 0.55455
06/17/2026 21:40:51 - INFO - utils.trainer -   Epoch: 181 [C], Cla: 0.01459, MMS: 0.01816, Cons: 0.00000, Div: 0.00003, Sparsity: 0.55861, Acc: 0.2885, Best: 0.3590, Time: 94.3s
06/17/2026 21:42:25 - INFO - utils.trainer -   ***** Running evaluation on test1 dataset *****
06/17/2026 21:42:43 - INFO - utils.trainer -   AUC: 0.57776
06/17/2026 21:42:43 - INFO - utils.trainer -   Accuracy: 0.30769
06/17/2026 21:42:43 - INFO - utils.trainer -   Precision: 0.27486
06/17/2026 21:42:43 - INFO - utils.trainer -   Recall: 0.28801
06/17/2026 21:42:43 - INFO - utils.trainer -   F_score: 0.27443
06/17/2026 21:42:43 - INFO - utils.trainer -   Cla Loss: 3.58550
06/17/2026 21:42:43 - INFO - utils.trainer -   MMS Loss: 0.05607
06/17/2026 21:42:43 - INFO - utils.trainer -   Cons Loss: 0.00000
06/17/2026 21:42:43 - INFO - utils.trainer -   Div Loss: 0.00003
06/17/2026 21:42:43 - INFO - utils.trainer -   Sparsity Loss: 0.53730
06/17/2026 21:42:43 - INFO - utils.trainer -   Epoch: 182 [C], Cla: 0.04676, MMS: 0.01856, Cons: 0.00000, Div: 0.00003, Sparsity: 0.55597, Acc: 0.3077, Best: 0.3590, Time: 94.4s
06/17/2026 21:44:18 - INFO - utils.trainer -   ***** Running evaluation on test1 dataset *****
06/17/2026 21:44:35 - INFO - utils.trainer -   AUC: 0.56885
06/17/2026 21:44:35 - INFO - utils.trainer -   Accuracy: 0.28846
06/17/2026 21:44:35 - INFO - utils.trainer -   Precision: 0.27077
06/17/2026 21:44:35 - INFO - utils.trainer -   Recall: 0.27788
06/17/2026 21:44:35 - INFO - utils.trainer -   F_score: 0.26568
06/17/2026 21:44:35 - INFO - utils.trainer -   Cla Loss: 3.72576
06/17/2026 21:44:35 - INFO - utils.trainer -   MMS Loss: 0.05365
06/17/2026 21:44:35 - INFO - utils.trainer -   Cons Loss: 0.00000
06/17/2026 21:44:35 - INFO - utils.trainer -   Div Loss: 0.00003
06/17/2026 21:44:35 - INFO - utils.trainer -   Sparsity Loss: 0.54150
06/17/2026 21:44:35 - INFO - utils.trainer -   Epoch: 183 [C], Cla: 0.01180, MMS: 0.01878, Cons: 0.00000, Div: 0.00003, Sparsity: 0.55398, Acc: 0.2885, Best: 0.3590, Time: 94.6s
06/17/2026 21:46:10 - INFO - utils.trainer -   ***** Running evaluation on test1 dataset *****
06/17/2026 21:46:28 - INFO - utils.trainer -   AUC: 0.56484
06/17/2026 21:46:28 - INFO - utils.trainer -   Accuracy: 0.26923
06/17/2026 21:46:28 - INFO - utils.trainer -   Precision: 0.27024
06/17/2026 21:46:28 - INFO - utils.trainer -   Recall: 0.29584
06/17/2026 21:46:28 - INFO - utils.trainer -   F_score: 0.26067
06/17/2026 21:46:28 - INFO - utils.trainer -   Cla Loss: 3.86440
06/17/2026 21:46:28 - INFO - utils.trainer -   MMS Loss: 0.05539
06/17/2026 21:46:28 - INFO - utils.trainer -   Cons Loss: 0.00000
06/17/2026 21:46:28 - INFO - utils.trainer -   Div Loss: 0.00003
06/17/2026 21:46:28 - INFO - utils.trainer -   Sparsity Loss: 0.53990
06/17/2026 21:46:28 - INFO - utils.trainer -   Epoch: 184 [C], Cla: 0.00992, MMS: 0.01799, Cons: 0.00000, Div: 0.00003, Sparsity: 0.55667, Acc: 0.2692, Best: 0.3590, Time: 94.6s
06/17/2026 21:48:02 - INFO - utils.trainer -   ***** Running evaluation on test1 dataset *****
06/17/2026 21:48:20 - INFO - utils.trainer -   AUC: 0.56193
06/17/2026 21:48:20 - INFO - utils.trainer -   Accuracy: 0.30769
06/17/2026 21:48:20 - INFO - utils.trainer -   Precision: 0.29221
06/17/2026 21:48:20 - INFO - utils.trainer -   Recall: 0.29991
06/17/2026 21:48:20 - INFO - utils.trainer -   F_score: 0.29127
06/17/2026 21:48:20 - INFO - utils.trainer -   Cla Loss: 3.73453
06/17/2026 21:48:20 - INFO - utils.trainer -   MMS Loss: 0.05787
06/17/2026 21:48:20 - INFO - utils.trainer -   Cons Loss: 0.00000
06/17/2026 21:48:20 - INFO - utils.trainer -   Div Loss: 0.00003
06/17/2026 21:48:20 - INFO - utils.trainer -   Sparsity Loss: 0.54010
06/17/2026 21:48:20 - INFO - utils.trainer -   Epoch: 185 [C], Cla: 0.04193, MMS: 0.01797, Cons: 0.00000, Div: 0.00003, Sparsity: 0.55431, Acc: 0.3077, Best: 0.3590, Time: 94.7s
06/17/2026 21:49:55 - INFO - utils.trainer -   ***** Running evaluation on test1 dataset *****
06/17/2026 21:50:12 - INFO - utils.trainer -   AUC: 0.55943
06/17/2026 21:50:12 - INFO - utils.trainer -   Accuracy: 0.28205
06/17/2026 21:50:12 - INFO - utils.trainer -   Precision: 0.25460
06/17/2026 21:50:12 - INFO - utils.trainer -   Recall: 0.26295
06/17/2026 21:50:12 - INFO - utils.trainer -   F_score: 0.25640
06/17/2026 21:50:12 - INFO - utils.trainer -   Cla Loss: 3.55622
06/17/2026 21:50:12 - INFO - utils.trainer -   MMS Loss: 0.05670
06/17/2026 21:50:12 - INFO - utils.trainer -   Cons Loss: 0.00000
06/17/2026 21:50:12 - INFO - utils.trainer -   Div Loss: 0.00003
06/17/2026 21:50:12 - INFO - utils.trainer -   Sparsity Loss: 0.53488
06/17/2026 21:50:12 - INFO - utils.trainer -   Epoch: 186 [C], Cla: 0.06154, MMS: 0.01920, Cons: 0.00000, Div: 0.00003, Sparsity: 0.54774, Acc: 0.2821, Best: 0.3590, Time: 94.7s
06/17/2026 21:51:47 - INFO - utils.trainer -   ***** Running evaluation on test1 dataset *****
06/17/2026 21:52:05 - INFO - utils.trainer -   AUC: 0.55950
06/17/2026 21:52:05 - INFO - utils.trainer -   Accuracy: 0.30769
06/17/2026 21:52:05 - INFO - utils.trainer -   Precision: 0.27160
06/17/2026 21:52:05 - INFO - utils.trainer -   Recall: 0.27765
06/17/2026 21:52:05 - INFO - utils.trainer -   F_score: 0.27163
06/17/2026 21:52:05 - INFO - utils.trainer -   Cla Loss: 3.55354
06/17/2026 21:52:05 - INFO - utils.trainer -   MMS Loss: 0.05513
06/17/2026 21:52:05 - INFO - utils.trainer -   Cons Loss: 0.00000
06/17/2026 21:52:05 - INFO - utils.trainer -   Div Loss: 0.00003
06/17/2026 21:52:05 - INFO - utils.trainer -   Sparsity Loss: 0.53595
06/17/2026 21:52:05 - INFO - utils.trainer -   Epoch: 187 [C], Cla: 0.05969, MMS: 0.01863, Cons: 0.00000, Div: 0.00003, Sparsity: 0.54771, Acc: 0.3077, Best: 0.3590, Time: 94.5s
06/17/2026 21:53:39 - INFO - utils.trainer -   ***** Running evaluation on test1 dataset *****
06/17/2026 21:53:57 - INFO - utils.trainer -   AUC: 0.55547
06/17/2026 21:53:57 - INFO - utils.trainer -   Accuracy: 0.28846
06/17/2026 21:53:57 - INFO - utils.trainer -   Precision: 0.27188
06/17/2026 21:53:57 - INFO - utils.trainer -   Recall: 0.26855
06/17/2026 21:53:57 - INFO - utils.trainer -   F_score: 0.26709
06/17/2026 21:53:57 - INFO - utils.trainer -   Cla Loss: 3.63004
06/17/2026 21:53:57 - INFO - utils.trainer -   MMS Loss: 0.05778
06/17/2026 21:53:57 - INFO - utils.trainer -   Cons Loss: 0.00000
06/17/2026 21:53:57 - INFO - utils.trainer -   Div Loss: 0.00003
06/17/2026 21:53:57 - INFO - utils.trainer -   Sparsity Loss: 0.54503
06/17/2026 21:53:57 - INFO - utils.trainer -   Epoch: 188 [C], Cla: 0.02372, MMS: 0.01820, Cons: 0.00000, Div: 0.00003, Sparsity: 0.55248, Acc: 0.2885, Best: 0.3590, Time: 94.4s
06/17/2026 21:55:32 - INFO - utils.trainer -   ***** Running evaluation on test1 dataset *****
06/17/2026 21:55:49 - INFO - utils.trainer -   AUC: 0.55585
06/17/2026 21:55:49 - INFO - utils.trainer -   Accuracy: 0.28846
06/17/2026 21:55:49 - INFO - utils.trainer -   Precision: 0.29067
06/17/2026 21:55:49 - INFO - utils.trainer -   Recall: 0.29281
06/17/2026 21:55:49 - INFO - utils.trainer -   F_score: 0.28100
06/17/2026 21:55:49 - INFO - utils.trainer -   Cla Loss: 3.78238
06/17/2026 21:55:49 - INFO - utils.trainer -   MMS Loss: 0.05638
06/17/2026 21:55:49 - INFO - utils.trainer -   Cons Loss: 0.00000
06/17/2026 21:55:49 - INFO - utils.trainer -   Div Loss: 0.00003
06/17/2026 21:55:49 - INFO - utils.trainer -   Sparsity Loss: 0.54200
06/17/2026 21:55:49 - INFO - utils.trainer -   Epoch: 189 [C], Cla: 0.01402, MMS: 0.01797, Cons: 0.00000, Div: 0.00003, Sparsity: 0.55115, Acc: 0.2885, Best: 0.3590, Time: 94.8s
06/17/2026 21:57:24 - INFO - utils.trainer -   ***** Running evaluation on test1 dataset *****
06/17/2026 21:57:42 - INFO - utils.trainer -   AUC: 0.56018
06/17/2026 21:57:42 - INFO - utils.trainer -   Accuracy: 0.27564
06/17/2026 21:57:42 - INFO - utils.trainer -   Precision: 0.25477
06/17/2026 21:57:42 - INFO - utils.trainer -   Recall: 0.26724
06/17/2026 21:57:42 - INFO - utils.trainer -   F_score: 0.25325
06/17/2026 21:57:42 - INFO - utils.trainer -   Cla Loss: 3.86405
06/17/2026 21:57:42 - INFO - utils.trainer -   MMS Loss: 0.05695
06/17/2026 21:57:42 - INFO - utils.trainer -   Cons Loss: 0.00000
06/17/2026 21:57:42 - INFO - utils.trainer -   Div Loss: 0.00003
06/17/2026 21:57:42 - INFO - utils.trainer -   Sparsity Loss: 0.53136
06/17/2026 21:57:42 - INFO - utils.trainer -   Epoch: 190 [C], Cla: 0.05018, MMS: 0.01928, Cons: 0.00000, Div: 0.00003, Sparsity: 0.55217, Acc: 0.2756, Best: 0.3590, Time: 94.5s
06/17/2026 21:59:16 - INFO - utils.trainer -   ***** Running evaluation on test1 dataset *****
06/17/2026 21:59:33 - INFO - utils.trainer -   AUC: 0.56636
06/17/2026 21:59:33 - INFO - utils.trainer -   Accuracy: 0.28205
06/17/2026 21:59:33 - INFO - utils.trainer -   Precision: 0.25421
06/17/2026 21:59:33 - INFO - utils.trainer -   Recall: 0.26524
06/17/2026 21:59:33 - INFO - utils.trainer -   F_score: 0.25572
06/17/2026 21:59:33 - INFO - utils.trainer -   Cla Loss: 3.62754
06/17/2026 21:59:33 - INFO - utils.trainer -   MMS Loss: 0.05803
06/17/2026 21:59:33 - INFO - utils.trainer -   Cons Loss: 0.00000
06/17/2026 21:59:33 - INFO - utils.trainer -   Div Loss: 0.00003
06/17/2026 21:59:33 - INFO - utils.trainer -   Sparsity Loss: 0.53294
06/17/2026 21:59:33 - INFO - utils.trainer -   Epoch: 191 [C], Cla: 0.04074, MMS: 0.01888, Cons: 0.00000, Div: 0.00003, Sparsity: 0.54971, Acc: 0.2821, Best: 0.3590, Time: 94.3s
06/17/2026 22:01:08 - INFO - utils.trainer -   ***** Running evaluation on test1 dataset *****
06/17/2026 22:01:26 - INFO - utils.trainer -   AUC: 0.56587
06/17/2026 22:01:26 - INFO - utils.trainer -   Accuracy: 0.28846
06/17/2026 22:01:26 - INFO - utils.trainer -   Precision: 0.24866
06/17/2026 22:01:26 - INFO - utils.trainer -   Recall: 0.26551
06/17/2026 22:01:26 - INFO - utils.trainer -   F_score: 0.25238
06/17/2026 22:01:26 - INFO - utils.trainer -   Cla Loss: 3.61543
06/17/2026 22:01:26 - INFO - utils.trainer -   MMS Loss: 0.05586
06/17/2026 22:01:26 - INFO - utils.trainer -   Cons Loss: 0.00000
06/17/2026 22:01:26 - INFO - utils.trainer -   Div Loss: 0.00002
06/17/2026 22:01:26 - INFO - utils.trainer -   Sparsity Loss: 0.53439
06/17/2026 22:01:26 - INFO - utils.trainer -   Epoch: 192 [C], Cla: 0.02743, MMS: 0.01891, Cons: 0.00000, Div: 0.00003, Sparsity: 0.54814, Acc: 0.2885, Best: 0.3590, Time: 94.4s
06/17/2026 22:03:00 - INFO - utils.trainer -   ***** Running evaluation on test1 dataset *****
06/17/2026 22:03:18 - INFO - utils.trainer -   AUC: 0.55553
06/17/2026 22:03:18 - INFO - utils.trainer -   Accuracy: 0.28205
06/17/2026 22:03:18 - INFO - utils.trainer -   Precision: 0.25813
06/17/2026 22:03:18 - INFO - utils.trainer -   Recall: 0.26728
06/17/2026 22:03:18 - INFO - utils.trainer -   F_score: 0.25537
06/17/2026 22:03:18 - INFO - utils.trainer -   Cla Loss: 3.77369
06/17/2026 22:03:18 - INFO - utils.trainer -   MMS Loss: 0.05509
06/17/2026 22:03:18 - INFO - utils.trainer -   Cons Loss: 0.00000
06/17/2026 22:03:18 - INFO - utils.trainer -   Div Loss: 0.00003
06/17/2026 22:03:18 - INFO - utils.trainer -   Sparsity Loss: 0.54121
06/17/2026 22:03:18 - INFO - utils.trainer -   Epoch: 193 [C], Cla: 0.01138, MMS: 0.01780, Cons: 0.00000, Div: 0.00003, Sparsity: 0.55093, Acc: 0.2821, Best: 0.3590, Time: 94.5s
06/17/2026 22:04:52 - INFO - utils.trainer -   ***** Running evaluation on test1 dataset *****
06/17/2026 22:05:10 - INFO - utils.trainer -   AUC: 0.56240
06/17/2026 22:05:10 - INFO - utils.trainer -   Accuracy: 0.26923
06/17/2026 22:05:10 - INFO - utils.trainer -   Precision: 0.25577
06/17/2026 22:05:10 - INFO - utils.trainer -   Recall: 0.26220
06/17/2026 22:05:10 - INFO - utils.trainer -   F_score: 0.25244
06/17/2026 22:05:10 - INFO - utils.trainer -   Cla Loss: 3.63432
06/17/2026 22:05:10 - INFO - utils.trainer -   MMS Loss: 0.05651
06/17/2026 22:05:10 - INFO - utils.trainer -   Cons Loss: 0.00000
06/17/2026 22:05:10 - INFO - utils.trainer -   Div Loss: 0.00003
06/17/2026 22:05:10 - INFO - utils.trainer -   Sparsity Loss: 0.54284
06/17/2026 22:05:10 - INFO - utils.trainer -   Epoch: 194 [C], Cla: 0.03510, MMS: 0.01942, Cons: 0.00000, Div: 0.00003, Sparsity: 0.55377, Acc: 0.2692, Best: 0.3590, Time: 94.4s
06/17/2026 22:06:45 - INFO - utils.trainer -   ***** Running evaluation on test1 dataset *****
06/17/2026 22:07:02 - INFO - utils.trainer -   AUC: 0.56601
06/17/2026 22:07:02 - INFO - utils.trainer -   Accuracy: 0.28846
06/17/2026 22:07:02 - INFO - utils.trainer -   Precision: 0.28035
06/17/2026 22:07:02 - INFO - utils.trainer -   Recall: 0.28044
06/17/2026 22:07:02 - INFO - utils.trainer -   F_score: 0.26910
06/17/2026 22:07:02 - INFO - utils.trainer -   Cla Loss: 3.74820
06/17/2026 22:07:02 - INFO - utils.trainer -   MMS Loss: 0.05524
06/17/2026 22:07:02 - INFO - utils.trainer -   Cons Loss: 0.00000
06/17/2026 22:07:02 - INFO - utils.trainer -   Div Loss: 0.00002
06/17/2026 22:07:02 - INFO - utils.trainer -   Sparsity Loss: 0.54619
06/17/2026 22:07:02 - INFO - utils.trainer -   Epoch: 195 [C], Cla: 0.00445, MMS: 0.01734, Cons: 0.00000, Div: 0.00002, Sparsity: 0.55281, Acc: 0.2885, Best: 0.3590, Time: 94.7s
06/17/2026 22:08:36 - INFO - utils.trainer -   ***** Running evaluation on test1 dataset *****
06/17/2026 22:08:54 - INFO - utils.trainer -   AUC: 0.55776
06/17/2026 22:08:54 - INFO - utils.trainer -   Accuracy: 0.26923
06/17/2026 22:08:54 - INFO - utils.trainer -   Precision: 0.25733
06/17/2026 22:08:54 - INFO - utils.trainer -   Recall: 0.26271
06/17/2026 22:08:54 - INFO - utils.trainer -   F_score: 0.25441
06/17/2026 22:08:54 - INFO - utils.trainer -   Cla Loss: 3.73528
06/17/2026 22:08:54 - INFO - utils.trainer -   MMS Loss: 0.05689
06/17/2026 22:08:54 - INFO - utils.trainer -   Cons Loss: 0.00000
06/17/2026 22:08:54 - INFO - utils.trainer -   Div Loss: 0.00003
06/17/2026 22:08:54 - INFO - utils.trainer -   Sparsity Loss: 0.54145
06/17/2026 22:08:54 - INFO - utils.trainer -   Epoch: 196 [C], Cla: 0.03252, MMS: 0.01827, Cons: 0.00000, Div: 0.00003, Sparsity: 0.55327, Acc: 0.2692, Best: 0.3590, Time: 94.3s
06/17/2026 22:10:29 - INFO - utils.trainer -   ***** Running evaluation on test1 dataset *****
06/17/2026 22:10:46 - INFO - utils.trainer -   AUC: 0.55590
06/17/2026 22:10:46 - INFO - utils.trainer -   Accuracy: 0.28205
06/17/2026 22:10:46 - INFO - utils.trainer -   Precision: 0.27735
06/17/2026 22:10:46 - INFO - utils.trainer -   Recall: 0.28068
06/17/2026 22:10:46 - INFO - utils.trainer -   F_score: 0.27157
06/17/2026 22:10:46 - INFO - utils.trainer -   Cla Loss: 3.67908
06/17/2026 22:10:46 - INFO - utils.trainer -   MMS Loss: 0.05592
06/17/2026 22:10:46 - INFO - utils.trainer -   Cons Loss: 0.00000
06/17/2026 22:10:46 - INFO - utils.trainer -   Div Loss: 0.00002
06/17/2026 22:10:46 - INFO - utils.trainer -   Sparsity Loss: 0.54089
06/17/2026 22:10:46 - INFO - utils.trainer -   Epoch: 197 [C], Cla: 0.00417, MMS: 0.01757, Cons: 0.00000, Div: 0.00003, Sparsity: 0.55002, Acc: 0.2821, Best: 0.3590, Time: 94.4s
06/17/2026 22:12:21 - INFO - utils.trainer -   ***** Running evaluation on test1 dataset *****
06/17/2026 22:12:38 - INFO - utils.trainer -   AUC: 0.56579
06/17/2026 22:12:38 - INFO - utils.trainer -   Accuracy: 0.31410
06/17/2026 22:12:38 - INFO - utils.trainer -   Precision: 0.27905
06/17/2026 22:12:38 - INFO - utils.trainer -   Recall: 0.29105
06/17/2026 22:12:38 - INFO - utils.trainer -   F_score: 0.28072
06/17/2026 22:12:38 - INFO - utils.trainer -   Cla Loss: 3.60905
06/17/2026 22:12:38 - INFO - utils.trainer -   MMS Loss: 0.05558
06/17/2026 22:12:38 - INFO - utils.trainer -   Cons Loss: 0.00000
06/17/2026 22:12:38 - INFO - utils.trainer -   Div Loss: 0.00002
06/17/2026 22:12:38 - INFO - utils.trainer -   Sparsity Loss: 0.53177
06/17/2026 22:12:39 - INFO - utils.trainer -   Epoch: 198 [C], Cla: 0.03068, MMS: 0.01913, Cons: 0.00000, Div: 0.00002, Sparsity: 0.55280, Acc: 0.3141, Best: 0.3590, Time: 94.6s
06/17/2026 22:14:13 - INFO - utils.trainer -   ***** Running evaluation on test1 dataset *****
06/17/2026 22:14:30 - INFO - utils.trainer -   AUC: 0.56056
06/17/2026 22:14:30 - INFO - utils.trainer -   Accuracy: 0.28205
06/17/2026 22:14:30 - INFO - utils.trainer -   Precision: 0.26208
06/17/2026 22:14:30 - INFO - utils.trainer -   Recall: 0.26500
06/17/2026 22:14:30 - INFO - utils.trainer -   F_score: 0.26025
06/17/2026 22:14:30 - INFO - utils.trainer -   Cla Loss: 3.63030
06/17/2026 22:14:30 - INFO - utils.trainer -   MMS Loss: 0.05738
06/17/2026 22:14:30 - INFO - utils.trainer -   Cons Loss: 0.00000
06/17/2026 22:14:30 - INFO - utils.trainer -   Div Loss: 0.00002
06/17/2026 22:14:30 - INFO - utils.trainer -   Sparsity Loss: 0.53017
06/17/2026 22:14:31 - INFO - utils.trainer -   Epoch: 199 [C], Cla: 0.05742, MMS: 0.01826, Cons: 0.00000, Div: 0.00002, Sparsity: 0.54792, Acc: 0.2821, Best: 0.3590, Time: 94.3s
06/17/2026 22:16:05 - INFO - utils.trainer -   ***** Running evaluation on test1 dataset *****
06/17/2026 22:16:22 - INFO - utils.trainer -   AUC: 0.55771
06/17/2026 22:16:22 - INFO - utils.trainer -   Accuracy: 0.30128
06/17/2026 22:16:22 - INFO - utils.trainer -   Precision: 0.27377
06/17/2026 22:16:22 - INFO - utils.trainer -   Recall: 0.27714
06/17/2026 22:16:22 - INFO - utils.trainer -   F_score: 0.27418
06/17/2026 22:16:22 - INFO - utils.trainer -   Cla Loss: 3.60429
06/17/2026 22:16:22 - INFO - utils.trainer -   MMS Loss: 0.05657
06/17/2026 22:16:22 - INFO - utils.trainer -   Cons Loss: 0.00000
06/17/2026 22:16:22 - INFO - utils.trainer -   Div Loss: 0.00002
06/17/2026 22:16:22 - INFO - utils.trainer -   Sparsity Loss: 0.52550
06/17/2026 22:16:23 - INFO - utils.trainer -     state_dict: 350 tensors, 125.1 MB (trainable + buffers only)
06/17/2026 22:16:23 - INFO - utils.trainer -   Model saved to output_dir/LDDE2th/checkpoint-epoch-200
06/17/2026 22:16:23 - INFO - utils.trainer -   Checkpoint saved at epoch 200
06/17/2026 22:16:23 - INFO - utils.trainer -   Epoch: 200 [C], Cla: 0.00476, MMS: 0.01773, Cons: 0.00000, Div: 0.00003, Sparsity: 0.54496, Acc: 0.3013, Best: 0.3590, Time: 94.2s
06/17/2026 22:16:23 - INFO - utils.trainer -     state_dict: 350 tensors, 125.1 MB (trainable + buffers only)
06/17/2026 22:16:23 - INFO - utils.trainer -   Model saved to output_dir/LDDE2th/final-epoch-200
06/17/2026 22:16:23 - INFO - utils.trainer -   Final model saved at epoch 200
06/17/2026 22:16:50 - INFO - __main__ -   ########## Repeat:2 ##########
06/17/2026 22:16:50 - INFO - utils.trainer -   ***** Running training *****
06/17/2026 22:16:50 - INFO - utils.trainer -     Num examples = 78
06/17/2026 22:16:50 - INFO - utils.trainer -     Num Epochs = 200
06/17/2026 22:16:50 - INFO - utils.trainer -     Total train batch size = 4
06/17/2026 22:16:50 - INFO - utils.trainer -     warmup steps = 400
06/17/2026 22:16:50 - INFO - utils.trainer -     Total optimization steps = 15600
06/17/2026 22:16:50 - INFO - utils.trainer -     Save steps = 50
06/17/2026 22:16:50 - INFO - root -   Parameters [normal] length [635]
06/17/2026 22:18:22 - INFO - utils.trainer -   ***** Running evaluation on test2 dataset *****
06/17/2026 22:18:40 - INFO - utils.trainer -   AUC: 0.46864
06/17/2026 22:18:40 - INFO - utils.trainer -   Accuracy: 0.17308
06/17/2026 22:18:40 - INFO - utils.trainer -   Precision: 0.37001
06/17/2026 22:18:40 - INFO - utils.trainer -   Recall: 0.18529
06/17/2026 22:18:40 - INFO - utils.trainer -   F_score: 0.14896
06/17/2026 22:18:40 - INFO - utils.trainer -   Cla Loss: 1.42677
06/17/2026 22:18:40 - INFO - utils.trainer -   MMS Loss: 0.05462
06/17/2026 22:18:40 - INFO - utils.trainer -   Cons Loss: 0.00002
06/17/2026 22:18:40 - INFO - utils.trainer -   Div Loss: 0.00007
06/17/2026 22:18:40 - INFO - utils.trainer -   Sparsity Loss: 0.23429
06/17/2026 22:18:40 - INFO - utils.trainer -     state_dict: 330 tensors, 113.4 MB (trainable + buffers only)
06/17/2026 22:18:40 - INFO - utils.trainer -   Model saved to output_dir/LDDE2th
06/17/2026 22:18:40 - INFO - utils.trainer -   Best model saved (acc=0.1731)
06/17/2026 22:18:40 - INFO - utils.trainer -   Epoch: 1 [A], Cla: 1.38521, MMS: 0.11581, Cons: 0.00029, Div: 0.00010, Sparsity: 0.21438, Acc: 0.1731, Best: 0.1731, Time: 92.6s
06/17/2026 22:20:13 - INFO - utils.trainer -   ***** Running evaluation on test2 dataset *****
06/17/2026 22:20:31 - INFO - utils.trainer -   AUC: 0.50066
06/17/2026 22:20:31 - INFO - utils.trainer -   Accuracy: 0.22436
06/17/2026 22:20:31 - INFO - utils.trainer -   Precision: 0.28481
06/17/2026 22:20:31 - INFO - utils.trainer -   Recall: 0.22896
06/17/2026 22:20:31 - INFO - utils.trainer -   F_score: 0.19725
06/17/2026 22:20:31 - INFO - utils.trainer -   Cla Loss: 1.40674
06/17/2026 22:20:31 - INFO - utils.trainer -   MMS Loss: 0.05259
06/17/2026 22:20:31 - INFO - utils.trainer -   Cons Loss: 0.00001
06/17/2026 22:20:31 - INFO - utils.trainer -   Div Loss: 0.00007
06/17/2026 22:20:31 - INFO - utils.trainer -   Sparsity Loss: 0.28220
06/17/2026 22:20:31 - INFO - utils.trainer -     state_dict: 330 tensors, 113.4 MB (trainable + buffers only)
06/17/2026 22:20:31 - INFO - utils.trainer -   Model saved to output_dir/LDDE2th
06/17/2026 22:20:31 - INFO - utils.trainer -   Best model saved (acc=0.2244)
06/17/2026 22:20:31 - INFO - utils.trainer -   Epoch: 2 [A], Cla: 1.36485, MMS: 0.07082, Cons: 0.00004, Div: 0.00007, Sparsity: 0.26621, Acc: 0.2244, Best: 0.2244, Time: 93.1s
06/17/2026 22:22:04 - INFO - utils.trainer -   ***** Running evaluation on test2 dataset *****
06/17/2026 22:22:22 - INFO - utils.trainer -   AUC: 0.50140
06/17/2026 22:22:22 - INFO - utils.trainer -   Accuracy: 0.24359
06/17/2026 22:22:22 - INFO - utils.trainer -   Precision: 0.25101
06/17/2026 22:22:22 - INFO - utils.trainer -   Recall: 0.25616
06/17/2026 22:22:22 - INFO - utils.trainer -   F_score: 0.21860
06/17/2026 22:22:22 - INFO - utils.trainer -   Cla Loss: 1.42722
06/17/2026 22:22:22 - INFO - utils.trainer -   MMS Loss: 0.05402
06/17/2026 22:22:22 - INFO - utils.trainer -   Cons Loss: 0.00000
06/17/2026 22:22:22 - INFO - utils.trainer -   Div Loss: 0.00007
06/17/2026 22:22:22 - INFO - utils.trainer -   Sparsity Loss: 0.29562
06/17/2026 22:22:22 - INFO - utils.trainer -     state_dict: 330 tensors, 113.4 MB (trainable + buffers only)
06/17/2026 22:22:22 - INFO - utils.trainer -   Model saved to output_dir/LDDE2th
06/17/2026 22:22:22 - INFO - utils.trainer -   Best model saved (acc=0.2436)
06/17/2026 22:22:22 - INFO - utils.trainer -   Epoch: 3 [A], Cla: 1.34225, MMS: 0.06854, Cons: 0.00002, Div: 0.00007, Sparsity: 0.30051, Acc: 0.2436, Best: 0.2436, Time: 93.4s
06/17/2026 22:23:55 - INFO - utils.trainer -   ***** Running evaluation on test2 dataset *****
06/17/2026 22:24:13 - INFO - utils.trainer -   AUC: 0.51583
06/17/2026 22:24:13 - INFO - utils.trainer -   Accuracy: 0.26923
06/17/2026 22:24:13 - INFO - utils.trainer -   Precision: 0.30323
06/17/2026 22:24:13 - INFO - utils.trainer -   Recall: 0.29187
06/17/2026 22:24:13 - INFO - utils.trainer -   F_score: 0.23356
06/17/2026 22:24:13 - INFO - utils.trainer -   Cla Loss: 1.42348
06/17/2026 22:24:13 - INFO - utils.trainer -   MMS Loss: 0.05665
06/17/2026 22:24:13 - INFO - utils.trainer -   Cons Loss: 0.00000
06/17/2026 22:24:13 - INFO - utils.trainer -   Div Loss: 0.00006
06/17/2026 22:24:13 - INFO - utils.trainer -   Sparsity Loss: 0.32617
06/17/2026 22:24:13 - INFO - utils.trainer -     state_dict: 330 tensors, 113.4 MB (trainable + buffers only)
06/17/2026 22:24:13 - INFO - utils.trainer -   Model saved to output_dir/LDDE2th
06/17/2026 22:24:13 - INFO - utils.trainer -   Best model saved (acc=0.2692)
06/17/2026 22:24:13 - INFO - utils.trainer -   Epoch: 4 [A], Cla: 1.31108, MMS: 0.06431, Cons: 0.00002, Div: 0.00007, Sparsity: 0.31759, Acc: 0.2692, Best: 0.2692, Time: 93.1s
06/17/2026 22:25:47 - INFO - utils.trainer -   ***** Running evaluation on test2 dataset *****
06/17/2026 22:26:04 - INFO - utils.trainer -   AUC: 0.53640
06/17/2026 22:26:04 - INFO - utils.trainer -   Accuracy: 0.26923
06/17/2026 22:26:04 - INFO - utils.trainer -   Precision: 0.30933
06/17/2026 22:26:04 - INFO - utils.trainer -   Recall: 0.30689
06/17/2026 22:26:04 - INFO - utils.trainer -   F_score: 0.22976
06/17/2026 22:26:04 - INFO - utils.trainer -   Cla Loss: 1.42986
06/17/2026 22:26:04 - INFO - utils.trainer -   MMS Loss: 0.04944
06/17/2026 22:26:04 - INFO - utils.trainer -   Cons Loss: 0.00000
06/17/2026 22:26:04 - INFO - utils.trainer -   Div Loss: 0.00008
06/17/2026 22:26:04 - INFO - utils.trainer -   Sparsity Loss: 0.34899
06/17/2026 22:26:04 - INFO - utils.trainer -   Epoch: 5 [A], Cla: 1.27493, MMS: 0.06535, Cons: 0.00001, Div: 0.00008, Sparsity: 0.34631, Acc: 0.2692, Best: 0.2692, Time: 93.3s
06/17/2026 22:27:37 - INFO - utils.trainer -   ***** Running evaluation on test2 dataset *****
06/17/2026 22:27:55 - INFO - utils.trainer -   AUC: 0.53316
06/17/2026 22:27:55 - INFO - utils.trainer -   Accuracy: 0.28846
06/17/2026 22:27:55 - INFO - utils.trainer -   Precision: 0.35861
06/17/2026 22:27:55 - INFO - utils.trainer -   Recall: 0.32164
06/17/2026 22:27:55 - INFO - utils.trainer -   F_score: 0.27162
06/17/2026 22:27:55 - INFO - utils.trainer -   Cla Loss: 1.42191
06/17/2026 22:27:55 - INFO - utils.trainer -   MMS Loss: 0.04893
06/17/2026 22:27:55 - INFO - utils.trainer -   Cons Loss: 0.00000
06/17/2026 22:27:55 - INFO - utils.trainer -   Div Loss: 0.00008
06/17/2026 22:27:55 - INFO - utils.trainer -   Sparsity Loss: 0.37729
06/17/2026 22:27:55 - INFO - utils.trainer -     state_dict: 330 tensors, 113.4 MB (trainable + buffers only)
06/17/2026 22:27:55 - INFO - utils.trainer -   Model saved to output_dir/LDDE2th
06/17/2026 22:27:55 - INFO - utils.trainer -   Best model saved (acc=0.2885)
06/17/2026 22:27:55 - INFO - utils.trainer -   Epoch: 6 [A], Cla: 1.24917, MMS: 0.05984, Cons: 0.00001, Div: 0.00008, Sparsity: 0.36501, Acc: 0.2885, Best: 0.2885, Time: 93.1s
06/17/2026 22:29:28 - INFO - utils.trainer -   ***** Running evaluation on test2 dataset *****
06/17/2026 22:29:46 - INFO - utils.trainer -   AUC: 0.50644
06/17/2026 22:29:46 - INFO - utils.trainer -   Accuracy: 0.23077
06/17/2026 22:29:46 - INFO - utils.trainer -   Precision: 0.27645
06/17/2026 22:29:46 - INFO - utils.trainer -   Recall: 0.26592
06/17/2026 22:29:46 - INFO - utils.trainer -   F_score: 0.20879
06/17/2026 22:29:46 - INFO - utils.trainer -   Cla Loss: 1.46172
06/17/2026 22:29:46 - INFO - utils.trainer -   MMS Loss: 0.04820
06/17/2026 22:29:46 - INFO - utils.trainer -   Cons Loss: 0.00000
06/17/2026 22:29:46 - INFO - utils.trainer -   Div Loss: 0.00007
06/17/2026 22:29:46 - INFO - utils.trainer -   Sparsity Loss: 0.41147
06/17/2026 22:29:46 - INFO - utils.trainer -   Epoch: 7 [A], Cla: 1.23500, MMS: 0.05858, Cons: 0.00001, Div: 0.00008, Sparsity: 0.39406, Acc: 0.2308, Best: 0.2885, Time: 93.2s
06/17/2026 22:31:19 - INFO - utils.trainer -   ***** Running evaluation on test2 dataset *****
06/17/2026 22:31:36 - INFO - utils.trainer -   AUC: 0.51762
06/17/2026 22:31:36 - INFO - utils.trainer -   Accuracy: 0.25000
06/17/2026 22:31:36 - INFO - utils.trainer -   Precision: 0.22233
06/17/2026 22:31:36 - INFO - utils.trainer -   Recall: 0.29229
06/17/2026 22:31:36 - INFO - utils.trainer -   F_score: 0.19433
06/17/2026 22:31:36 - INFO - utils.trainer -   Cla Loss: 1.46461
06/17/2026 22:31:36 - INFO - utils.trainer -   MMS Loss: 0.04968
06/17/2026 22:31:36 - INFO - utils.trainer -   Cons Loss: 0.00000
06/17/2026 22:31:36 - INFO - utils.trainer -   Div Loss: 0.00008
06/17/2026 22:31:36 - INFO - utils.trainer -   Sparsity Loss: 0.42877
06/17/2026 22:31:36 - INFO - utils.trainer -   Epoch: 8 [A], Cla: 1.21333, MMS: 0.05610, Cons: 0.00000, Div: 0.00008, Sparsity: 0.42039, Acc: 0.2500, Best: 0.2885, Time: 93.1s
06/17/2026 22:33:09 - INFO - utils.trainer -   ***** Running evaluation on test2 dataset *****
06/17/2026 22:33:27 - INFO - utils.trainer -   AUC: 0.51316
06/17/2026 22:33:27 - INFO - utils.trainer -   Accuracy: 0.21154
06/17/2026 22:33:27 - INFO - utils.trainer -   Precision: 0.20875
06/17/2026 22:33:27 - INFO - utils.trainer -   Recall: 0.24509
06/17/2026 22:33:27 - INFO - utils.trainer -   F_score: 0.18048
06/17/2026 22:33:27 - INFO - utils.trainer -   Cla Loss: 1.47684
06/17/2026 22:33:27 - INFO - utils.trainer -   MMS Loss: 0.04680
06/17/2026 22:33:27 - INFO - utils.trainer -   Cons Loss: 0.00000
06/17/2026 22:33:27 - INFO - utils.trainer -   Div Loss: 0.00008
06/17/2026 22:33:27 - INFO - utils.trainer -   Sparsity Loss: 0.43975
06/17/2026 22:33:27 - INFO - utils.trainer -   Epoch: 9 [A], Cla: 1.21369, MMS: 0.05434, Cons: 0.00000, Div: 0.00009, Sparsity: 0.43132, Acc: 0.2115, Best: 0.2885, Time: 92.8s
06/17/2026 22:35:00 - INFO - utils.trainer -   ***** Running evaluation on test2 dataset *****
06/17/2026 22:35:18 - INFO - utils.trainer -   AUC: 0.54012
06/17/2026 22:35:18 - INFO - utils.trainer -   Accuracy: 0.26923
06/17/2026 22:35:18 - INFO - utils.trainer -   Precision: 0.29467
06/17/2026 22:35:18 - INFO - utils.trainer -   Recall: 0.29499
06/17/2026 22:35:18 - INFO - utils.trainer -   F_score: 0.24246
06/17/2026 22:35:18 - INFO - utils.trainer -   Cla Loss: 1.44980
06/17/2026 22:35:18 - INFO - utils.trainer -   MMS Loss: 0.04600
06/17/2026 22:35:18 - INFO - utils.trainer -   Cons Loss: 0.00000
06/17/2026 22:35:18 - INFO - utils.trainer -   Div Loss: 0.00008
06/17/2026 22:35:18 - INFO - utils.trainer -   Sparsity Loss: 0.44342
06/17/2026 22:35:18 - INFO - utils.trainer -   Epoch: 10 [A], Cla: 1.20987, MMS: 0.05442, Cons: 0.00000, Div: 0.00009, Sparsity: 0.44794, Acc: 0.2692, Best: 0.2885, Time: 93.3s
06/17/2026 22:36:52 - INFO - utils.trainer -   ***** Running evaluation on test2 dataset *****
06/17/2026 22:37:09 - INFO - utils.trainer -   AUC: 0.56697
06/17/2026 22:37:09 - INFO - utils.trainer -   Accuracy: 0.28205
06/17/2026 22:37:09 - INFO - utils.trainer -   Precision: 0.25266
06/17/2026 22:37:09 - INFO - utils.trainer -   Recall: 0.28385
06/17/2026 22:37:09 - INFO - utils.trainer -   F_score: 0.21666
06/17/2026 22:37:09 - INFO - utils.trainer -   Cla Loss: 1.81836
06/17/2026 22:37:09 - INFO - utils.trainer -   MMS Loss: 0.05437
06/17/2026 22:37:09 - INFO - utils.trainer -   Cons Loss: 0.00000
06/17/2026 22:37:09 - INFO - utils.trainer -   Div Loss: 0.00009
06/17/2026 22:37:09 - INFO - utils.trainer -   Sparsity Loss: 0.43854
06/17/2026 22:37:09 - INFO - utils.trainer -   Epoch: 11 [B], Cla: 1.14068, MMS: 0.05531, Cons: 0.00001, Div: 0.00009, Sparsity: 0.44395, Acc: 0.2821, Best: 0.2885, Time: 94.1s
06/17/2026 22:38:43 - INFO - utils.trainer -   ***** Running evaluation on test2 dataset *****
06/17/2026 22:39:01 - INFO - utils.trainer -   AUC: 0.54251
06/17/2026 22:39:01 - INFO - utils.trainer -   Accuracy: 0.23718
06/17/2026 22:39:01 - INFO - utils.trainer -   Precision: 0.26907
06/17/2026 22:39:01 - INFO - utils.trainer -   Recall: 0.23124
06/17/2026 22:39:01 - INFO - utils.trainer -   F_score: 0.19012
06/17/2026 22:39:01 - INFO - utils.trainer -   Cla Loss: 2.03303
06/17/2026 22:39:01 - INFO - utils.trainer -   MMS Loss: 0.05891
06/17/2026 22:39:01 - INFO - utils.trainer -   Cons Loss: 0.00000
06/17/2026 22:39:01 - INFO - utils.trainer -   Div Loss: 0.00008
06/17/2026 22:39:01 - INFO - utils.trainer -   Sparsity Loss: 0.45804
06/17/2026 22:39:01 - INFO - utils.trainer -   Epoch: 12 [B], Cla: 0.63993, MMS: 0.05245, Cons: 0.00001, Div: 0.00009, Sparsity: 0.45794, Acc: 0.2372, Best: 0.2885, Time: 94.1s
06/17/2026 22:40:35 - INFO - utils.trainer -   ***** Running evaluation on test2 dataset *****
06/17/2026 22:40:52 - INFO - utils.trainer -   AUC: 0.53893
06/17/2026 22:40:52 - INFO - utils.trainer -   Accuracy: 0.30128
06/17/2026 22:40:52 - INFO - utils.trainer -   Precision: 0.27067
06/17/2026 22:40:52 - INFO - utils.trainer -   Recall: 0.28115
06/17/2026 22:40:52 - INFO - utils.trainer -   F_score: 0.27483
06/17/2026 22:40:52 - INFO - utils.trainer -   Cla Loss: 1.82554
06/17/2026 22:40:52 - INFO - utils.trainer -   MMS Loss: 0.04409
06/17/2026 22:40:52 - INFO - utils.trainer -   Cons Loss: 0.00000
06/17/2026 22:40:52 - INFO - utils.trainer -   Div Loss: 0.00010
06/17/2026 22:40:52 - INFO - utils.trainer -   Sparsity Loss: 0.45809
06/17/2026 22:40:52 - INFO - utils.trainer -     state_dict: 350 tensors, 125.1 MB (trainable + buffers only)
06/17/2026 22:40:53 - INFO - utils.trainer -   Model saved to output_dir/LDDE2th
06/17/2026 22:40:53 - INFO - utils.trainer -   Best model saved (acc=0.3013)
06/17/2026 22:40:53 - INFO - utils.trainer -   Epoch: 13 [B], Cla: 0.46689, MMS: 0.04829, Cons: 0.00000, Div: 0.00009, Sparsity: 0.46915, Acc: 0.3013, Best: 0.3013, Time: 93.8s
06/17/2026 22:42:27 - INFO - utils.trainer -   ***** Running evaluation on test2 dataset *****
06/17/2026 22:42:44 - INFO - utils.trainer -   AUC: 0.56757
06/17/2026 22:42:44 - INFO - utils.trainer -   Accuracy: 0.32051
06/17/2026 22:42:44 - INFO - utils.trainer -   Precision: 0.36168
06/17/2026 22:42:44 - INFO - utils.trainer -   Recall: 0.32530
06/17/2026 22:42:44 - INFO - utils.trainer -   F_score: 0.29855
06/17/2026 22:42:44 - INFO - utils.trainer -   Cla Loss: 2.03986
06/17/2026 22:42:44 - INFO - utils.trainer -   MMS Loss: 0.05049
06/17/2026 22:42:44 - INFO - utils.trainer -   Cons Loss: 0.00000
06/17/2026 22:42:44 - INFO - utils.trainer -   Div Loss: 0.00009
06/17/2026 22:42:44 - INFO - utils.trainer -   Sparsity Loss: 0.47127
06/17/2026 22:42:45 - INFO - utils.trainer -     state_dict: 350 tensors, 125.1 MB (trainable + buffers only)
06/17/2026 22:42:45 - INFO - utils.trainer -   Model saved to output_dir/LDDE2th
06/17/2026 22:42:45 - INFO - utils.trainer -   Best model saved (acc=0.3205)
06/17/2026 22:42:45 - INFO - utils.trainer -   Epoch: 14 [B], Cla: 0.38224, MMS: 0.04927, Cons: 0.00000, Div: 0.00010, Sparsity: 0.47224, Acc: 0.3205, Best: 0.3205, Time: 94.3s
06/17/2026 22:44:19 - INFO - utils.trainer -   ***** Running evaluation on test2 dataset *****
06/17/2026 22:44:36 - INFO - utils.trainer -   AUC: 0.54677
06/17/2026 22:44:36 - INFO - utils.trainer -   Accuracy: 0.25641
06/17/2026 22:44:36 - INFO - utils.trainer -   Precision: 0.26923
06/17/2026 22:44:36 - INFO - utils.trainer -   Recall: 0.25969
06/17/2026 22:44:36 - INFO - utils.trainer -   F_score: 0.25114
06/17/2026 22:44:36 - INFO - utils.trainer -   Cla Loss: 2.16229
06/17/2026 22:44:36 - INFO - utils.trainer -   MMS Loss: 0.05267
06/17/2026 22:44:36 - INFO - utils.trainer -   Cons Loss: 0.00000
06/17/2026 22:44:36 - INFO - utils.trainer -   Div Loss: 0.00010
06/17/2026 22:44:36 - INFO - utils.trainer -   Sparsity Loss: 0.49052
06/17/2026 22:44:36 - INFO - utils.trainer -   Epoch: 15 [B], Cla: 0.37612, MMS: 0.04778, Cons: 0.00000, Div: 0.00010, Sparsity: 0.48778, Acc: 0.2564, Best: 0.3205, Time: 94.2s
06/17/2026 22:46:11 - INFO - utils.trainer -   ***** Running evaluation on test2 dataset *****
06/17/2026 22:46:28 - INFO - utils.trainer -   AUC: 0.56025
06/17/2026 22:46:28 - INFO - utils.trainer -   Accuracy: 0.28846
06/17/2026 22:46:28 - INFO - utils.trainer -   Precision: 0.32871
06/17/2026 22:46:28 - INFO - utils.trainer -   Recall: 0.28537
06/17/2026 22:46:28 - INFO - utils.trainer -   F_score: 0.28429
06/17/2026 22:46:28 - INFO - utils.trainer -   Cla Loss: 2.19644
06/17/2026 22:46:28 - INFO - utils.trainer -   MMS Loss: 0.05694
06/17/2026 22:46:28 - INFO - utils.trainer -   Cons Loss: 0.00000
06/17/2026 22:46:28 - INFO - utils.trainer -   Div Loss: 0.00010
06/17/2026 22:46:28 - INFO - utils.trainer -   Sparsity Loss: 0.51468
06/17/2026 22:46:28 - INFO - utils.trainer -   Epoch: 16 [B], Cla: 0.29536, MMS: 0.04297, Cons: 0.00000, Div: 0.00011, Sparsity: 0.50299, Acc: 0.2885, Best: 0.3205, Time: 94.3s
06/17/2026 22:48:02 - INFO - utils.trainer -   ***** Running evaluation on test2 dataset *****
06/17/2026 22:48:20 - INFO - utils.trainer -   AUC: 0.54291
06/17/2026 22:48:20 - INFO - utils.trainer -   Accuracy: 0.30128
06/17/2026 22:48:20 - INFO - utils.trainer -   Precision: 0.30834
06/17/2026 22:48:20 - INFO - utils.trainer -   Recall: 0.29229
06/17/2026 22:48:20 - INFO - utils.trainer -   F_score: 0.27232
06/17/2026 22:48:20 - INFO - utils.trainer -   Cla Loss: 2.38367
06/17/2026 22:48:20 - INFO - utils.trainer -   MMS Loss: 0.05054
06/17/2026 22:48:20 - INFO - utils.trainer -   Cons Loss: 0.00000
06/17/2026 22:48:20 - INFO - utils.trainer -   Div Loss: 0.00009
06/17/2026 22:48:20 - INFO - utils.trainer -   Sparsity Loss: 0.53813
06/17/2026 22:48:20 - INFO - utils.trainer -   Epoch: 17 [B], Cla: 0.26290, MMS: 0.04023, Cons: 0.00000, Div: 0.00010, Sparsity: 0.52986, Acc: 0.3013, Best: 0.3205, Time: 94.2s
06/17/2026 22:49:54 - INFO - utils.trainer -   ***** Running evaluation on test2 dataset *****
06/17/2026 22:50:11 - INFO - utils.trainer -   AUC: 0.57208
06/17/2026 22:50:11 - INFO - utils.trainer -   Accuracy: 0.30769
06/17/2026 22:50:11 - INFO - utils.trainer -   Precision: 0.32301
06/17/2026 22:50:11 - INFO - utils.trainer -   Recall: 0.29783
06/17/2026 22:50:11 - INFO - utils.trainer -   F_score: 0.29023
06/17/2026 22:50:11 - INFO - utils.trainer -   Cla Loss: 2.27811
06/17/2026 22:50:11 - INFO - utils.trainer -   MMS Loss: 0.05167
06/17/2026 22:50:11 - INFO - utils.trainer -   Cons Loss: 0.00000
06/17/2026 22:50:11 - INFO - utils.trainer -   Div Loss: 0.00011
06/17/2026 22:50:11 - INFO - utils.trainer -   Sparsity Loss: 0.56555
06/17/2026 22:50:11 - INFO - utils.trainer -   Epoch: 18 [B], Cla: 0.23052, MMS: 0.04364, Cons: 0.00000, Div: 0.00011, Sparsity: 0.54843, Acc: 0.3077, Best: 0.3205, Time: 94.1s
06/17/2026 22:51:45 - INFO - utils.trainer -   ***** Running evaluation on test2 dataset *****
06/17/2026 22:52:03 - INFO - utils.trainer -   AUC: 0.52585
06/17/2026 22:52:03 - INFO - utils.trainer -   Accuracy: 0.23718
06/17/2026 22:52:03 - INFO - utils.trainer -   Precision: 0.22503
06/17/2026 22:52:03 - INFO - utils.trainer -   Recall: 0.23547
06/17/2026 22:52:03 - INFO - utils.trainer -   F_score: 0.21640
06/17/2026 22:52:03 - INFO - utils.trainer -   Cla Loss: 2.45461
06/17/2026 22:52:03 - INFO - utils.trainer -   MMS Loss: 0.04957
06/17/2026 22:52:03 - INFO - utils.trainer -   Cons Loss: 0.00000
06/17/2026 22:52:03 - INFO - utils.trainer -   Div Loss: 0.00012
06/17/2026 22:52:03 - INFO - utils.trainer -   Sparsity Loss: 0.58816
06/17/2026 22:52:03 - INFO - utils.trainer -   Epoch: 19 [B], Cla: 0.23432, MMS: 0.03861, Cons: 0.00000, Div: 0.00011, Sparsity: 0.56890, Acc: 0.2372, Best: 0.3205, Time: 94.0s
06/17/2026 22:53:37 - INFO - utils.trainer -   ***** Running evaluation on test2 dataset *****
06/17/2026 22:53:55 - INFO - utils.trainer -   AUC: 0.54587
06/17/2026 22:53:55 - INFO - utils.trainer -   Accuracy: 0.23718
06/17/2026 22:53:55 - INFO - utils.trainer -   Precision: 0.28169
06/17/2026 22:53:55 - INFO - utils.trainer -   Recall: 0.24169
06/17/2026 22:53:55 - INFO - utils.trainer -   F_score: 0.24267
06/17/2026 22:53:55 - INFO - utils.trainer -   Cla Loss: 2.52610
06/17/2026 22:53:55 - INFO - utils.trainer -   MMS Loss: 0.05218
06/17/2026 22:53:55 - INFO - utils.trainer -   Cons Loss: 0.00000
06/17/2026 22:53:55 - INFO - utils.trainer -   Div Loss: 0.00011
06/17/2026 22:53:55 - INFO - utils.trainer -   Sparsity Loss: 0.59032
06/17/2026 22:53:55 - INFO - utils.trainer -   Epoch: 20 [B], Cla: 0.19915, MMS: 0.03800, Cons: 0.00000, Div: 0.00011, Sparsity: 0.58351, Acc: 0.2372, Best: 0.3205, Time: 94.2s
06/17/2026 22:55:29 - INFO - utils.trainer -   ***** Running evaluation on test2 dataset *****
06/17/2026 22:55:46 - INFO - utils.trainer -   AUC: 0.54645
06/17/2026 22:55:46 - INFO - utils.trainer -   Accuracy: 0.27564
06/17/2026 22:55:46 - INFO - utils.trainer -   Precision: 0.26073
06/17/2026 22:55:46 - INFO - utils.trainer -   Recall: 0.26440
06/17/2026 22:55:46 - INFO - utils.trainer -   F_score: 0.26091
06/17/2026 22:55:46 - INFO - utils.trainer -   Cla Loss: 2.40350
06/17/2026 22:55:46 - INFO - utils.trainer -   MMS Loss: 0.05385
06/17/2026 22:55:46 - INFO - utils.trainer -   Cons Loss: 0.00000
06/17/2026 22:55:46 - INFO - utils.trainer -   Div Loss: 0.00010
06/17/2026 22:55:46 - INFO - utils.trainer -   Sparsity Loss: 0.60876
06/17/2026 22:55:46 - INFO - utils.trainer -   Epoch: 21 [C], Cla: 0.16030, MMS: 0.03813, Cons: 0.00000, Div: 0.00011, Sparsity: 0.59340, Acc: 0.2756, Best: 0.3205, Time: 94.2s
06/17/2026 22:57:21 - INFO - utils.trainer -   ***** Running evaluation on test2 dataset *****
06/17/2026 22:57:38 - INFO - utils.trainer -   AUC: 0.55718
06/17/2026 22:57:38 - INFO - utils.trainer -   Accuracy: 0.25641
06/17/2026 22:57:38 - INFO - utils.trainer -   Precision: 0.25766
06/17/2026 22:57:38 - INFO - utils.trainer -   Recall: 0.24868
06/17/2026 22:57:38 - INFO - utils.trainer -   F_score: 0.23856
06/17/2026 22:57:38 - INFO - utils.trainer -   Cla Loss: 2.46003
06/17/2026 22:57:38 - INFO - utils.trainer -   MMS Loss: 0.06077
06/17/2026 22:57:38 - INFO - utils.trainer -   Cons Loss: 0.00000
06/17/2026 22:57:38 - INFO - utils.trainer -   Div Loss: 0.00011
06/17/2026 22:57:38 - INFO - utils.trainer -   Sparsity Loss: 0.62296
06/17/2026 22:57:38 - INFO - utils.trainer -   Epoch: 22 [C], Cla: 0.19135, MMS: 0.03873, Cons: 0.00000, Div: 0.00012, Sparsity: 0.61124, Acc: 0.2564, Best: 0.3205, Time: 94.5s
06/17/2026 22:59:13 - INFO - utils.trainer -   ***** Running evaluation on test2 dataset *****
06/17/2026 22:59:30 - INFO - utils.trainer -   AUC: 0.54116
06/17/2026 22:59:30 - INFO - utils.trainer -   Accuracy: 0.29487
06/17/2026 22:59:30 - INFO - utils.trainer -   Precision: 0.30055
06/17/2026 22:59:30 - INFO - utils.trainer -   Recall: 0.29132
06/17/2026 22:59:30 - INFO - utils.trainer -   F_score: 0.29200
06/17/2026 22:59:30 - INFO - utils.trainer -   Cla Loss: 2.51596
06/17/2026 22:59:30 - INFO - utils.trainer -   MMS Loss: 0.05063
06/17/2026 22:59:30 - INFO - utils.trainer -   Cons Loss: 0.00000
06/17/2026 22:59:30 - INFO - utils.trainer -   Div Loss: 0.00011
06/17/2026 22:59:30 - INFO - utils.trainer -   Sparsity Loss: 0.62570
06/17/2026 22:59:30 - INFO - utils.trainer -   Epoch: 23 [C], Cla: 0.17325, MMS: 0.03814, Cons: 0.00000, Div: 0.00012, Sparsity: 0.62019, Acc: 0.2949, Best: 0.3205, Time: 94.2s
06/17/2026 23:01:05 - INFO - utils.trainer -   ***** Running evaluation on test2 dataset *****
06/17/2026 23:01:22 - INFO - utils.trainer -   AUC: 0.58098
06/17/2026 23:01:22 - INFO - utils.trainer -   Accuracy: 0.30769
06/17/2026 23:01:22 - INFO - utils.trainer -   Precision: 0.28186
06/17/2026 23:01:22 - INFO - utils.trainer -   Recall: 0.29035
06/17/2026 23:01:22 - INFO - utils.trainer -   F_score: 0.27683
06/17/2026 23:01:22 - INFO - utils.trainer -   Cla Loss: 2.32872
06/17/2026 23:01:22 - INFO - utils.trainer -   MMS Loss: 0.05720
06/17/2026 23:01:22 - INFO - utils.trainer -   Cons Loss: 0.00000
06/17/2026 23:01:22 - INFO - utils.trainer -   Div Loss: 0.00011
06/17/2026 23:01:22 - INFO - utils.trainer -   Sparsity Loss: 0.63718
06/17/2026 23:01:22 - INFO - utils.trainer -   Epoch: 24 [C], Cla: 0.15273, MMS: 0.03755, Cons: 0.00005, Div: 0.00012, Sparsity: 0.61822, Acc: 0.3077, Best: 0.3205, Time: 94.3s
06/17/2026 23:02:57 - INFO - utils.trainer -   ***** Running evaluation on test2 dataset *****
06/17/2026 23:03:14 - INFO - utils.trainer -   AUC: 0.56288
06/17/2026 23:03:14 - INFO - utils.trainer -   Accuracy: 0.26923
06/17/2026 23:03:14 - INFO - utils.trainer -   Precision: 0.27292
06/17/2026 23:03:14 - INFO - utils.trainer -   Recall: 0.26509
06/17/2026 23:03:14 - INFO - utils.trainer -   F_score: 0.26149
06/17/2026 23:03:14 - INFO - utils.trainer -   Cla Loss: 2.56503
06/17/2026 23:03:14 - INFO - utils.trainer -   MMS Loss: 0.04785
06/17/2026 23:03:14 - INFO - utils.trainer -   Cons Loss: 0.00000
06/17/2026 23:03:14 - INFO - utils.trainer -   Div Loss: 0.00012
06/17/2026 23:03:14 - INFO - utils.trainer -   Sparsity Loss: 0.65863
06/17/2026 23:03:14 - INFO - utils.trainer -   Epoch: 25 [C], Cla: 0.13697, MMS: 0.03598, Cons: 0.00000, Div: 0.00012, Sparsity: 0.64064, Acc: 0.2692, Best: 0.3205, Time: 94.3s
06/17/2026 23:04:48 - INFO - utils.trainer -   ***** Running evaluation on test2 dataset *****
06/17/2026 23:05:06 - INFO - utils.trainer -   AUC: 0.57209
06/17/2026 23:05:06 - INFO - utils.trainer -   Accuracy: 0.25641
06/17/2026 23:05:06 - INFO - utils.trainer -   Precision: 0.24340
06/17/2026 23:05:06 - INFO - utils.trainer -   Recall: 0.25062
06/17/2026 23:05:06 - INFO - utils.trainer -   F_score: 0.24318
06/17/2026 23:05:06 - INFO - utils.trainer -   Cla Loss: 2.43263
06/17/2026 23:05:06 - INFO - utils.trainer -   MMS Loss: 0.05018
06/17/2026 23:05:06 - INFO - utils.trainer -   Cons Loss: 0.00000
06/17/2026 23:05:06 - INFO - utils.trainer -   Div Loss: 0.00014
06/17/2026 23:05:06 - INFO - utils.trainer -   Sparsity Loss: 0.68157
06/17/2026 23:05:06 - INFO - utils.trainer -   Epoch: 26 [C], Cla: 0.12035, MMS: 0.03651, Cons: 0.00000, Div: 0.00013, Sparsity: 0.65835, Acc: 0.2564, Best: 0.3205, Time: 94.0s
06/17/2026 23:06:40 - INFO - utils.trainer -   ***** Running evaluation on test2 dataset *****
06/17/2026 23:06:58 - INFO - utils.trainer -   AUC: 0.58407
06/17/2026 23:06:58 - INFO - utils.trainer -   Accuracy: 0.28846
06/17/2026 23:06:58 - INFO - utils.trainer -   Precision: 0.28365
06/17/2026 23:06:58 - INFO - utils.trainer -   Recall: 0.28225
06/17/2026 23:06:58 - INFO - utils.trainer -   F_score: 0.28164
06/17/2026 23:06:58 - INFO - utils.trainer -   Cla Loss: 2.23684
06/17/2026 23:06:58 - INFO - utils.trainer -   MMS Loss: 0.05141
06/17/2026 23:06:58 - INFO - utils.trainer -   Cons Loss: 0.00000
06/17/2026 23:06:58 - INFO - utils.trainer -   Div Loss: 0.00011
06/17/2026 23:06:58 - INFO - utils.trainer -   Sparsity Loss: 0.68651
06/17/2026 23:06:58 - INFO - utils.trainer -   Epoch: 27 [C], Cla: 0.09649, MMS: 0.03933, Cons: 0.00000, Div: 0.00012, Sparsity: 0.66791, Acc: 0.2885, Best: 0.3205, Time: 94.3s
06/17/2026 23:08:32 - INFO - utils.trainer -   ***** Running evaluation on test2 dataset *****
06/17/2026 23:08:49 - INFO - utils.trainer -   AUC: 0.54151
06/17/2026 23:08:49 - INFO - utils.trainer -   Accuracy: 0.23077
06/17/2026 23:08:49 - INFO - utils.trainer -   Precision: 0.24985
06/17/2026 23:08:49 - INFO - utils.trainer -   Recall: 0.24100
06/17/2026 23:08:49 - INFO - utils.trainer -   F_score: 0.21916
06/17/2026 23:08:49 - INFO - utils.trainer -   Cla Loss: 2.93352
06/17/2026 23:08:49 - INFO - utils.trainer -   MMS Loss: 0.04866
06/17/2026 23:08:49 - INFO - utils.trainer -   Cons Loss: 0.00000
06/17/2026 23:08:49 - INFO - utils.trainer -   Div Loss: 0.00013
06/17/2026 23:08:49 - INFO - utils.trainer -   Sparsity Loss: 0.66249
06/17/2026 23:08:49 - INFO - utils.trainer -   Epoch: 28 [C], Cla: 0.12464, MMS: 0.03463, Cons: 0.00004, Div: 0.00013, Sparsity: 0.65742, Acc: 0.2308, Best: 0.3205, Time: 94.0s
06/17/2026 23:10:23 - INFO - utils.trainer -   ***** Running evaluation on test2 dataset *****
06/17/2026 23:10:41 - INFO - utils.trainer -   AUC: 0.58757
06/17/2026 23:10:41 - INFO - utils.trainer -   Accuracy: 0.27564
06/17/2026 23:10:41 - INFO - utils.trainer -   Precision: 0.26601
06/17/2026 23:10:41 - INFO - utils.trainer -   Recall: 0.26862
06/17/2026 23:10:41 - INFO - utils.trainer -   F_score: 0.25372
06/17/2026 23:10:41 - INFO - utils.trainer -   Cla Loss: 2.58179
06/17/2026 23:10:41 - INFO - utils.trainer -   MMS Loss: 0.04832
06/17/2026 23:10:41 - INFO - utils.trainer -   Cons Loss: 0.00000
06/17/2026 23:10:41 - INFO - utils.trainer -   Div Loss: 0.00011
06/17/2026 23:10:41 - INFO - utils.trainer -   Sparsity Loss: 0.69699
06/17/2026 23:10:41 - INFO - utils.trainer -   Epoch: 29 [C], Cla: 0.11021, MMS: 0.04167, Cons: 0.00002, Div: 0.00013, Sparsity: 0.65698, Acc: 0.2756, Best: 0.3205, Time: 94.1s
06/17/2026 23:12:15 - INFO - utils.trainer -   ***** Running evaluation on test2 dataset *****
06/17/2026 23:12:33 - INFO - utils.trainer -   AUC: 0.53992
06/17/2026 23:12:33 - INFO - utils.trainer -   Accuracy: 0.23718
06/17/2026 23:12:33 - INFO - utils.trainer -   Precision: 0.25667
06/17/2026 23:12:33 - INFO - utils.trainer -   Recall: 0.23733
06/17/2026 23:12:33 - INFO - utils.trainer -   F_score: 0.22346
06/17/2026 23:12:33 - INFO - utils.trainer -   Cla Loss: 3.17610
06/17/2026 23:12:33 - INFO - utils.trainer -   MMS Loss: 0.04780
06/17/2026 23:12:33 - INFO - utils.trainer -   Cons Loss: 0.00000
06/17/2026 23:12:33 - INFO - utils.trainer -   Div Loss: 0.00012
06/17/2026 23:12:33 - INFO - utils.trainer -   Sparsity Loss: 0.70883
06/17/2026 23:12:33 - INFO - utils.trainer -   Epoch: 30 [C], Cla: 0.14963, MMS: 0.03415, Cons: 0.00000, Div: 0.00013, Sparsity: 0.67842, Acc: 0.2372, Best: 0.3205, Time: 94.4s
06/17/2026 23:14:07 - INFO - utils.trainer -   ***** Running evaluation on test2 dataset *****
06/17/2026 23:14:25 - INFO - utils.trainer -   AUC: 0.53909
06/17/2026 23:14:25 - INFO - utils.trainer -   Accuracy: 0.29487
06/17/2026 23:14:25 - INFO - utils.trainer -   Precision: 0.29519
06/17/2026 23:14:25 - INFO - utils.trainer -   Recall: 0.28592
06/17/2026 23:14:25 - INFO - utils.trainer -   F_score: 0.27968
06/17/2026 23:14:25 - INFO - utils.trainer -   Cla Loss: 2.82567
06/17/2026 23:14:25 - INFO - utils.trainer -   MMS Loss: 0.04964
06/17/2026 23:14:25 - INFO - utils.trainer -   Cons Loss: 0.00000
06/17/2026 23:14:25 - INFO - utils.trainer -   Div Loss: 0.00014
06/17/2026 23:14:25 - INFO - utils.trainer -   Sparsity Loss: 0.69943
06/17/2026 23:14:25 - INFO - utils.trainer -   Epoch: 31 [C], Cla: 0.16926, MMS: 0.03674, Cons: 0.00000, Div: 0.00013, Sparsity: 0.68662, Acc: 0.2949, Best: 0.3205, Time: 94.4s
06/17/2026 23:15:59 - INFO - utils.trainer -   ***** Running evaluation on test2 dataset *****
06/17/2026 23:16:17 - INFO - utils.trainer -   AUC: 0.58628
06/17/2026 23:16:17 - INFO - utils.trainer -   Accuracy: 0.34615
06/17/2026 23:16:17 - INFO - utils.trainer -   Precision: 0.37679
06/17/2026 23:16:17 - INFO - utils.trainer -   Recall: 0.35237
06/17/2026 23:16:17 - INFO - utils.trainer -   F_score: 0.30631
06/17/2026 23:16:17 - INFO - utils.trainer -   Cla Loss: 3.16048
06/17/2026 23:16:17 - INFO - utils.trainer -   MMS Loss: 0.04701
06/17/2026 23:16:17 - INFO - utils.trainer -   Cons Loss: 0.00000
06/17/2026 23:16:17 - INFO - utils.trainer -   Div Loss: 0.00013
06/17/2026 23:16:17 - INFO - utils.trainer -   Sparsity Loss: 0.70393
06/17/2026 23:16:17 - INFO - utils.trainer -     state_dict: 350 tensors, 125.1 MB (trainable + buffers only)
06/17/2026 23:16:17 - INFO - utils.trainer -   Model saved to output_dir/LDDE2th
06/17/2026 23:16:17 - INFO - utils.trainer -   Best model saved (acc=0.3462)
06/17/2026 23:16:17 - INFO - utils.trainer -   Epoch: 32 [C], Cla: 0.12212, MMS: 0.03466, Cons: 0.00000, Div: 0.00013, Sparsity: 0.68939, Acc: 0.3462, Best: 0.3462, Time: 94.4s
06/17/2026 23:17:51 - INFO - utils.trainer -   ***** Running evaluation on test2 dataset *****
06/17/2026 23:18:09 - INFO - utils.trainer -   AUC: 0.56476
06/17/2026 23:18:09 - INFO - utils.trainer -   Accuracy: 0.23718
06/17/2026 23:18:09 - INFO - utils.trainer -   Precision: 0.23290
06/17/2026 23:18:09 - INFO - utils.trainer -   Recall: 0.23249
06/17/2026 23:18:09 - INFO - utils.trainer -   F_score: 0.23216
06/17/2026 23:18:09 - INFO - utils.trainer -   Cla Loss: 2.62633
06/17/2026 23:18:09 - INFO - utils.trainer -   MMS Loss: 0.05328
06/17/2026 23:18:09 - INFO - utils.trainer -   Cons Loss: 0.00000
06/17/2026 23:18:09 - INFO - utils.trainer -   Div Loss: 0.00012
06/17/2026 23:18:09 - INFO - utils.trainer -   Sparsity Loss: 0.71476
06/17/2026 23:18:09 - INFO - utils.trainer -   Epoch: 33 [C], Cla: 0.16921, MMS: 0.03405, Cons: 0.00000, Div: 0.00013, Sparsity: 0.70443, Acc: 0.2372, Best: 0.3462, Time: 94.3s
06/17/2026 23:19:44 - INFO - utils.trainer -   ***** Running evaluation on test2 dataset *****
06/17/2026 23:20:01 - INFO - utils.trainer -   AUC: 0.54068
06/17/2026 23:20:01 - INFO - utils.trainer -   Accuracy: 0.26923
06/17/2026 23:20:01 - INFO - utils.trainer -   Precision: 0.25950
06/17/2026 23:20:01 - INFO - utils.trainer -   Recall: 0.26197
06/17/2026 23:20:01 - INFO - utils.trainer -   F_score: 0.25929
06/17/2026 23:20:01 - INFO - utils.trainer -   Cla Loss: 2.79366
06/17/2026 23:20:01 - INFO - utils.trainer -   MMS Loss: 0.04708
06/17/2026 23:20:01 - INFO - utils.trainer -   Cons Loss: 0.00000
06/17/2026 23:20:01 - INFO - utils.trainer -   Div Loss: 0.00014
06/17/2026 23:20:01 - INFO - utils.trainer -   Sparsity Loss: 0.72542
06/17/2026 23:20:01 - INFO - utils.trainer -   Epoch: 34 [C], Cla: 0.20825, MMS: 0.03492, Cons: 0.00000, Div: 0.00014, Sparsity: 0.70778, Acc: 0.2692, Best: 0.3462, Time: 94.4s
06/17/2026 23:21:36 - INFO - utils.trainer -   ***** Running evaluation on test2 dataset *****
06/17/2026 23:21:54 - INFO - utils.trainer -   AUC: 0.54863
06/17/2026 23:21:54 - INFO - utils.trainer -   Accuracy: 0.20513
06/17/2026 23:21:54 - INFO - utils.trainer -   Precision: 0.21416
06/17/2026 23:21:54 - INFO - utils.trainer -   Recall: 0.21193
06/17/2026 23:21:54 - INFO - utils.trainer -   F_score: 0.20546
06/17/2026 23:21:54 - INFO - utils.trainer -   Cla Loss: 2.71423
06/17/2026 23:21:54 - INFO - utils.trainer -   MMS Loss: 0.05136
06/17/2026 23:21:54 - INFO - utils.trainer -   Cons Loss: 0.00000
06/17/2026 23:21:54 - INFO - utils.trainer -   Div Loss: 0.00014
06/17/2026 23:21:54 - INFO - utils.trainer -   Sparsity Loss: 0.71600
06/17/2026 23:21:54 - INFO - utils.trainer -   Epoch: 35 [C], Cla: 0.12287, MMS: 0.03374, Cons: 0.00000, Div: 0.00014, Sparsity: 0.70835, Acc: 0.2051, Best: 0.3462, Time: 94.5s
06/17/2026 23:23:28 - INFO - utils.trainer -   ***** Running evaluation on test2 dataset *****
06/17/2026 23:23:46 - INFO - utils.trainer -   AUC: 0.54045
06/17/2026 23:23:46 - INFO - utils.trainer -   Accuracy: 0.26923
06/17/2026 23:23:46 - INFO - utils.trainer -   Precision: 0.25751
06/17/2026 23:23:46 - INFO - utils.trainer -   Recall: 0.25817
06/17/2026 23:23:46 - INFO - utils.trainer -   F_score: 0.25641
06/17/2026 23:23:46 - INFO - utils.trainer -   Cla Loss: 2.80843
06/17/2026 23:23:46 - INFO - utils.trainer -   MMS Loss: 0.05031
06/17/2026 23:23:46 - INFO - utils.trainer -   Cons Loss: 0.00000
06/17/2026 23:23:46 - INFO - utils.trainer -   Div Loss: 0.00014
06/17/2026 23:23:46 - INFO - utils.trainer -   Sparsity Loss: 0.72992
06/17/2026 23:23:46 - INFO - utils.trainer -   Epoch: 36 [C], Cla: 0.09078, MMS: 0.03577, Cons: 0.00000, Div: 0.00014, Sparsity: 0.70775, Acc: 0.2692, Best: 0.3462, Time: 94.3s
06/17/2026 23:25:20 - INFO - utils.trainer -   ***** Running evaluation on test2 dataset *****
06/17/2026 23:25:37 - INFO - utils.trainer -   AUC: 0.54904
06/17/2026 23:25:37 - INFO - utils.trainer -   Accuracy: 0.25000
06/17/2026 23:25:37 - INFO - utils.trainer -   Precision: 0.26455
06/17/2026 23:25:37 - INFO - utils.trainer -   Recall: 0.24654
06/17/2026 23:25:37 - INFO - utils.trainer -   F_score: 0.24914
06/17/2026 23:25:37 - INFO - utils.trainer -   Cla Loss: 2.81441
06/17/2026 23:25:37 - INFO - utils.trainer -   MMS Loss: 0.04756
06/17/2026 23:25:37 - INFO - utils.trainer -   Cons Loss: 0.00000
06/17/2026 23:25:37 - INFO - utils.trainer -   Div Loss: 0.00013
06/17/2026 23:25:37 - INFO - utils.trainer -   Sparsity Loss: 0.71626
06/17/2026 23:25:37 - INFO - utils.trainer -   Epoch: 37 [C], Cla: 0.11680, MMS: 0.03266, Cons: 0.00000, Div: 0.00014, Sparsity: 0.70780, Acc: 0.2500, Best: 0.3462, Time: 94.1s
06/17/2026 23:27:12 - INFO - utils.trainer -   ***** Running evaluation on test2 dataset *****
06/17/2026 23:27:29 - INFO - utils.trainer -   AUC: 0.55552
06/17/2026 23:27:29 - INFO - utils.trainer -   Accuracy: 0.27564
06/17/2026 23:27:29 - INFO - utils.trainer -   Precision: 0.26657
06/17/2026 23:27:29 - INFO - utils.trainer -   Recall: 0.26343
06/17/2026 23:27:29 - INFO - utils.trainer -   F_score: 0.25524
06/17/2026 23:27:29 - INFO - utils.trainer -   Cla Loss: 2.76846
06/17/2026 23:27:29 - INFO - utils.trainer -   MMS Loss: 0.05625
06/17/2026 23:27:29 - INFO - utils.trainer -   Cons Loss: 0.00000
06/17/2026 23:27:29 - INFO - utils.trainer -   Div Loss: 0.00015
06/17/2026 23:27:29 - INFO - utils.trainer -   Sparsity Loss: 0.71405
06/17/2026 23:27:29 - INFO - utils.trainer -   Epoch: 38 [C], Cla: 0.06227, MMS: 0.02999, Cons: 0.00000, Div: 0.00014, Sparsity: 0.69887, Acc: 0.2756, Best: 0.3462, Time: 94.3s
06/17/2026 23:29:04 - INFO - utils.trainer -   ***** Running evaluation on test2 dataset *****
06/17/2026 23:29:21 - INFO - utils.trainer -   AUC: 0.57692
06/17/2026 23:29:21 - INFO - utils.trainer -   Accuracy: 0.32692
06/17/2026 23:29:21 - INFO - utils.trainer -   Precision: 0.32971
06/17/2026 23:29:21 - INFO - utils.trainer -   Recall: 0.31174
06/17/2026 23:29:21 - INFO - utils.trainer -   F_score: 0.30900
06/17/2026 23:29:21 - INFO - utils.trainer -   Cla Loss: 2.70631
06/17/2026 23:29:21 - INFO - utils.trainer -   MMS Loss: 0.04412
06/17/2026 23:29:21 - INFO - utils.trainer -   Cons Loss: 0.00000
06/17/2026 23:29:21 - INFO - utils.trainer -   Div Loss: 0.00016
06/17/2026 23:29:21 - INFO - utils.trainer -   Sparsity Loss: 0.73181
06/17/2026 23:29:21 - INFO - utils.trainer -   Epoch: 39 [C], Cla: 0.09649, MMS: 0.03221, Cons: 0.00000, Div: 0.00014, Sparsity: 0.70325, Acc: 0.3269, Best: 0.3462, Time: 94.2s
06/17/2026 23:30:56 - INFO - utils.trainer -   ***** Running evaluation on test2 dataset *****
06/17/2026 23:31:14 - INFO - utils.trainer -   AUC: 0.56789
06/17/2026 23:31:14 - INFO - utils.trainer -   Accuracy: 0.26923
06/17/2026 23:31:14 - INFO - utils.trainer -   Precision: 0.27298
06/17/2026 23:31:14 - INFO - utils.trainer -   Recall: 0.27630
06/17/2026 23:31:14 - INFO - utils.trainer -   F_score: 0.26459
06/17/2026 23:31:14 - INFO - utils.trainer -   Cla Loss: 2.80085
06/17/2026 23:31:14 - INFO - utils.trainer -   MMS Loss: 0.04694
06/17/2026 23:31:14 - INFO - utils.trainer -   Cons Loss: 0.00000
06/17/2026 23:31:14 - INFO - utils.trainer -   Div Loss: 0.00015
06/17/2026 23:31:14 - INFO - utils.trainer -   Sparsity Loss: 0.70483
06/17/2026 23:31:14 - INFO - utils.trainer -   Epoch: 40 [C], Cla: 0.07948, MMS: 0.03285, Cons: 0.00000, Div: 0.00014, Sparsity: 0.70091, Acc: 0.2692, Best: 0.3462, Time: 94.6s
06/17/2026 23:32:48 - INFO - utils.trainer -   ***** Running evaluation on test2 dataset *****
06/17/2026 23:33:06 - INFO - utils.trainer -   AUC: 0.55914
06/17/2026 23:33:06 - INFO - utils.trainer -   Accuracy: 0.25641
06/17/2026 23:33:06 - INFO - utils.trainer -   Precision: 0.26731
06/17/2026 23:33:06 - INFO - utils.trainer -   Recall: 0.25249
06/17/2026 23:33:06 - INFO - utils.trainer -   F_score: 0.25401
06/17/2026 23:33:06 - INFO - utils.trainer -   Cla Loss: 2.80484
06/17/2026 23:33:06 - INFO - utils.trainer -   MMS Loss: 0.04518
06/17/2026 23:33:06 - INFO - utils.trainer -   Cons Loss: 0.00000
06/17/2026 23:33:06 - INFO - utils.trainer -   Div Loss: 0.00015
06/17/2026 23:33:06 - INFO - utils.trainer -   Sparsity Loss: 0.72036
06/17/2026 23:33:06 - INFO - utils.trainer -   Epoch: 41 [C], Cla: 0.13514, MMS: 0.03278, Cons: 0.00000, Div: 0.00015, Sparsity: 0.70988, Acc: 0.2564, Best: 0.3462, Time: 94.7s
06/17/2026 23:34:41 - INFO - utils.trainer -   ***** Running evaluation on test2 dataset *****
06/17/2026 23:34:59 - INFO - utils.trainer -   AUC: 0.56130
06/17/2026 23:34:59 - INFO - utils.trainer -   Accuracy: 0.27564
06/17/2026 23:34:59 - INFO - utils.trainer -   Precision: 0.26539
06/17/2026 23:34:59 - INFO - utils.trainer -   Recall: 0.26751
06/17/2026 23:34:59 - INFO - utils.trainer -   F_score: 0.26409
06/17/2026 23:34:59 - INFO - utils.trainer -   Cla Loss: 2.74581
06/17/2026 23:34:59 - INFO - utils.trainer -   MMS Loss: 0.05197
06/17/2026 23:34:59 - INFO - utils.trainer -   Cons Loss: 0.00000
06/17/2026 23:34:59 - INFO - utils.trainer -   Div Loss: 0.00015
06/17/2026 23:34:59 - INFO - utils.trainer -   Sparsity Loss: 0.72133
06/17/2026 23:34:59 - INFO - utils.trainer -   Epoch: 42 [C], Cla: 0.03084, MMS: 0.02960, Cons: 0.00000, Div: 0.00014, Sparsity: 0.70649, Acc: 0.2756, Best: 0.3462, Time: 94.5s
06/17/2026 23:36:33 - INFO - utils.trainer -   ***** Running evaluation on test2 dataset *****
06/17/2026 23:36:51 - INFO - utils.trainer -   AUC: 0.57557
06/17/2026 23:36:51 - INFO - utils.trainer -   Accuracy: 0.32692
06/17/2026 23:36:51 - INFO - utils.trainer -   Precision: 0.35378
06/17/2026 23:36:51 - INFO - utils.trainer -   Recall: 0.31894
06/17/2026 23:36:51 - INFO - utils.trainer -   F_score: 0.30043
06/17/2026 23:36:51 - INFO - utils.trainer -   Cla Loss: 3.18558
06/17/2026 23:36:51 - INFO - utils.trainer -   MMS Loss: 0.04479
06/17/2026 23:36:51 - INFO - utils.trainer -   Cons Loss: 0.00000
06/17/2026 23:36:51 - INFO - utils.trainer -   Div Loss: 0.00013
06/17/2026 23:36:51 - INFO - utils.trainer -   Sparsity Loss: 0.74953
06/17/2026 23:36:51 - INFO - utils.trainer -   Epoch: 43 [C], Cla: 0.06684, MMS: 0.02940, Cons: 0.00000, Div: 0.00014, Sparsity: 0.71571, Acc: 0.3269, Best: 0.3462, Time: 94.6s
06/17/2026 23:38:25 - INFO - utils.trainer -   ***** Running evaluation on test2 dataset *****
06/17/2026 23:38:43 - INFO - utils.trainer -   AUC: 0.54067
06/17/2026 23:38:43 - INFO - utils.trainer -   Accuracy: 0.24359
06/17/2026 23:38:43 - INFO - utils.trainer -   Precision: 0.26547
06/17/2026 23:38:43 - INFO - utils.trainer -   Recall: 0.25360
06/17/2026 23:38:43 - INFO - utils.trainer -   F_score: 0.24338
06/17/2026 23:38:43 - INFO - utils.trainer -   Cla Loss: 3.22063
06/17/2026 23:38:43 - INFO - utils.trainer -   MMS Loss: 0.04836
06/17/2026 23:38:43 - INFO - utils.trainer -   Cons Loss: 0.00000
06/17/2026 23:38:43 - INFO - utils.trainer -   Div Loss: 0.00014
06/17/2026 23:38:43 - INFO - utils.trainer -   Sparsity Loss: 0.70928
06/17/2026 23:38:43 - INFO - utils.trainer -   Epoch: 44 [C], Cla: 0.06712, MMS: 0.02829, Cons: 0.00000, Div: 0.00015, Sparsity: 0.72338, Acc: 0.2436, Best: 0.3462, Time: 94.2s
06/17/2026 23:40:17 - INFO - utils.trainer -   ***** Running evaluation on test2 dataset *****
06/17/2026 23:40:35 - INFO - utils.trainer -   AUC: 0.55494
06/17/2026 23:40:35 - INFO - utils.trainer -   Accuracy: 0.26923
06/17/2026 23:40:35 - INFO - utils.trainer -   Precision: 0.27214
06/17/2026 23:40:35 - INFO - utils.trainer -   Recall: 0.28052
06/17/2026 23:40:35 - INFO - utils.trainer -   F_score: 0.26540
06/17/2026 23:40:35 - INFO - utils.trainer -   Cla Loss: 3.00474
06/17/2026 23:40:35 - INFO - utils.trainer -   MMS Loss: 0.04882
06/17/2026 23:40:35 - INFO - utils.trainer -   Cons Loss: 0.00000
06/17/2026 23:40:35 - INFO - utils.trainer -   Div Loss: 0.00016
06/17/2026 23:40:35 - INFO - utils.trainer -   Sparsity Loss: 0.73493
06/17/2026 23:40:35 - INFO - utils.trainer -   Epoch: 45 [C], Cla: 0.08748, MMS: 0.03322, Cons: 0.00000, Div: 0.00015, Sparsity: 0.72320, Acc: 0.2692, Best: 0.3462, Time: 94.1s
06/17/2026 23:42:09 - INFO - utils.trainer -   ***** Running evaluation on test2 dataset *****
06/17/2026 23:42:27 - INFO - utils.trainer -   AUC: 0.55582
06/17/2026 23:42:27 - INFO - utils.trainer -   Accuracy: 0.26923
06/17/2026 23:42:27 - INFO - utils.trainer -   Precision: 0.26808
06/17/2026 23:42:27 - INFO - utils.trainer -   Recall: 0.26779
06/17/2026 23:42:27 - INFO - utils.trainer -   F_score: 0.26500
06/17/2026 23:42:27 - INFO - utils.trainer -   Cla Loss: 2.80025
06/17/2026 23:42:27 - INFO - utils.trainer -   MMS Loss: 0.04458
06/17/2026 23:42:27 - INFO - utils.trainer -   Cons Loss: 0.00000
06/17/2026 23:42:27 - INFO - utils.trainer -   Div Loss: 0.00015
06/17/2026 23:42:27 - INFO - utils.trainer -   Sparsity Loss: 0.75921
06/17/2026 23:42:27 - INFO - utils.trainer -   Epoch: 46 [C], Cla: 0.10114, MMS: 0.03101, Cons: 0.00000, Div: 0.00015, Sparsity: 0.73159, Acc: 0.2692, Best: 0.3462, Time: 94.4s
06/17/2026 23:44:01 - INFO - utils.trainer -   ***** Running evaluation on test2 dataset *****
06/17/2026 23:44:19 - INFO - utils.trainer -   AUC: 0.58566
06/17/2026 23:44:19 - INFO - utils.trainer -   Accuracy: 0.27564
06/17/2026 23:44:19 - INFO - utils.trainer -   Precision: 0.27110
06/17/2026 23:44:19 - INFO - utils.trainer -   Recall: 0.27090
06/17/2026 23:44:19 - INFO - utils.trainer -   F_score: 0.26776
06/17/2026 23:44:19 - INFO - utils.trainer -   Cla Loss: 2.62985
06/17/2026 23:44:19 - INFO - utils.trainer -   MMS Loss: 0.05031
06/17/2026 23:44:19 - INFO - utils.trainer -   Cons Loss: 0.00000
06/17/2026 23:44:19 - INFO - utils.trainer -   Div Loss: 0.00014
06/17/2026 23:44:19 - INFO - utils.trainer -   Sparsity Loss: 0.73532
06/17/2026 23:44:19 - INFO - utils.trainer -   Epoch: 47 [C], Cla: 0.08076, MMS: 0.02805, Cons: 0.00000, Div: 0.00014, Sparsity: 0.71905, Acc: 0.2756, Best: 0.3462, Time: 94.6s
06/17/2026 23:45:53 - INFO - utils.trainer -   ***** Running evaluation on test2 dataset *****
06/17/2026 23:46:11 - INFO - utils.trainer -   AUC: 0.56206
06/17/2026 23:46:11 - INFO - utils.trainer -   Accuracy: 0.26923
06/17/2026 23:46:11 - INFO - utils.trainer -   Precision: 0.27557
06/17/2026 23:46:11 - INFO - utils.trainer -   Recall: 0.27346
06/17/2026 23:46:11 - INFO - utils.trainer -   F_score: 0.26608
06/17/2026 23:46:11 - INFO - utils.trainer -   Cla Loss: 2.91799
06/17/2026 23:46:11 - INFO - utils.trainer -   MMS Loss: 0.04542
06/17/2026 23:46:11 - INFO - utils.trainer -   Cons Loss: 0.00000
06/17/2026 23:46:11 - INFO - utils.trainer -   Div Loss: 0.00015
06/17/2026 23:46:11 - INFO - utils.trainer -   Sparsity Loss: 0.74427
06/17/2026 23:46:11 - INFO - utils.trainer -   Epoch: 48 [C], Cla: 0.05821, MMS: 0.02999, Cons: 0.00000, Div: 0.00014, Sparsity: 0.72288, Acc: 0.2692, Best: 0.3462, Time: 94.0s
06/17/2026 23:47:45 - INFO - utils.trainer -   ***** Running evaluation on test2 dataset *****
06/17/2026 23:48:03 - INFO - utils.trainer -   AUC: 0.53627
06/17/2026 23:48:03 - INFO - utils.trainer -   Accuracy: 0.23718
06/17/2026 23:48:03 - INFO - utils.trainer -   Precision: 0.24557
06/17/2026 23:48:03 - INFO - utils.trainer -   Recall: 0.23830
06/17/2026 23:48:03 - INFO - utils.trainer -   F_score: 0.23686
06/17/2026 23:48:03 - INFO - utils.trainer -   Cla Loss: 3.01679
06/17/2026 23:48:03 - INFO - utils.trainer -   MMS Loss: 0.04989
06/17/2026 23:48:03 - INFO - utils.trainer -   Cons Loss: 0.00000
06/17/2026 23:48:03 - INFO - utils.trainer -   Div Loss: 0.00016
06/17/2026 23:48:03 - INFO - utils.trainer -   Sparsity Loss: 0.75078
06/17/2026 23:48:03 - INFO - utils.trainer -   Epoch: 49 [C], Cla: 0.09198, MMS: 0.03072, Cons: 0.00000, Div: 0.00015, Sparsity: 0.73779, Acc: 0.2372, Best: 0.3462, Time: 94.1s
06/17/2026 23:49:37 - INFO - utils.trainer -   ***** Running evaluation on test2 dataset *****
06/17/2026 23:49:55 - INFO - utils.trainer -   AUC: 0.53388
06/17/2026 23:49:55 - INFO - utils.trainer -   Accuracy: 0.26923
06/17/2026 23:49:55 - INFO - utils.trainer -   Precision: 0.27554
06/17/2026 23:49:55 - INFO - utils.trainer -   Recall: 0.26467
06/17/2026 23:49:55 - INFO - utils.trainer -   F_score: 0.26582
06/17/2026 23:49:55 - INFO - utils.trainer -   Cla Loss: 2.98409
06/17/2026 23:49:55 - INFO - utils.trainer -   MMS Loss: 0.05113
06/17/2026 23:49:55 - INFO - utils.trainer -   Cons Loss: 0.00000
06/17/2026 23:49:55 - INFO - utils.trainer -   Div Loss: 0.00016
06/17/2026 23:49:55 - INFO - utils.trainer -   Sparsity Loss: 0.73295
06/17/2026 23:49:55 - INFO - utils.trainer -     state_dict: 350 tensors, 125.1 MB (trainable + buffers only)
06/17/2026 23:49:55 - INFO - utils.trainer -   Model saved to output_dir/LDDE2th/checkpoint-epoch-50
06/17/2026 23:49:55 - INFO - utils.trainer -   Checkpoint saved at epoch 50
06/17/2026 23:49:55 - INFO - utils.trainer -   Epoch: 50 [C], Cla: 0.13652, MMS: 0.03364, Cons: 0.00000, Div: 0.00015, Sparsity: 0.74581, Acc: 0.2692, Best: 0.3462, Time: 94.2s
06/17/2026 23:51:29 - INFO - utils.trainer -   ***** Running evaluation on test2 dataset *****
06/17/2026 23:51:47 - INFO - utils.trainer -   AUC: 0.53376
06/17/2026 23:51:47 - INFO - utils.trainer -   Accuracy: 0.26282
06/17/2026 23:51:47 - INFO - utils.trainer -   Precision: 0.27474
06/17/2026 23:51:47 - INFO - utils.trainer -   Recall: 0.26793
06/17/2026 23:51:47 - INFO - utils.trainer -   F_score: 0.25773
06/17/2026 23:51:47 - INFO - utils.trainer -   Cla Loss: 3.24394
06/17/2026 23:51:47 - INFO - utils.trainer -   MMS Loss: 0.05414
06/17/2026 23:51:47 - INFO - utils.trainer -   Cons Loss: 0.00000
06/17/2026 23:51:47 - INFO - utils.trainer -   Div Loss: 0.00015
06/17/2026 23:51:47 - INFO - utils.trainer -   Sparsity Loss: 0.75629
06/17/2026 23:51:47 - INFO - utils.trainer -   Epoch: 51 [C], Cla: 0.09802, MMS: 0.02983, Cons: 0.00000, Div: 0.00015, Sparsity: 0.72126, Acc: 0.2628, Best: 0.3462, Time: 94.3s
06/17/2026 23:53:22 - INFO - utils.trainer -   ***** Running evaluation on test2 dataset *****
06/17/2026 23:53:39 - INFO - utils.trainer -   AUC: 0.51368
06/17/2026 23:53:39 - INFO - utils.trainer -   Accuracy: 0.22436
06/17/2026 23:53:39 - INFO - utils.trainer -   Precision: 0.21985
06/17/2026 23:53:39 - INFO - utils.trainer -   Recall: 0.21962
06/17/2026 23:53:39 - INFO - utils.trainer -   F_score: 0.20961
06/17/2026 23:53:39 - INFO - utils.trainer -   Cla Loss: 3.27260
06/17/2026 23:53:39 - INFO - utils.trainer -   MMS Loss: 0.05347
06/17/2026 23:53:39 - INFO - utils.trainer -   Cons Loss: 0.00000
06/17/2026 23:53:39 - INFO - utils.trainer -   Div Loss: 0.00015
06/17/2026 23:53:39 - INFO - utils.trainer -   Sparsity Loss: 0.74089
06/17/2026 23:53:39 - INFO - utils.trainer -   Epoch: 52 [C], Cla: 0.11019, MMS: 0.03082, Cons: 0.00000, Div: 0.00015, Sparsity: 0.74284, Acc: 0.2244, Best: 0.3462, Time: 94.3s
06/17/2026 23:55:13 - INFO - utils.trainer -   ***** Running evaluation on test2 dataset *****
06/17/2026 23:55:31 - INFO - utils.trainer -   AUC: 0.53228
06/17/2026 23:55:31 - INFO - utils.trainer -   Accuracy: 0.22436
06/17/2026 23:55:31 - INFO - utils.trainer -   Precision: 0.23905
06/17/2026 23:55:31 - INFO - utils.trainer -   Recall: 0.23263
06/17/2026 23:55:31 - INFO - utils.trainer -   F_score: 0.22454
06/17/2026 23:55:31 - INFO - utils.trainer -   Cla Loss: 3.07116
06/17/2026 23:55:31 - INFO - utils.trainer -   MMS Loss: 0.05011
06/17/2026 23:55:31 - INFO - utils.trainer -   Cons Loss: 0.00000
06/17/2026 23:55:31 - INFO - utils.trainer -   Div Loss: 0.00015
06/17/2026 23:55:31 - INFO - utils.trainer -   Sparsity Loss: 0.74053
06/17/2026 23:55:31 - INFO - utils.trainer -   Epoch: 53 [C], Cla: 0.04824, MMS: 0.02612, Cons: 0.00000, Div: 0.00015, Sparsity: 0.73646, Acc: 0.2244, Best: 0.3462, Time: 94.0s
06/17/2026 23:57:06 - INFO - utils.trainer -   ***** Running evaluation on test2 dataset *****
06/17/2026 23:57:24 - INFO - utils.trainer -   AUC: 0.52500
06/17/2026 23:57:24 - INFO - utils.trainer -   Accuracy: 0.23718
06/17/2026 23:57:24 - INFO - utils.trainer -   Precision: 0.25419
06/17/2026 23:57:24 - INFO - utils.trainer -   Recall: 0.23844
06/17/2026 23:57:24 - INFO - utils.trainer -   F_score: 0.23808
06/17/2026 23:57:24 - INFO - utils.trainer -   Cla Loss: 3.25685
06/17/2026 23:57:24 - INFO - utils.trainer -   MMS Loss: 0.04744
06/17/2026 23:57:24 - INFO - utils.trainer -   Cons Loss: 0.00000
06/17/2026 23:57:24 - INFO - utils.trainer -   Div Loss: 0.00016
06/17/2026 23:57:24 - INFO - utils.trainer -   Sparsity Loss: 0.74475
06/17/2026 23:57:24 - INFO - utils.trainer -   Epoch: 54 [C], Cla: 0.08776, MMS: 0.02993, Cons: 0.00000, Div: 0.00015, Sparsity: 0.73689, Acc: 0.2372, Best: 0.3462, Time: 94.6s
06/17/2026 23:58:58 - INFO - utils.trainer -   ***** Running evaluation on test2 dataset *****
06/17/2026 23:59:16 - INFO - utils.trainer -   AUC: 0.51636
06/17/2026 23:59:16 - INFO - utils.trainer -   Accuracy: 0.21795
06/17/2026 23:59:16 - INFO - utils.trainer -   Precision: 0.22278
06/17/2026 23:59:16 - INFO - utils.trainer -   Recall: 0.22667
06/17/2026 23:59:16 - INFO - utils.trainer -   F_score: 0.21692
06/17/2026 23:59:16 - INFO - utils.trainer -   Cla Loss: 3.42299
06/17/2026 23:59:16 - INFO - utils.trainer -   MMS Loss: 0.04938
06/17/2026 23:59:16 - INFO - utils.trainer -   Cons Loss: 0.00000
06/17/2026 23:59:16 - INFO - utils.trainer -   Div Loss: 0.00015
06/17/2026 23:59:16 - INFO - utils.trainer -   Sparsity Loss: 0.75049
06/17/2026 23:59:16 - INFO - utils.trainer -   Epoch: 55 [C], Cla: 0.06886, MMS: 0.02995, Cons: 0.00000, Div: 0.00015, Sparsity: 0.73903, Acc: 0.2179, Best: 0.3462, Time: 94.6s
06/18/2026 00:00:51 - INFO - utils.trainer -   ***** Running evaluation on test2 dataset *****
06/18/2026 00:01:08 - INFO - utils.trainer -   AUC: 0.51812
06/18/2026 00:01:08 - INFO - utils.trainer -   Accuracy: 0.21795
06/18/2026 00:01:08 - INFO - utils.trainer -   Precision: 0.21623
06/18/2026 00:01:08 - INFO - utils.trainer -   Recall: 0.21872
06/18/2026 00:01:08 - INFO - utils.trainer -   F_score: 0.20447
06/18/2026 00:01:08 - INFO - utils.trainer -   Cla Loss: 3.37605
06/18/2026 00:01:08 - INFO - utils.trainer -   MMS Loss: 0.04826
06/18/2026 00:01:08 - INFO - utils.trainer -   Cons Loss: 0.00000
06/18/2026 00:01:08 - INFO - utils.trainer -   Div Loss: 0.00017
06/18/2026 00:01:08 - INFO - utils.trainer -   Sparsity Loss: 0.77592
06/18/2026 00:01:08 - INFO - utils.trainer -   Epoch: 56 [C], Cla: 0.11143, MMS: 0.02848, Cons: 0.00000, Div: 0.00015, Sparsity: 0.73762, Acc: 0.2179, Best: 0.3462, Time: 94.4s
06/18/2026 00:02:42 - INFO - utils.trainer -   ***** Running evaluation on test2 dataset *****
06/18/2026 00:03:00 - INFO - utils.trainer -   AUC: 0.55467
06/18/2026 00:03:00 - INFO - utils.trainer -   Accuracy: 0.21795
06/18/2026 00:03:00 - INFO - utils.trainer -   Precision: 0.22068
06/18/2026 00:03:00 - INFO - utils.trainer -   Recall: 0.22370
06/18/2026 00:03:00 - INFO - utils.trainer -   F_score: 0.21749
06/18/2026 00:03:00 - INFO - utils.trainer -   Cla Loss: 3.06323
06/18/2026 00:03:00 - INFO - utils.trainer -   MMS Loss: 0.04822
06/18/2026 00:03:00 - INFO - utils.trainer -   Cons Loss: 0.00000
06/18/2026 00:03:00 - INFO - utils.trainer -   Div Loss: 0.00016
06/18/2026 00:03:00 - INFO - utils.trainer -   Sparsity Loss: 0.77544
06/18/2026 00:03:00 - INFO - utils.trainer -   Epoch: 57 [C], Cla: 0.10258, MMS: 0.02936, Cons: 0.00000, Div: 0.00016, Sparsity: 0.75150, Acc: 0.2179, Best: 0.3462, Time: 94.2s
06/18/2026 00:04:34 - INFO - utils.trainer -   ***** Running evaluation on test2 dataset *****
06/18/2026 00:04:52 - INFO - utils.trainer -   AUC: 0.56528
06/18/2026 00:04:52 - INFO - utils.trainer -   Accuracy: 0.32051
06/18/2026 00:04:52 - INFO - utils.trainer -   Precision: 0.30426
06/18/2026 00:04:52 - INFO - utils.trainer -   Recall: 0.30793
06/18/2026 00:04:52 - INFO - utils.trainer -   F_score: 0.29966
06/18/2026 00:04:52 - INFO - utils.trainer -   Cla Loss: 2.92100
06/18/2026 00:04:52 - INFO - utils.trainer -   MMS Loss: 0.04830
06/18/2026 00:04:52 - INFO - utils.trainer -   Cons Loss: 0.00000
06/18/2026 00:04:52 - INFO - utils.trainer -   Div Loss: 0.00014
06/18/2026 00:04:52 - INFO - utils.trainer -   Sparsity Loss: 0.78412
06/18/2026 00:04:52 - INFO - utils.trainer -   Epoch: 58 [C], Cla: 0.13812, MMS: 0.03136, Cons: 0.00000, Div: 0.00015, Sparsity: 0.76251, Acc: 0.3205, Best: 0.3462, Time: 94.2s
06/18/2026 00:06:27 - INFO - utils.trainer -   ***** Running evaluation on test2 dataset *****
06/18/2026 00:06:44 - INFO - utils.trainer -   AUC: 0.55653
06/18/2026 00:06:44 - INFO - utils.trainer -   Accuracy: 0.22436
06/18/2026 00:06:44 - INFO - utils.trainer -   Precision: 0.23152
06/18/2026 00:06:44 - INFO - utils.trainer -   Recall: 0.23263
06/18/2026 00:06:44 - INFO - utils.trainer -   F_score: 0.22390
06/18/2026 00:06:44 - INFO - utils.trainer -   Cla Loss: 3.08319
06/18/2026 00:06:44 - INFO - utils.trainer -   MMS Loss: 0.05052
06/18/2026 00:06:44 - INFO - utils.trainer -   Cons Loss: 0.00000
06/18/2026 00:06:44 - INFO - utils.trainer -   Div Loss: 0.00015
06/18/2026 00:06:44 - INFO - utils.trainer -   Sparsity Loss: 0.75172
06/18/2026 00:06:44 - INFO - utils.trainer -   Epoch: 59 [C], Cla: 0.06299, MMS: 0.02832, Cons: 0.00000, Div: 0.00015, Sparsity: 0.74177, Acc: 0.2244, Best: 0.3462, Time: 94.4s
06/18/2026 00:08:19 - INFO - utils.trainer -   ***** Running evaluation on test2 dataset *****
06/18/2026 00:08:37 - INFO - utils.trainer -   AUC: 0.54535
06/18/2026 00:08:37 - INFO - utils.trainer -   Accuracy: 0.20513
06/18/2026 00:08:37 - INFO - utils.trainer -   Precision: 0.22320
06/18/2026 00:08:37 - INFO - utils.trainer -   Recall: 0.20951
06/18/2026 00:08:37 - INFO - utils.trainer -   F_score: 0.20512
06/18/2026 00:08:37 - INFO - utils.trainer -   Cla Loss: 3.30713
06/18/2026 00:08:37 - INFO - utils.trainer -   MMS Loss: 0.05172
06/18/2026 00:08:37 - INFO - utils.trainer -   Cons Loss: 0.00000
06/18/2026 00:08:37 - INFO - utils.trainer -   Div Loss: 0.00014
06/18/2026 00:08:37 - INFO - utils.trainer -   Sparsity Loss: 0.73412
06/18/2026 00:08:37 - INFO - utils.trainer -   Epoch: 60 [C], Cla: 0.06687, MMS: 0.02872, Cons: 0.00000, Div: 0.00015, Sparsity: 0.74154, Acc: 0.2051, Best: 0.3462, Time: 94.6s
06/18/2026 00:10:11 - INFO - utils.trainer -   ***** Running evaluation on test2 dataset *****
06/18/2026 00:10:29 - INFO - utils.trainer -   AUC: 0.56832
06/18/2026 00:10:29 - INFO - utils.trainer -   Accuracy: 0.30769
06/18/2026 00:10:29 - INFO - utils.trainer -   Precision: 0.29292
06/18/2026 00:10:29 - INFO - utils.trainer -   Recall: 0.30281
06/18/2026 00:10:29 - INFO - utils.trainer -   F_score: 0.29638
06/18/2026 00:10:29 - INFO - utils.trainer -   Cla Loss: 2.88039
06/18/2026 00:10:29 - INFO - utils.trainer -   MMS Loss: 0.04832
06/18/2026 00:10:29 - INFO - utils.trainer -   Cons Loss: 0.00000
06/18/2026 00:10:29 - INFO - utils.trainer -   Div Loss: 0.00016
06/18/2026 00:10:29 - INFO - utils.trainer -   Sparsity Loss: 0.76040
06/18/2026 00:10:29 - INFO - utils.trainer -   Epoch: 61 [C], Cla: 0.09630, MMS: 0.02553, Cons: 0.00000, Div: 0.00015, Sparsity: 0.73527, Acc: 0.3077, Best: 0.3462, Time: 94.4s
06/18/2026 00:12:03 - INFO - utils.trainer -   ***** Running evaluation on test2 dataset *****
06/18/2026 00:12:21 - INFO - utils.trainer -   AUC: 0.52374
06/18/2026 00:12:21 - INFO - utils.trainer -   Accuracy: 0.21795
06/18/2026 00:12:21 - INFO - utils.trainer -   Precision: 0.20806
06/18/2026 00:12:21 - INFO - utils.trainer -   Recall: 0.21380
06/18/2026 00:12:21 - INFO - utils.trainer -   F_score: 0.20692
06/18/2026 00:12:21 - INFO - utils.trainer -   Cla Loss: 3.26192
06/18/2026 00:12:21 - INFO - utils.trainer -   MMS Loss: 0.04387
06/18/2026 00:12:21 - INFO - utils.trainer -   Cons Loss: 0.00000
06/18/2026 00:12:21 - INFO - utils.trainer -   Div Loss: 0.00015
06/18/2026 00:12:21 - INFO - utils.trainer -   Sparsity Loss: 0.76317
06/18/2026 00:12:21 - INFO - utils.trainer -   Epoch: 62 [C], Cla: 0.11860, MMS: 0.02714, Cons: 0.00000, Div: 0.00015, Sparsity: 0.72519, Acc: 0.2179, Best: 0.3462, Time: 94.2s
06/18/2026 00:13:55 - INFO - utils.trainer -   ***** Running evaluation on test2 dataset *****
06/18/2026 00:14:12 - INFO - utils.trainer -   AUC: 0.52051
06/18/2026 00:14:12 - INFO - utils.trainer -   Accuracy: 0.26282
06/18/2026 00:14:12 - INFO - utils.trainer -   Precision: 0.26128
06/18/2026 00:14:12 - INFO - utils.trainer -   Recall: 0.26211
06/18/2026 00:14:12 - INFO - utils.trainer -   F_score: 0.25635
06/18/2026 00:14:12 - INFO - utils.trainer -   Cla Loss: 3.31574
06/18/2026 00:14:12 - INFO - utils.trainer -   MMS Loss: 0.04762
06/18/2026 00:14:12 - INFO - utils.trainer -   Cons Loss: 0.00000
06/18/2026 00:14:12 - INFO - utils.trainer -   Div Loss: 0.00017
06/18/2026 00:14:12 - INFO - utils.trainer -   Sparsity Loss: 0.77294
06/18/2026 00:14:12 - INFO - utils.trainer -   Epoch: 63 [C], Cla: 0.04402, MMS: 0.02891, Cons: 0.00000, Div: 0.00015, Sparsity: 0.73562, Acc: 0.2628, Best: 0.3462, Time: 94.1s
06/18/2026 00:15:47 - INFO - utils.trainer -   ***** Running evaluation on test2 dataset *****
06/18/2026 00:16:04 - INFO - utils.trainer -   AUC: 0.55252
06/18/2026 00:16:04 - INFO - utils.trainer -   Accuracy: 0.27564
06/18/2026 00:16:04 - INFO - utils.trainer -   Precision: 0.28263
06/18/2026 00:16:04 - INFO - utils.trainer -   Recall: 0.27416
06/18/2026 00:16:04 - INFO - utils.trainer -   F_score: 0.26417
06/18/2026 00:16:04 - INFO - utils.trainer -   Cla Loss: 3.16623
06/18/2026 00:16:04 - INFO - utils.trainer -   MMS Loss: 0.05062
06/18/2026 00:16:04 - INFO - utils.trainer -   Cons Loss: 0.00000
06/18/2026 00:16:04 - INFO - utils.trainer -   Div Loss: 0.00015
06/18/2026 00:16:04 - INFO - utils.trainer -   Sparsity Loss: 0.75654
06/18/2026 00:16:04 - INFO - utils.trainer -   Epoch: 64 [C], Cla: 0.06822, MMS: 0.02587, Cons: 0.00000, Div: 0.00015, Sparsity: 0.73525, Acc: 0.2756, Best: 0.3462, Time: 94.0s
06/18/2026 00:17:38 - INFO - utils.trainer -   ***** Running evaluation on test2 dataset *****
06/18/2026 00:17:56 - INFO - utils.trainer -   AUC: 0.55726
06/18/2026 00:17:56 - INFO - utils.trainer -   Accuracy: 0.24359
06/18/2026 00:17:56 - INFO - utils.trainer -   Precision: 0.22599
06/18/2026 00:17:56 - INFO - utils.trainer -   Recall: 0.24751
06/18/2026 00:17:56 - INFO - utils.trainer -   F_score: 0.22892
06/18/2026 00:17:56 - INFO - utils.trainer -   Cla Loss: 3.07272
06/18/2026 00:17:56 - INFO - utils.trainer -   MMS Loss: 0.05276
06/18/2026 00:17:56 - INFO - utils.trainer -   Cons Loss: 0.00000
06/18/2026 00:17:56 - INFO - utils.trainer -   Div Loss: 0.00014
06/18/2026 00:17:56 - INFO - utils.trainer -   Sparsity Loss: 0.75338
06/18/2026 00:17:56 - INFO - utils.trainer -   Epoch: 65 [C], Cla: 0.05434, MMS: 0.02600, Cons: 0.00000, Div: 0.00015, Sparsity: 0.72505, Acc: 0.2436, Best: 0.3462, Time: 94.2s
06/18/2026 00:19:30 - INFO - utils.trainer -   ***** Running evaluation on test2 dataset *****
06/18/2026 00:19:48 - INFO - utils.trainer -   AUC: 0.56180
06/18/2026 00:19:48 - INFO - utils.trainer -   Accuracy: 0.28846
06/18/2026 00:19:48 - INFO - utils.trainer -   Precision: 0.28228
06/18/2026 00:19:48 - INFO - utils.trainer -   Recall: 0.28198
06/18/2026 00:19:48 - INFO - utils.trainer -   F_score: 0.28072
06/18/2026 00:19:48 - INFO - utils.trainer -   Cla Loss: 2.86822
06/18/2026 00:19:48 - INFO - utils.trainer -   MMS Loss: 0.04599
06/18/2026 00:19:48 - INFO - utils.trainer -   Cons Loss: 0.00000
06/18/2026 00:19:48 - INFO - utils.trainer -   Div Loss: 0.00013
06/18/2026 00:19:48 - INFO - utils.trainer -   Sparsity Loss: 0.76108
06/18/2026 00:19:48 - INFO - utils.trainer -   Epoch: 66 [C], Cla: 0.05532, MMS: 0.02880, Cons: 0.00000, Div: 0.00015, Sparsity: 0.74026, Acc: 0.2885, Best: 0.3462, Time: 94.3s
06/18/2026 00:21:22 - INFO - utils.trainer -   ***** Running evaluation on test2 dataset *****
06/18/2026 00:21:40 - INFO - utils.trainer -   AUC: 0.54369
06/18/2026 00:21:40 - INFO - utils.trainer -   Accuracy: 0.25000
06/18/2026 00:21:40 - INFO - utils.trainer -   Precision: 0.25948
06/18/2026 00:21:40 - INFO - utils.trainer -   Recall: 0.25630
06/18/2026 00:21:40 - INFO - utils.trainer -   F_score: 0.24894
06/18/2026 00:21:40 - INFO - utils.trainer -   Cla Loss: 3.43555
06/18/2026 00:21:40 - INFO - utils.trainer -   MMS Loss: 0.05254
06/18/2026 00:21:40 - INFO - utils.trainer -   Cons Loss: 0.00000
06/18/2026 00:21:40 - INFO - utils.trainer -   Div Loss: 0.00014
06/18/2026 00:21:40 - INFO - utils.trainer -   Sparsity Loss: 0.76319
06/18/2026 00:21:40 - INFO - utils.trainer -   Epoch: 67 [C], Cla: 0.07228, MMS: 0.02743, Cons: 0.00000, Div: 0.00015, Sparsity: 0.73765, Acc: 0.2500, Best: 0.3462, Time: 94.1s
06/18/2026 00:23:14 - INFO - utils.trainer -   ***** Running evaluation on test2 dataset *****
06/18/2026 00:23:32 - INFO - utils.trainer -   AUC: 0.56147
06/18/2026 00:23:32 - INFO - utils.trainer -   Accuracy: 0.26282
06/18/2026 00:23:32 - INFO - utils.trainer -   Precision: 0.28113
06/18/2026 00:23:32 - INFO - utils.trainer -   Recall: 0.26197
06/18/2026 00:23:32 - INFO - utils.trainer -   F_score: 0.26101
06/18/2026 00:23:32 - INFO - utils.trainer -   Cla Loss: 3.00396
06/18/2026 00:23:32 - INFO - utils.trainer -   MMS Loss: 0.05569
06/18/2026 00:23:32 - INFO - utils.trainer -   Cons Loss: 0.00000
06/18/2026 00:23:32 - INFO - utils.trainer -   Div Loss: 0.00015
06/18/2026 00:23:32 - INFO - utils.trainer -   Sparsity Loss: 0.75399
06/18/2026 00:23:32 - INFO - utils.trainer -   Epoch: 68 [C], Cla: 0.08400, MMS: 0.02930, Cons: 0.00000, Div: 0.00015, Sparsity: 0.74202, Acc: 0.2628, Best: 0.3462, Time: 94.2s
06/18/2026 00:25:06 - INFO - utils.trainer -   ***** Running evaluation on test2 dataset *****
06/18/2026 00:25:24 - INFO - utils.trainer -   AUC: 0.54962
06/18/2026 00:25:24 - INFO - utils.trainer -   Accuracy: 0.24359
06/18/2026 00:25:24 - INFO - utils.trainer -   Precision: 0.27585
06/18/2026 00:25:24 - INFO - utils.trainer -   Recall: 0.24765
06/18/2026 00:25:24 - INFO - utils.trainer -   F_score: 0.24595
06/18/2026 00:25:24 - INFO - utils.trainer -   Cla Loss: 3.10494
06/18/2026 00:25:24 - INFO - utils.trainer -   MMS Loss: 0.05388
06/18/2026 00:25:24 - INFO - utils.trainer -   Cons Loss: 0.00000
06/18/2026 00:25:24 - INFO - utils.trainer -   Div Loss: 0.00015
06/18/2026 00:25:24 - INFO - utils.trainer -   Sparsity Loss: 0.76540
06/18/2026 00:25:24 - INFO - utils.trainer -   Epoch: 69 [C], Cla: 0.05725, MMS: 0.02942, Cons: 0.00000, Div: 0.00015, Sparsity: 0.74921, Acc: 0.2436, Best: 0.3462, Time: 94.4s
06/18/2026 00:26:58 - INFO - utils.trainer -   ***** Running evaluation on test2 dataset *****
06/18/2026 00:27:16 - INFO - utils.trainer -   AUC: 0.56101
06/18/2026 00:27:16 - INFO - utils.trainer -   Accuracy: 0.29487
06/18/2026 00:27:16 - INFO - utils.trainer -   Precision: 0.28746
06/18/2026 00:27:16 - INFO - utils.trainer -   Recall: 0.28793
06/18/2026 00:27:16 - INFO - utils.trainer -   F_score: 0.28184
06/18/2026 00:27:16 - INFO - utils.trainer -   Cla Loss: 2.93725
06/18/2026 00:27:16 - INFO - utils.trainer -   MMS Loss: 0.04863
06/18/2026 00:27:16 - INFO - utils.trainer -   Cons Loss: 0.00000
06/18/2026 00:27:16 - INFO - utils.trainer -   Div Loss: 0.00016
06/18/2026 00:27:16 - INFO - utils.trainer -   Sparsity Loss: 0.75686
06/18/2026 00:27:16 - INFO - utils.trainer -   Epoch: 70 [C], Cla: 0.02873, MMS: 0.02797, Cons: 0.00000, Div: 0.00015, Sparsity: 0.74385, Acc: 0.2949, Best: 0.3462, Time: 94.4s
06/18/2026 00:28:50 - INFO - utils.trainer -   ***** Running evaluation on test2 dataset *****
06/18/2026 00:29:08 - INFO - utils.trainer -   AUC: 0.54716
06/18/2026 00:29:08 - INFO - utils.trainer -   Accuracy: 0.28846
06/18/2026 00:29:08 - INFO - utils.trainer -   Precision: 0.28401
06/18/2026 00:29:08 - INFO - utils.trainer -   Recall: 0.27914
06/18/2026 00:29:08 - INFO - utils.trainer -   F_score: 0.27952
06/18/2026 00:29:08 - INFO - utils.trainer -   Cla Loss: 3.15678
06/18/2026 00:29:08 - INFO - utils.trainer -   MMS Loss: 0.04525
06/18/2026 00:29:08 - INFO - utils.trainer -   Cons Loss: 0.00000
06/18/2026 00:29:08 - INFO - utils.trainer -   Div Loss: 0.00014
06/18/2026 00:29:08 - INFO - utils.trainer -   Sparsity Loss: 0.76526
06/18/2026 00:29:08 - INFO - utils.trainer -   Epoch: 71 [C], Cla: 0.04606, MMS: 0.02756, Cons: 0.00000, Div: 0.00014, Sparsity: 0.73669, Acc: 0.2885, Best: 0.3462, Time: 94.2s
06/18/2026 00:30:42 - INFO - utils.trainer -   ***** Running evaluation on test2 dataset *****
06/18/2026 00:31:00 - INFO - utils.trainer -   AUC: 0.53953
06/18/2026 00:31:00 - INFO - utils.trainer -   Accuracy: 0.28846
06/18/2026 00:31:00 - INFO - utils.trainer -   Precision: 0.28535
06/18/2026 00:31:00 - INFO - utils.trainer -   Recall: 0.27928
06/18/2026 00:31:00 - INFO - utils.trainer -   F_score: 0.27607
06/18/2026 00:31:00 - INFO - utils.trainer -   Cla Loss: 3.17609
06/18/2026 00:31:00 - INFO - utils.trainer -   MMS Loss: 0.05205
06/18/2026 00:31:00 - INFO - utils.trainer -   Cons Loss: 0.00000
06/18/2026 00:31:00 - INFO - utils.trainer -   Div Loss: 0.00014
06/18/2026 00:31:00 - INFO - utils.trainer -   Sparsity Loss: 0.76246
06/18/2026 00:31:00 - INFO - utils.trainer -   Epoch: 72 [C], Cla: 0.07485, MMS: 0.02766, Cons: 0.00000, Div: 0.00015, Sparsity: 0.73425, Acc: 0.2885, Best: 0.3462, Time: 94.3s
06/18/2026 00:32:34 - INFO - utils.trainer -   ***** Running evaluation on test2 dataset *****
06/18/2026 00:32:52 - INFO - utils.trainer -   AUC: 0.53899
06/18/2026 00:32:52 - INFO - utils.trainer -   Accuracy: 0.25641
06/18/2026 00:32:52 - INFO - utils.trainer -   Precision: 0.26999
06/18/2026 00:32:52 - INFO - utils.trainer -   Recall: 0.24993
06/18/2026 00:32:52 - INFO - utils.trainer -   F_score: 0.25462
06/18/2026 00:32:52 - INFO - utils.trainer -   Cla Loss: 3.17642
06/18/2026 00:32:52 - INFO - utils.trainer -   MMS Loss: 0.04853
06/18/2026 00:32:52 - INFO - utils.trainer -   Cons Loss: 0.00000
06/18/2026 00:32:52 - INFO - utils.trainer -   Div Loss: 0.00016
06/18/2026 00:32:52 - INFO - utils.trainer -   Sparsity Loss: 0.76004
06/18/2026 00:32:52 - INFO - utils.trainer -   Epoch: 73 [C], Cla: 0.02192, MMS: 0.02751, Cons: 0.00000, Div: 0.00016, Sparsity: 0.73720, Acc: 0.2564, Best: 0.3462, Time: 94.2s
06/18/2026 00:34:26 - INFO - utils.trainer -   ***** Running evaluation on test2 dataset *****
06/18/2026 00:34:44 - INFO - utils.trainer -   AUC: 0.55605
06/18/2026 00:34:44 - INFO - utils.trainer -   Accuracy: 0.29487
06/18/2026 00:34:44 - INFO - utils.trainer -   Precision: 0.26510
06/18/2026 00:34:44 - INFO - utils.trainer -   Recall: 0.28357
06/18/2026 00:34:44 - INFO - utils.trainer -   F_score: 0.26329
06/18/2026 00:34:44 - INFO - utils.trainer -   Cla Loss: 3.05736
06/18/2026 00:34:44 - INFO - utils.trainer -   MMS Loss: 0.04842
06/18/2026 00:34:44 - INFO - utils.trainer -   Cons Loss: 0.00000
06/18/2026 00:34:44 - INFO - utils.trainer -   Div Loss: 0.00013
06/18/2026 00:34:44 - INFO - utils.trainer -   Sparsity Loss: 0.76727
06/18/2026 00:34:44 - INFO - utils.trainer -   Epoch: 74 [C], Cla: 0.05911, MMS: 0.02774, Cons: 0.00000, Div: 0.00015, Sparsity: 0.73108, Acc: 0.2949, Best: 0.3462, Time: 94.2s
06/18/2026 00:36:18 - INFO - utils.trainer -   ***** Running evaluation on test2 dataset *****
06/18/2026 00:36:35 - INFO - utils.trainer -   AUC: 0.55353
06/18/2026 00:36:35 - INFO - utils.trainer -   Accuracy: 0.28205
06/18/2026 00:36:35 - INFO - utils.trainer -   Precision: 0.27917
06/18/2026 00:36:35 - INFO - utils.trainer -   Recall: 0.27914
06/18/2026 00:36:35 - INFO - utils.trainer -   F_score: 0.27771
06/18/2026 00:36:35 - INFO - utils.trainer -   Cla Loss: 3.07246
06/18/2026 00:36:35 - INFO - utils.trainer -   MMS Loss: 0.05213
06/18/2026 00:36:35 - INFO - utils.trainer -   Cons Loss: 0.00000
06/18/2026 00:36:35 - INFO - utils.trainer -   Div Loss: 0.00014
06/18/2026 00:36:35 - INFO - utils.trainer -   Sparsity Loss: 0.74517
06/18/2026 00:36:35 - INFO - utils.trainer -   Epoch: 75 [C], Cla: 0.09638, MMS: 0.02872, Cons: 0.00000, Div: 0.00014, Sparsity: 0.73269, Acc: 0.2821, Best: 0.3462, Time: 94.0s
06/18/2026 00:38:09 - INFO - utils.trainer -   ***** Running evaluation on test2 dataset *****
06/18/2026 00:38:27 - INFO - utils.trainer -   AUC: 0.53098
06/18/2026 00:38:27 - INFO - utils.trainer -   Accuracy: 0.23077
06/18/2026 00:38:27 - INFO - utils.trainer -   Precision: 0.25306
06/18/2026 00:38:27 - INFO - utils.trainer -   Recall: 0.23180
06/18/2026 00:38:27 - INFO - utils.trainer -   F_score: 0.22732
06/18/2026 00:38:27 - INFO - utils.trainer -   Cla Loss: 3.36328
06/18/2026 00:38:27 - INFO - utils.trainer -   MMS Loss: 0.06048
06/18/2026 00:38:27 - INFO - utils.trainer -   Cons Loss: 0.00000
06/18/2026 00:38:27 - INFO - utils.trainer -   Div Loss: 0.00015
06/18/2026 00:38:27 - INFO - utils.trainer -   Sparsity Loss: 0.72177
06/18/2026 00:38:27 - INFO - utils.trainer -   Epoch: 76 [C], Cla: 0.02480, MMS: 0.02650, Cons: 0.00000, Div: 0.00014, Sparsity: 0.73843, Acc: 0.2308, Best: 0.3462, Time: 93.9s
06/18/2026 00:40:01 - INFO - utils.trainer -   ***** Running evaluation on test2 dataset *****
06/18/2026 00:40:18 - INFO - utils.trainer -   AUC: 0.55504
06/18/2026 00:40:18 - INFO - utils.trainer -   Accuracy: 0.26923
06/18/2026 00:40:18 - INFO - utils.trainer -   Precision: 0.26875
06/18/2026 00:40:18 - INFO - utils.trainer -   Recall: 0.26751
06/18/2026 00:40:18 - INFO - utils.trainer -   F_score: 0.26427
06/18/2026 00:40:18 - INFO - utils.trainer -   Cla Loss: 3.13717
06/18/2026 00:40:18 - INFO - utils.trainer -   MMS Loss: 0.05017
06/18/2026 00:40:18 - INFO - utils.trainer -   Cons Loss: 0.00000
06/18/2026 00:40:18 - INFO - utils.trainer -   Div Loss: 0.00016
06/18/2026 00:40:18 - INFO - utils.trainer -   Sparsity Loss: 0.74494
06/18/2026 00:40:18 - INFO - utils.trainer -   Epoch: 77 [C], Cla: 0.03380, MMS: 0.02609, Cons: 0.00000, Div: 0.00015, Sparsity: 0.73172, Acc: 0.2692, Best: 0.3462, Time: 94.0s
06/18/2026 00:41:52 - INFO - utils.trainer -   ***** Running evaluation on test2 dataset *****
06/18/2026 00:42:10 - INFO - utils.trainer -   AUC: 0.52263
06/18/2026 00:42:10 - INFO - utils.trainer -   Accuracy: 0.28846
06/18/2026 00:42:10 - INFO - utils.trainer -   Precision: 0.27800
06/18/2026 00:42:10 - INFO - utils.trainer -   Recall: 0.28481
06/18/2026 00:42:10 - INFO - utils.trainer -   F_score: 0.27799
06/18/2026 00:42:10 - INFO - utils.trainer -   Cla Loss: 3.28694
06/18/2026 00:42:10 - INFO - utils.trainer -   MMS Loss: 0.05393
06/18/2026 00:42:10 - INFO - utils.trainer -   Cons Loss: 0.00000
06/18/2026 00:42:10 - INFO - utils.trainer -   Div Loss: 0.00015
06/18/2026 00:42:10 - INFO - utils.trainer -   Sparsity Loss: 0.76041
06/18/2026 00:42:10 - INFO - utils.trainer -   Epoch: 78 [C], Cla: 0.09572, MMS: 0.02940, Cons: 0.00000, Div: 0.00015, Sparsity: 0.73582, Acc: 0.2885, Best: 0.3462, Time: 94.0s
06/18/2026 00:43:44 - INFO - utils.trainer -   ***** Running evaluation on test2 dataset *****
06/18/2026 00:44:02 - INFO - utils.trainer -   AUC: 0.51627
06/18/2026 00:44:02 - INFO - utils.trainer -   Accuracy: 0.26923
06/18/2026 00:44:02 - INFO - utils.trainer -   Precision: 0.28161
06/18/2026 00:44:02 - INFO - utils.trainer -   Recall: 0.27104
06/18/2026 00:44:02 - INFO - utils.trainer -   F_score: 0.26451
06/18/2026 00:44:02 - INFO - utils.trainer -   Cla Loss: 3.54612
06/18/2026 00:44:02 - INFO - utils.trainer -   MMS Loss: 0.04630
06/18/2026 00:44:02 - INFO - utils.trainer -   Cons Loss: 0.00000
06/18/2026 00:44:02 - INFO - utils.trainer -   Div Loss: 0.00014
06/18/2026 00:44:02 - INFO - utils.trainer -   Sparsity Loss: 0.74729
06/18/2026 00:44:02 - INFO - utils.trainer -   Epoch: 79 [C], Cla: 0.08059, MMS: 0.02783, Cons: 0.00000, Div: 0.00015, Sparsity: 0.72826, Acc: 0.2692, Best: 0.3462, Time: 94.0s
06/18/2026 00:45:36 - INFO - utils.trainer -   ***** Running evaluation on test2 dataset *****
06/18/2026 00:45:54 - INFO - utils.trainer -   AUC: 0.53266
06/18/2026 00:45:54 - INFO - utils.trainer -   Accuracy: 0.30128
06/18/2026 00:45:54 - INFO - utils.trainer -   Precision: 0.27703
06/18/2026 00:45:54 - INFO - utils.trainer -   Recall: 0.28751
06/18/2026 00:45:54 - INFO - utils.trainer -   F_score: 0.28035
06/18/2026 00:45:54 - INFO - utils.trainer -   Cla Loss: 3.24064
06/18/2026 00:45:54 - INFO - utils.trainer -   MMS Loss: 0.04503
06/18/2026 00:45:54 - INFO - utils.trainer -   Cons Loss: 0.00000
06/18/2026 00:45:54 - INFO - utils.trainer -   Div Loss: 0.00016
06/18/2026 00:45:54 - INFO - utils.trainer -   Sparsity Loss: 0.75975
06/18/2026 00:45:54 - INFO - utils.trainer -   Epoch: 80 [C], Cla: 0.01641, MMS: 0.02636, Cons: 0.00000, Div: 0.00015, Sparsity: 0.72504, Acc: 0.3013, Best: 0.3462, Time: 94.1s
06/18/2026 00:47:28 - INFO - utils.trainer -   ***** Running evaluation on test2 dataset *****
06/18/2026 00:47:45 - INFO - utils.trainer -   AUC: 0.51966
06/18/2026 00:47:45 - INFO - utils.trainer -   Accuracy: 0.26282
06/18/2026 00:47:45 - INFO - utils.trainer -   Precision: 0.26210
06/18/2026 00:47:45 - INFO - utils.trainer -   Recall: 0.25561
06/18/2026 00:47:45 - INFO - utils.trainer -   F_score: 0.25759
06/18/2026 00:47:45 - INFO - utils.trainer -   Cla Loss: 3.36760
06/18/2026 00:47:45 - INFO - utils.trainer -   MMS Loss: 0.05141
06/18/2026 00:47:45 - INFO - utils.trainer -   Cons Loss: 0.00000
06/18/2026 00:47:45 - INFO - utils.trainer -   Div Loss: 0.00015
06/18/2026 00:47:45 - INFO - utils.trainer -   Sparsity Loss: 0.73421
06/18/2026 00:47:45 - INFO - utils.trainer -   Epoch: 81 [C], Cla: 0.08616, MMS: 0.02958, Cons: 0.00000, Div: 0.00015, Sparsity: 0.71411, Acc: 0.2628, Best: 0.3462, Time: 94.2s
06/18/2026 00:49:20 - INFO - utils.trainer -   ***** Running evaluation on test2 dataset *****
06/18/2026 00:49:37 - INFO - utils.trainer -   AUC: 0.54280
06/18/2026 00:49:37 - INFO - utils.trainer -   Accuracy: 0.28846
06/18/2026 00:49:37 - INFO - utils.trainer -   Precision: 0.29133
06/18/2026 00:49:37 - INFO - utils.trainer -   Recall: 0.28834
06/18/2026 00:49:37 - INFO - utils.trainer -   F_score: 0.28474
06/18/2026 00:49:37 - INFO - utils.trainer -   Cla Loss: 3.47777
06/18/2026 00:49:37 - INFO - utils.trainer -   MMS Loss: 0.04866
06/18/2026 00:49:37 - INFO - utils.trainer -   Cons Loss: 0.00000
06/18/2026 00:49:37 - INFO - utils.trainer -   Div Loss: 0.00013
06/18/2026 00:49:37 - INFO - utils.trainer -   Sparsity Loss: 0.76351
06/18/2026 00:49:37 - INFO - utils.trainer -   Epoch: 82 [C], Cla: 0.07642, MMS: 0.02869, Cons: 0.00000, Div: 0.00014, Sparsity: 0.72176, Acc: 0.2885, Best: 0.3462, Time: 94.1s
06/18/2026 00:51:11 - INFO - utils.trainer -   ***** Running evaluation on test2 dataset *****
06/18/2026 00:51:29 - INFO - utils.trainer -   AUC: 0.53747
06/18/2026 00:51:29 - INFO - utils.trainer -   Accuracy: 0.28846
06/18/2026 00:51:29 - INFO - utils.trainer -   Precision: 0.26991
06/18/2026 00:51:29 - INFO - utils.trainer -   Recall: 0.27616
06/18/2026 00:51:29 - INFO - utils.trainer -   F_score: 0.27102
06/18/2026 00:51:29 - INFO - utils.trainer -   Cla Loss: 3.26883
06/18/2026 00:51:29 - INFO - utils.trainer -   MMS Loss: 0.05250
06/18/2026 00:51:29 - INFO - utils.trainer -   Cons Loss: 0.00000
06/18/2026 00:51:29 - INFO - utils.trainer -   Div Loss: 0.00013
06/18/2026 00:51:29 - INFO - utils.trainer -   Sparsity Loss: 0.76350
06/18/2026 00:51:29 - INFO - utils.trainer -   Epoch: 83 [C], Cla: 0.01774, MMS: 0.02488, Cons: 0.00000, Div: 0.00013, Sparsity: 0.74054, Acc: 0.2885, Best: 0.3462, Time: 94.2s
06/18/2026 00:53:03 - INFO - utils.trainer -   ***** Running evaluation on test2 dataset *****
06/18/2026 00:53:21 - INFO - utils.trainer -   AUC: 0.53426
06/18/2026 00:53:21 - INFO - utils.trainer -   Accuracy: 0.25000
06/18/2026 00:53:21 - INFO - utils.trainer -   Precision: 0.26351
06/18/2026 00:53:21 - INFO - utils.trainer -   Recall: 0.25021
06/18/2026 00:53:21 - INFO - utils.trainer -   F_score: 0.24993
06/18/2026 00:53:21 - INFO - utils.trainer -   Cla Loss: 3.35799
06/18/2026 00:53:21 - INFO - utils.trainer -   MMS Loss: 0.05262
06/18/2026 00:53:21 - INFO - utils.trainer -   Cons Loss: 0.00000
06/18/2026 00:53:21 - INFO - utils.trainer -   Div Loss: 0.00016
06/18/2026 00:53:21 - INFO - utils.trainer -   Sparsity Loss: 0.73010
06/18/2026 00:53:21 - INFO - utils.trainer -   Epoch: 84 [C], Cla: 0.06785, MMS: 0.02877, Cons: 0.00000, Div: 0.00014, Sparsity: 0.73108, Acc: 0.2500, Best: 0.3462, Time: 94.0s
06/18/2026 00:54:55 - INFO - utils.trainer -   ***** Running evaluation on test2 dataset *****
06/18/2026 00:55:12 - INFO - utils.trainer -   AUC: 0.55873
06/18/2026 00:55:12 - INFO - utils.trainer -   Accuracy: 0.30769
06/18/2026 00:55:12 - INFO - utils.trainer -   Precision: 0.29859
06/18/2026 00:55:12 - INFO - utils.trainer -   Recall: 0.29983
06/18/2026 00:55:12 - INFO - utils.trainer -   F_score: 0.29855
06/18/2026 00:55:12 - INFO - utils.trainer -   Cla Loss: 3.00987
06/18/2026 00:55:12 - INFO - utils.trainer -   MMS Loss: 0.04290
06/18/2026 00:55:12 - INFO - utils.trainer -   Cons Loss: 0.00000
06/18/2026 00:55:12 - INFO - utils.trainer -   Div Loss: 0.00015
06/18/2026 00:55:12 - INFO - utils.trainer -   Sparsity Loss: 0.77265
06/18/2026 00:55:12 - INFO - utils.trainer -   Epoch: 85 [C], Cla: 0.08195, MMS: 0.02657, Cons: 0.00000, Div: 0.00014, Sparsity: 0.72874, Acc: 0.3077, Best: 0.3462, Time: 94.1s
06/18/2026 00:56:46 - INFO - utils.trainer -   ***** Running evaluation on test2 dataset *****
06/18/2026 00:57:04 - INFO - utils.trainer -   AUC: 0.53971
06/18/2026 00:57:04 - INFO - utils.trainer -   Accuracy: 0.25641
06/18/2026 00:57:04 - INFO - utils.trainer -   Precision: 0.28337
06/18/2026 00:57:04 - INFO - utils.trainer -   Recall: 0.26197
06/18/2026 00:57:04 - INFO - utils.trainer -   F_score: 0.25941
06/18/2026 00:57:04 - INFO - utils.trainer -   Cla Loss: 3.33463
06/18/2026 00:57:04 - INFO - utils.trainer -   MMS Loss: 0.04759
06/18/2026 00:57:04 - INFO - utils.trainer -   Cons Loss: 0.00000
06/18/2026 00:57:04 - INFO - utils.trainer -   Div Loss: 0.00015
06/18/2026 00:57:04 - INFO - utils.trainer -   Sparsity Loss: 0.73771
06/18/2026 00:57:04 - INFO - utils.trainer -   Epoch: 86 [C], Cla: 0.08633, MMS: 0.02865, Cons: 0.00000, Div: 0.00013, Sparsity: 0.74154, Acc: 0.2564, Best: 0.3462, Time: 94.1s
06/18/2026 00:58:38 - INFO - utils.trainer -   ***** Running evaluation on test2 dataset *****
06/18/2026 00:58:56 - INFO - utils.trainer -   AUC: 0.53729
06/18/2026 00:58:56 - INFO - utils.trainer -   Accuracy: 0.23718
06/18/2026 00:58:56 - INFO - utils.trainer -   Precision: 0.24493
06/18/2026 00:58:56 - INFO - utils.trainer -   Recall: 0.23872
06/18/2026 00:58:56 - INFO - utils.trainer -   F_score: 0.23450
06/18/2026 00:58:56 - INFO - utils.trainer -   Cla Loss: 3.30819
06/18/2026 00:58:56 - INFO - utils.trainer -   MMS Loss: 0.04853
06/18/2026 00:58:56 - INFO - utils.trainer -   Cons Loss: 0.00000
06/18/2026 00:58:56 - INFO - utils.trainer -   Div Loss: 0.00013
06/18/2026 00:58:56 - INFO - utils.trainer -   Sparsity Loss: 0.73288
06/18/2026 00:58:56 - INFO - utils.trainer -   Epoch: 87 [C], Cla: 0.04082, MMS: 0.02650, Cons: 0.00000, Div: 0.00014, Sparsity: 0.72857, Acc: 0.2372, Best: 0.3462, Time: 94.0s
06/18/2026 01:00:29 - INFO - utils.trainer -   ***** Running evaluation on test2 dataset *****
06/18/2026 01:00:47 - INFO - utils.trainer -   AUC: 0.55191
06/18/2026 01:00:47 - INFO - utils.trainer -   Accuracy: 0.23718
06/18/2026 01:00:47 - INFO - utils.trainer -   Precision: 0.24864
06/18/2026 01:00:47 - INFO - utils.trainer -   Recall: 0.25305
06/18/2026 01:00:47 - INFO - utils.trainer -   F_score: 0.23014
06/18/2026 01:00:47 - INFO - utils.trainer -   Cla Loss: 3.54518
06/18/2026 01:00:47 - INFO - utils.trainer -   MMS Loss: 0.04719
06/18/2026 01:00:47 - INFO - utils.trainer -   Cons Loss: 0.00000
06/18/2026 01:00:47 - INFO - utils.trainer -   Div Loss: 0.00014
06/18/2026 01:00:47 - INFO - utils.trainer -   Sparsity Loss: 0.73095
06/18/2026 01:00:47 - INFO - utils.trainer -   Epoch: 88 [C], Cla: 0.02859, MMS: 0.02451, Cons: 0.00000, Div: 0.00014, Sparsity: 0.73060, Acc: 0.2372, Best: 0.3462, Time: 93.7s
06/18/2026 01:02:21 - INFO - utils.trainer -   ***** Running evaluation on test2 dataset *****
06/18/2026 01:02:39 - INFO - utils.trainer -   AUC: 0.55118
06/18/2026 01:02:39 - INFO - utils.trainer -   Accuracy: 0.26923
06/18/2026 01:02:39 - INFO - utils.trainer -   Precision: 0.25923
06/18/2026 01:02:39 - INFO - utils.trainer -   Recall: 0.26779
06/18/2026 01:02:39 - INFO - utils.trainer -   F_score: 0.26084
06/18/2026 01:02:39 - INFO - utils.trainer -   Cla Loss: 3.17114
06/18/2026 01:02:39 - INFO - utils.trainer -   MMS Loss: 0.05004
06/18/2026 01:02:39 - INFO - utils.trainer -   Cons Loss: 0.00000
06/18/2026 01:02:39 - INFO - utils.trainer -   Div Loss: 0.00013
06/18/2026 01:02:39 - INFO - utils.trainer -   Sparsity Loss: 0.75531
06/18/2026 01:02:39 - INFO - utils.trainer -   Epoch: 89 [C], Cla: 0.02881, MMS: 0.02507, Cons: 0.00000, Div: 0.00014, Sparsity: 0.73501, Acc: 0.2692, Best: 0.3462, Time: 94.2s
06/18/2026 01:04:13 - INFO - utils.trainer -   ***** Running evaluation on test2 dataset *****
06/18/2026 01:04:31 - INFO - utils.trainer -   AUC: 0.55117
06/18/2026 01:04:31 - INFO - utils.trainer -   Accuracy: 0.23718
06/18/2026 01:04:31 - INFO - utils.trainer -   Precision: 0.24187
06/18/2026 01:04:31 - INFO - utils.trainer -   Recall: 0.23761
06/18/2026 01:04:31 - INFO - utils.trainer -   F_score: 0.23434
06/18/2026 01:04:31 - INFO - utils.trainer -   Cla Loss: 3.27126
06/18/2026 01:04:31 - INFO - utils.trainer -   MMS Loss: 0.04859
06/18/2026 01:04:31 - INFO - utils.trainer -   Cons Loss: 0.00000
06/18/2026 01:04:31 - INFO - utils.trainer -   Div Loss: 0.00013
06/18/2026 01:04:31 - INFO - utils.trainer -   Sparsity Loss: 0.74117
06/18/2026 01:04:31 - INFO - utils.trainer -   Epoch: 90 [C], Cla: 0.00988, MMS: 0.02560, Cons: 0.00000, Div: 0.00014, Sparsity: 0.72517, Acc: 0.2372, Best: 0.3462, Time: 94.1s
06/18/2026 01:06:04 - INFO - utils.trainer -   ***** Running evaluation on test2 dataset *****
06/18/2026 01:06:22 - INFO - utils.trainer -   AUC: 0.53733
06/18/2026 01:06:22 - INFO - utils.trainer -   Accuracy: 0.22436
06/18/2026 01:06:22 - INFO - utils.trainer -   Precision: 0.24584
06/18/2026 01:06:22 - INFO - utils.trainer -   Recall: 0.22979
06/18/2026 01:06:22 - INFO - utils.trainer -   F_score: 0.22595
06/18/2026 01:06:22 - INFO - utils.trainer -   Cla Loss: 3.41084
06/18/2026 01:06:22 - INFO - utils.trainer -   MMS Loss: 0.05089
06/18/2026 01:06:22 - INFO - utils.trainer -   Cons Loss: 0.00000
06/18/2026 01:06:22 - INFO - utils.trainer -   Div Loss: 0.00013
06/18/2026 01:06:22 - INFO - utils.trainer -   Sparsity Loss: 0.72553
06/18/2026 01:06:22 - INFO - utils.trainer -   Epoch: 91 [C], Cla: 0.03535, MMS: 0.02455, Cons: 0.00000, Div: 0.00013, Sparsity: 0.72662, Acc: 0.2244, Best: 0.3462, Time: 93.9s
06/18/2026 01:07:56 - INFO - utils.trainer -   ***** Running evaluation on test2 dataset *****
06/18/2026 01:08:14 - INFO - utils.trainer -   AUC: 0.54261
06/18/2026 01:08:14 - INFO - utils.trainer -   Accuracy: 0.26282
06/18/2026 01:08:14 - INFO - utils.trainer -   Precision: 0.26194
06/18/2026 01:08:14 - INFO - utils.trainer -   Recall: 0.25505
06/18/2026 01:08:14 - INFO - utils.trainer -   F_score: 0.25626
06/18/2026 01:08:14 - INFO - utils.trainer -   Cla Loss: 3.26426
06/18/2026 01:08:14 - INFO - utils.trainer -   MMS Loss: 0.04695
06/18/2026 01:08:14 - INFO - utils.trainer -   Cons Loss: 0.00000
06/18/2026 01:08:14 - INFO - utils.trainer -   Div Loss: 0.00013
06/18/2026 01:08:14 - INFO - utils.trainer -   Sparsity Loss: 0.75056
06/18/2026 01:08:14 - INFO - utils.trainer -   Epoch: 92 [C], Cla: 0.02991, MMS: 0.02443, Cons: 0.00000, Div: 0.00013, Sparsity: 0.72451, Acc: 0.2628, Best: 0.3462, Time: 94.2s
06/18/2026 01:09:48 - INFO - utils.trainer -   ***** Running evaluation on test2 dataset *****
06/18/2026 01:10:06 - INFO - utils.trainer -   AUC: 0.54311
06/18/2026 01:10:06 - INFO - utils.trainer -   Accuracy: 0.31410
06/18/2026 01:10:06 - INFO - utils.trainer -   Precision: 0.31651
06/18/2026 01:10:06 - INFO - utils.trainer -   Recall: 0.31582
06/18/2026 01:10:06 - INFO - utils.trainer -   F_score: 0.29712
06/18/2026 01:10:06 - INFO - utils.trainer -   Cla Loss: 3.45439
06/18/2026 01:10:06 - INFO - utils.trainer -   MMS Loss: 0.04804
06/18/2026 01:10:06 - INFO - utils.trainer -   Cons Loss: 0.00000
06/18/2026 01:10:06 - INFO - utils.trainer -   Div Loss: 0.00012
06/18/2026 01:10:06 - INFO - utils.trainer -   Sparsity Loss: 0.74395
06/18/2026 01:10:06 - INFO - utils.trainer -   Epoch: 93 [C], Cla: 0.08479, MMS: 0.02599, Cons: 0.00000, Div: 0.00013, Sparsity: 0.71836, Acc: 0.3141, Best: 0.3462, Time: 93.9s
06/18/2026 01:11:40 - INFO - utils.trainer -   ***** Running evaluation on test2 dataset *****
06/18/2026 01:11:58 - INFO - utils.trainer -   AUC: 0.53985
06/18/2026 01:11:58 - INFO - utils.trainer -   Accuracy: 0.24359
06/18/2026 01:11:58 - INFO - utils.trainer -   Precision: 0.25387
06/18/2026 01:11:58 - INFO - utils.trainer -   Recall: 0.24426
06/18/2026 01:11:58 - INFO - utils.trainer -   F_score: 0.24300
06/18/2026 01:11:58 - INFO - utils.trainer -   Cla Loss: 3.18809
06/18/2026 01:11:58 - INFO - utils.trainer -   MMS Loss: 0.05337
06/18/2026 01:11:58 - INFO - utils.trainer -   Cons Loss: 0.00000
06/18/2026 01:11:58 - INFO - utils.trainer -   Div Loss: 0.00014
06/18/2026 01:11:58 - INFO - utils.trainer -   Sparsity Loss: 0.72049
06/18/2026 01:11:58 - INFO - utils.trainer -   Epoch: 94 [C], Cla: 0.04482, MMS: 0.02457, Cons: 0.00000, Div: 0.00013, Sparsity: 0.71567, Acc: 0.2436, Best: 0.3462, Time: 94.3s
06/18/2026 01:13:32 - INFO - utils.trainer -   ***** Running evaluation on test2 dataset *****
06/18/2026 01:13:49 - INFO - utils.trainer -   AUC: 0.52567
06/18/2026 01:13:49 - INFO - utils.trainer -   Accuracy: 0.22436
06/18/2026 01:13:49 - INFO - utils.trainer -   Precision: 0.25759
06/18/2026 01:13:49 - INFO - utils.trainer -   Recall: 0.22667
06/18/2026 01:13:49 - INFO - utils.trainer -   F_score: 0.22873
06/18/2026 01:13:49 - INFO - utils.trainer -   Cla Loss: 3.58717
06/18/2026 01:13:49 - INFO - utils.trainer -   MMS Loss: 0.04965
06/18/2026 01:13:49 - INFO - utils.trainer -   Cons Loss: 0.00000
06/18/2026 01:13:49 - INFO - utils.trainer -   Div Loss: 0.00013
06/18/2026 01:13:49 - INFO - utils.trainer -   Sparsity Loss: 0.73218
06/18/2026 01:13:49 - INFO - utils.trainer -   Epoch: 95 [C], Cla: 0.07631, MMS: 0.02618, Cons: 0.00000, Div: 0.00013, Sparsity: 0.71929, Acc: 0.2244, Best: 0.3462, Time: 94.0s
06/18/2026 01:15:23 - INFO - utils.trainer -   ***** Running evaluation on test2 dataset *****
06/18/2026 01:15:41 - INFO - utils.trainer -   AUC: 0.53675
06/18/2026 01:15:41 - INFO - utils.trainer -   Accuracy: 0.21795
06/18/2026 01:15:41 - INFO - utils.trainer -   Precision: 0.24824
06/18/2026 01:15:41 - INFO - utils.trainer -   Recall: 0.22993
06/18/2026 01:15:41 - INFO - utils.trainer -   F_score: 0.21966
06/18/2026 01:15:41 - INFO - utils.trainer -   Cla Loss: 3.61038
06/18/2026 01:15:41 - INFO - utils.trainer -   MMS Loss: 0.04918
06/18/2026 01:15:41 - INFO - utils.trainer -   Cons Loss: 0.00000
06/18/2026 01:15:41 - INFO - utils.trainer -   Div Loss: 0.00013
06/18/2026 01:15:41 - INFO - utils.trainer -   Sparsity Loss: 0.72116
06/18/2026 01:15:41 - INFO - utils.trainer -   Epoch: 96 [C], Cla: 0.02039, MMS: 0.02563, Cons: 0.00000, Div: 0.00013, Sparsity: 0.71946, Acc: 0.2179, Best: 0.3462, Time: 94.1s
06/18/2026 01:17:15 - INFO - utils.trainer -   ***** Running evaluation on test2 dataset *****
06/18/2026 01:17:33 - INFO - utils.trainer -   AUC: 0.52523
06/18/2026 01:17:33 - INFO - utils.trainer -   Accuracy: 0.25000
06/18/2026 01:17:33 - INFO - utils.trainer -   Precision: 0.24666
06/18/2026 01:17:33 - INFO - utils.trainer -   Recall: 0.24426
06/18/2026 01:17:33 - INFO - utils.trainer -   F_score: 0.24266
06/18/2026 01:17:33 - INFO - utils.trainer -   Cla Loss: 3.40084
06/18/2026 01:17:33 - INFO - utils.trainer -   MMS Loss: 0.04946
06/18/2026 01:17:33 - INFO - utils.trainer -   Cons Loss: 0.00000
06/18/2026 01:17:33 - INFO - utils.trainer -   Div Loss: 0.00013
06/18/2026 01:17:33 - INFO - utils.trainer -   Sparsity Loss: 0.75666
06/18/2026 01:17:33 - INFO - utils.trainer -   Epoch: 97 [C], Cla: 0.02327, MMS: 0.02486, Cons: 0.00000, Div: 0.00012, Sparsity: 0.72263, Acc: 0.2500, Best: 0.3462, Time: 94.5s
06/18/2026 01:19:07 - INFO - utils.trainer -   ***** Running evaluation on test2 dataset *****
06/18/2026 01:19:25 - INFO - utils.trainer -   AUC: 0.54049
06/18/2026 01:19:25 - INFO - utils.trainer -   Accuracy: 0.26282
06/18/2026 01:19:25 - INFO - utils.trainer -   Precision: 0.26567
06/18/2026 01:19:25 - INFO - utils.trainer -   Recall: 0.25519
06/18/2026 01:19:25 - INFO - utils.trainer -   F_score: 0.25606
06/18/2026 01:19:25 - INFO - utils.trainer -   Cla Loss: 3.38960
06/18/2026 01:19:25 - INFO - utils.trainer -   MMS Loss: 0.05555
06/18/2026 01:19:25 - INFO - utils.trainer -   Cons Loss: 0.00000
06/18/2026 01:19:25 - INFO - utils.trainer -   Div Loss: 0.00012
06/18/2026 01:19:25 - INFO - utils.trainer -   Sparsity Loss: 0.75520
06/18/2026 01:19:25 - INFO - utils.trainer -   Epoch: 98 [C], Cla: 0.01748, MMS: 0.02441, Cons: 0.00000, Div: 0.00012, Sparsity: 0.72420, Acc: 0.2628, Best: 0.3462, Time: 94.0s
06/18/2026 01:20:59 - INFO - utils.trainer -   ***** Running evaluation on test2 dataset *****
06/18/2026 01:21:16 - INFO - utils.trainer -   AUC: 0.53265
06/18/2026 01:21:16 - INFO - utils.trainer -   Accuracy: 0.25641
06/18/2026 01:21:16 - INFO - utils.trainer -   Precision: 0.25812
06/18/2026 01:21:16 - INFO - utils.trainer -   Recall: 0.24938
06/18/2026 01:21:16 - INFO - utils.trainer -   F_score: 0.25117
06/18/2026 01:21:16 - INFO - utils.trainer -   Cla Loss: 3.43323
06/18/2026 01:21:16 - INFO - utils.trainer -   MMS Loss: 0.05356
06/18/2026 01:21:16 - INFO - utils.trainer -   Cons Loss: 0.00000
06/18/2026 01:21:16 - INFO - utils.trainer -   Div Loss: 0.00011
06/18/2026 01:21:16 - INFO - utils.trainer -   Sparsity Loss: 0.75341
06/18/2026 01:21:16 - INFO - utils.trainer -   Epoch: 99 [C], Cla: 0.01868, MMS: 0.02449, Cons: 0.00000, Div: 0.00012, Sparsity: 0.72651, Acc: 0.2564, Best: 0.3462, Time: 94.1s
06/18/2026 01:22:51 - INFO - utils.trainer -   ***** Running evaluation on test2 dataset *****
06/18/2026 01:23:08 - INFO - utils.trainer -   AUC: 0.53511
06/18/2026 01:23:08 - INFO - utils.trainer -   Accuracy: 0.24359
06/18/2026 01:23:08 - INFO - utils.trainer -   Precision: 0.26591
06/18/2026 01:23:08 - INFO - utils.trainer -   Recall: 0.24737
06/18/2026 01:23:08 - INFO - utils.trainer -   F_score: 0.24536
06/18/2026 01:23:08 - INFO - utils.trainer -   Cla Loss: 3.61733
06/18/2026 01:23:08 - INFO - utils.trainer -   MMS Loss: 0.04926
06/18/2026 01:23:08 - INFO - utils.trainer -   Cons Loss: 0.00000
06/18/2026 01:23:08 - INFO - utils.trainer -   Div Loss: 0.00011
06/18/2026 01:23:08 - INFO - utils.trainer -   Sparsity Loss: 0.74289
06/18/2026 01:23:08 - INFO - utils.trainer -     state_dict: 350 tensors, 125.1 MB (trainable + buffers only)
06/18/2026 01:23:09 - INFO - utils.trainer -   Model saved to output_dir/LDDE2th/checkpoint-epoch-100
06/18/2026 01:23:09 - INFO - utils.trainer -   Checkpoint saved at epoch 100
06/18/2026 01:23:09 - INFO - utils.trainer -   Epoch: 100 [C], Cla: 0.01032, MMS: 0.02364, Cons: 0.00000, Div: 0.00012, Sparsity: 0.71334, Acc: 0.2436, Best: 0.3462, Time: 94.2s
06/18/2026 01:24:43 - INFO - utils.trainer -   ***** Running evaluation on test2 dataset *****
06/18/2026 01:25:01 - INFO - utils.trainer -   AUC: 0.53685
06/18/2026 01:25:01 - INFO - utils.trainer -   Accuracy: 0.29487
06/18/2026 01:25:01 - INFO - utils.trainer -   Precision: 0.28070
06/18/2026 01:25:01 - INFO - utils.trainer -   Recall: 0.28495
06/18/2026 01:25:01 - INFO - utils.trainer -   F_score: 0.27916
06/18/2026 01:25:01 - INFO - utils.trainer -   Cla Loss: 3.45836
06/18/2026 01:25:01 - INFO - utils.trainer -   MMS Loss: 0.04748
06/18/2026 01:25:01 - INFO - utils.trainer -   Cons Loss: 0.00000
06/18/2026 01:25:01 - INFO - utils.trainer -   Div Loss: 0.00013
06/18/2026 01:25:01 - INFO - utils.trainer -   Sparsity Loss: 0.75985
06/18/2026 01:25:01 - INFO - utils.trainer -   Epoch: 101 [C], Cla: 0.04940, MMS: 0.02528, Cons: 0.00000, Div: 0.00012, Sparsity: 0.71834, Acc: 0.2949, Best: 0.3462, Time: 94.3s
06/18/2026 01:26:35 - INFO - utils.trainer -   ***** Running evaluation on test2 dataset *****
06/18/2026 01:26:53 - INFO - utils.trainer -   AUC: 0.54313
06/18/2026 01:26:53 - INFO - utils.trainer -   Accuracy: 0.28205
06/18/2026 01:26:53 - INFO - utils.trainer -   Precision: 0.25997
06/18/2026 01:26:53 - INFO - utils.trainer -   Recall: 0.27236
06/18/2026 01:26:53 - INFO - utils.trainer -   F_score: 0.26072
06/18/2026 01:26:53 - INFO - utils.trainer -   Cla Loss: 3.38307
06/18/2026 01:26:53 - INFO - utils.trainer -   MMS Loss: 0.04960
06/18/2026 01:26:53 - INFO - utils.trainer -   Cons Loss: 0.00000
06/18/2026 01:26:53 - INFO - utils.trainer -   Div Loss: 0.00011
06/18/2026 01:26:53 - INFO - utils.trainer -   Sparsity Loss: 0.73644
06/18/2026 01:26:53 - INFO - utils.trainer -   Epoch: 102 [C], Cla: 0.01722, MMS: 0.02320, Cons: 0.00000, Div: 0.00012, Sparsity: 0.69637, Acc: 0.2821, Best: 0.3462, Time: 94.2s
06/18/2026 01:28:27 - INFO - utils.trainer -   ***** Running evaluation on test2 dataset *****
06/18/2026 01:28:44 - INFO - utils.trainer -   AUC: 0.53218
06/18/2026 01:28:44 - INFO - utils.trainer -   Accuracy: 0.28205
06/18/2026 01:28:44 - INFO - utils.trainer -   Precision: 0.27430
06/18/2026 01:28:44 - INFO - utils.trainer -   Recall: 0.27900
06/18/2026 01:28:44 - INFO - utils.trainer -   F_score: 0.27563
06/18/2026 01:28:44 - INFO - utils.trainer -   Cla Loss: 3.32684
06/18/2026 01:28:44 - INFO - utils.trainer -   MMS Loss: 0.04634
06/18/2026 01:28:44 - INFO - utils.trainer -   Cons Loss: 0.00000
06/18/2026 01:28:44 - INFO - utils.trainer -   Div Loss: 0.00012
06/18/2026 01:28:44 - INFO - utils.trainer -   Sparsity Loss: 0.71835
06/18/2026 01:28:44 - INFO - utils.trainer -   Epoch: 103 [C], Cla: 0.07395, MMS: 0.02584, Cons: 0.00000, Div: 0.00012, Sparsity: 0.69334, Acc: 0.2821, Best: 0.3462, Time: 94.2s
06/18/2026 01:30:18 - INFO - utils.trainer -   ***** Running evaluation on test2 dataset *****
06/18/2026 01:30:36 - INFO - utils.trainer -   AUC: 0.51713
06/18/2026 01:30:36 - INFO - utils.trainer -   Accuracy: 0.25000
06/18/2026 01:30:36 - INFO - utils.trainer -   Precision: 0.25087
06/18/2026 01:30:36 - INFO - utils.trainer -   Recall: 0.25007
06/18/2026 01:30:36 - INFO - utils.trainer -   F_score: 0.24312
06/18/2026 01:30:36 - INFO - utils.trainer -   Cla Loss: 3.57961
06/18/2026 01:30:36 - INFO - utils.trainer -   MMS Loss: 0.05382
06/18/2026 01:30:36 - INFO - utils.trainer -   Cons Loss: 0.00000
06/18/2026 01:30:36 - INFO - utils.trainer -   Div Loss: 0.00013
06/18/2026 01:30:36 - INFO - utils.trainer -   Sparsity Loss: 0.72669
06/18/2026 01:30:36 - INFO - utils.trainer -   Epoch: 104 [C], Cla: 0.04095, MMS: 0.02540, Cons: 0.00000, Div: 0.00013, Sparsity: 0.70825, Acc: 0.2500, Best: 0.3462, Time: 94.1s
06/18/2026 01:32:10 - INFO - utils.trainer -   ***** Running evaluation on test2 dataset *****
06/18/2026 01:32:28 - INFO - utils.trainer -   AUC: 0.53450
06/18/2026 01:32:28 - INFO - utils.trainer -   Accuracy: 0.27564
06/18/2026 01:32:28 - INFO - utils.trainer -   Precision: 0.26825
06/18/2026 01:32:28 - INFO - utils.trainer -   Recall: 0.26993
06/18/2026 01:32:28 - INFO - utils.trainer -   F_score: 0.26673
06/18/2026 01:32:28 - INFO - utils.trainer -   Cla Loss: 3.40904
06/18/2026 01:32:28 - INFO - utils.trainer -   MMS Loss: 0.05271
06/18/2026 01:32:28 - INFO - utils.trainer -   Cons Loss: 0.00000
06/18/2026 01:32:28 - INFO - utils.trainer -   Div Loss: 0.00012
06/18/2026 01:32:28 - INFO - utils.trainer -   Sparsity Loss: 0.74320
06/18/2026 01:32:28 - INFO - utils.trainer -   Epoch: 105 [C], Cla: 0.03798, MMS: 0.02364, Cons: 0.00000, Div: 0.00012, Sparsity: 0.71425, Acc: 0.2756, Best: 0.3462, Time: 94.3s
06/18/2026 01:34:02 - INFO - utils.trainer -   ***** Running evaluation on test2 dataset *****
06/18/2026 01:34:20 - INFO - utils.trainer -   AUC: 0.54265
06/18/2026 01:34:20 - INFO - utils.trainer -   Accuracy: 0.26282
06/18/2026 01:34:20 - INFO - utils.trainer -   Precision: 0.25334
06/18/2026 01:34:20 - INFO - utils.trainer -   Recall: 0.25817
06/18/2026 01:34:20 - INFO - utils.trainer -   F_score: 0.25518
06/18/2026 01:34:20 - INFO - utils.trainer -   Cla Loss: 3.40293
06/18/2026 01:34:20 - INFO - utils.trainer -   MMS Loss: 0.04622
06/18/2026 01:34:20 - INFO - utils.trainer -   Cons Loss: 0.00000
06/18/2026 01:34:20 - INFO - utils.trainer -   Div Loss: 0.00011
06/18/2026 01:34:20 - INFO - utils.trainer -   Sparsity Loss: 0.76171
06/18/2026 01:34:20 - INFO - utils.trainer -   Epoch: 106 [C], Cla: 0.08281, MMS: 0.02477, Cons: 0.00000, Div: 0.00011, Sparsity: 0.72259, Acc: 0.2628, Best: 0.3462, Time: 94.1s
06/18/2026 01:35:54 - INFO - utils.trainer -   ***** Running evaluation on test2 dataset *****
06/18/2026 01:36:11 - INFO - utils.trainer -   AUC: 0.53709
06/18/2026 01:36:11 - INFO - utils.trainer -   Accuracy: 0.25000
06/18/2026 01:36:11 - INFO - utils.trainer -   Precision: 0.25523
06/18/2026 01:36:11 - INFO - utils.trainer -   Recall: 0.24979
06/18/2026 01:36:11 - INFO - utils.trainer -   F_score: 0.24457
06/18/2026 01:36:11 - INFO - utils.trainer -   Cla Loss: 3.32648
06/18/2026 01:36:11 - INFO - utils.trainer -   MMS Loss: 0.05358
06/18/2026 01:36:11 - INFO - utils.trainer -   Cons Loss: 0.00000
06/18/2026 01:36:11 - INFO - utils.trainer -   Div Loss: 0.00014
06/18/2026 01:36:11 - INFO - utils.trainer -   Sparsity Loss: 0.70701
06/18/2026 01:36:11 - INFO - utils.trainer -   Epoch: 107 [C], Cla: 0.10392, MMS: 0.02543, Cons: 0.00000, Div: 0.00011, Sparsity: 0.71068, Acc: 0.2500, Best: 0.3462, Time: 94.1s
06/18/2026 01:37:46 - INFO - utils.trainer -   ***** Running evaluation on test2 dataset *****
06/18/2026 01:38:04 - INFO - utils.trainer -   AUC: 0.57006
06/18/2026 01:38:04 - INFO - utils.trainer -   Accuracy: 0.30128
06/18/2026 01:38:04 - INFO - utils.trainer -   Precision: 0.30748
06/18/2026 01:38:04 - INFO - utils.trainer -   Recall: 0.29755
06/18/2026 01:38:04 - INFO - utils.trainer -   F_score: 0.29330
06/18/2026 01:38:04 - INFO - utils.trainer -   Cla Loss: 3.19510
06/18/2026 01:38:04 - INFO - utils.trainer -   MMS Loss: 0.04946
06/18/2026 01:38:04 - INFO - utils.trainer -   Cons Loss: 0.00000
06/18/2026 01:38:04 - INFO - utils.trainer -   Div Loss: 0.00011
06/18/2026 01:38:04 - INFO - utils.trainer -   Sparsity Loss: 0.69555
06/18/2026 01:38:04 - INFO - utils.trainer -   Epoch: 108 [C], Cla: 0.12925, MMS: 0.02673, Cons: 0.00000, Div: 0.00011, Sparsity: 0.68326, Acc: 0.3013, Best: 0.3462, Time: 94.5s
06/18/2026 01:39:38 - INFO - utils.trainer -   ***** Running evaluation on test2 dataset *****
06/18/2026 01:39:55 - INFO - utils.trainer -   AUC: 0.56704
06/18/2026 01:39:55 - INFO - utils.trainer -   Accuracy: 0.30128
06/18/2026 01:39:55 - INFO - utils.trainer -   Precision: 0.29978
06/18/2026 01:39:55 - INFO - utils.trainer -   Recall: 0.29360
06/18/2026 01:39:55 - INFO - utils.trainer -   F_score: 0.29376
06/18/2026 01:39:55 - INFO - utils.trainer -   Cla Loss: 3.05990
06/18/2026 01:39:55 - INFO - utils.trainer -   MMS Loss: 0.04651
06/18/2026 01:39:55 - INFO - utils.trainer -   Cons Loss: 0.00000
06/18/2026 01:39:55 - INFO - utils.trainer -   Div Loss: 0.00012
06/18/2026 01:39:55 - INFO - utils.trainer -   Sparsity Loss: 0.70722
06/18/2026 01:39:56 - INFO - utils.trainer -   Epoch: 109 [C], Cla: 0.05600, MMS: 0.02441, Cons: 0.00000, Div: 0.00011, Sparsity: 0.67713, Acc: 0.3013, Best: 0.3462, Time: 94.2s
06/18/2026 01:41:30 - INFO - utils.trainer -   ***** Running evaluation on test2 dataset *****
06/18/2026 01:41:47 - INFO - utils.trainer -   AUC: 0.56632
06/18/2026 01:41:47 - INFO - utils.trainer -   Accuracy: 0.25000
06/18/2026 01:41:47 - INFO - utils.trainer -   Precision: 0.25731
06/18/2026 01:41:47 - INFO - utils.trainer -   Recall: 0.25062
06/18/2026 01:41:47 - INFO - utils.trainer -   F_score: 0.24566
06/18/2026 01:41:47 - INFO - utils.trainer -   Cla Loss: 3.21537
06/18/2026 01:41:47 - INFO - utils.trainer -   MMS Loss: 0.05074
06/18/2026 01:41:47 - INFO - utils.trainer -   Cons Loss: 0.00000
06/18/2026 01:41:47 - INFO - utils.trainer -   Div Loss: 0.00012
06/18/2026 01:41:47 - INFO - utils.trainer -   Sparsity Loss: 0.69996
06/18/2026 01:41:47 - INFO - utils.trainer -   Epoch: 110 [C], Cla: 0.02213, MMS: 0.02327, Cons: 0.00000, Div: 0.00011, Sparsity: 0.68694, Acc: 0.2500, Best: 0.3462, Time: 94.3s
06/18/2026 01:43:22 - INFO - utils.trainer -   ***** Running evaluation on test2 dataset *****
06/18/2026 01:43:39 - INFO - utils.trainer -   AUC: 0.55916
06/18/2026 01:43:39 - INFO - utils.trainer -   Accuracy: 0.28205
06/18/2026 01:43:39 - INFO - utils.trainer -   Precision: 0.28203
06/18/2026 01:43:39 - INFO - utils.trainer -   Recall: 0.27928
06/18/2026 01:43:39 - INFO - utils.trainer -   F_score: 0.27815
06/18/2026 01:43:39 - INFO - utils.trainer -   Cla Loss: 3.25980
06/18/2026 01:43:39 - INFO - utils.trainer -   MMS Loss: 0.04643
06/18/2026 01:43:39 - INFO - utils.trainer -   Cons Loss: 0.00000
06/18/2026 01:43:39 - INFO - utils.trainer -   Div Loss: 0.00011
06/18/2026 01:43:39 - INFO - utils.trainer -   Sparsity Loss: 0.72287
06/18/2026 01:43:39 - INFO - utils.trainer -   Epoch: 111 [C], Cla: 0.01248, MMS: 0.02341, Cons: 0.00000, Div: 0.00011, Sparsity: 0.69371, Acc: 0.2821, Best: 0.3462, Time: 94.1s
06/18/2026 01:45:13 - INFO - utils.trainer -   ***** Running evaluation on test2 dataset *****
06/18/2026 01:45:31 - INFO - utils.trainer -   AUC: 0.55147
06/18/2026 01:45:31 - INFO - utils.trainer -   Accuracy: 0.23077
06/18/2026 01:45:31 - INFO - utils.trainer -   Precision: 0.24935
06/18/2026 01:45:31 - INFO - utils.trainer -   Recall: 0.23221
06/18/2026 01:45:31 - INFO - utils.trainer -   F_score: 0.23125
06/18/2026 01:45:31 - INFO - utils.trainer -   Cla Loss: 3.26318
06/18/2026 01:45:31 - INFO - utils.trainer -   MMS Loss: 0.05227
06/18/2026 01:45:31 - INFO - utils.trainer -   Cons Loss: 0.00000
06/18/2026 01:45:31 - INFO - utils.trainer -   Div Loss: 0.00010
06/18/2026 01:45:31 - INFO - utils.trainer -   Sparsity Loss: 0.70238
06/18/2026 01:45:31 - INFO - utils.trainer -   Epoch: 112 [C], Cla: 0.06002, MMS: 0.02624, Cons: 0.00000, Div: 0.00011, Sparsity: 0.70189, Acc: 0.2308, Best: 0.3462, Time: 94.2s
06/18/2026 01:47:05 - INFO - utils.trainer -   ***** Running evaluation on test2 dataset *****
06/18/2026 01:47:23 - INFO - utils.trainer -   AUC: 0.54644
06/18/2026 01:47:23 - INFO - utils.trainer -   Accuracy: 0.24359
06/18/2026 01:47:23 - INFO - utils.trainer -   Precision: 0.25574
06/18/2026 01:47:23 - INFO - utils.trainer -   Recall: 0.24398
06/18/2026 01:47:23 - INFO - utils.trainer -   F_score: 0.24377
06/18/2026 01:47:23 - INFO - utils.trainer -   Cla Loss: 3.32271
06/18/2026 01:47:23 - INFO - utils.trainer -   MMS Loss: 0.05202
06/18/2026 01:47:23 - INFO - utils.trainer -   Cons Loss: 0.00000
06/18/2026 01:47:23 - INFO - utils.trainer -   Div Loss: 0.00011
06/18/2026 01:47:23 - INFO - utils.trainer -   Sparsity Loss: 0.71056
06/18/2026 01:47:23 - INFO - utils.trainer -   Epoch: 113 [C], Cla: 0.00557, MMS: 0.02246, Cons: 0.00000, Div: 0.00010, Sparsity: 0.69654, Acc: 0.2436, Best: 0.3462, Time: 94.1s
06/18/2026 01:48:57 - INFO - utils.trainer -   ***** Running evaluation on test2 dataset *****
06/18/2026 01:49:15 - INFO - utils.trainer -   AUC: 0.55077
06/18/2026 01:49:15 - INFO - utils.trainer -   Accuracy: 0.26923
06/18/2026 01:49:15 - INFO - utils.trainer -   Precision: 0.26938
06/18/2026 01:49:15 - INFO - utils.trainer -   Recall: 0.26412
06/18/2026 01:49:15 - INFO - utils.trainer -   F_score: 0.25889
06/18/2026 01:49:15 - INFO - utils.trainer -   Cla Loss: 3.33283
06/18/2026 01:49:15 - INFO - utils.trainer -   MMS Loss: 0.04772
06/18/2026 01:49:15 - INFO - utils.trainer -   Cons Loss: 0.00000
06/18/2026 01:49:15 - INFO - utils.trainer -   Div Loss: 0.00010
06/18/2026 01:49:15 - INFO - utils.trainer -   Sparsity Loss: 0.72619
06/18/2026 01:49:15 - INFO - utils.trainer -   Epoch: 114 [C], Cla: 0.04162, MMS: 0.02448, Cons: 0.00000, Div: 0.00010, Sparsity: 0.69901, Acc: 0.2692, Best: 0.3462, Time: 94.0s
06/18/2026 01:50:49 - INFO - utils.trainer -   ***** Running evaluation on test2 dataset *****
06/18/2026 01:51:07 - INFO - utils.trainer -   AUC: 0.52724
06/18/2026 01:51:07 - INFO - utils.trainer -   Accuracy: 0.23718
06/18/2026 01:51:07 - INFO - utils.trainer -   Precision: 0.24695
06/18/2026 01:51:07 - INFO - utils.trainer -   Recall: 0.23491
06/18/2026 01:51:07 - INFO - utils.trainer -   F_score: 0.23362
06/18/2026 01:51:07 - INFO - utils.trainer -   Cla Loss: 3.37509
06/18/2026 01:51:07 - INFO - utils.trainer -   MMS Loss: 0.04846
06/18/2026 01:51:07 - INFO - utils.trainer -   Cons Loss: 0.00000
06/18/2026 01:51:07 - INFO - utils.trainer -   Div Loss: 0.00011
06/18/2026 01:51:07 - INFO - utils.trainer -   Sparsity Loss: 0.72136
06/18/2026 01:51:07 - INFO - utils.trainer -   Epoch: 115 [C], Cla: 0.03332, MMS: 0.02540, Cons: 0.00000, Div: 0.00010, Sparsity: 0.70104, Acc: 0.2372, Best: 0.3462, Time: 94.4s
06/18/2026 01:52:41 - INFO - utils.trainer -   ***** Running evaluation on test2 dataset *****
06/18/2026 01:52:59 - INFO - utils.trainer -   AUC: 0.52929
06/18/2026 01:52:59 - INFO - utils.trainer -   Accuracy: 0.22436
06/18/2026 01:52:59 - INFO - utils.trainer -   Precision: 0.23285
06/18/2026 01:52:59 - INFO - utils.trainer -   Recall: 0.22965
06/18/2026 01:52:59 - INFO - utils.trainer -   F_score: 0.22256
06/18/2026 01:52:59 - INFO - utils.trainer -   Cla Loss: 3.23913
06/18/2026 01:52:59 - INFO - utils.trainer -   MMS Loss: 0.04977
06/18/2026 01:52:59 - INFO - utils.trainer -   Cons Loss: 0.00000
06/18/2026 01:52:59 - INFO - utils.trainer -   Div Loss: 0.00010
06/18/2026 01:52:59 - INFO - utils.trainer -   Sparsity Loss: 0.70503
06/18/2026 01:52:59 - INFO - utils.trainer -   Epoch: 116 [C], Cla: 0.06608, MMS: 0.02604, Cons: 0.00000, Div: 0.00010, Sparsity: 0.69576, Acc: 0.2244, Best: 0.3462, Time: 94.3s
06/18/2026 01:54:33 - INFO - utils.trainer -   ***** Running evaluation on test2 dataset *****
06/18/2026 01:54:51 - INFO - utils.trainer -   AUC: 0.53326
06/18/2026 01:54:51 - INFO - utils.trainer -   Accuracy: 0.25641
06/18/2026 01:54:51 - INFO - utils.trainer -   Precision: 0.25096
06/18/2026 01:54:51 - INFO - utils.trainer -   Recall: 0.25519
06/18/2026 01:54:51 - INFO - utils.trainer -   F_score: 0.24604
06/18/2026 01:54:51 - INFO - utils.trainer -   Cla Loss: 3.32324
06/18/2026 01:54:51 - INFO - utils.trainer -   MMS Loss: 0.04850
06/18/2026 01:54:51 - INFO - utils.trainer -   Cons Loss: 0.00000
06/18/2026 01:54:51 - INFO - utils.trainer -   Div Loss: 0.00011
06/18/2026 01:54:51 - INFO - utils.trainer -   Sparsity Loss: 0.70194
06/18/2026 01:54:51 - INFO - utils.trainer -   Epoch: 117 [C], Cla: 0.01368, MMS: 0.02281, Cons: 0.00000, Div: 0.00010, Sparsity: 0.68827, Acc: 0.2564, Best: 0.3462, Time: 94.0s
06/18/2026 01:56:25 - INFO - utils.trainer -   ***** Running evaluation on test2 dataset *****
06/18/2026 01:56:42 - INFO - utils.trainer -   AUC: 0.53383
06/18/2026 01:56:42 - INFO - utils.trainer -   Accuracy: 0.26923
06/18/2026 01:56:42 - INFO - utils.trainer -   Precision: 0.25407
06/18/2026 01:56:42 - INFO - utils.trainer -   Recall: 0.26128
06/18/2026 01:56:42 - INFO - utils.trainer -   F_score: 0.25230
06/18/2026 01:56:42 - INFO - utils.trainer -   Cla Loss: 3.27955
06/18/2026 01:56:42 - INFO - utils.trainer -   MMS Loss: 0.05060
06/18/2026 01:56:42 - INFO - utils.trainer -   Cons Loss: 0.00000
06/18/2026 01:56:42 - INFO - utils.trainer -   Div Loss: 0.00009
06/18/2026 01:56:42 - INFO - utils.trainer -   Sparsity Loss: 0.73430
06/18/2026 01:56:42 - INFO - utils.trainer -   Epoch: 118 [C], Cla: 0.02214, MMS: 0.02533, Cons: 0.00000, Div: 0.00010, Sparsity: 0.68951, Acc: 0.2692, Best: 0.3462, Time: 94.3s
06/18/2026 01:58:17 - INFO - utils.trainer -   ***** Running evaluation on test2 dataset *****
06/18/2026 01:58:34 - INFO - utils.trainer -   AUC: 0.53209
06/18/2026 01:58:34 - INFO - utils.trainer -   Accuracy: 0.25641
06/18/2026 01:58:34 - INFO - utils.trainer -   Precision: 0.26297
06/18/2026 01:58:34 - INFO - utils.trainer -   Recall: 0.26184
06/18/2026 01:58:34 - INFO - utils.trainer -   F_score: 0.25556
06/18/2026 01:58:34 - INFO - utils.trainer -   Cla Loss: 3.49217
06/18/2026 01:58:34 - INFO - utils.trainer -   MMS Loss: 0.05048
06/18/2026 01:58:34 - INFO - utils.trainer -   Cons Loss: 0.00000
06/18/2026 01:58:34 - INFO - utils.trainer -   Div Loss: 0.00010
06/18/2026 01:58:34 - INFO - utils.trainer -   Sparsity Loss: 0.71293
06/18/2026 01:58:34 - INFO - utils.trainer -   Epoch: 119 [C], Cla: 0.01257, MMS: 0.02250, Cons: 0.00000, Div: 0.00010, Sparsity: 0.68733, Acc: 0.2564, Best: 0.3462, Time: 94.2s
06/18/2026 02:00:09 - INFO - utils.trainer -   ***** Running evaluation on test2 dataset *****
06/18/2026 02:00:26 - INFO - utils.trainer -   AUC: 0.54365
06/18/2026 02:00:26 - INFO - utils.trainer -   Accuracy: 0.23718
06/18/2026 02:00:26 - INFO - utils.trainer -   Precision: 0.24234
06/18/2026 02:00:26 - INFO - utils.trainer -   Recall: 0.23858
06/18/2026 02:00:26 - INFO - utils.trainer -   F_score: 0.23369
06/18/2026 02:00:26 - INFO - utils.trainer -   Cla Loss: 3.45970
06/18/2026 02:00:26 - INFO - utils.trainer -   MMS Loss: 0.05235
06/18/2026 02:00:26 - INFO - utils.trainer -   Cons Loss: 0.00000
06/18/2026 02:00:26 - INFO - utils.trainer -   Div Loss: 0.00010
06/18/2026 02:00:26 - INFO - utils.trainer -   Sparsity Loss: 0.71392
06/18/2026 02:00:26 - INFO - utils.trainer -   Epoch: 120 [C], Cla: 0.01668, MMS: 0.02352, Cons: 0.00000, Div: 0.00010, Sparsity: 0.69423, Acc: 0.2372, Best: 0.3462, Time: 94.2s
06/18/2026 02:02:01 - INFO - utils.trainer -   ***** Running evaluation on test2 dataset *****
06/18/2026 02:02:18 - INFO - utils.trainer -   AUC: 0.54848
06/18/2026 02:02:18 - INFO - utils.trainer -   Accuracy: 0.25641
06/18/2026 02:02:18 - INFO - utils.trainer -   Precision: 0.26890
06/18/2026 02:02:18 - INFO - utils.trainer -   Recall: 0.25616
06/18/2026 02:02:18 - INFO - utils.trainer -   F_score: 0.25436
06/18/2026 02:02:18 - INFO - utils.trainer -   Cla Loss: 3.48478
06/18/2026 02:02:18 - INFO - utils.trainer -   MMS Loss: 0.05250
06/18/2026 02:02:18 - INFO - utils.trainer -   Cons Loss: 0.00000
06/18/2026 02:02:18 - INFO - utils.trainer -   Div Loss: 0.00009
06/18/2026 02:02:18 - INFO - utils.trainer -   Sparsity Loss: 0.70540
06/18/2026 02:02:18 - INFO - utils.trainer -   Epoch: 121 [C], Cla: 0.00777, MMS: 0.02281, Cons: 0.00000, Div: 0.00010, Sparsity: 0.68416, Acc: 0.2564, Best: 0.3462, Time: 94.2s
06/18/2026 02:03:53 - INFO - utils.trainer -   ***** Running evaluation on test2 dataset *****
06/18/2026 02:04:10 - INFO - utils.trainer -   AUC: 0.52555
06/18/2026 02:04:10 - INFO - utils.trainer -   Accuracy: 0.22436
06/18/2026 02:04:10 - INFO - utils.trainer -   Precision: 0.24431
06/18/2026 02:04:10 - INFO - utils.trainer -   Recall: 0.23263
06/18/2026 02:04:10 - INFO - utils.trainer -   F_score: 0.22582
06/18/2026 02:04:10 - INFO - utils.trainer -   Cla Loss: 3.63324
06/18/2026 02:04:10 - INFO - utils.trainer -   MMS Loss: 0.04926
06/18/2026 02:04:10 - INFO - utils.trainer -   Cons Loss: 0.00000
06/18/2026 02:04:10 - INFO - utils.trainer -   Div Loss: 0.00009
06/18/2026 02:04:10 - INFO - utils.trainer -   Sparsity Loss: 0.67668
06/18/2026 02:04:10 - INFO - utils.trainer -   Epoch: 122 [C], Cla: 0.07797, MMS: 0.02296, Cons: 0.00000, Div: 0.00009, Sparsity: 0.67535, Acc: 0.2244, Best: 0.3462, Time: 94.2s
06/18/2026 02:05:44 - INFO - utils.trainer -   ***** Running evaluation on test2 dataset *****
06/18/2026 02:06:02 - INFO - utils.trainer -   AUC: 0.52983
06/18/2026 02:06:02 - INFO - utils.trainer -   Accuracy: 0.27564
06/18/2026 02:06:02 - INFO - utils.trainer -   Precision: 0.27052
06/18/2026 02:06:02 - INFO - utils.trainer -   Recall: 0.26980
06/18/2026 02:06:02 - INFO - utils.trainer -   F_score: 0.26836
06/18/2026 02:06:02 - INFO - utils.trainer -   Cla Loss: 3.40544
06/18/2026 02:06:02 - INFO - utils.trainer -   MMS Loss: 0.04875
06/18/2026 02:06:02 - INFO - utils.trainer -   Cons Loss: 0.00000
06/18/2026 02:06:02 - INFO - utils.trainer -   Div Loss: 0.00009
06/18/2026 02:06:02 - INFO - utils.trainer -   Sparsity Loss: 0.69263
06/18/2026 02:06:02 - INFO - utils.trainer -   Epoch: 123 [C], Cla: 0.01184, MMS: 0.02402, Cons: 0.00000, Div: 0.00010, Sparsity: 0.66115, Acc: 0.2756, Best: 0.3462, Time: 94.2s
06/18/2026 02:07:36 - INFO - utils.trainer -   ***** Running evaluation on test2 dataset *****
06/18/2026 02:07:54 - INFO - utils.trainer -   AUC: 0.53729
06/18/2026 02:07:54 - INFO - utils.trainer -   Accuracy: 0.28205
06/18/2026 02:07:54 - INFO - utils.trainer -   Precision: 0.26601
06/18/2026 02:07:54 - INFO - utils.trainer -   Recall: 0.27305
06/18/2026 02:07:54 - INFO - utils.trainer -   F_score: 0.26400
06/18/2026 02:07:54 - INFO - utils.trainer -   Cla Loss: 3.43973
06/18/2026 02:07:54 - INFO - utils.trainer -   MMS Loss: 0.05103
06/18/2026 02:07:54 - INFO - utils.trainer -   Cons Loss: 0.00000
06/18/2026 02:07:54 - INFO - utils.trainer -   Div Loss: 0.00009
06/18/2026 02:07:54 - INFO - utils.trainer -   Sparsity Loss: 0.70155
06/18/2026 02:07:54 - INFO - utils.trainer -   Epoch: 124 [C], Cla: 0.03154, MMS: 0.02231, Cons: 0.00000, Div: 0.00009, Sparsity: 0.66926, Acc: 0.2821, Best: 0.3462, Time: 94.2s
06/18/2026 02:09:28 - INFO - utils.trainer -   ***** Running evaluation on test2 dataset *****
06/18/2026 02:09:46 - INFO - utils.trainer -   AUC: 0.54013
06/18/2026 02:09:46 - INFO - utils.trainer -   Accuracy: 0.26282
06/18/2026 02:09:46 - INFO - utils.trainer -   Precision: 0.26608
06/18/2026 02:09:46 - INFO - utils.trainer -   Recall: 0.26481
06/18/2026 02:09:46 - INFO - utils.trainer -   F_score: 0.25691
06/18/2026 02:09:46 - INFO - utils.trainer -   Cla Loss: 3.49509
06/18/2026 02:09:46 - INFO - utils.trainer -   MMS Loss: 0.05169
06/18/2026 02:09:46 - INFO - utils.trainer -   Cons Loss: 0.00000
06/18/2026 02:09:46 - INFO - utils.trainer -   Div Loss: 0.00009
06/18/2026 02:09:46 - INFO - utils.trainer -   Sparsity Loss: 0.69401
06/18/2026 02:09:46 - INFO - utils.trainer -   Epoch: 125 [C], Cla: 0.01885, MMS: 0.02303, Cons: 0.00000, Div: 0.00009, Sparsity: 0.65956, Acc: 0.2628, Best: 0.3462, Time: 94.0s
06/18/2026 02:11:20 - INFO - utils.trainer -   ***** Running evaluation on test2 dataset *****
06/18/2026 02:11:37 - INFO - utils.trainer -   AUC: 0.55682
06/18/2026 02:11:37 - INFO - utils.trainer -   Accuracy: 0.26923
06/18/2026 02:11:37 - INFO - utils.trainer -   Precision: 0.26732
06/18/2026 02:11:37 - INFO - utils.trainer -   Recall: 0.26793
06/18/2026 02:11:37 - INFO - utils.trainer -   F_score: 0.26156
06/18/2026 02:11:37 - INFO - utils.trainer -   Cla Loss: 3.41320
06/18/2026 02:11:37 - INFO - utils.trainer -   MMS Loss: 0.04910
06/18/2026 02:11:37 - INFO - utils.trainer -   Cons Loss: 0.00000
06/18/2026 02:11:37 - INFO - utils.trainer -   Div Loss: 0.00009
06/18/2026 02:11:37 - INFO - utils.trainer -   Sparsity Loss: 0.72261
06/18/2026 02:11:37 - INFO - utils.trainer -   Epoch: 126 [C], Cla: 0.02734, MMS: 0.02471, Cons: 0.00000, Div: 0.00009, Sparsity: 0.66594, Acc: 0.2692, Best: 0.3462, Time: 94.1s
06/18/2026 02:13:11 - INFO - utils.trainer -   ***** Running evaluation on test2 dataset *****
06/18/2026 02:13:29 - INFO - utils.trainer -   AUC: 0.57356
06/18/2026 02:13:29 - INFO - utils.trainer -   Accuracy: 0.30128
06/18/2026 02:13:29 - INFO - utils.trainer -   Precision: 0.29530
06/18/2026 02:13:29 - INFO - utils.trainer -   Recall: 0.29672
06/18/2026 02:13:29 - INFO - utils.trainer -   F_score: 0.28944
06/18/2026 02:13:29 - INFO - utils.trainer -   Cla Loss: 3.16875
06/18/2026 02:13:29 - INFO - utils.trainer -   MMS Loss: 0.04825
06/18/2026 02:13:29 - INFO - utils.trainer -   Cons Loss: 0.00000
06/18/2026 02:13:29 - INFO - utils.trainer -   Div Loss: 0.00008
06/18/2026 02:13:29 - INFO - utils.trainer -   Sparsity Loss: 0.73464
06/18/2026 02:13:29 - INFO - utils.trainer -   Epoch: 127 [C], Cla: 0.05483, MMS: 0.02432, Cons: 0.00000, Div: 0.00008, Sparsity: 0.69581, Acc: 0.3013, Best: 0.3462, Time: 94.1s
06/18/2026 02:15:03 - INFO - utils.trainer -   ***** Running evaluation on test2 dataset *****
06/18/2026 02:15:21 - INFO - utils.trainer -   AUC: 0.55884
06/18/2026 02:15:21 - INFO - utils.trainer -   Accuracy: 0.30128
06/18/2026 02:15:21 - INFO - utils.trainer -   Precision: 0.30318
06/18/2026 02:15:21 - INFO - utils.trainer -   Recall: 0.30025
06/18/2026 02:15:21 - INFO - utils.trainer -   F_score: 0.29615
06/18/2026 02:15:21 - INFO - utils.trainer -   Cla Loss: 3.23258
06/18/2026 02:15:21 - INFO - utils.trainer -   MMS Loss: 0.05385
06/18/2026 02:15:21 - INFO - utils.trainer -   Cons Loss: 0.00000
06/18/2026 02:15:21 - INFO - utils.trainer -   Div Loss: 0.00009
06/18/2026 02:15:21 - INFO - utils.trainer -   Sparsity Loss: 0.73790
06/18/2026 02:15:21 - INFO - utils.trainer -   Epoch: 128 [C], Cla: 0.02839, MMS: 0.02318, Cons: 0.00000, Div: 0.00008, Sparsity: 0.70629, Acc: 0.3013, Best: 0.3462, Time: 94.0s
06/18/2026 02:16:55 - INFO - utils.trainer -   ***** Running evaluation on test2 dataset *****
06/18/2026 02:17:13 - INFO - utils.trainer -   AUC: 0.55867
06/18/2026 02:17:13 - INFO - utils.trainer -   Accuracy: 0.25000
06/18/2026 02:17:13 - INFO - utils.trainer -   Precision: 0.25755
06/18/2026 02:17:13 - INFO - utils.trainer -   Recall: 0.26509
06/18/2026 02:17:13 - INFO - utils.trainer -   F_score: 0.24478
06/18/2026 02:17:13 - INFO - utils.trainer -   Cla Loss: 3.46026
06/18/2026 02:17:13 - INFO - utils.trainer -   MMS Loss: 0.04786
06/18/2026 02:17:13 - INFO - utils.trainer -   Cons Loss: 0.00000
06/18/2026 02:17:13 - INFO - utils.trainer -   Div Loss: 0.00008
06/18/2026 02:17:13 - INFO - utils.trainer -   Sparsity Loss: 0.72540
06/18/2026 02:17:13 - INFO - utils.trainer -   Epoch: 129 [C], Cla: 0.06401, MMS: 0.02323, Cons: 0.00000, Div: 0.00009, Sparsity: 0.70501, Acc: 0.2500, Best: 0.3462, Time: 94.1s
06/18/2026 02:18:47 - INFO - utils.trainer -   ***** Running evaluation on test2 dataset *****
06/18/2026 02:19:04 - INFO - utils.trainer -   AUC: 0.56352
06/18/2026 02:19:04 - INFO - utils.trainer -   Accuracy: 0.22436
06/18/2026 02:19:04 - INFO - utils.trainer -   Precision: 0.23429
06/18/2026 02:19:04 - INFO - utils.trainer -   Recall: 0.22328
06/18/2026 02:19:04 - INFO - utils.trainer -   F_score: 0.22366
06/18/2026 02:19:04 - INFO - utils.trainer -   Cla Loss: 3.26699
06/18/2026 02:19:04 - INFO - utils.trainer -   MMS Loss: 0.04858
06/18/2026 02:19:04 - INFO - utils.trainer -   Cons Loss: 0.00000
06/18/2026 02:19:04 - INFO - utils.trainer -   Div Loss: 0.00008
06/18/2026 02:19:04 - INFO - utils.trainer -   Sparsity Loss: 0.72064
06/18/2026 02:19:04 - INFO - utils.trainer -   Epoch: 130 [C], Cla: 0.01420, MMS: 0.02154, Cons: 0.00000, Div: 0.00008, Sparsity: 0.69466, Acc: 0.2244, Best: 0.3462, Time: 93.8s
06/18/2026 02:20:38 - INFO - utils.trainer -   ***** Running evaluation on test2 dataset *****
06/18/2026 02:20:56 - INFO - utils.trainer -   AUC: 0.55732
06/18/2026 02:20:56 - INFO - utils.trainer -   Accuracy: 0.26923
06/18/2026 02:20:56 - INFO - utils.trainer -   Precision: 0.27814
06/18/2026 02:20:56 - INFO - utils.trainer -   Recall: 0.27997
06/18/2026 02:20:56 - INFO - utils.trainer -   F_score: 0.26512
06/18/2026 02:20:56 - INFO - utils.trainer -   Cla Loss: 3.25740
06/18/2026 02:20:56 - INFO - utils.trainer -   MMS Loss: 0.05082
06/18/2026 02:20:56 - INFO - utils.trainer -   Cons Loss: 0.00000
06/18/2026 02:20:56 - INFO - utils.trainer -   Div Loss: 0.00008
06/18/2026 02:20:56 - INFO - utils.trainer -   Sparsity Loss: 0.71927
06/18/2026 02:20:56 - INFO - utils.trainer -   Epoch: 131 [C], Cla: 0.02682, MMS: 0.02327, Cons: 0.00000, Div: 0.00008, Sparsity: 0.69194, Acc: 0.2692, Best: 0.3462, Time: 94.0s
06/18/2026 02:22:30 - INFO - utils.trainer -   ***** Running evaluation on test2 dataset *****
06/18/2026 02:22:47 - INFO - utils.trainer -   AUC: 0.56062
06/18/2026 02:22:47 - INFO - utils.trainer -   Accuracy: 0.29487
06/18/2026 02:22:47 - INFO - utils.trainer -   Precision: 0.29083
06/18/2026 02:22:47 - INFO - utils.trainer -   Recall: 0.29713
06/18/2026 02:22:47 - INFO - utils.trainer -   F_score: 0.28182
06/18/2026 02:22:47 - INFO - utils.trainer -   Cla Loss: 3.20395
06/18/2026 02:22:47 - INFO - utils.trainer -   MMS Loss: 0.05137
06/18/2026 02:22:47 - INFO - utils.trainer -   Cons Loss: 0.00000
06/18/2026 02:22:47 - INFO - utils.trainer -   Div Loss: 0.00009
06/18/2026 02:22:47 - INFO - utils.trainer -   Sparsity Loss: 0.70988
06/18/2026 02:22:47 - INFO - utils.trainer -   Epoch: 132 [C], Cla: 0.01024, MMS: 0.02224, Cons: 0.00000, Div: 0.00008, Sparsity: 0.69623, Acc: 0.2949, Best: 0.3462, Time: 93.8s
06/18/2026 02:24:21 - INFO - utils.trainer -   ***** Running evaluation on test2 dataset *****
06/18/2026 02:24:39 - INFO - utils.trainer -   AUC: 0.55991
06/18/2026 02:24:39 - INFO - utils.trainer -   Accuracy: 0.30769
06/18/2026 02:24:39 - INFO - utils.trainer -   Precision: 0.30431
06/18/2026 02:24:39 - INFO - utils.trainer -   Recall: 0.29727
06/18/2026 02:24:39 - INFO - utils.trainer -   F_score: 0.29471
06/18/2026 02:24:39 - INFO - utils.trainer -   Cla Loss: 3.21946
06/18/2026 02:24:39 - INFO - utils.trainer -   MMS Loss: 0.04870
06/18/2026 02:24:39 - INFO - utils.trainer -   Cons Loss: 0.00000
06/18/2026 02:24:39 - INFO - utils.trainer -   Div Loss: 0.00007
06/18/2026 02:24:39 - INFO - utils.trainer -   Sparsity Loss: 0.72532
06/18/2026 02:24:39 - INFO - utils.trainer -   Epoch: 133 [C], Cla: 0.03332, MMS: 0.02320, Cons: 0.00000, Div: 0.00008, Sparsity: 0.68952, Acc: 0.3077, Best: 0.3462, Time: 94.1s
06/18/2026 02:26:13 - INFO - utils.trainer -   ***** Running evaluation on test2 dataset *****
06/18/2026 02:26:31 - INFO - utils.trainer -   AUC: 0.55795
06/18/2026 02:26:31 - INFO - utils.trainer -   Accuracy: 0.30128
06/18/2026 02:26:31 - INFO - utils.trainer -   Precision: 0.30092
06/18/2026 02:26:31 - INFO - utils.trainer -   Recall: 0.29402
06/18/2026 02:26:31 - INFO - utils.trainer -   F_score: 0.29568
06/18/2026 02:26:31 - INFO - utils.trainer -   Cla Loss: 3.20034
06/18/2026 02:26:31 - INFO - utils.trainer -   MMS Loss: 0.04689
06/18/2026 02:26:31 - INFO - utils.trainer -   Cons Loss: 0.00000
06/18/2026 02:26:31 - INFO - utils.trainer -   Div Loss: 0.00008
06/18/2026 02:26:31 - INFO - utils.trainer -   Sparsity Loss: 0.71986
06/18/2026 02:26:31 - INFO - utils.trainer -   Epoch: 134 [C], Cla: 0.00832, MMS: 0.02123, Cons: 0.00000, Div: 0.00008, Sparsity: 0.67983, Acc: 0.3013, Best: 0.3462, Time: 94.1s
06/18/2026 02:28:05 - INFO - utils.trainer -   ***** Running evaluation on test2 dataset *****
06/18/2026 02:28:22 - INFO - utils.trainer -   AUC: 0.54797
06/18/2026 02:28:22 - INFO - utils.trainer -   Accuracy: 0.25000
06/18/2026 02:28:22 - INFO - utils.trainer -   Precision: 0.24273
06/18/2026 02:28:22 - INFO - utils.trainer -   Recall: 0.24342
06/18/2026 02:28:22 - INFO - utils.trainer -   F_score: 0.24156
06/18/2026 02:28:22 - INFO - utils.trainer -   Cla Loss: 3.34021
06/18/2026 02:28:22 - INFO - utils.trainer -   MMS Loss: 0.04861
06/18/2026 02:28:22 - INFO - utils.trainer -   Cons Loss: 0.00000
06/18/2026 02:28:22 - INFO - utils.trainer -   Div Loss: 0.00008
06/18/2026 02:28:22 - INFO - utils.trainer -   Sparsity Loss: 0.71819
06/18/2026 02:28:22 - INFO - utils.trainer -   Epoch: 135 [C], Cla: 0.01738, MMS: 0.02100, Cons: 0.00000, Div: 0.00008, Sparsity: 0.68264, Acc: 0.2500, Best: 0.3462, Time: 93.9s
06/18/2026 02:29:57 - INFO - utils.trainer -   ***** Running evaluation on test2 dataset *****
06/18/2026 02:30:14 - INFO - utils.trainer -   AUC: 0.55128
06/18/2026 02:30:14 - INFO - utils.trainer -   Accuracy: 0.25000
06/18/2026 02:30:14 - INFO - utils.trainer -   Precision: 0.25755
06/18/2026 02:30:14 - INFO - utils.trainer -   Recall: 0.24965
06/18/2026 02:30:14 - INFO - utils.trainer -   F_score: 0.24772
06/18/2026 02:30:14 - INFO - utils.trainer -   Cla Loss: 3.38400
06/18/2026 02:30:14 - INFO - utils.trainer -   MMS Loss: 0.05250
06/18/2026 02:30:14 - INFO - utils.trainer -   Cons Loss: 0.00000
06/18/2026 02:30:14 - INFO - utils.trainer -   Div Loss: 0.00007
06/18/2026 02:30:14 - INFO - utils.trainer -   Sparsity Loss: 0.70367
06/18/2026 02:30:14 - INFO - utils.trainer -   Epoch: 136 [C], Cla: 0.00678, MMS: 0.02225, Cons: 0.00000, Div: 0.00008, Sparsity: 0.68395, Acc: 0.2500, Best: 0.3462, Time: 94.3s
06/18/2026 02:31:49 - INFO - utils.trainer -   ***** Running evaluation on test2 dataset *****
06/18/2026 02:32:06 - INFO - utils.trainer -   AUC: 0.54539
06/18/2026 02:32:06 - INFO - utils.trainer -   Accuracy: 0.26282
06/18/2026 02:32:06 - INFO - utils.trainer -   Precision: 0.27249
06/18/2026 02:32:06 - INFO - utils.trainer -   Recall: 0.25914
06/18/2026 02:32:06 - INFO - utils.trainer -   F_score: 0.25890
06/18/2026 02:32:06 - INFO - utils.trainer -   Cla Loss: 3.35881
06/18/2026 02:32:06 - INFO - utils.trainer -   MMS Loss: 0.04640
06/18/2026 02:32:06 - INFO - utils.trainer -   Cons Loss: 0.00000
06/18/2026 02:32:06 - INFO - utils.trainer -   Div Loss: 0.00007
06/18/2026 02:32:06 - INFO - utils.trainer -   Sparsity Loss: 0.68572
06/18/2026 02:32:06 - INFO - utils.trainer -   Epoch: 137 [C], Cla: 0.04832, MMS: 0.02221, Cons: 0.00000, Div: 0.00007, Sparsity: 0.67553, Acc: 0.2628, Best: 0.3462, Time: 94.2s
06/18/2026 02:33:41 - INFO - utils.trainer -   ***** Running evaluation on test2 dataset *****
06/18/2026 02:33:58 - INFO - utils.trainer -   AUC: 0.54319
06/18/2026 02:33:58 - INFO - utils.trainer -   Accuracy: 0.23718
06/18/2026 02:33:58 - INFO - utils.trainer -   Precision: 0.23443
06/18/2026 02:33:58 - INFO - utils.trainer -   Recall: 0.23166
06/18/2026 02:33:58 - INFO - utils.trainer -   F_score: 0.23061
06/18/2026 02:33:58 - INFO - utils.trainer -   Cla Loss: 3.27984
06/18/2026 02:33:58 - INFO - utils.trainer -   MMS Loss: 0.04637
06/18/2026 02:33:58 - INFO - utils.trainer -   Cons Loss: 0.00000
06/18/2026 02:33:58 - INFO - utils.trainer -   Div Loss: 0.00007
06/18/2026 02:33:58 - INFO - utils.trainer -   Sparsity Loss: 0.68776
06/18/2026 02:33:58 - INFO - utils.trainer -   Epoch: 138 [C], Cla: 0.05819, MMS: 0.02269, Cons: 0.00000, Div: 0.00007, Sparsity: 0.66400, Acc: 0.2372, Best: 0.3462, Time: 94.3s
06/18/2026 02:35:32 - INFO - utils.trainer -   ***** Running evaluation on test2 dataset *****
06/18/2026 02:35:50 - INFO - utils.trainer -   AUC: 0.53570
06/18/2026 02:35:50 - INFO - utils.trainer -   Accuracy: 0.25641
06/18/2026 02:35:50 - INFO - utils.trainer -   Precision: 0.25007
06/18/2026 02:35:50 - INFO - utils.trainer -   Recall: 0.25249
06/18/2026 02:35:50 - INFO - utils.trainer -   F_score: 0.24815
06/18/2026 02:35:50 - INFO - utils.trainer -   Cla Loss: 3.39746
06/18/2026 02:35:50 - INFO - utils.trainer -   MMS Loss: 0.04787
06/18/2026 02:35:50 - INFO - utils.trainer -   Cons Loss: 0.00000
06/18/2026 02:35:50 - INFO - utils.trainer -   Div Loss: 0.00006
06/18/2026 02:35:50 - INFO - utils.trainer -   Sparsity Loss: 0.69598
06/18/2026 02:35:50 - INFO - utils.trainer -   Epoch: 139 [C], Cla: 0.01254, MMS: 0.02257, Cons: 0.00000, Div: 0.00007, Sparsity: 0.66452, Acc: 0.2564, Best: 0.3462, Time: 94.1s
06/18/2026 02:37:24 - INFO - utils.trainer -   ***** Running evaluation on test2 dataset *****
06/18/2026 02:37:42 - INFO - utils.trainer -   AUC: 0.54086
06/18/2026 02:37:42 - INFO - utils.trainer -   Accuracy: 0.23718
06/18/2026 02:37:42 - INFO - utils.trainer -   Precision: 0.24211
06/18/2026 02:37:42 - INFO - utils.trainer -   Recall: 0.23789
06/18/2026 02:37:42 - INFO - utils.trainer -   F_score: 0.23485
06/18/2026 02:37:42 - INFO - utils.trainer -   Cla Loss: 3.44743
06/18/2026 02:37:42 - INFO - utils.trainer -   MMS Loss: 0.04871
06/18/2026 02:37:42 - INFO - utils.trainer -   Cons Loss: 0.00000
06/18/2026 02:37:42 - INFO - utils.trainer -   Div Loss: 0.00007
06/18/2026 02:37:42 - INFO - utils.trainer -   Sparsity Loss: 0.69353
06/18/2026 02:37:42 - INFO - utils.trainer -   Epoch: 140 [C], Cla: 0.00753, MMS: 0.02215, Cons: 0.00000, Div: 0.00007, Sparsity: 0.66920, Acc: 0.2372, Best: 0.3462, Time: 94.3s
06/18/2026 02:39:16 - INFO - utils.trainer -   ***** Running evaluation on test2 dataset *****
06/18/2026 02:39:34 - INFO - utils.trainer -   AUC: 0.55133
06/18/2026 02:39:34 - INFO - utils.trainer -   Accuracy: 0.28846
06/18/2026 02:39:34 - INFO - utils.trainer -   Precision: 0.27832
06/18/2026 02:39:34 - INFO - utils.trainer -   Recall: 0.28198
06/18/2026 02:39:34 - INFO - utils.trainer -   F_score: 0.27874
06/18/2026 02:39:34 - INFO - utils.trainer -   Cla Loss: 3.23758
06/18/2026 02:39:34 - INFO - utils.trainer -   MMS Loss: 0.04825
06/18/2026 02:39:34 - INFO - utils.trainer -   Cons Loss: 0.00000
06/18/2026 02:39:34 - INFO - utils.trainer -   Div Loss: 0.00007
06/18/2026 02:39:34 - INFO - utils.trainer -   Sparsity Loss: 0.69012
06/18/2026 02:39:34 - INFO - utils.trainer -   Epoch: 141 [C], Cla: 0.05655, MMS: 0.02160, Cons: 0.00000, Div: 0.00007, Sparsity: 0.66975, Acc: 0.2885, Best: 0.3462, Time: 94.3s
06/18/2026 02:41:08 - INFO - utils.trainer -   ***** Running evaluation on test2 dataset *****
06/18/2026 02:41:26 - INFO - utils.trainer -   AUC: 0.54472
06/18/2026 02:41:26 - INFO - utils.trainer -   Accuracy: 0.26282
06/18/2026 02:41:26 - INFO - utils.trainer -   Precision: 0.25330
06/18/2026 02:41:26 - INFO - utils.trainer -   Recall: 0.25561
06/18/2026 02:41:26 - INFO - utils.trainer -   F_score: 0.25402
06/18/2026 02:41:26 - INFO - utils.trainer -   Cla Loss: 3.25915
06/18/2026 02:41:26 - INFO - utils.trainer -   MMS Loss: 0.04692
06/18/2026 02:41:26 - INFO - utils.trainer -   Cons Loss: 0.00000
06/18/2026 02:41:26 - INFO - utils.trainer -   Div Loss: 0.00006
06/18/2026 02:41:26 - INFO - utils.trainer -   Sparsity Loss: 0.70136
06/18/2026 02:41:26 - INFO - utils.trainer -   Epoch: 142 [C], Cla: 0.00727, MMS: 0.02278, Cons: 0.00000, Div: 0.00007, Sparsity: 0.66070, Acc: 0.2628, Best: 0.3462, Time: 94.2s
06/18/2026 02:43:00 - INFO - utils.trainer -   ***** Running evaluation on test2 dataset *****
06/18/2026 02:43:18 - INFO - utils.trainer -   AUC: 0.54624
06/18/2026 02:43:18 - INFO - utils.trainer -   Accuracy: 0.22436
06/18/2026 02:43:18 - INFO - utils.trainer -   Precision: 0.23785
06/18/2026 02:43:18 - INFO - utils.trainer -   Recall: 0.23560
06/18/2026 02:43:18 - INFO - utils.trainer -   F_score: 0.22331
06/18/2026 02:43:18 - INFO - utils.trainer -   Cla Loss: 3.36348
06/18/2026 02:43:18 - INFO - utils.trainer -   MMS Loss: 0.05432
06/18/2026 02:43:18 - INFO - utils.trainer -   Cons Loss: 0.00000
06/18/2026 02:43:18 - INFO - utils.trainer -   Div Loss: 0.00007
06/18/2026 02:43:18 - INFO - utils.trainer -   Sparsity Loss: 0.66449
06/18/2026 02:43:18 - INFO - utils.trainer -   Epoch: 143 [C], Cla: 0.04203, MMS: 0.02220, Cons: 0.00000, Div: 0.00006, Sparsity: 0.65853, Acc: 0.2244, Best: 0.3462, Time: 94.4s
06/18/2026 02:44:52 - INFO - utils.trainer -   ***** Running evaluation on test2 dataset *****
06/18/2026 02:45:10 - INFO - utils.trainer -   AUC: 0.54188
06/18/2026 02:45:10 - INFO - utils.trainer -   Accuracy: 0.25641
06/18/2026 02:45:10 - INFO - utils.trainer -   Precision: 0.26115
06/18/2026 02:45:10 - INFO - utils.trainer -   Recall: 0.25671
06/18/2026 02:45:10 - INFO - utils.trainer -   F_score: 0.24768
06/18/2026 02:45:10 - INFO - utils.trainer -   Cla Loss: 3.42038
06/18/2026 02:45:10 - INFO - utils.trainer -   MMS Loss: 0.04775
06/18/2026 02:45:10 - INFO - utils.trainer -   Cons Loss: 0.00000
06/18/2026 02:45:10 - INFO - utils.trainer -   Div Loss: 0.00006
06/18/2026 02:45:10 - INFO - utils.trainer -   Sparsity Loss: 0.71573
06/18/2026 02:45:10 - INFO - utils.trainer -   Epoch: 144 [C], Cla: 0.06356, MMS: 0.02114, Cons: 0.00000, Div: 0.00007, Sparsity: 0.66865, Acc: 0.2564, Best: 0.3462, Time: 93.9s
06/18/2026 02:46:43 - INFO - utils.trainer -   ***** Running evaluation on test2 dataset *****
06/18/2026 02:47:01 - INFO - utils.trainer -   AUC: 0.55456
06/18/2026 02:47:01 - INFO - utils.trainer -   Accuracy: 0.21154
06/18/2026 02:47:01 - INFO - utils.trainer -   Precision: 0.21154
06/18/2026 02:47:01 - INFO - utils.trainer -   Recall: 0.21422
06/18/2026 02:47:01 - INFO - utils.trainer -   F_score: 0.20729
06/18/2026 02:47:01 - INFO - utils.trainer -   Cla Loss: 3.27052
06/18/2026 02:47:01 - INFO - utils.trainer -   MMS Loss: 0.04938
06/18/2026 02:47:01 - INFO - utils.trainer -   Cons Loss: 0.00000
06/18/2026 02:47:01 - INFO - utils.trainer -   Div Loss: 0.00007
06/18/2026 02:47:01 - INFO - utils.trainer -   Sparsity Loss: 0.66996
06/18/2026 02:47:01 - INFO - utils.trainer -   Epoch: 145 [C], Cla: 0.01695, MMS: 0.02056, Cons: 0.00000, Div: 0.00006, Sparsity: 0.67178, Acc: 0.2115, Best: 0.3462, Time: 93.8s
06/18/2026 02:48:35 - INFO - utils.trainer -   ***** Running evaluation on test2 dataset *****
06/18/2026 02:48:53 - INFO - utils.trainer -   AUC: 0.55073
06/18/2026 02:48:53 - INFO - utils.trainer -   Accuracy: 0.20513
06/18/2026 02:48:53 - INFO - utils.trainer -   Precision: 0.22935
06/18/2026 02:48:53 - INFO - utils.trainer -   Recall: 0.22128
06/18/2026 02:48:53 - INFO - utils.trainer -   F_score: 0.20414
06/18/2026 02:48:53 - INFO - utils.trainer -   Cla Loss: 3.68430
06/18/2026 02:48:53 - INFO - utils.trainer -   MMS Loss: 0.05678
06/18/2026 02:48:53 - INFO - utils.trainer -   Cons Loss: 0.00000
06/18/2026 02:48:53 - INFO - utils.trainer -   Div Loss: 0.00006
06/18/2026 02:48:53 - INFO - utils.trainer -   Sparsity Loss: 0.67163
06/18/2026 02:48:53 - INFO - utils.trainer -   Epoch: 146 [C], Cla: 0.01274, MMS: 0.02108, Cons: 0.00000, Div: 0.00006, Sparsity: 0.66363, Acc: 0.2051, Best: 0.3462, Time: 94.1s
06/18/2026 02:50:27 - INFO - utils.trainer -   ***** Running evaluation on test2 dataset *****
06/18/2026 02:50:44 - INFO - utils.trainer -   AUC: 0.55860
06/18/2026 02:50:44 - INFO - utils.trainer -   Accuracy: 0.27564
06/18/2026 02:50:44 - INFO - utils.trainer -   Precision: 0.27687
06/18/2026 02:50:44 - INFO - utils.trainer -   Recall: 0.27291
06/18/2026 02:50:44 - INFO - utils.trainer -   F_score: 0.27086
06/18/2026 02:50:44 - INFO - utils.trainer -   Cla Loss: 3.21321
06/18/2026 02:50:44 - INFO - utils.trainer -   MMS Loss: 0.04721
06/18/2026 02:50:44 - INFO - utils.trainer -   Cons Loss: 0.00000
06/18/2026 02:50:44 - INFO - utils.trainer -   Div Loss: 0.00006
06/18/2026 02:50:44 - INFO - utils.trainer -   Sparsity Loss: 0.67003
06/18/2026 02:50:44 - INFO - utils.trainer -   Epoch: 147 [C], Cla: 0.02018, MMS: 0.02204, Cons: 0.00000, Div: 0.00006, Sparsity: 0.65628, Acc: 0.2756, Best: 0.3462, Time: 93.9s
06/18/2026 02:52:18 - INFO - utils.trainer -   ***** Running evaluation on test2 dataset *****
06/18/2026 02:52:36 - INFO - utils.trainer -   AUC: 0.55758
06/18/2026 02:52:36 - INFO - utils.trainer -   Accuracy: 0.24359
06/18/2026 02:52:36 - INFO - utils.trainer -   Precision: 0.24684
06/18/2026 02:52:36 - INFO - utils.trainer -   Recall: 0.24100
06/18/2026 02:52:36 - INFO - utils.trainer -   F_score: 0.24154
06/18/2026 02:52:36 - INFO - utils.trainer -   Cla Loss: 3.16956
06/18/2026 02:52:36 - INFO - utils.trainer -   MMS Loss: 0.04718
06/18/2026 02:52:36 - INFO - utils.trainer -   Cons Loss: 0.00000
06/18/2026 02:52:36 - INFO - utils.trainer -   Div Loss: 0.00006
06/18/2026 02:52:36 - INFO - utils.trainer -   Sparsity Loss: 0.68170
06/18/2026 02:52:36 - INFO - utils.trainer -   Epoch: 148 [C], Cla: 0.03743, MMS: 0.02288, Cons: 0.00000, Div: 0.00006, Sparsity: 0.64720, Acc: 0.2436, Best: 0.3462, Time: 93.7s
06/18/2026 02:54:10 - INFO - utils.trainer -   ***** Running evaluation on test2 dataset *****
06/18/2026 02:54:28 - INFO - utils.trainer -   AUC: 0.56080
06/18/2026 02:54:28 - INFO - utils.trainer -   Accuracy: 0.24359
06/18/2026 02:54:28 - INFO - utils.trainer -   Precision: 0.24776
06/18/2026 02:54:28 - INFO - utils.trainer -   Recall: 0.24073
06/18/2026 02:54:28 - INFO - utils.trainer -   F_score: 0.24091
06/18/2026 02:54:28 - INFO - utils.trainer -   Cla Loss: 3.27483
06/18/2026 02:54:28 - INFO - utils.trainer -   MMS Loss: 0.04794
06/18/2026 02:54:28 - INFO - utils.trainer -   Cons Loss: 0.00000
06/18/2026 02:54:28 - INFO - utils.trainer -   Div Loss: 0.00006
06/18/2026 02:54:28 - INFO - utils.trainer -   Sparsity Loss: 0.66706
06/18/2026 02:54:28 - INFO - utils.trainer -   Epoch: 149 [C], Cla: 0.06387, MMS: 0.02224, Cons: 0.00000, Div: 0.00006, Sparsity: 0.65586, Acc: 0.2436, Best: 0.3462, Time: 94.0s
06/18/2026 02:56:02 - INFO - utils.trainer -   ***** Running evaluation on test2 dataset *****
06/18/2026 02:56:20 - INFO - utils.trainer -   AUC: 0.55515
06/18/2026 02:56:20 - INFO - utils.trainer -   Accuracy: 0.25641
06/18/2026 02:56:20 - INFO - utils.trainer -   Precision: 0.25691
06/18/2026 02:56:20 - INFO - utils.trainer -   Recall: 0.25547
06/18/2026 02:56:20 - INFO - utils.trainer -   F_score: 0.25204
06/18/2026 02:56:20 - INFO - utils.trainer -   Cla Loss: 3.22907
06/18/2026 02:56:20 - INFO - utils.trainer -   MMS Loss: 0.04932
06/18/2026 02:56:20 - INFO - utils.trainer -   Cons Loss: 0.00000
06/18/2026 02:56:20 - INFO - utils.trainer -   Div Loss: 0.00006
06/18/2026 02:56:20 - INFO - utils.trainer -   Sparsity Loss: 0.67155
06/18/2026 02:56:20 - INFO - utils.trainer -     state_dict: 350 tensors, 125.1 MB (trainable + buffers only)
06/18/2026 02:56:20 - INFO - utils.trainer -   Model saved to output_dir/LDDE2th/checkpoint-epoch-150
06/18/2026 02:56:20 - INFO - utils.trainer -   Checkpoint saved at epoch 150
06/18/2026 02:56:20 - INFO - utils.trainer -   Epoch: 150 [C], Cla: 0.00645, MMS: 0.02070, Cons: 0.00000, Div: 0.00006, Sparsity: 0.64698, Acc: 0.2564, Best: 0.3462, Time: 94.3s
06/18/2026 02:57:54 - INFO - utils.trainer -   ***** Running evaluation on test2 dataset *****
06/18/2026 02:58:12 - INFO - utils.trainer -   AUC: 0.55545
06/18/2026 02:58:12 - INFO - utils.trainer -   Accuracy: 0.25641
06/18/2026 02:58:12 - INFO - utils.trainer -   Precision: 0.26668
06/18/2026 02:58:12 - INFO - utils.trainer -   Recall: 0.25886
06/18/2026 02:58:12 - INFO - utils.trainer -   F_score: 0.25532
06/18/2026 02:58:12 - INFO - utils.trainer -   Cla Loss: 3.38948
06/18/2026 02:58:12 - INFO - utils.trainer -   MMS Loss: 0.04943
06/18/2026 02:58:12 - INFO - utils.trainer -   Cons Loss: 0.00000
06/18/2026 02:58:12 - INFO - utils.trainer -   Div Loss: 0.00005
06/18/2026 02:58:12 - INFO - utils.trainer -   Sparsity Loss: 0.66789
06/18/2026 02:58:12 - INFO - utils.trainer -   Epoch: 151 [C], Cla: 0.02087, MMS: 0.02143, Cons: 0.00000, Div: 0.00006, Sparsity: 0.64896, Acc: 0.2564, Best: 0.3462, Time: 93.9s
06/18/2026 02:59:46 - INFO - utils.trainer -   ***** Running evaluation on test2 dataset *****
06/18/2026 03:00:04 - INFO - utils.trainer -   AUC: 0.55946
06/18/2026 03:00:04 - INFO - utils.trainer -   Accuracy: 0.28205
06/18/2026 03:00:04 - INFO - utils.trainer -   Precision: 0.28245
06/18/2026 03:00:04 - INFO - utils.trainer -   Recall: 0.27547
06/18/2026 03:00:04 - INFO - utils.trainer -   F_score: 0.27132
06/18/2026 03:00:04 - INFO - utils.trainer -   Cla Loss: 3.40734
06/18/2026 03:00:04 - INFO - utils.trainer -   MMS Loss: 0.04688
06/18/2026 03:00:04 - INFO - utils.trainer -   Cons Loss: 0.00000
06/18/2026 03:00:04 - INFO - utils.trainer -   Div Loss: 0.00006
06/18/2026 03:00:04 - INFO - utils.trainer -   Sparsity Loss: 0.68326
06/18/2026 03:00:04 - INFO - utils.trainer -   Epoch: 152 [C], Cla: 0.01064, MMS: 0.02065, Cons: 0.00000, Div: 0.00005, Sparsity: 0.65416, Acc: 0.2821, Best: 0.3462, Time: 94.3s
06/18/2026 03:01:38 - INFO - utils.trainer -   ***** Running evaluation on test2 dataset *****
06/18/2026 03:01:56 - INFO - utils.trainer -   AUC: 0.56045
06/18/2026 03:01:56 - INFO - utils.trainer -   Accuracy: 0.27564
06/18/2026 03:01:56 - INFO - utils.trainer -   Precision: 0.27994
06/18/2026 03:01:56 - INFO - utils.trainer -   Recall: 0.27063
06/18/2026 03:01:56 - INFO - utils.trainer -   F_score: 0.27162
06/18/2026 03:01:56 - INFO - utils.trainer -   Cla Loss: 3.33903
06/18/2026 03:01:56 - INFO - utils.trainer -   MMS Loss: 0.05008
06/18/2026 03:01:56 - INFO - utils.trainer -   Cons Loss: 0.00000
06/18/2026 03:01:56 - INFO - utils.trainer -   Div Loss: 0.00006
06/18/2026 03:01:56 - INFO - utils.trainer -   Sparsity Loss: 0.68050
06/18/2026 03:01:56 - INFO - utils.trainer -   Epoch: 153 [C], Cla: 0.00908, MMS: 0.02173, Cons: 0.00000, Div: 0.00006, Sparsity: 0.66002, Acc: 0.2756, Best: 0.3462, Time: 94.3s
06/18/2026 03:03:30 - INFO - utils.trainer -   ***** Running evaluation on test2 dataset *****
06/18/2026 03:03:48 - INFO - utils.trainer -   AUC: 0.56605
06/18/2026 03:03:48 - INFO - utils.trainer -   Accuracy: 0.27564
06/18/2026 03:03:48 - INFO - utils.trainer -   Precision: 0.26827
06/18/2026 03:03:48 - INFO - utils.trainer -   Recall: 0.27007
06/18/2026 03:03:48 - INFO - utils.trainer -   F_score: 0.26790
06/18/2026 03:03:48 - INFO - utils.trainer -   Cla Loss: 3.14486
06/18/2026 03:03:48 - INFO - utils.trainer -   MMS Loss: 0.04878
06/18/2026 03:03:48 - INFO - utils.trainer -   Cons Loss: 0.00000
06/18/2026 03:03:48 - INFO - utils.trainer -   Div Loss: 0.00006
06/18/2026 03:03:48 - INFO - utils.trainer -   Sparsity Loss: 0.68298
06/18/2026 03:03:48 - INFO - utils.trainer -   Epoch: 154 [C], Cla: 0.01954, MMS: 0.02025, Cons: 0.00000, Div: 0.00005, Sparsity: 0.65554, Acc: 0.2756, Best: 0.3462, Time: 94.4s
06/18/2026 03:05:22 - INFO - utils.trainer -   ***** Running evaluation on test2 dataset *****
06/18/2026 03:05:39 - INFO - utils.trainer -   AUC: 0.55987
06/18/2026 03:05:39 - INFO - utils.trainer -   Accuracy: 0.28205
06/18/2026 03:05:39 - INFO - utils.trainer -   Precision: 0.28562
06/18/2026 03:05:39 - INFO - utils.trainer -   Recall: 0.28267
06/18/2026 03:05:39 - INFO - utils.trainer -   F_score: 0.27666
06/18/2026 03:05:39 - INFO - utils.trainer -   Cla Loss: 3.35261
06/18/2026 03:05:39 - INFO - utils.trainer -   MMS Loss: 0.04930
06/18/2026 03:05:39 - INFO - utils.trainer -   Cons Loss: 0.00000
06/18/2026 03:05:39 - INFO - utils.trainer -   Div Loss: 0.00005
06/18/2026 03:05:39 - INFO - utils.trainer -   Sparsity Loss: 0.67895
06/18/2026 03:05:39 - INFO - utils.trainer -   Epoch: 155 [C], Cla: 0.00805, MMS: 0.02050, Cons: 0.00000, Div: 0.00005, Sparsity: 0.65643, Acc: 0.2821, Best: 0.3462, Time: 94.0s
06/18/2026 03:07:13 - INFO - utils.trainer -   ***** Running evaluation on test2 dataset *****
06/18/2026 03:07:31 - INFO - utils.trainer -   AUC: 0.56778
06/18/2026 03:07:31 - INFO - utils.trainer -   Accuracy: 0.24359
06/18/2026 03:07:31 - INFO - utils.trainer -   Precision: 0.25977
06/18/2026 03:07:31 - INFO - utils.trainer -   Recall: 0.25955
06/18/2026 03:07:31 - INFO - utils.trainer -   F_score: 0.24302
06/18/2026 03:07:31 - INFO - utils.trainer -   Cla Loss: 3.36727
06/18/2026 03:07:31 - INFO - utils.trainer -   MMS Loss: 0.05166
06/18/2026 03:07:31 - INFO - utils.trainer -   Cons Loss: 0.00000
06/18/2026 03:07:31 - INFO - utils.trainer -   Div Loss: 0.00006
06/18/2026 03:07:31 - INFO - utils.trainer -   Sparsity Loss: 0.67251
06/18/2026 03:07:31 - INFO - utils.trainer -   Epoch: 156 [C], Cla: 0.00637, MMS: 0.02039, Cons: 0.00000, Div: 0.00005, Sparsity: 0.65669, Acc: 0.2436, Best: 0.3462, Time: 93.9s
06/18/2026 03:09:05 - INFO - utils.trainer -   ***** Running evaluation on test2 dataset *****
06/18/2026 03:09:23 - INFO - utils.trainer -   AUC: 0.56795
06/18/2026 03:09:23 - INFO - utils.trainer -   Accuracy: 0.30769
06/18/2026 03:09:23 - INFO - utils.trainer -   Precision: 0.30252
06/18/2026 03:09:23 - INFO - utils.trainer -   Recall: 0.30579
06/18/2026 03:09:23 - INFO - utils.trainer -   F_score: 0.29890
06/18/2026 03:09:23 - INFO - utils.trainer -   Cla Loss: 3.17785
06/18/2026 03:09:23 - INFO - utils.trainer -   MMS Loss: 0.04741
06/18/2026 03:09:23 - INFO - utils.trainer -   Cons Loss: 0.00000
06/18/2026 03:09:23 - INFO - utils.trainer -   Div Loss: 0.00004
06/18/2026 03:09:23 - INFO - utils.trainer -   Sparsity Loss: 0.68887
06/18/2026 03:09:23 - INFO - utils.trainer -   Epoch: 157 [C], Cla: 0.01474, MMS: 0.02028, Cons: 0.00000, Div: 0.00005, Sparsity: 0.65384, Acc: 0.3077, Best: 0.3462, Time: 94.2s
06/18/2026 03:10:57 - INFO - utils.trainer -   ***** Running evaluation on test2 dataset *****
06/18/2026 03:11:15 - INFO - utils.trainer -   AUC: 0.56631
06/18/2026 03:11:15 - INFO - utils.trainer -   Accuracy: 0.28205
06/18/2026 03:11:15 - INFO - utils.trainer -   Precision: 0.27781
06/18/2026 03:11:15 - INFO - utils.trainer -   Recall: 0.27886
06/18/2026 03:11:15 - INFO - utils.trainer -   F_score: 0.27565
06/18/2026 03:11:15 - INFO - utils.trainer -   Cla Loss: 3.21863
06/18/2026 03:11:15 - INFO - utils.trainer -   MMS Loss: 0.04730
06/18/2026 03:11:15 - INFO - utils.trainer -   Cons Loss: 0.00000
06/18/2026 03:11:15 - INFO - utils.trainer -   Div Loss: 0.00004
06/18/2026 03:11:15 - INFO - utils.trainer -   Sparsity Loss: 0.68593
06/18/2026 03:11:15 - INFO - utils.trainer -   Epoch: 158 [C], Cla: 0.03497, MMS: 0.02096, Cons: 0.00000, Div: 0.00005, Sparsity: 0.64907, Acc: 0.2821, Best: 0.3462, Time: 94.1s
06/18/2026 03:12:49 - INFO - utils.trainer -   ***** Running evaluation on test2 dataset *****
06/18/2026 03:13:07 - INFO - utils.trainer -   AUC: 0.56606
06/18/2026 03:13:07 - INFO - utils.trainer -   Accuracy: 0.28846
06/18/2026 03:13:07 - INFO - utils.trainer -   Precision: 0.28116
06/18/2026 03:13:07 - INFO - utils.trainer -   Recall: 0.27900
06/18/2026 03:13:07 - INFO - utils.trainer -   F_score: 0.27947
06/18/2026 03:13:07 - INFO - utils.trainer -   Cla Loss: 3.11164
06/18/2026 03:13:07 - INFO - utils.trainer -   MMS Loss: 0.04630
06/18/2026 03:13:07 - INFO - utils.trainer -   Cons Loss: 0.00000
06/18/2026 03:13:07 - INFO - utils.trainer -   Div Loss: 0.00005
06/18/2026 03:13:07 - INFO - utils.trainer -   Sparsity Loss: 0.68696
06/18/2026 03:13:07 - INFO - utils.trainer -   Epoch: 159 [C], Cla: 0.03010, MMS: 0.02140, Cons: 0.00000, Div: 0.00005, Sparsity: 0.65067, Acc: 0.2885, Best: 0.3462, Time: 94.1s
06/18/2026 03:14:41 - INFO - utils.trainer -   ***** Running evaluation on test2 dataset *****
06/18/2026 03:14:59 - INFO - utils.trainer -   AUC: 0.56281
06/18/2026 03:14:59 - INFO - utils.trainer -   Accuracy: 0.30128
06/18/2026 03:14:59 - INFO - utils.trainer -   Precision: 0.30479
06/18/2026 03:14:59 - INFO - utils.trainer -   Recall: 0.29713
06/18/2026 03:14:59 - INFO - utils.trainer -   F_score: 0.29742
06/18/2026 03:14:59 - INFO - utils.trainer -   Cla Loss: 3.27126
06/18/2026 03:14:59 - INFO - utils.trainer -   MMS Loss: 0.04719
06/18/2026 03:14:59 - INFO - utils.trainer -   Cons Loss: 0.00000
06/18/2026 03:14:59 - INFO - utils.trainer -   Div Loss: 0.00004
06/18/2026 03:14:59 - INFO - utils.trainer -   Sparsity Loss: 0.68660
06/18/2026 03:14:59 - INFO - utils.trainer -   Epoch: 160 [C], Cla: 0.01613, MMS: 0.02036, Cons: 0.00000, Div: 0.00005, Sparsity: 0.64994, Acc: 0.3013, Best: 0.3462, Time: 94.2s
06/18/2026 03:16:33 - INFO - utils.trainer -   ***** Running evaluation on test2 dataset *****
06/18/2026 03:16:50 - INFO - utils.trainer -   AUC: 0.56034
06/18/2026 03:16:50 - INFO - utils.trainer -   Accuracy: 0.26282
06/18/2026 03:16:50 - INFO - utils.trainer -   Precision: 0.26376
06/18/2026 03:16:50 - INFO - utils.trainer -   Recall: 0.25519
06/18/2026 03:16:50 - INFO - utils.trainer -   F_score: 0.25664
06/18/2026 03:16:50 - INFO - utils.trainer -   Cla Loss: 3.26991
06/18/2026 03:16:50 - INFO - utils.trainer -   MMS Loss: 0.04856
06/18/2026 03:16:50 - INFO - utils.trainer -   Cons Loss: 0.00000
06/18/2026 03:16:50 - INFO - utils.trainer -   Div Loss: 0.00004
06/18/2026 03:16:50 - INFO - utils.trainer -   Sparsity Loss: 0.68211
06/18/2026 03:16:51 - INFO - utils.trainer -   Epoch: 161 [C], Cla: 0.01810, MMS: 0.02083, Cons: 0.00000, Div: 0.00004, Sparsity: 0.64716, Acc: 0.2628, Best: 0.3462, Time: 94.0s
06/18/2026 03:18:25 - INFO - utils.trainer -   ***** Running evaluation on test2 dataset *****
06/18/2026 03:18:42 - INFO - utils.trainer -   AUC: 0.55268
06/18/2026 03:18:42 - INFO - utils.trainer -   Accuracy: 0.28846
06/18/2026 03:18:42 - INFO - utils.trainer -   Precision: 0.27658
06/18/2026 03:18:42 - INFO - utils.trainer -   Recall: 0.28225
06/18/2026 03:18:42 - INFO - utils.trainer -   F_score: 0.27779
06/18/2026 03:18:42 - INFO - utils.trainer -   Cla Loss: 3.21282
06/18/2026 03:18:42 - INFO - utils.trainer -   MMS Loss: 0.05159
06/18/2026 03:18:42 - INFO - utils.trainer -   Cons Loss: 0.00000
06/18/2026 03:18:42 - INFO - utils.trainer -   Div Loss: 0.00004
06/18/2026 03:18:42 - INFO - utils.trainer -   Sparsity Loss: 0.69519
06/18/2026 03:18:42 - INFO - utils.trainer -   Epoch: 162 [C], Cla: 0.00662, MMS: 0.02055, Cons: 0.00000, Div: 0.00004, Sparsity: 0.65407, Acc: 0.2885, Best: 0.3462, Time: 94.2s
06/18/2026 03:20:17 - INFO - utils.trainer -   ***** Running evaluation on test2 dataset *****
06/18/2026 03:20:35 - INFO - utils.trainer -   AUC: 0.54916
06/18/2026 03:20:35 - INFO - utils.trainer -   Accuracy: 0.28846
06/18/2026 03:20:35 - INFO - utils.trainer -   Precision: 0.27238
06/18/2026 03:20:35 - INFO - utils.trainer -   Recall: 0.28239
06/18/2026 03:20:35 - INFO - utils.trainer -   F_score: 0.27449
06/18/2026 03:20:35 - INFO - utils.trainer -   Cla Loss: 3.30219
06/18/2026 03:20:35 - INFO - utils.trainer -   MMS Loss: 0.05147
06/18/2026 03:20:35 - INFO - utils.trainer -   Cons Loss: 0.00000
06/18/2026 03:20:35 - INFO - utils.trainer -   Div Loss: 0.00004
06/18/2026 03:20:35 - INFO - utils.trainer -   Sparsity Loss: 0.69760
06/18/2026 03:20:35 - INFO - utils.trainer -   Epoch: 163 [C], Cla: 0.03993, MMS: 0.02169, Cons: 0.00000, Div: 0.00004, Sparsity: 0.66778, Acc: 0.2885, Best: 0.3462, Time: 94.4s
06/18/2026 03:22:09 - INFO - utils.trainer -   ***** Running evaluation on test2 dataset *****
06/18/2026 03:22:26 - INFO - utils.trainer -   AUC: 0.55436
06/18/2026 03:22:26 - INFO - utils.trainer -   Accuracy: 0.25000
06/18/2026 03:22:26 - INFO - utils.trainer -   Precision: 0.24971
06/18/2026 03:22:26 - INFO - utils.trainer -   Recall: 0.24965
06/18/2026 03:22:26 - INFO - utils.trainer -   F_score: 0.24489
06/18/2026 03:22:26 - INFO - utils.trainer -   Cla Loss: 3.35153
06/18/2026 03:22:26 - INFO - utils.trainer -   MMS Loss: 0.05122
06/18/2026 03:22:26 - INFO - utils.trainer -   Cons Loss: 0.00000
06/18/2026 03:22:26 - INFO - utils.trainer -   Div Loss: 0.00005
06/18/2026 03:22:26 - INFO - utils.trainer -   Sparsity Loss: 0.68848
06/18/2026 03:22:26 - INFO - utils.trainer -   Epoch: 164 [C], Cla: 0.01844, MMS: 0.02013, Cons: 0.00000, Div: 0.00004, Sparsity: 0.65375, Acc: 0.2500, Best: 0.3462, Time: 94.2s
06/18/2026 03:24:01 - INFO - utils.trainer -   ***** Running evaluation on test2 dataset *****
06/18/2026 03:24:18 - INFO - utils.trainer -   AUC: 0.56193
06/18/2026 03:24:18 - INFO - utils.trainer -   Accuracy: 0.26282
06/18/2026 03:24:18 - INFO - utils.trainer -   Precision: 0.26850
06/18/2026 03:24:18 - INFO - utils.trainer -   Recall: 0.26426
06/18/2026 03:24:18 - INFO - utils.trainer -   F_score: 0.26247
06/18/2026 03:24:18 - INFO - utils.trainer -   Cla Loss: 3.25910
06/18/2026 03:24:18 - INFO - utils.trainer -   MMS Loss: 0.04779
06/18/2026 03:24:18 - INFO - utils.trainer -   Cons Loss: 0.00000
06/18/2026 03:24:18 - INFO - utils.trainer -   Div Loss: 0.00004
06/18/2026 03:24:18 - INFO - utils.trainer -   Sparsity Loss: 0.68091
06/18/2026 03:24:18 - INFO - utils.trainer -   Epoch: 165 [C], Cla: 0.01791, MMS: 0.02095, Cons: 0.00000, Div: 0.00004, Sparsity: 0.65608, Acc: 0.2628, Best: 0.3462, Time: 94.2s
06/18/2026 03:25:53 - INFO - utils.trainer -   ***** Running evaluation on test2 dataset *****
06/18/2026 03:26:10 - INFO - utils.trainer -   AUC: 0.55087
06/18/2026 03:26:10 - INFO - utils.trainer -   Accuracy: 0.24359
06/18/2026 03:26:10 - INFO - utils.trainer -   Precision: 0.24271
06/18/2026 03:26:10 - INFO - utils.trainer -   Recall: 0.24100
06/18/2026 03:26:10 - INFO - utils.trainer -   F_score: 0.23995
06/18/2026 03:26:10 - INFO - utils.trainer -   Cla Loss: 3.30200
06/18/2026 03:26:10 - INFO - utils.trainer -   MMS Loss: 0.04984
06/18/2026 03:26:10 - INFO - utils.trainer -   Cons Loss: 0.00000
06/18/2026 03:26:10 - INFO - utils.trainer -   Div Loss: 0.00003
06/18/2026 03:26:10 - INFO - utils.trainer -   Sparsity Loss: 0.68152
06/18/2026 03:26:10 - INFO - utils.trainer -   Epoch: 166 [C], Cla: 0.02503, MMS: 0.02074, Cons: 0.00000, Div: 0.00004, Sparsity: 0.65438, Acc: 0.2436, Best: 0.3462, Time: 94.1s
06/18/2026 03:27:44 - INFO - utils.trainer -   ***** Running evaluation on test2 dataset *****
06/18/2026 03:28:02 - INFO - utils.trainer -   AUC: 0.55810
06/18/2026 03:28:02 - INFO - utils.trainer -   Accuracy: 0.27564
06/18/2026 03:28:02 - INFO - utils.trainer -   Precision: 0.27448
06/18/2026 03:28:02 - INFO - utils.trainer -   Recall: 0.27049
06/18/2026 03:28:02 - INFO - utils.trainer -   F_score: 0.27074
06/18/2026 03:28:02 - INFO - utils.trainer -   Cla Loss: 3.23735
06/18/2026 03:28:02 - INFO - utils.trainer -   MMS Loss: 0.04732
06/18/2026 03:28:02 - INFO - utils.trainer -   Cons Loss: 0.00000
06/18/2026 03:28:02 - INFO - utils.trainer -   Div Loss: 0.00004
06/18/2026 03:28:02 - INFO - utils.trainer -   Sparsity Loss: 0.68048
06/18/2026 03:28:02 - INFO - utils.trainer -   Epoch: 167 [C], Cla: 0.02919, MMS: 0.02104, Cons: 0.00000, Div: 0.00004, Sparsity: 0.65270, Acc: 0.2756, Best: 0.3462, Time: 94.3s
06/18/2026 03:29:36 - INFO - utils.trainer -   ***** Running evaluation on test2 dataset *****
06/18/2026 03:29:54 - INFO - utils.trainer -   AUC: 0.55483
06/18/2026 03:29:54 - INFO - utils.trainer -   Accuracy: 0.23077
06/18/2026 03:29:54 - INFO - utils.trainer -   Precision: 0.23900
06/18/2026 03:29:54 - INFO - utils.trainer -   Recall: 0.24169
06/18/2026 03:29:54 - INFO - utils.trainer -   F_score: 0.22988
06/18/2026 03:29:54 - INFO - utils.trainer -   Cla Loss: 3.46184
06/18/2026 03:29:54 - INFO - utils.trainer -   MMS Loss: 0.05077
06/18/2026 03:29:54 - INFO - utils.trainer -   Cons Loss: 0.00000
06/18/2026 03:29:54 - INFO - utils.trainer -   Div Loss: 0.00003
06/18/2026 03:29:54 - INFO - utils.trainer -   Sparsity Loss: 0.66089
06/18/2026 03:29:54 - INFO - utils.trainer -   Epoch: 168 [C], Cla: 0.07671, MMS: 0.02022, Cons: 0.00000, Div: 0.00004, Sparsity: 0.65102, Acc: 0.2308, Best: 0.3462, Time: 94.0s
06/18/2026 03:31:28 - INFO - utils.trainer -   ***** Running evaluation on test2 dataset *****
06/18/2026 03:31:46 - INFO - utils.trainer -   AUC: 0.56113
06/18/2026 03:31:46 - INFO - utils.trainer -   Accuracy: 0.27564
06/18/2026 03:31:46 - INFO - utils.trainer -   Precision: 0.27897
06/18/2026 03:31:46 - INFO - utils.trainer -   Recall: 0.28198
06/18/2026 03:31:46 - INFO - utils.trainer -   F_score: 0.26858
06/18/2026 03:31:46 - INFO - utils.trainer -   Cla Loss: 3.35812
06/18/2026 03:31:46 - INFO - utils.trainer -   MMS Loss: 0.05113
06/18/2026 03:31:46 - INFO - utils.trainer -   Cons Loss: 0.00000
06/18/2026 03:31:46 - INFO - utils.trainer -   Div Loss: 0.00004
06/18/2026 03:31:46 - INFO - utils.trainer -   Sparsity Loss: 0.64681
06/18/2026 03:31:46 - INFO - utils.trainer -   Epoch: 169 [C], Cla: 0.08693, MMS: 0.02091, Cons: 0.00000, Div: 0.00004, Sparsity: 0.64194, Acc: 0.2756, Best: 0.3462, Time: 94.2s
06/18/2026 03:33:20 - INFO - utils.trainer -   ***** Running evaluation on test2 dataset *****
06/18/2026 03:33:38 - INFO - utils.trainer -   AUC: 0.56033
06/18/2026 03:33:38 - INFO - utils.trainer -   Accuracy: 0.26923
06/18/2026 03:33:38 - INFO - utils.trainer -   Precision: 0.26324
06/18/2026 03:33:38 - INFO - utils.trainer -   Recall: 0.26793
06/18/2026 03:33:38 - INFO - utils.trainer -   F_score: 0.26151
06/18/2026 03:33:38 - INFO - utils.trainer -   Cla Loss: 3.20448
06/18/2026 03:33:38 - INFO - utils.trainer -   MMS Loss: 0.04715
06/18/2026 03:33:38 - INFO - utils.trainer -   Cons Loss: 0.00000
06/18/2026 03:33:38 - INFO - utils.trainer -   Div Loss: 0.00004
06/18/2026 03:33:38 - INFO - utils.trainer -   Sparsity Loss: 0.65685
06/18/2026 03:33:38 - INFO - utils.trainer -   Epoch: 170 [C], Cla: 0.03466, MMS: 0.02024, Cons: 0.00000, Div: 0.00004, Sparsity: 0.63366, Acc: 0.2692, Best: 0.3462, Time: 94.3s
06/18/2026 03:35:12 - INFO - utils.trainer -   ***** Running evaluation on test2 dataset *****
06/18/2026 03:35:30 - INFO - utils.trainer -   AUC: 0.56093
06/18/2026 03:35:30 - INFO - utils.trainer -   Accuracy: 0.29487
06/18/2026 03:35:30 - INFO - utils.trainer -   Precision: 0.29725
06/18/2026 03:35:30 - INFO - utils.trainer -   Recall: 0.28862
06/18/2026 03:35:30 - INFO - utils.trainer -   F_score: 0.28668
06/18/2026 03:35:30 - INFO - utils.trainer -   Cla Loss: 3.17832
06/18/2026 03:35:30 - INFO - utils.trainer -   MMS Loss: 0.04651
06/18/2026 03:35:30 - INFO - utils.trainer -   Cons Loss: 0.00000
06/18/2026 03:35:30 - INFO - utils.trainer -   Div Loss: 0.00004
06/18/2026 03:35:30 - INFO - utils.trainer -   Sparsity Loss: 0.66501
06/18/2026 03:35:30 - INFO - utils.trainer -   Epoch: 171 [C], Cla: 0.00694, MMS: 0.02060, Cons: 0.00000, Div: 0.00004, Sparsity: 0.62951, Acc: 0.2949, Best: 0.3462, Time: 94.0s
06/18/2026 03:37:04 - INFO - utils.trainer -   ***** Running evaluation on test2 dataset *****
06/18/2026 03:37:22 - INFO - utils.trainer -   AUC: 0.55124
06/18/2026 03:37:22 - INFO - utils.trainer -   Accuracy: 0.25000
06/18/2026 03:37:22 - INFO - utils.trainer -   Precision: 0.24657
06/18/2026 03:37:22 - INFO - utils.trainer -   Recall: 0.25007
06/18/2026 03:37:22 - INFO - utils.trainer -   F_score: 0.24387
06/18/2026 03:37:22 - INFO - utils.trainer -   Cla Loss: 3.41782
06/18/2026 03:37:22 - INFO - utils.trainer -   MMS Loss: 0.05040
06/18/2026 03:37:22 - INFO - utils.trainer -   Cons Loss: 0.00000
06/18/2026 03:37:22 - INFO - utils.trainer -   Div Loss: 0.00004
06/18/2026 03:37:22 - INFO - utils.trainer -   Sparsity Loss: 0.65867
06/18/2026 03:37:22 - INFO - utils.trainer -   Epoch: 172 [C], Cla: 0.02050, MMS: 0.02088, Cons: 0.00000, Div: 0.00004, Sparsity: 0.63644, Acc: 0.2500, Best: 0.3462, Time: 94.1s
06/18/2026 03:38:56 - INFO - utils.trainer -   ***** Running evaluation on test2 dataset *****
06/18/2026 03:39:13 - INFO - utils.trainer -   AUC: 0.55958
06/18/2026 03:39:13 - INFO - utils.trainer -   Accuracy: 0.24359
06/18/2026 03:39:13 - INFO - utils.trainer -   Precision: 0.25378
06/18/2026 03:39:13 - INFO - utils.trainer -   Recall: 0.25104
06/18/2026 03:39:13 - INFO - utils.trainer -   F_score: 0.23841
06/18/2026 03:39:13 - INFO - utils.trainer -   Cla Loss: 3.39644
06/18/2026 03:39:13 - INFO - utils.trainer -   MMS Loss: 0.05176
06/18/2026 03:39:13 - INFO - utils.trainer -   Cons Loss: 0.00000
06/18/2026 03:39:13 - INFO - utils.trainer -   Div Loss: 0.00003
06/18/2026 03:39:13 - INFO - utils.trainer -   Sparsity Loss: 0.65612
06/18/2026 03:39:13 - INFO - utils.trainer -   Epoch: 173 [C], Cla: 0.03469, MMS: 0.02034, Cons: 0.00000, Div: 0.00003, Sparsity: 0.64588, Acc: 0.2436, Best: 0.3462, Time: 94.0s
06/18/2026 03:40:47 - INFO - utils.trainer -   ***** Running evaluation on test2 dataset *****
06/18/2026 03:41:05 - INFO - utils.trainer -   AUC: 0.55434
06/18/2026 03:41:05 - INFO - utils.trainer -   Accuracy: 0.28205
06/18/2026 03:41:05 - INFO - utils.trainer -   Precision: 0.27322
06/18/2026 03:41:05 - INFO - utils.trainer -   Recall: 0.27928
06/18/2026 03:41:05 - INFO - utils.trainer -   F_score: 0.27081
06/18/2026 03:41:05 - INFO - utils.trainer -   Cla Loss: 3.35671
06/18/2026 03:41:05 - INFO - utils.trainer -   MMS Loss: 0.05010
06/18/2026 03:41:05 - INFO - utils.trainer -   Cons Loss: 0.00000
06/18/2026 03:41:05 - INFO - utils.trainer -   Div Loss: 0.00003
06/18/2026 03:41:05 - INFO - utils.trainer -   Sparsity Loss: 0.67186
06/18/2026 03:41:05 - INFO - utils.trainer -   Epoch: 174 [C], Cla: 0.00965, MMS: 0.02011, Cons: 0.00000, Div: 0.00003, Sparsity: 0.64347, Acc: 0.2821, Best: 0.3462, Time: 94.2s
06/18/2026 03:42:39 - INFO - utils.trainer -   ***** Running evaluation on test2 dataset *****
06/18/2026 03:42:57 - INFO - utils.trainer -   AUC: 0.55911
06/18/2026 03:42:57 - INFO - utils.trainer -   Accuracy: 0.24359
06/18/2026 03:42:57 - INFO - utils.trainer -   Precision: 0.26154
06/18/2026 03:42:57 - INFO - utils.trainer -   Recall: 0.25062
06/18/2026 03:42:57 - INFO - utils.trainer -   F_score: 0.24372
06/18/2026 03:42:57 - INFO - utils.trainer -   Cla Loss: 3.38466
06/18/2026 03:42:57 - INFO - utils.trainer -   MMS Loss: 0.05095
06/18/2026 03:42:57 - INFO - utils.trainer -   Cons Loss: 0.00000
06/18/2026 03:42:57 - INFO - utils.trainer -   Div Loss: 0.00003
06/18/2026 03:42:57 - INFO - utils.trainer -   Sparsity Loss: 0.66270
06/18/2026 03:42:57 - INFO - utils.trainer -   Epoch: 175 [C], Cla: 0.01933, MMS: 0.02047, Cons: 0.00000, Div: 0.00003, Sparsity: 0.64303, Acc: 0.2436, Best: 0.3462, Time: 94.2s
06/18/2026 03:44:31 - INFO - utils.trainer -   ***** Running evaluation on test2 dataset *****
06/18/2026 03:44:49 - INFO - utils.trainer -   AUC: 0.55657
06/18/2026 03:44:49 - INFO - utils.trainer -   Accuracy: 0.27564
06/18/2026 03:44:49 - INFO - utils.trainer -   Precision: 0.27098
06/18/2026 03:44:49 - INFO - utils.trainer -   Recall: 0.26737
06/18/2026 03:44:49 - INFO - utils.trainer -   F_score: 0.26766
06/18/2026 03:44:49 - INFO - utils.trainer -   Cla Loss: 3.16141
06/18/2026 03:44:49 - INFO - utils.trainer -   MMS Loss: 0.04969
06/18/2026 03:44:49 - INFO - utils.trainer -   Cons Loss: 0.00000
06/18/2026 03:44:49 - INFO - utils.trainer -   Div Loss: 0.00003
06/18/2026 03:44:49 - INFO - utils.trainer -   Sparsity Loss: 0.66830
06/18/2026 03:44:49 - INFO - utils.trainer -   Epoch: 176 [C], Cla: 0.01550, MMS: 0.02091, Cons: 0.00000, Div: 0.00003, Sparsity: 0.63778, Acc: 0.2756, Best: 0.3462, Time: 94.3s
06/18/2026 03:46:23 - INFO - utils.trainer -   ***** Running evaluation on test2 dataset *****
06/18/2026 03:46:41 - INFO - utils.trainer -   AUC: 0.55090
06/18/2026 03:46:41 - INFO - utils.trainer -   Accuracy: 0.23077
06/18/2026 03:46:41 - INFO - utils.trainer -   Precision: 0.24758
06/18/2026 03:46:41 - INFO - utils.trainer -   Recall: 0.23602
06/18/2026 03:46:41 - INFO - utils.trainer -   F_score: 0.22931
06/18/2026 03:46:41 - INFO - utils.trainer -   Cla Loss: 3.50260
06/18/2026 03:46:41 - INFO - utils.trainer -   MMS Loss: 0.05159
06/18/2026 03:46:41 - INFO - utils.trainer -   Cons Loss: 0.00000
06/18/2026 03:46:41 - INFO - utils.trainer -   Div Loss: 0.00003
06/18/2026 03:46:41 - INFO - utils.trainer -   Sparsity Loss: 0.65881
06/18/2026 03:46:41 - INFO - utils.trainer -   Epoch: 177 [C], Cla: 0.02817, MMS: 0.02115, Cons: 0.00000, Div: 0.00003, Sparsity: 0.63991, Acc: 0.2308, Best: 0.3462, Time: 94.2s
06/18/2026 03:48:15 - INFO - utils.trainer -   ***** Running evaluation on test2 dataset *****
06/18/2026 03:48:33 - INFO - utils.trainer -   AUC: 0.55093
06/18/2026 03:48:33 - INFO - utils.trainer -   Accuracy: 0.25641
06/18/2026 03:48:33 - INFO - utils.trainer -   Precision: 0.26032
06/18/2026 03:48:33 - INFO - utils.trainer -   Recall: 0.25872
06/18/2026 03:48:33 - INFO - utils.trainer -   F_score: 0.25047
06/18/2026 03:48:33 - INFO - utils.trainer -   Cla Loss: 3.38570
06/18/2026 03:48:33 - INFO - utils.trainer -   MMS Loss: 0.05325
06/18/2026 03:48:33 - INFO - utils.trainer -   Cons Loss: 0.00000
06/18/2026 03:48:33 - INFO - utils.trainer -   Div Loss: 0.00003
06/18/2026 03:48:33 - INFO - utils.trainer -   Sparsity Loss: 0.65600
06/18/2026 03:48:33 - INFO - utils.trainer -   Epoch: 178 [C], Cla: 0.03772, MMS: 0.02054, Cons: 0.00000, Div: 0.00003, Sparsity: 0.64502, Acc: 0.2564, Best: 0.3462, Time: 94.2s
06/18/2026 03:50:07 - INFO - utils.trainer -   ***** Running evaluation on test2 dataset *****
06/18/2026 03:50:25 - INFO - utils.trainer -   AUC: 0.54014
06/18/2026 03:50:25 - INFO - utils.trainer -   Accuracy: 0.24359
06/18/2026 03:50:25 - INFO - utils.trainer -   Precision: 0.25527
06/18/2026 03:50:25 - INFO - utils.trainer -   Recall: 0.24467
06/18/2026 03:50:25 - INFO - utils.trainer -   F_score: 0.23874
06/18/2026 03:50:25 - INFO - utils.trainer -   Cla Loss: 3.45982
06/18/2026 03:50:25 - INFO - utils.trainer -   MMS Loss: 0.05023
06/18/2026 03:50:25 - INFO - utils.trainer -   Cons Loss: 0.00000
06/18/2026 03:50:25 - INFO - utils.trainer -   Div Loss: 0.00003
06/18/2026 03:50:25 - INFO - utils.trainer -   Sparsity Loss: 0.67258
06/18/2026 03:50:25 - INFO - utils.trainer -   Epoch: 179 [C], Cla: 0.05010, MMS: 0.02095, Cons: 0.00000, Div: 0.00003, Sparsity: 0.64251, Acc: 0.2436, Best: 0.3462, Time: 94.5s
06/18/2026 03:51:59 - INFO - utils.trainer -   ***** Running evaluation on test2 dataset *****
06/18/2026 03:52:17 - INFO - utils.trainer -   AUC: 0.54031
06/18/2026 03:52:17 - INFO - utils.trainer -   Accuracy: 0.23718
06/18/2026 03:52:17 - INFO - utils.trainer -   Precision: 0.25358
06/18/2026 03:52:17 - INFO - utils.trainer -   Recall: 0.24142
06/18/2026 03:52:17 - INFO - utils.trainer -   F_score: 0.23655
06/18/2026 03:52:17 - INFO - utils.trainer -   Cla Loss: 3.56508
06/18/2026 03:52:17 - INFO - utils.trainer -   MMS Loss: 0.05243
06/18/2026 03:52:17 - INFO - utils.trainer -   Cons Loss: 0.00000
06/18/2026 03:52:17 - INFO - utils.trainer -   Div Loss: 0.00003
06/18/2026 03:52:17 - INFO - utils.trainer -   Sparsity Loss: 0.65846
06/18/2026 03:52:17 - INFO - utils.trainer -   Epoch: 180 [C], Cla: 0.03497, MMS: 0.01985, Cons: 0.00000, Div: 0.00003, Sparsity: 0.64536, Acc: 0.2372, Best: 0.3462, Time: 94.1s
06/18/2026 03:53:51 - INFO - utils.trainer -   ***** Running evaluation on test2 dataset *****
06/18/2026 03:54:08 - INFO - utils.trainer -   AUC: 0.54780
06/18/2026 03:54:08 - INFO - utils.trainer -   Accuracy: 0.25641
06/18/2026 03:54:08 - INFO - utils.trainer -   Precision: 0.25005
06/18/2026 03:54:08 - INFO - utils.trainer -   Recall: 0.24965
06/18/2026 03:54:08 - INFO - utils.trainer -   F_score: 0.24833
06/18/2026 03:54:08 - INFO - utils.trainer -   Cla Loss: 3.25596
06/18/2026 03:54:08 - INFO - utils.trainer -   MMS Loss: 0.04931
06/18/2026 03:54:08 - INFO - utils.trainer -   Cons Loss: 0.00000
06/18/2026 03:54:08 - INFO - utils.trainer -   Div Loss: 0.00003
06/18/2026 03:54:08 - INFO - utils.trainer -   Sparsity Loss: 0.67259
06/18/2026 03:54:08 - INFO - utils.trainer -   Epoch: 181 [C], Cla: 0.04382, MMS: 0.02031, Cons: 0.00000, Div: 0.00003, Sparsity: 0.63888, Acc: 0.2564, Best: 0.3462, Time: 93.7s
06/18/2026 03:55:42 - INFO - utils.trainer -   ***** Running evaluation on test2 dataset *****
06/18/2026 03:56:00 - INFO - utils.trainer -   AUC: 0.54393
06/18/2026 03:56:00 - INFO - utils.trainer -   Accuracy: 0.23718
06/18/2026 03:56:00 - INFO - utils.trainer -   Precision: 0.25135
06/18/2026 03:56:00 - INFO - utils.trainer -   Recall: 0.23588
06/18/2026 03:56:00 - INFO - utils.trainer -   F_score: 0.23316
06/18/2026 03:56:00 - INFO - utils.trainer -   Cla Loss: 3.43593
06/18/2026 03:56:00 - INFO - utils.trainer -   MMS Loss: 0.04808
06/18/2026 03:56:00 - INFO - utils.trainer -   Cons Loss: 0.00000
06/18/2026 03:56:00 - INFO - utils.trainer -   Div Loss: 0.00003
06/18/2026 03:56:00 - INFO - utils.trainer -   Sparsity Loss: 0.66493
06/18/2026 03:56:00 - INFO - utils.trainer -   Epoch: 182 [C], Cla: 0.00351, MMS: 0.01968, Cons: 0.00000, Div: 0.00003, Sparsity: 0.63419, Acc: 0.2372, Best: 0.3462, Time: 94.0s
06/18/2026 03:57:34 - INFO - utils.trainer -   ***** Running evaluation on test2 dataset *****
06/18/2026 03:57:52 - INFO - utils.trainer -   AUC: 0.54321
06/18/2026 03:57:52 - INFO - utils.trainer -   Accuracy: 0.23077
06/18/2026 03:57:52 - INFO - utils.trainer -   Precision: 0.24545
06/18/2026 03:57:52 - INFO - utils.trainer -   Recall: 0.23491
06/18/2026 03:57:52 - INFO - utils.trainer -   F_score: 0.23020
06/18/2026 03:57:52 - INFO - utils.trainer -   Cla Loss: 3.60490
06/18/2026 03:57:52 - INFO - utils.trainer -   MMS Loss: 0.05274
06/18/2026 03:57:52 - INFO - utils.trainer -   Cons Loss: 0.00000
06/18/2026 03:57:52 - INFO - utils.trainer -   Div Loss: 0.00002
06/18/2026 03:57:52 - INFO - utils.trainer -   Sparsity Loss: 0.64912
06/18/2026 03:57:52 - INFO - utils.trainer -   Epoch: 183 [C], Cla: 0.03343, MMS: 0.02078, Cons: 0.00000, Div: 0.00003, Sparsity: 0.63697, Acc: 0.2308, Best: 0.3462, Time: 94.2s
06/18/2026 03:59:26 - INFO - utils.trainer -   ***** Running evaluation on test2 dataset *****
06/18/2026 03:59:44 - INFO - utils.trainer -   AUC: 0.54738
06/18/2026 03:59:44 - INFO - utils.trainer -   Accuracy: 0.27564
06/18/2026 03:59:44 - INFO - utils.trainer -   Precision: 0.27153
06/18/2026 03:59:44 - INFO - utils.trainer -   Recall: 0.26723
06/18/2026 03:59:44 - INFO - utils.trainer -   F_score: 0.26813
06/18/2026 03:59:44 - INFO - utils.trainer -   Cla Loss: 3.29994
06/18/2026 03:59:44 - INFO - utils.trainer -   MMS Loss: 0.04992
06/18/2026 03:59:44 - INFO - utils.trainer -   Cons Loss: 0.00000
06/18/2026 03:59:44 - INFO - utils.trainer -   Div Loss: 0.00003
06/18/2026 03:59:44 - INFO - utils.trainer -   Sparsity Loss: 0.67057
06/18/2026 03:59:44 - INFO - utils.trainer -   Epoch: 184 [C], Cla: 0.00544, MMS: 0.01943, Cons: 0.00000, Div: 0.00003, Sparsity: 0.63980, Acc: 0.2756, Best: 0.3462, Time: 94.1s
06/18/2026 04:01:18 - INFO - utils.trainer -   ***** Running evaluation on test2 dataset *****
06/18/2026 04:01:35 - INFO - utils.trainer -   AUC: 0.54306
06/18/2026 04:01:35 - INFO - utils.trainer -   Accuracy: 0.23718
06/18/2026 04:01:35 - INFO - utils.trainer -   Precision: 0.25160
06/18/2026 04:01:35 - INFO - utils.trainer -   Recall: 0.24114
06/18/2026 04:01:35 - INFO - utils.trainer -   F_score: 0.23810
06/18/2026 04:01:35 - INFO - utils.trainer -   Cla Loss: 3.51650
06/18/2026 04:01:35 - INFO - utils.trainer -   MMS Loss: 0.05078
06/18/2026 04:01:35 - INFO - utils.trainer -   Cons Loss: 0.00000
06/18/2026 04:01:35 - INFO - utils.trainer -   Div Loss: 0.00003
06/18/2026 04:01:35 - INFO - utils.trainer -   Sparsity Loss: 0.65631
06/18/2026 04:01:35 - INFO - utils.trainer -   Epoch: 185 [C], Cla: 0.00362, MMS: 0.02029, Cons: 0.00000, Div: 0.00003, Sparsity: 0.63711, Acc: 0.2372, Best: 0.3462, Time: 94.1s
06/18/2026 04:03:09 - INFO - utils.trainer -   ***** Running evaluation on test2 dataset *****
06/18/2026 04:03:27 - INFO - utils.trainer -   AUC: 0.55336
06/18/2026 04:03:27 - INFO - utils.trainer -   Accuracy: 0.28846
06/18/2026 04:03:27 - INFO - utils.trainer -   Precision: 0.28030
06/18/2026 04:03:27 - INFO - utils.trainer -   Recall: 0.27817
06/18/2026 04:03:27 - INFO - utils.trainer -   F_score: 0.26960
06/18/2026 04:03:27 - INFO - utils.trainer -   Cla Loss: 3.40967
06/18/2026 04:03:27 - INFO - utils.trainer -   MMS Loss: 0.05172
06/18/2026 04:03:27 - INFO - utils.trainer -   Cons Loss: 0.00000
06/18/2026 04:03:27 - INFO - utils.trainer -   Div Loss: 0.00002
06/18/2026 04:03:27 - INFO - utils.trainer -   Sparsity Loss: 0.66522
06/18/2026 04:03:27 - INFO - utils.trainer -   Epoch: 186 [C], Cla: 0.03724, MMS: 0.02011, Cons: 0.00000, Div: 0.00003, Sparsity: 0.63794, Acc: 0.2885, Best: 0.3462, Time: 94.0s
06/18/2026 04:05:01 - INFO - utils.trainer -   ***** Running evaluation on test2 dataset *****
06/18/2026 04:05:19 - INFO - utils.trainer -   AUC: 0.55223
06/18/2026 04:05:19 - INFO - utils.trainer -   Accuracy: 0.29487
06/18/2026 04:05:19 - INFO - utils.trainer -   Precision: 0.27262
06/18/2026 04:05:19 - INFO - utils.trainer -   Recall: 0.28523
06/18/2026 04:05:19 - INFO - utils.trainer -   F_score: 0.27162
06/18/2026 04:05:19 - INFO - utils.trainer -   Cla Loss: 3.31912
06/18/2026 04:05:19 - INFO - utils.trainer -   MMS Loss: 0.04928
06/18/2026 04:05:19 - INFO - utils.trainer -   Cons Loss: 0.00000
06/18/2026 04:05:19 - INFO - utils.trainer -   Div Loss: 0.00003
06/18/2026 04:05:19 - INFO - utils.trainer -   Sparsity Loss: 0.67132
06/18/2026 04:05:19 - INFO - utils.trainer -   Epoch: 187 [C], Cla: 0.02381, MMS: 0.02047, Cons: 0.00000, Div: 0.00003, Sparsity: 0.63162, Acc: 0.2949, Best: 0.3462, Time: 93.8s
06/18/2026 04:06:53 - INFO - utils.trainer -   ***** Running evaluation on test2 dataset *****
06/18/2026 04:07:10 - INFO - utils.trainer -   AUC: 0.54411
06/18/2026 04:07:10 - INFO - utils.trainer -   Accuracy: 0.28846
06/18/2026 04:07:10 - INFO - utils.trainer -   Precision: 0.27365
06/18/2026 04:07:10 - INFO - utils.trainer -   Recall: 0.27955
06/18/2026 04:07:10 - INFO - utils.trainer -   F_score: 0.27249
06/18/2026 04:07:10 - INFO - utils.trainer -   Cla Loss: 3.29108
06/18/2026 04:07:10 - INFO - utils.trainer -   MMS Loss: 0.05149
06/18/2026 04:07:10 - INFO - utils.trainer -   Cons Loss: 0.00000
06/18/2026 04:07:10 - INFO - utils.trainer -   Div Loss: 0.00003
06/18/2026 04:07:10 - INFO - utils.trainer -   Sparsity Loss: 0.67103
06/18/2026 04:07:10 - INFO - utils.trainer -   Epoch: 188 [C], Cla: 0.00526, MMS: 0.01985, Cons: 0.00000, Div: 0.00003, Sparsity: 0.63427, Acc: 0.2885, Best: 0.3462, Time: 94.1s
06/18/2026 04:08:45 - INFO - utils.trainer -   ***** Running evaluation on test2 dataset *****
06/18/2026 04:09:02 - INFO - utils.trainer -   AUC: 0.55347
06/18/2026 04:09:02 - INFO - utils.trainer -   Accuracy: 0.26282
06/18/2026 04:09:02 - INFO - utils.trainer -   Precision: 0.26518
06/18/2026 04:09:02 - INFO - utils.trainer -   Recall: 0.25872
06/18/2026 04:09:02 - INFO - utils.trainer -   F_score: 0.25849
06/18/2026 04:09:02 - INFO - utils.trainer -   Cla Loss: 3.30910
06/18/2026 04:09:02 - INFO - utils.trainer -   MMS Loss: 0.05063
06/18/2026 04:09:02 - INFO - utils.trainer -   Cons Loss: 0.00000
06/18/2026 04:09:02 - INFO - utils.trainer -   Div Loss: 0.00003
06/18/2026 04:09:02 - INFO - utils.trainer -   Sparsity Loss: 0.66139
06/18/2026 04:09:02 - INFO - utils.trainer -   Epoch: 189 [C], Cla: 0.01044, MMS: 0.02002, Cons: 0.00000, Div: 0.00003, Sparsity: 0.63438, Acc: 0.2628, Best: 0.3462, Time: 94.1s
06/18/2026 04:10:36 - INFO - utils.trainer -   ***** Running evaluation on test2 dataset *****
06/18/2026 04:10:54 - INFO - utils.trainer -   AUC: 0.55908
06/18/2026 04:10:54 - INFO - utils.trainer -   Accuracy: 0.26282
06/18/2026 04:10:54 - INFO - utils.trainer -   Precision: 0.26200
06/18/2026 04:10:54 - INFO - utils.trainer -   Recall: 0.25831
06/18/2026 04:10:54 - INFO - utils.trainer -   F_score: 0.25755
06/18/2026 04:10:54 - INFO - utils.trainer -   Cla Loss: 3.28068
06/18/2026 04:10:54 - INFO - utils.trainer -   MMS Loss: 0.05099
06/18/2026 04:10:54 - INFO - utils.trainer -   Cons Loss: 0.00000
06/18/2026 04:10:54 - INFO - utils.trainer -   Div Loss: 0.00002
06/18/2026 04:10:54 - INFO - utils.trainer -   Sparsity Loss: 0.65273
06/18/2026 04:10:54 - INFO - utils.trainer -   Epoch: 190 [C], Cla: 0.04130, MMS: 0.02011, Cons: 0.00000, Div: 0.00003, Sparsity: 0.63554, Acc: 0.2628, Best: 0.3462, Time: 94.3s
06/18/2026 04:12:28 - INFO - utils.trainer -   ***** Running evaluation on test2 dataset *****
06/18/2026 04:12:46 - INFO - utils.trainer -   AUC: 0.55377
06/18/2026 04:12:46 - INFO - utils.trainer -   Accuracy: 0.26282
06/18/2026 04:12:46 - INFO - utils.trainer -   Precision: 0.26543
06/18/2026 04:12:46 - INFO - utils.trainer -   Recall: 0.25886
06/18/2026 04:12:46 - INFO - utils.trainer -   F_score: 0.25741
06/18/2026 04:12:46 - INFO - utils.trainer -   Cla Loss: 3.41877
06/18/2026 04:12:46 - INFO - utils.trainer -   MMS Loss: 0.05517
06/18/2026 04:12:46 - INFO - utils.trainer -   Cons Loss: 0.00000
06/18/2026 04:12:46 - INFO - utils.trainer -   Div Loss: 0.00003
06/18/2026 04:12:46 - INFO - utils.trainer -   Sparsity Loss: 0.65183
06/18/2026 04:12:46 - INFO - utils.trainer -   Epoch: 191 [C], Cla: 0.01037, MMS: 0.01946, Cons: 0.00000, Div: 0.00003, Sparsity: 0.63048, Acc: 0.2628, Best: 0.3462, Time: 94.1s
06/18/2026 04:14:20 - INFO - utils.trainer -   ***** Running evaluation on test2 dataset *****
06/18/2026 04:14:38 - INFO - utils.trainer -   AUC: 0.56277
06/18/2026 04:14:38 - INFO - utils.trainer -   Accuracy: 0.26923
06/18/2026 04:14:38 - INFO - utils.trainer -   Precision: 0.27225
06/18/2026 04:14:38 - INFO - utils.trainer -   Recall: 0.27090
06/18/2026 04:14:38 - INFO - utils.trainer -   F_score: 0.26443
06/18/2026 04:14:38 - INFO - utils.trainer -   Cla Loss: 3.40940
06/18/2026 04:14:38 - INFO - utils.trainer -   MMS Loss: 0.05467
06/18/2026 04:14:38 - INFO - utils.trainer -   Cons Loss: 0.00000
06/18/2026 04:14:38 - INFO - utils.trainer -   Div Loss: 0.00003
06/18/2026 04:14:38 - INFO - utils.trainer -   Sparsity Loss: 0.65124
06/18/2026 04:14:38 - INFO - utils.trainer -   Epoch: 192 [C], Cla: 0.06704, MMS: 0.02061, Cons: 0.00000, Div: 0.00003, Sparsity: 0.63357, Acc: 0.2692, Best: 0.3462, Time: 94.2s
06/18/2026 04:16:12 - INFO - utils.trainer -   ***** Running evaluation on test2 dataset *****
06/18/2026 04:16:29 - INFO - utils.trainer -   AUC: 0.56323
06/18/2026 04:16:29 - INFO - utils.trainer -   Accuracy: 0.23077
06/18/2026 04:16:29 - INFO - utils.trainer -   Precision: 0.23681
06/18/2026 04:16:29 - INFO - utils.trainer -   Recall: 0.23207
06/18/2026 04:16:29 - INFO - utils.trainer -   F_score: 0.22971
06/18/2026 04:16:29 - INFO - utils.trainer -   Cla Loss: 3.25672
06/18/2026 04:16:29 - INFO - utils.trainer -   MMS Loss: 0.05373
06/18/2026 04:16:29 - INFO - utils.trainer -   Cons Loss: 0.00000
06/18/2026 04:16:29 - INFO - utils.trainer -   Div Loss: 0.00003
06/18/2026 04:16:29 - INFO - utils.trainer -   Sparsity Loss: 0.64803
06/18/2026 04:16:29 - INFO - utils.trainer -   Epoch: 193 [C], Cla: 0.09755, MMS: 0.02057, Cons: 0.00000, Div: 0.00003, Sparsity: 0.62878, Acc: 0.2308, Best: 0.3462, Time: 93.9s
06/18/2026 04:18:04 - INFO - utils.trainer -   ***** Running evaluation on test2 dataset *****
06/18/2026 04:18:21 - INFO - utils.trainer -   AUC: 0.55394
06/18/2026 04:18:21 - INFO - utils.trainer -   Accuracy: 0.25000
06/18/2026 04:18:21 - INFO - utils.trainer -   Precision: 0.26190
06/18/2026 04:18:21 - INFO - utils.trainer -   Recall: 0.24723
06/18/2026 04:18:21 - INFO - utils.trainer -   F_score: 0.24728
06/18/2026 04:18:21 - INFO - utils.trainer -   Cla Loss: 3.33547
06/18/2026 04:18:21 - INFO - utils.trainer -   MMS Loss: 0.05645
06/18/2026 04:18:21 - INFO - utils.trainer -   Cons Loss: 0.00000
06/18/2026 04:18:21 - INFO - utils.trainer -   Div Loss: 0.00003
06/18/2026 04:18:21 - INFO - utils.trainer -   Sparsity Loss: 0.64794
06/18/2026 04:18:21 - INFO - utils.trainer -   Epoch: 194 [C], Cla: 0.02070, MMS: 0.02060, Cons: 0.00000, Div: 0.00003, Sparsity: 0.62569, Acc: 0.2500, Best: 0.3462, Time: 94.2s
06/18/2026 04:19:55 - INFO - utils.trainer -   ***** Running evaluation on test2 dataset *****
06/18/2026 04:20:13 - INFO - utils.trainer -   AUC: 0.55586
06/18/2026 04:20:13 - INFO - utils.trainer -   Accuracy: 0.25641
06/18/2026 04:20:13 - INFO - utils.trainer -   Precision: 0.26568
06/18/2026 04:20:13 - INFO - utils.trainer -   Recall: 0.25332
06/18/2026 04:20:13 - INFO - utils.trainer -   F_score: 0.25146
06/18/2026 04:20:13 - INFO - utils.trainer -   Cla Loss: 3.37427
06/18/2026 04:20:13 - INFO - utils.trainer -   MMS Loss: 0.05289
06/18/2026 04:20:13 - INFO - utils.trainer -   Cons Loss: 0.00000
06/18/2026 04:20:13 - INFO - utils.trainer -   Div Loss: 0.00003
06/18/2026 04:20:13 - INFO - utils.trainer -   Sparsity Loss: 0.64271
06/18/2026 04:20:13 - INFO - utils.trainer -   Epoch: 195 [C], Cla: 0.04193, MMS: 0.01975, Cons: 0.00000, Div: 0.00003, Sparsity: 0.62402, Acc: 0.2564, Best: 0.3462, Time: 94.1s
06/18/2026 04:21:47 - INFO - utils.trainer -   ***** Running evaluation on test2 dataset *****
06/18/2026 04:22:05 - INFO - utils.trainer -   AUC: 0.55196
06/18/2026 04:22:05 - INFO - utils.trainer -   Accuracy: 0.26282
06/18/2026 04:22:05 - INFO - utils.trainer -   Precision: 0.26798
06/18/2026 04:22:05 - INFO - utils.trainer -   Recall: 0.25900
06/18/2026 04:22:05 - INFO - utils.trainer -   F_score: 0.25751
06/18/2026 04:22:05 - INFO - utils.trainer -   Cla Loss: 3.35626
06/18/2026 04:22:05 - INFO - utils.trainer -   MMS Loss: 0.05214
06/18/2026 04:22:05 - INFO - utils.trainer -   Cons Loss: 0.00000
06/18/2026 04:22:05 - INFO - utils.trainer -   Div Loss: 0.00003
06/18/2026 04:22:05 - INFO - utils.trainer -   Sparsity Loss: 0.65321
06/18/2026 04:22:05 - INFO - utils.trainer -   Epoch: 196 [C], Cla: 0.00609, MMS: 0.01993, Cons: 0.00000, Div: 0.00003, Sparsity: 0.62281, Acc: 0.2628, Best: 0.3462, Time: 94.2s
06/18/2026 04:23:39 - INFO - utils.trainer -   ***** Running evaluation on test2 dataset *****
06/18/2026 04:23:57 - INFO - utils.trainer -   AUC: 0.55116
06/18/2026 04:23:57 - INFO - utils.trainer -   Accuracy: 0.25000
06/18/2026 04:23:57 - INFO - utils.trainer -   Precision: 0.25138
06/18/2026 04:23:57 - INFO - utils.trainer -   Recall: 0.24412
06/18/2026 04:23:57 - INFO - utils.trainer -   F_score: 0.24349
06/18/2026 04:23:57 - INFO - utils.trainer -   Cla Loss: 3.25400
06/18/2026 04:23:57 - INFO - utils.trainer -   MMS Loss: 0.05368
06/18/2026 04:23:57 - INFO - utils.trainer -   Cons Loss: 0.00000
06/18/2026 04:23:57 - INFO - utils.trainer -   Div Loss: 0.00003
06/18/2026 04:23:57 - INFO - utils.trainer -   Sparsity Loss: 0.64992
06/18/2026 04:23:57 - INFO - utils.trainer -   Epoch: 197 [C], Cla: 0.00566, MMS: 0.01912, Cons: -0.00000, Div: 0.00003, Sparsity: 0.62605, Acc: 0.2500, Best: 0.3462, Time: 94.3s
06/18/2026 04:25:31 - INFO - utils.trainer -   ***** Running evaluation on test2 dataset *****
06/18/2026 04:25:48 - INFO - utils.trainer -   AUC: 0.55666
06/18/2026 04:25:48 - INFO - utils.trainer -   Accuracy: 0.23718
06/18/2026 04:25:48 - INFO - utils.trainer -   Precision: 0.23593
06/18/2026 04:25:48 - INFO - utils.trainer -   Recall: 0.23194
06/18/2026 04:25:48 - INFO - utils.trainer -   F_score: 0.23125
06/18/2026 04:25:48 - INFO - utils.trainer -   Cla Loss: 3.24148
06/18/2026 04:25:48 - INFO - utils.trainer -   MMS Loss: 0.05099
06/18/2026 04:25:48 - INFO - utils.trainer -   Cons Loss: 0.00000
06/18/2026 04:25:48 - INFO - utils.trainer -   Div Loss: 0.00002
06/18/2026 04:25:48 - INFO - utils.trainer -   Sparsity Loss: 0.64670
06/18/2026 04:25:48 - INFO - utils.trainer -   Epoch: 198 [C], Cla: 0.05890, MMS: 0.02006, Cons: 0.00000, Div: 0.00002, Sparsity: 0.62731, Acc: 0.2372, Best: 0.3462, Time: 93.9s
06/18/2026 04:27:22 - INFO - utils.trainer -   ***** Running evaluation on test2 dataset *****
06/18/2026 04:27:40 - INFO - utils.trainer -   AUC: 0.55061
06/18/2026 04:27:40 - INFO - utils.trainer -   Accuracy: 0.26282
06/18/2026 04:27:40 - INFO - utils.trainer -   Precision: 0.25834
06/18/2026 04:27:40 - INFO - utils.trainer -   Recall: 0.26453
06/18/2026 04:27:40 - INFO - utils.trainer -   F_score: 0.25471
06/18/2026 04:27:40 - INFO - utils.trainer -   Cla Loss: 3.41585
06/18/2026 04:27:40 - INFO - utils.trainer -   MMS Loss: 0.05418
06/18/2026 04:27:40 - INFO - utils.trainer -   Cons Loss: 0.00000
06/18/2026 04:27:40 - INFO - utils.trainer -   Div Loss: 0.00003
06/18/2026 04:27:40 - INFO - utils.trainer -   Sparsity Loss: 0.64790
06/18/2026 04:27:40 - INFO - utils.trainer -   Epoch: 199 [C], Cla: 0.00471, MMS: 0.01836, Cons: 0.00000, Div: 0.00002, Sparsity: 0.62156, Acc: 0.2628, Best: 0.3462, Time: 94.1s
06/18/2026 04:29:15 - INFO - utils.trainer -   ***** Running evaluation on test2 dataset *****
06/18/2026 04:29:32 - INFO - utils.trainer -   AUC: 0.54798
06/18/2026 04:29:32 - INFO - utils.trainer -   Accuracy: 0.24359
06/18/2026 04:29:32 - INFO - utils.trainer -   Precision: 0.25854
06/18/2026 04:29:32 - INFO - utils.trainer -   Recall: 0.24439
06/18/2026 04:29:32 - INFO - utils.trainer -   F_score: 0.24241
06/18/2026 04:29:32 - INFO - utils.trainer -   Cla Loss: 3.42803
06/18/2026 04:29:32 - INFO - utils.trainer -   MMS Loss: 0.05644
06/18/2026 04:29:32 - INFO - utils.trainer -   Cons Loss: 0.00000
06/18/2026 04:29:32 - INFO - utils.trainer -   Div Loss: 0.00002
06/18/2026 04:29:32 - INFO - utils.trainer -   Sparsity Loss: 0.63448
06/18/2026 04:29:32 - INFO - utils.trainer -     state_dict: 350 tensors, 125.1 MB (trainable + buffers only)
06/18/2026 04:29:33 - INFO - utils.trainer -   Model saved to output_dir/LDDE2th/checkpoint-epoch-200
06/18/2026 04:29:33 - INFO - utils.trainer -   Checkpoint saved at epoch 200
06/18/2026 04:29:33 - INFO - utils.trainer -   Epoch: 200 [C], Cla: 0.00958, MMS: 0.01995, Cons: 0.00000, Div: 0.00002, Sparsity: 0.62472, Acc: 0.2436, Best: 0.3462, Time: 94.5s
06/18/2026 04:29:33 - INFO - utils.trainer -     state_dict: 350 tensors, 125.1 MB (trainable + buffers only)
06/18/2026 04:29:33 - INFO - utils.trainer -   Model saved to output_dir/LDDE2th/final-epoch-200
06/18/2026 04:29:33 - INFO - utils.trainer -   Final model saved at epoch 200
