06/16/2026 15:27:48 - INFO - __main__ -   ########## Repeat:0 ##########
06/16/2026 15:27:48 - INFO - utils.trainer -   ***** Running training *****
06/16/2026 15:27:48 - INFO - utils.trainer -     Num examples = 19
06/16/2026 15:27:48 - INFO - utils.trainer -     Num Epochs = 200
06/16/2026 15:27:48 - INFO - utils.trainer -     Total train batch size = 16
06/16/2026 15:27:48 - INFO - utils.trainer -     warmup steps = 400
06/16/2026 15:27:48 - INFO - utils.trainer -     Total optimization steps = 3800
06/16/2026 15:27:48 - INFO - utils.trainer -     Save steps = 200
06/16/2026 15:27:48 - INFO - root -   Parameters [normal] length [22]
06/16/2026 15:28:00 - INFO - utils.trainer -   ***** Running evaluation on test0 dataset *****
06/16/2026 15:28:03 - INFO - utils.trainer -   AUC: 0.49706
06/16/2026 15:28:03 - INFO - utils.trainer -   Accuracy: 0.22785
06/16/2026 15:28:03 - INFO - utils.trainer -   Precision: 0.16302
06/16/2026 15:28:03 - INFO - utils.trainer -   Recall: 0.22518
06/16/2026 15:28:03 - INFO - utils.trainer -   F_score: 0.18384
06/16/2026 15:28:03 - INFO - utils.trainer -   Loss: 2.39045
06/16/2026 15:28:03 - INFO - utils.trainer -    Train loss: 1.04404, Test loss: 2.39045,Epoch time = 12.261s
06/16/2026 15:28:03 - INFO - utils.trainer -   Saving model checkpoint to output_dir/DFCBNC
06/16/2026 15:28:14 - INFO - utils.trainer -   ***** Running evaluation on test0 dataset *****
06/16/2026 15:28:17 - INFO - utils.trainer -   AUC: 0.55870
06/16/2026 15:28:17 - INFO - utils.trainer -   Accuracy: 0.27215
06/16/2026 15:28:17 - INFO - utils.trainer -   Precision: 0.21546
06/16/2026 15:28:17 - INFO - utils.trainer -   Recall: 0.27074
06/16/2026 15:28:17 - INFO - utils.trainer -   F_score: 0.22400
06/16/2026 15:28:17 - INFO - utils.trainer -   Loss: 2.04933
06/16/2026 15:28:17 - INFO - utils.trainer -    Train loss: 0.36657, Test loss: 2.04933,Epoch time = 11.846s
06/16/2026 15:28:17 - INFO - utils.trainer -   Saving model checkpoint to output_dir/DFCBNC
06/16/2026 15:28:29 - INFO - utils.trainer -   ***** Running evaluation on test0 dataset *****
06/16/2026 15:28:31 - INFO - utils.trainer -   AUC: 0.54397
06/16/2026 15:28:31 - INFO - utils.trainer -   Accuracy: 0.27848
06/16/2026 15:28:31 - INFO - utils.trainer -   Precision: 0.23365
06/16/2026 15:28:31 - INFO - utils.trainer -   Recall: 0.28584
06/16/2026 15:28:31 - INFO - utils.trainer -   F_score: 0.23078
06/16/2026 15:28:31 - INFO - utils.trainer -   Loss: 2.19105
06/16/2026 15:28:31 - INFO - utils.trainer -    Train loss: 0.15467, Test loss: 2.19105,Epoch time = 11.973s
06/16/2026 15:28:31 - INFO - utils.trainer -   Saving model checkpoint to output_dir/DFCBNC
06/16/2026 15:28:43 - INFO - utils.trainer -   ***** Running evaluation on test0 dataset *****
06/16/2026 15:28:46 - INFO - utils.trainer -   AUC: 0.57266
06/16/2026 15:28:46 - INFO - utils.trainer -   Accuracy: 0.29114
06/16/2026 15:28:46 - INFO - utils.trainer -   Precision: 0.26854
06/16/2026 15:28:46 - INFO - utils.trainer -   Recall: 0.29653
06/16/2026 15:28:46 - INFO - utils.trainer -   F_score: 0.26926
06/16/2026 15:28:46 - INFO - utils.trainer -   Loss: 2.00556
06/16/2026 15:28:46 - INFO - utils.trainer -    Train loss: 0.08102, Test loss: 2.00556,Epoch time = 11.907s
06/16/2026 15:28:46 - INFO - utils.trainer -   Saving model checkpoint to output_dir/DFCBNC
06/16/2026 15:28:58 - INFO - utils.trainer -   ***** Running evaluation on test0 dataset *****
06/16/2026 15:29:00 - INFO - utils.trainer -   AUC: 0.57713
06/16/2026 15:29:00 - INFO - utils.trainer -   Accuracy: 0.33544
06/16/2026 15:29:00 - INFO - utils.trainer -   Precision: 0.31276
06/16/2026 15:29:00 - INFO - utils.trainer -   Recall: 0.32561
06/16/2026 15:29:00 - INFO - utils.trainer -   F_score: 0.30932
06/16/2026 15:29:00 - INFO - utils.trainer -   Loss: 2.05673
06/16/2026 15:29:00 - INFO - utils.trainer -    Train loss: 0.06656, Test loss: 2.05673,Epoch time = 11.916s
06/16/2026 15:29:00 - INFO - utils.trainer -   Saving model checkpoint to output_dir/DFCBNC
06/16/2026 15:29:12 - INFO - utils.trainer -   ***** Running evaluation on test0 dataset *****
06/16/2026 15:29:15 - INFO - utils.trainer -   AUC: 0.59370
06/16/2026 15:29:15 - INFO - utils.trainer -   Accuracy: 0.32278
06/16/2026 15:29:15 - INFO - utils.trainer -   Precision: 0.30805
06/16/2026 15:29:15 - INFO - utils.trainer -   Recall: 0.32478
06/16/2026 15:29:15 - INFO - utils.trainer -   F_score: 0.28897
06/16/2026 15:29:15 - INFO - utils.trainer -   Loss: 2.36854
06/16/2026 15:29:15 - INFO - utils.trainer -    Train loss: 0.03115, Test loss: 2.36854,Epoch time = 12.175s
06/16/2026 15:29:27 - INFO - utils.trainer -   ***** Running evaluation on test0 dataset *****
06/16/2026 15:29:29 - INFO - utils.trainer -   AUC: 0.58739
06/16/2026 15:29:29 - INFO - utils.trainer -   Accuracy: 0.34177
06/16/2026 15:29:29 - INFO - utils.trainer -   Precision: 0.31657
06/16/2026 15:29:29 - INFO - utils.trainer -   Recall: 0.33252
06/16/2026 15:29:29 - INFO - utils.trainer -   F_score: 0.31324
06/16/2026 15:29:29 - INFO - utils.trainer -   Loss: 2.18632
06/16/2026 15:29:29 - INFO - utils.trainer -    Train loss: 0.02336, Test loss: 2.18632,Epoch time = 11.991s
06/16/2026 15:29:29 - INFO - utils.trainer -   Saving model checkpoint to output_dir/DFCBNC
06/16/2026 15:29:41 - INFO - utils.trainer -   ***** Running evaluation on test0 dataset *****
06/16/2026 15:29:44 - INFO - utils.trainer -   AUC: 0.56561
06/16/2026 15:29:44 - INFO - utils.trainer -   Accuracy: 0.31013
06/16/2026 15:29:44 - INFO - utils.trainer -   Precision: 0.28215
06/16/2026 15:29:44 - INFO - utils.trainer -   Recall: 0.30173
06/16/2026 15:29:44 - INFO - utils.trainer -   F_score: 0.28749
06/16/2026 15:29:44 - INFO - utils.trainer -   Loss: 2.33973
06/16/2026 15:29:44 - INFO - utils.trainer -    Train loss: 0.02789, Test loss: 2.33973,Epoch time = 11.985s
06/16/2026 15:29:56 - INFO - utils.trainer -   ***** Running evaluation on test0 dataset *****
06/16/2026 15:29:58 - INFO - utils.trainer -   AUC: 0.56503
06/16/2026 15:29:58 - INFO - utils.trainer -   Accuracy: 0.32911
06/16/2026 15:29:58 - INFO - utils.trainer -   Precision: 0.29953
06/16/2026 15:29:58 - INFO - utils.trainer -   Recall: 0.31228
06/16/2026 15:29:58 - INFO - utils.trainer -   F_score: 0.28924
06/16/2026 15:29:58 - INFO - utils.trainer -   Loss: 2.72382
06/16/2026 15:29:58 - INFO - utils.trainer -    Train loss: 0.01991, Test loss: 2.72382,Epoch time = 11.983s
06/16/2026 15:30:10 - INFO - utils.trainer -   ***** Running evaluation on test0 dataset *****
06/16/2026 15:30:13 - INFO - utils.trainer -   AUC: 0.55980
06/16/2026 15:30:13 - INFO - utils.trainer -   Accuracy: 0.33544
06/16/2026 15:30:13 - INFO - utils.trainer -   Precision: 0.30487
06/16/2026 15:30:13 - INFO - utils.trainer -   Recall: 0.32517
06/16/2026 15:30:13 - INFO - utils.trainer -   F_score: 0.30578
06/16/2026 15:30:13 - INFO - utils.trainer -   Loss: 2.60751
06/16/2026 15:30:13 - INFO - utils.trainer -    Train loss: 0.01772, Test loss: 2.60751,Epoch time = 12.270s
06/16/2026 15:30:25 - INFO - utils.trainer -   ***** Running evaluation on test0 dataset *****
06/16/2026 15:30:27 - INFO - utils.trainer -   AUC: 0.55826
06/16/2026 15:30:27 - INFO - utils.trainer -   Accuracy: 0.30380
06/16/2026 15:30:27 - INFO - utils.trainer -   Precision: 0.26413
06/16/2026 15:30:27 - INFO - utils.trainer -   Recall: 0.29952
06/16/2026 15:30:27 - INFO - utils.trainer -   F_score: 0.27055
06/16/2026 15:30:27 - INFO - utils.trainer -   Loss: 2.70164
06/16/2026 15:30:27 - INFO - utils.trainer -    Train loss: 0.01087, Test loss: 2.70164,Epoch time = 12.006s
06/16/2026 15:30:39 - INFO - utils.trainer -   ***** Running evaluation on test0 dataset *****
06/16/2026 15:30:42 - INFO - utils.trainer -   AUC: 0.55917
06/16/2026 15:30:42 - INFO - utils.trainer -   Accuracy: 0.30380
06/16/2026 15:30:42 - INFO - utils.trainer -   Precision: 0.27315
06/16/2026 15:30:42 - INFO - utils.trainer -   Recall: 0.29184
06/16/2026 15:30:42 - INFO - utils.trainer -   F_score: 0.27987
06/16/2026 15:30:42 - INFO - utils.trainer -   Loss: 2.57942
06/16/2026 15:30:42 - INFO - utils.trainer -    Train loss: 0.01852, Test loss: 2.57942,Epoch time = 11.933s
06/16/2026 15:30:54 - INFO - utils.trainer -   ***** Running evaluation on test0 dataset *****
06/16/2026 15:30:56 - INFO - utils.trainer -   AUC: 0.58038
06/16/2026 15:30:56 - INFO - utils.trainer -   Accuracy: 0.33544
06/16/2026 15:30:56 - INFO - utils.trainer -   Precision: 0.30368
06/16/2026 15:30:56 - INFO - utils.trainer -   Recall: 0.33735
06/16/2026 15:30:56 - INFO - utils.trainer -   F_score: 0.30754
06/16/2026 15:30:56 - INFO - utils.trainer -   Loss: 2.64902
06/16/2026 15:30:56 - INFO - utils.trainer -    Train loss: 0.01047, Test loss: 2.64902,Epoch time = 11.947s
06/16/2026 15:31:08 - INFO - utils.trainer -   ***** Running evaluation on test0 dataset *****
06/16/2026 15:31:10 - INFO - utils.trainer -   AUC: 0.58292
06/16/2026 15:31:10 - INFO - utils.trainer -   Accuracy: 0.37342
06/16/2026 15:31:10 - INFO - utils.trainer -   Precision: 0.34447
06/16/2026 15:31:10 - INFO - utils.trainer -   Recall: 0.36840
06/16/2026 15:31:10 - INFO - utils.trainer -   F_score: 0.34749
06/16/2026 15:31:10 - INFO - utils.trainer -   Loss: 2.57998
06/16/2026 15:31:10 - INFO - utils.trainer -    Train loss: 0.00670, Test loss: 2.57998,Epoch time = 11.933s
06/16/2026 15:31:10 - INFO - utils.trainer -   Saving model checkpoint to output_dir/DFCBNC
06/16/2026 15:31:23 - INFO - utils.trainer -   ***** Running evaluation on test0 dataset *****
06/16/2026 15:31:25 - INFO - utils.trainer -   AUC: 0.59725
06/16/2026 15:31:25 - INFO - utils.trainer -   Accuracy: 0.37342
06/16/2026 15:31:25 - INFO - utils.trainer -   Precision: 0.36451
06/16/2026 15:31:25 - INFO - utils.trainer -   Recall: 0.36970
06/16/2026 15:31:25 - INFO - utils.trainer -   F_score: 0.35711
06/16/2026 15:31:25 - INFO - utils.trainer -   Loss: 2.59416
06/16/2026 15:31:25 - INFO - utils.trainer -    Train loss: 0.00800, Test loss: 2.59416,Epoch time = 12.066s
06/16/2026 15:31:25 - INFO - utils.trainer -   Saving model checkpoint to output_dir/DFCBNC
06/16/2026 15:31:37 - INFO - utils.trainer -   ***** Running evaluation on test0 dataset *****
06/16/2026 15:31:40 - INFO - utils.trainer -   AUC: 0.59274
06/16/2026 15:31:40 - INFO - utils.trainer -   Accuracy: 0.35443
06/16/2026 15:31:40 - INFO - utils.trainer -   Precision: 0.38347
06/16/2026 15:31:40 - INFO - utils.trainer -   Recall: 0.35939
06/16/2026 15:31:40 - INFO - utils.trainer -   F_score: 0.33426
06/16/2026 15:31:40 - INFO - utils.trainer -   Loss: 3.06561
06/16/2026 15:31:40 - INFO - utils.trainer -    Train loss: 0.00768, Test loss: 3.06561,Epoch time = 12.112s
06/16/2026 15:31:52 - INFO - utils.trainer -   ***** Running evaluation on test0 dataset *****
06/16/2026 15:31:55 - INFO - utils.trainer -   AUC: 0.59501
06/16/2026 15:31:55 - INFO - utils.trainer -   Accuracy: 0.29747
06/16/2026 15:31:55 - INFO - utils.trainer -   Precision: 0.26968
06/16/2026 15:31:55 - INFO - utils.trainer -   Recall: 0.29086
06/16/2026 15:31:55 - INFO - utils.trainer -   F_score: 0.27434
06/16/2026 15:31:55 - INFO - utils.trainer -   Loss: 2.50608
06/16/2026 15:31:55 - INFO - utils.trainer -    Train loss: 0.01015, Test loss: 2.50608,Epoch time = 12.358s
06/16/2026 15:32:07 - INFO - utils.trainer -   ***** Running evaluation on test0 dataset *****
06/16/2026 15:32:10 - INFO - utils.trainer -   AUC: 0.55918
06/16/2026 15:32:10 - INFO - utils.trainer -   Accuracy: 0.28481
06/16/2026 15:32:10 - INFO - utils.trainer -   Precision: 0.25677
06/16/2026 15:32:10 - INFO - utils.trainer -   Recall: 0.29969
06/16/2026 15:32:10 - INFO - utils.trainer -   F_score: 0.26314
06/16/2026 15:32:10 - INFO - utils.trainer -   Loss: 3.10671
06/16/2026 15:32:10 - INFO - utils.trainer -    Train loss: 0.01716, Test loss: 3.10671,Epoch time = 12.272s
06/16/2026 15:32:22 - INFO - utils.trainer -   ***** Running evaluation on test0 dataset *****
06/16/2026 15:32:25 - INFO - utils.trainer -   AUC: 0.54896
06/16/2026 15:32:25 - INFO - utils.trainer -   Accuracy: 0.29747
06/16/2026 15:32:25 - INFO - utils.trainer -   Precision: 0.27764
06/16/2026 15:32:25 - INFO - utils.trainer -   Recall: 0.27822
06/16/2026 15:32:25 - INFO - utils.trainer -   F_score: 0.27110
06/16/2026 15:32:25 - INFO - utils.trainer -   Loss: 2.85838
06/16/2026 15:32:25 - INFO - utils.trainer -    Train loss: 0.01686, Test loss: 2.85838,Epoch time = 12.258s
06/16/2026 15:32:37 - INFO - utils.trainer -   ***** Running evaluation on test0 dataset *****
06/16/2026 15:32:40 - INFO - utils.trainer -   AUC: 0.60413
06/16/2026 15:32:40 - INFO - utils.trainer -   Accuracy: 0.35443
06/16/2026 15:32:40 - INFO - utils.trainer -   Precision: 0.41881
06/16/2026 15:32:40 - INFO - utils.trainer -   Recall: 0.37005
06/16/2026 15:32:40 - INFO - utils.trainer -   F_score: 0.32692
06/16/2026 15:32:40 - INFO - utils.trainer -   Loss: 3.64511
06/16/2026 15:32:40 - INFO - utils.trainer -    Train loss: 0.04308, Test loss: 3.64511,Epoch time = 12.123s
06/16/2026 15:32:52 - INFO - utils.trainer -   ***** Running evaluation on test0 dataset *****
06/16/2026 15:32:55 - INFO - utils.trainer -   AUC: 0.63435
06/16/2026 15:32:55 - INFO - utils.trainer -   Accuracy: 0.34177
06/16/2026 15:32:55 - INFO - utils.trainer -   Precision: 0.36607
06/16/2026 15:32:55 - INFO - utils.trainer -   Recall: 0.33847
06/16/2026 15:32:55 - INFO - utils.trainer -   F_score: 0.31165
06/16/2026 15:32:55 - INFO - utils.trainer -   Loss: 3.13857
06/16/2026 15:32:55 - INFO - utils.trainer -    Train loss: 0.03601, Test loss: 3.13857,Epoch time = 12.245s
06/16/2026 15:33:07 - INFO - utils.trainer -   ***** Running evaluation on test0 dataset *****
06/16/2026 15:33:10 - INFO - utils.trainer -   AUC: 0.54573
06/16/2026 15:33:10 - INFO - utils.trainer -   Accuracy: 0.31646
06/16/2026 15:33:10 - INFO - utils.trainer -   Precision: 0.36506
06/16/2026 15:33:10 - INFO - utils.trainer -   Recall: 0.29338
06/16/2026 15:33:10 - INFO - utils.trainer -   F_score: 0.28357
06/16/2026 15:33:10 - INFO - utils.trainer -   Loss: 3.92632
06/16/2026 15:33:10 - INFO - utils.trainer -    Train loss: 0.06131, Test loss: 3.92632,Epoch time = 12.352s
06/16/2026 15:33:22 - INFO - utils.trainer -   ***** Running evaluation on test0 dataset *****
06/16/2026 15:33:25 - INFO - utils.trainer -   AUC: 0.59390
06/16/2026 15:33:25 - INFO - utils.trainer -   Accuracy: 0.25949
06/16/2026 15:33:25 - INFO - utils.trainer -   Precision: 0.22129
06/16/2026 15:33:25 - INFO - utils.trainer -   Recall: 0.26538
06/16/2026 15:33:25 - INFO - utils.trainer -   F_score: 0.22221
06/16/2026 15:33:25 - INFO - utils.trainer -   Loss: 3.16189
06/16/2026 15:33:25 - INFO - utils.trainer -    Train loss: 0.03489, Test loss: 3.16189,Epoch time = 12.303s
06/16/2026 15:33:37 - INFO - utils.trainer -   ***** Running evaluation on test0 dataset *****
06/16/2026 15:33:40 - INFO - utils.trainer -   AUC: 0.58630
06/16/2026 15:33:40 - INFO - utils.trainer -   Accuracy: 0.36076
06/16/2026 15:33:40 - INFO - utils.trainer -   Precision: 0.36742
06/16/2026 15:33:40 - INFO - utils.trainer -   Recall: 0.35552
06/16/2026 15:33:40 - INFO - utils.trainer -   F_score: 0.35705
06/16/2026 15:33:40 - INFO - utils.trainer -   Loss: 2.87872
06/16/2026 15:33:40 - INFO - utils.trainer -    Train loss: 0.03595, Test loss: 2.87872,Epoch time = 12.345s
06/16/2026 15:33:53 - INFO - utils.trainer -   ***** Running evaluation on test0 dataset *****
06/16/2026 15:33:55 - INFO - utils.trainer -   AUC: 0.61318
06/16/2026 15:33:55 - INFO - utils.trainer -   Accuracy: 0.31013
06/16/2026 15:33:55 - INFO - utils.trainer -   Precision: 0.29284
06/16/2026 15:33:55 - INFO - utils.trainer -   Recall: 0.32243
06/16/2026 15:33:55 - INFO - utils.trainer -   F_score: 0.28196
06/16/2026 15:33:55 - INFO - utils.trainer -   Loss: 3.33025
06/16/2026 15:33:55 - INFO - utils.trainer -    Train loss: 0.03148, Test loss: 3.33025,Epoch time = 12.322s
06/16/2026 15:34:08 - INFO - utils.trainer -   ***** Running evaluation on test0 dataset *****
06/16/2026 15:34:10 - INFO - utils.trainer -   AUC: 0.60317
06/16/2026 15:34:10 - INFO - utils.trainer -   Accuracy: 0.32911
06/16/2026 15:34:10 - INFO - utils.trainer -   Precision: 0.31832
06/16/2026 15:34:10 - INFO - utils.trainer -   Recall: 0.33180
06/16/2026 15:34:10 - INFO - utils.trainer -   F_score: 0.30996
06/16/2026 15:34:10 - INFO - utils.trainer -   Loss: 2.99679
06/16/2026 15:34:10 - INFO - utils.trainer -    Train loss: 0.02312, Test loss: 2.99679,Epoch time = 12.256s
06/16/2026 15:34:23 - INFO - utils.trainer -   ***** Running evaluation on test0 dataset *****
06/16/2026 15:34:25 - INFO - utils.trainer -   AUC: 0.56851
06/16/2026 15:34:25 - INFO - utils.trainer -   Accuracy: 0.24684
06/16/2026 15:34:25 - INFO - utils.trainer -   Precision: 0.15508
06/16/2026 15:34:25 - INFO - utils.trainer -   Recall: 0.28140
06/16/2026 15:34:25 - INFO - utils.trainer -   F_score: 0.16591
06/16/2026 15:34:25 - INFO - utils.trainer -   Loss: 6.79050
06/16/2026 15:34:25 - INFO - utils.trainer -    Train loss: 0.05032, Test loss: 6.79050,Epoch time = 12.261s
06/16/2026 15:34:38 - INFO - utils.trainer -   ***** Running evaluation on test0 dataset *****
06/16/2026 15:34:40 - INFO - utils.trainer -   AUC: 0.61989
06/16/2026 15:34:40 - INFO - utils.trainer -   Accuracy: 0.34810
06/16/2026 15:34:40 - INFO - utils.trainer -   Precision: 0.31919
06/16/2026 15:34:40 - INFO - utils.trainer -   Recall: 0.36770
06/16/2026 15:34:40 - INFO - utils.trainer -   F_score: 0.32392
06/16/2026 15:34:40 - INFO - utils.trainer -   Loss: 3.08078
06/16/2026 15:34:40 - INFO - utils.trainer -    Train loss: 0.05395, Test loss: 3.08078,Epoch time = 12.290s
06/16/2026 15:34:53 - INFO - utils.trainer -   ***** Running evaluation on test0 dataset *****
06/16/2026 15:34:56 - INFO - utils.trainer -   AUC: 0.62593
06/16/2026 15:34:56 - INFO - utils.trainer -   Accuracy: 0.37975
06/16/2026 15:34:56 - INFO - utils.trainer -   Precision: 0.37688
06/16/2026 15:34:56 - INFO - utils.trainer -   Recall: 0.36172
06/16/2026 15:34:56 - INFO - utils.trainer -   F_score: 0.35274
06/16/2026 15:34:56 - INFO - utils.trainer -   Loss: 2.99207
06/16/2026 15:34:56 - INFO - utils.trainer -    Train loss: 0.05005, Test loss: 2.99207,Epoch time = 12.251s
06/16/2026 15:34:56 - INFO - utils.trainer -   Saving model checkpoint to output_dir/DFCBNC
06/16/2026 15:35:08 - INFO - utils.trainer -   ***** Running evaluation on test0 dataset *****
06/16/2026 15:35:11 - INFO - utils.trainer -   AUC: 0.60995
06/16/2026 15:35:11 - INFO - utils.trainer -   Accuracy: 0.40506
06/16/2026 15:35:11 - INFO - utils.trainer -   Precision: 0.39706
06/16/2026 15:35:11 - INFO - utils.trainer -   Recall: 0.38406
06/16/2026 15:35:11 - INFO - utils.trainer -   F_score: 0.37554
06/16/2026 15:35:11 - INFO - utils.trainer -   Loss: 3.01407
06/16/2026 15:35:11 - INFO - utils.trainer -    Train loss: 0.04636, Test loss: 3.01407,Epoch time = 12.325s
06/16/2026 15:35:11 - INFO - utils.trainer -   Saving model checkpoint to output_dir/DFCBNC
06/16/2026 15:35:23 - INFO - utils.trainer -   ***** Running evaluation on test0 dataset *****
06/16/2026 15:35:26 - INFO - utils.trainer -   AUC: 0.60616
06/16/2026 15:35:26 - INFO - utils.trainer -   Accuracy: 0.37342
06/16/2026 15:35:26 - INFO - utils.trainer -   Precision: 0.34167
06/16/2026 15:35:26 - INFO - utils.trainer -   Recall: 0.36542
06/16/2026 15:35:26 - INFO - utils.trainer -   F_score: 0.33898
06/16/2026 15:35:26 - INFO - utils.trainer -   Loss: 3.49250
06/16/2026 15:35:26 - INFO - utils.trainer -    Train loss: 0.02096, Test loss: 3.49250,Epoch time = 12.341s
06/16/2026 15:35:38 - INFO - utils.trainer -   ***** Running evaluation on test0 dataset *****
06/16/2026 15:35:41 - INFO - utils.trainer -   AUC: 0.61410
06/16/2026 15:35:41 - INFO - utils.trainer -   Accuracy: 0.37342
06/16/2026 15:35:41 - INFO - utils.trainer -   Precision: 0.36627
06/16/2026 15:35:41 - INFO - utils.trainer -   Recall: 0.38737
06/16/2026 15:35:41 - INFO - utils.trainer -   F_score: 0.36093
06/16/2026 15:35:41 - INFO - utils.trainer -   Loss: 3.08387
06/16/2026 15:35:41 - INFO - utils.trainer -    Train loss: 0.01407, Test loss: 3.08387,Epoch time = 12.284s
06/16/2026 15:35:53 - INFO - utils.trainer -   ***** Running evaluation on test0 dataset *****
06/16/2026 15:35:56 - INFO - utils.trainer -   AUC: 0.60588
06/16/2026 15:35:56 - INFO - utils.trainer -   Accuracy: 0.36709
06/16/2026 15:35:56 - INFO - utils.trainer -   Precision: 0.36390
06/16/2026 15:35:56 - INFO - utils.trainer -   Recall: 0.37924
06/16/2026 15:35:56 - INFO - utils.trainer -   F_score: 0.35848
06/16/2026 15:35:56 - INFO - utils.trainer -   Loss: 3.15330
06/16/2026 15:35:56 - INFO - utils.trainer -    Train loss: 0.00711, Test loss: 3.15330,Epoch time = 12.300s
06/16/2026 15:36:08 - INFO - utils.trainer -   ***** Running evaluation on test0 dataset *****
06/16/2026 15:36:11 - INFO - utils.trainer -   AUC: 0.60460
06/16/2026 15:36:11 - INFO - utils.trainer -   Accuracy: 0.37342
06/16/2026 15:36:11 - INFO - utils.trainer -   Precision: 0.33587
06/16/2026 15:36:11 - INFO - utils.trainer -   Recall: 0.37204
06/16/2026 15:36:11 - INFO - utils.trainer -   F_score: 0.33580
06/16/2026 15:36:11 - INFO - utils.trainer -   Loss: 3.50061
06/16/2026 15:36:11 - INFO - utils.trainer -    Train loss: 0.00917, Test loss: 3.50061,Epoch time = 12.273s
06/16/2026 15:36:23 - INFO - utils.trainer -   ***** Running evaluation on test0 dataset *****
06/16/2026 15:36:26 - INFO - utils.trainer -   AUC: 0.59547
06/16/2026 15:36:26 - INFO - utils.trainer -   Accuracy: 0.39241
06/16/2026 15:36:26 - INFO - utils.trainer -   Precision: 0.36483
06/16/2026 15:36:26 - INFO - utils.trainer -   Recall: 0.38132
06/16/2026 15:36:26 - INFO - utils.trainer -   F_score: 0.36037
06/16/2026 15:36:26 - INFO - utils.trainer -   Loss: 3.45496
06/16/2026 15:36:26 - INFO - utils.trainer -    Train loss: 0.00374, Test loss: 3.45496,Epoch time = 12.352s
06/16/2026 15:36:38 - INFO - utils.trainer -   ***** Running evaluation on test0 dataset *****
06/16/2026 15:36:41 - INFO - utils.trainer -   AUC: 0.59567
06/16/2026 15:36:41 - INFO - utils.trainer -   Accuracy: 0.39241
06/16/2026 15:36:41 - INFO - utils.trainer -   Precision: 0.36682
06/16/2026 15:36:41 - INFO - utils.trainer -   Recall: 0.38417
06/16/2026 15:36:41 - INFO - utils.trainer -   F_score: 0.36463
06/16/2026 15:36:41 - INFO - utils.trainer -   Loss: 3.32446
06/16/2026 15:36:41 - INFO - utils.trainer -    Train loss: 0.00190, Test loss: 3.32446,Epoch time = 12.255s
06/16/2026 15:36:53 - INFO - utils.trainer -   ***** Running evaluation on test0 dataset *****
06/16/2026 15:36:56 - INFO - utils.trainer -   AUC: 0.59841
06/16/2026 15:36:56 - INFO - utils.trainer -   Accuracy: 0.37975
06/16/2026 15:36:56 - INFO - utils.trainer -   Precision: 0.35148
06/16/2026 15:36:56 - INFO - utils.trainer -   Recall: 0.37397
06/16/2026 15:36:56 - INFO - utils.trainer -   F_score: 0.35439
06/16/2026 15:36:56 - INFO - utils.trainer -   Loss: 3.25067
06/16/2026 15:36:56 - INFO - utils.trainer -    Train loss: 0.00142, Test loss: 3.25067,Epoch time = 12.272s
06/16/2026 15:37:08 - INFO - utils.trainer -   ***** Running evaluation on test0 dataset *****
06/16/2026 15:37:11 - INFO - utils.trainer -   AUC: 0.60050
06/16/2026 15:37:11 - INFO - utils.trainer -   Accuracy: 0.39873
06/16/2026 15:37:11 - INFO - utils.trainer -   Precision: 0.38462
06/16/2026 15:37:11 - INFO - utils.trainer -   Recall: 0.39536
06/16/2026 15:37:11 - INFO - utils.trainer -   F_score: 0.38251
06/16/2026 15:37:11 - INFO - utils.trainer -   Loss: 3.19793
06/16/2026 15:37:11 - INFO - utils.trainer -    Train loss: 0.00646, Test loss: 3.19793,Epoch time = 12.253s
06/16/2026 15:37:23 - INFO - utils.trainer -   ***** Running evaluation on test0 dataset *****
06/16/2026 15:37:26 - INFO - utils.trainer -   AUC: 0.60563
06/16/2026 15:37:26 - INFO - utils.trainer -   Accuracy: 0.39873
06/16/2026 15:37:26 - INFO - utils.trainer -   Precision: 0.39020
06/16/2026 15:37:26 - INFO - utils.trainer -   Recall: 0.39205
06/16/2026 15:37:26 - INFO - utils.trainer -   F_score: 0.38251
06/16/2026 15:37:26 - INFO - utils.trainer -   Loss: 3.12232
06/16/2026 15:37:26 - INFO - utils.trainer -    Train loss: 0.00092, Test loss: 3.12232,Epoch time = 12.365s
06/16/2026 15:37:38 - INFO - utils.trainer -   ***** Running evaluation on test0 dataset *****
06/16/2026 15:37:41 - INFO - utils.trainer -   AUC: 0.60543
06/16/2026 15:37:41 - INFO - utils.trainer -   Accuracy: 0.37342
06/16/2026 15:37:41 - INFO - utils.trainer -   Precision: 0.36296
06/16/2026 15:37:41 - INFO - utils.trainer -   Recall: 0.37330
06/16/2026 15:37:41 - INFO - utils.trainer -   F_score: 0.36084
06/16/2026 15:37:41 - INFO - utils.trainer -   Loss: 3.06910
06/16/2026 15:37:41 - INFO - utils.trainer -    Train loss: 0.00400, Test loss: 3.06910,Epoch time = 12.289s
06/16/2026 15:37:53 - INFO - utils.trainer -   ***** Running evaluation on test0 dataset *****
06/16/2026 15:37:56 - INFO - utils.trainer -   AUC: 0.60173
06/16/2026 15:37:56 - INFO - utils.trainer -   Accuracy: 0.39241
06/16/2026 15:37:56 - INFO - utils.trainer -   Precision: 0.38340
06/16/2026 15:37:56 - INFO - utils.trainer -   Recall: 0.38860
06/16/2026 15:37:56 - INFO - utils.trainer -   F_score: 0.37759
06/16/2026 15:37:56 - INFO - utils.trainer -   Loss: 3.13595
06/16/2026 15:37:56 - INFO - utils.trainer -    Train loss: 0.00147, Test loss: 3.13595,Epoch time = 12.377s
06/16/2026 15:38:08 - INFO - utils.trainer -   ***** Running evaluation on test0 dataset *****
06/16/2026 15:38:11 - INFO - utils.trainer -   AUC: 0.59968
06/16/2026 15:38:11 - INFO - utils.trainer -   Accuracy: 0.39873
06/16/2026 15:38:11 - INFO - utils.trainer -   Precision: 0.38693
06/16/2026 15:38:11 - INFO - utils.trainer -   Recall: 0.39370
06/16/2026 15:38:11 - INFO - utils.trainer -   F_score: 0.38280
06/16/2026 15:38:11 - INFO - utils.trainer -   Loss: 3.18093
06/16/2026 15:38:11 - INFO - utils.trainer -    Train loss: 0.00090, Test loss: 3.18093,Epoch time = 12.253s
06/16/2026 15:38:23 - INFO - utils.trainer -   ***** Running evaluation on test0 dataset *****
06/16/2026 15:38:26 - INFO - utils.trainer -   AUC: 0.60345
06/16/2026 15:38:26 - INFO - utils.trainer -   Accuracy: 0.41139
06/16/2026 15:38:26 - INFO - utils.trainer -   Precision: 0.39883
06/16/2026 15:38:26 - INFO - utils.trainer -   Recall: 0.40391
06/16/2026 15:38:26 - INFO - utils.trainer -   F_score: 0.39115
06/16/2026 15:38:26 - INFO - utils.trainer -   Loss: 3.27315
06/16/2026 15:38:26 - INFO - utils.trainer -    Train loss: 0.00102, Test loss: 3.27315,Epoch time = 12.371s
06/16/2026 15:38:26 - INFO - utils.trainer -   Saving model checkpoint to output_dir/DFCBNC
06/16/2026 15:38:38 - INFO - utils.trainer -   ***** Running evaluation on test0 dataset *****
06/16/2026 15:38:41 - INFO - utils.trainer -   AUC: 0.60367
06/16/2026 15:38:41 - INFO - utils.trainer -   Accuracy: 0.41139
06/16/2026 15:38:41 - INFO - utils.trainer -   Precision: 0.39756
06/16/2026 15:38:41 - INFO - utils.trainer -   Recall: 0.40166
06/16/2026 15:38:41 - INFO - utils.trainer -   F_score: 0.39180
06/16/2026 15:38:41 - INFO - utils.trainer -   Loss: 3.18142
06/16/2026 15:38:41 - INFO - utils.trainer -    Train loss: 0.00086, Test loss: 3.18142,Epoch time = 12.225s
06/16/2026 15:38:41 - INFO - utils.trainer -   Saving model checkpoint to output_dir/DFCBNC
06/16/2026 15:38:53 - INFO - utils.trainer -   ***** Running evaluation on test0 dataset *****
06/16/2026 15:38:56 - INFO - utils.trainer -   AUC: 0.59914
06/16/2026 15:38:56 - INFO - utils.trainer -   Accuracy: 0.41772
06/16/2026 15:38:56 - INFO - utils.trainer -   Precision: 0.40142
06/16/2026 15:38:56 - INFO - utils.trainer -   Recall: 0.40753
06/16/2026 15:38:56 - INFO - utils.trainer -   F_score: 0.39383
06/16/2026 15:38:56 - INFO - utils.trainer -   Loss: 3.31592
06/16/2026 15:38:56 - INFO - utils.trainer -    Train loss: 0.00170, Test loss: 3.31592,Epoch time = 12.329s
06/16/2026 15:38:56 - INFO - utils.trainer -   Saving model checkpoint to output_dir/DFCBNC
06/16/2026 15:39:08 - INFO - utils.trainer -   ***** Running evaluation on test0 dataset *****
06/16/2026 15:39:11 - INFO - utils.trainer -   AUC: 0.60245
06/16/2026 15:39:11 - INFO - utils.trainer -   Accuracy: 0.41139
06/16/2026 15:39:11 - INFO - utils.trainer -   Precision: 0.40027
06/16/2026 15:39:11 - INFO - utils.trainer -   Recall: 0.40391
06/16/2026 15:39:11 - INFO - utils.trainer -   F_score: 0.39432
06/16/2026 15:39:11 - INFO - utils.trainer -   Loss: 3.19865
06/16/2026 15:39:11 - INFO - utils.trainer -    Train loss: 0.00062, Test loss: 3.19865,Epoch time = 12.329s
06/16/2026 15:39:23 - INFO - utils.trainer -   ***** Running evaluation on test0 dataset *****
06/16/2026 15:39:26 - INFO - utils.trainer -   AUC: 0.59989
06/16/2026 15:39:26 - INFO - utils.trainer -   Accuracy: 0.39241
06/16/2026 15:39:26 - INFO - utils.trainer -   Precision: 0.37231
06/16/2026 15:39:26 - INFO - utils.trainer -   Recall: 0.38410
06/16/2026 15:39:26 - INFO - utils.trainer -   F_score: 0.37099
06/16/2026 15:39:26 - INFO - utils.trainer -   Loss: 3.16082
06/16/2026 15:39:26 - INFO - utils.trainer -    Train loss: 0.00076, Test loss: 3.16082,Epoch time = 12.326s
06/16/2026 15:39:38 - INFO - utils.trainer -   ***** Running evaluation on test0 dataset *****
06/16/2026 15:39:41 - INFO - utils.trainer -   AUC: 0.59795
06/16/2026 15:39:41 - INFO - utils.trainer -   Accuracy: 0.38608
06/16/2026 15:39:41 - INFO - utils.trainer -   Precision: 0.37009
06/16/2026 15:39:41 - INFO - utils.trainer -   Recall: 0.38125
06/16/2026 15:39:41 - INFO - utils.trainer -   F_score: 0.36874
06/16/2026 15:39:41 - INFO - utils.trainer -   Loss: 3.22211
06/16/2026 15:39:41 - INFO - utils.trainer -    Train loss: 0.00199, Test loss: 3.22211,Epoch time = 12.311s
06/16/2026 15:39:53 - INFO - utils.trainer -   ***** Running evaluation on test0 dataset *****
06/16/2026 15:39:56 - INFO - utils.trainer -   AUC: 0.59019
06/16/2026 15:39:56 - INFO - utils.trainer -   Accuracy: 0.39241
06/16/2026 15:39:56 - INFO - utils.trainer -   Precision: 0.37510
06/16/2026 15:39:56 - INFO - utils.trainer -   Recall: 0.38713
06/16/2026 15:39:56 - INFO - utils.trainer -   F_score: 0.37469
06/16/2026 15:39:56 - INFO - utils.trainer -   Loss: 3.24724
06/16/2026 15:39:56 - INFO - utils.trainer -    Train loss: 0.00077, Test loss: 3.24724,Epoch time = 12.387s
06/16/2026 15:40:09 - INFO - utils.trainer -   ***** Running evaluation on test0 dataset *****
06/16/2026 15:40:11 - INFO - utils.trainer -   AUC: 0.59066
06/16/2026 15:40:11 - INFO - utils.trainer -   Accuracy: 0.41772
06/16/2026 15:40:11 - INFO - utils.trainer -   Precision: 0.40095
06/16/2026 15:40:11 - INFO - utils.trainer -   Recall: 0.40511
06/16/2026 15:40:11 - INFO - utils.trainer -   F_score: 0.39560
06/16/2026 15:40:11 - INFO - utils.trainer -   Loss: 3.29979
06/16/2026 15:40:11 - INFO - utils.trainer -    Train loss: 0.00062, Test loss: 3.29979,Epoch time = 12.262s
06/16/2026 15:40:11 - INFO - utils.trainer -   Saving model checkpoint to output_dir/DFCBNC
06/16/2026 15:40:24 - INFO - utils.trainer -   ***** Running evaluation on test0 dataset *****
06/16/2026 15:40:27 - INFO - utils.trainer -   AUC: 0.59837
06/16/2026 15:40:27 - INFO - utils.trainer -   Accuracy: 0.34177
06/16/2026 15:40:27 - INFO - utils.trainer -   Precision: 0.33578
06/16/2026 15:40:27 - INFO - utils.trainer -   Recall: 0.33860
06/16/2026 15:40:27 - INFO - utils.trainer -   F_score: 0.32721
06/16/2026 15:40:27 - INFO - utils.trainer -   Loss: 3.33651
06/16/2026 15:40:27 - INFO - utils.trainer -    Train loss: 0.00788, Test loss: 3.33651,Epoch time = 12.239s
06/16/2026 15:40:39 - INFO - utils.trainer -   ***** Running evaluation on test0 dataset *****
06/16/2026 15:40:41 - INFO - utils.trainer -   AUC: 0.59747
06/16/2026 15:40:41 - INFO - utils.trainer -   Accuracy: 0.35443
06/16/2026 15:40:41 - INFO - utils.trainer -   Precision: 0.32824
06/16/2026 15:40:41 - INFO - utils.trainer -   Recall: 0.35476
06/16/2026 15:40:41 - INFO - utils.trainer -   F_score: 0.33117
06/16/2026 15:40:41 - INFO - utils.trainer -   Loss: 3.63141
06/16/2026 15:40:42 - INFO - utils.trainer -    Train loss: 0.02211, Test loss: 3.63141,Epoch time = 12.230s
06/16/2026 15:40:54 - INFO - utils.trainer -   ***** Running evaluation on test0 dataset *****
06/16/2026 15:40:56 - INFO - utils.trainer -   AUC: 0.59079
06/16/2026 15:40:56 - INFO - utils.trainer -   Accuracy: 0.31646
06/16/2026 15:40:56 - INFO - utils.trainer -   Precision: 0.34763
06/16/2026 15:40:56 - INFO - utils.trainer -   Recall: 0.32235
06/16/2026 15:40:56 - INFO - utils.trainer -   F_score: 0.30142
06/16/2026 15:40:56 - INFO - utils.trainer -   Loss: 4.42567
06/16/2026 15:40:56 - INFO - utils.trainer -    Train loss: 0.03056, Test loss: 4.42567,Epoch time = 12.276s
06/16/2026 15:41:09 - INFO - utils.trainer -   ***** Running evaluation on test0 dataset *****
06/16/2026 15:41:11 - INFO - utils.trainer -   AUC: 0.59589
06/16/2026 15:41:11 - INFO - utils.trainer -   Accuracy: 0.36709
06/16/2026 15:41:11 - INFO - utils.trainer -   Precision: 0.34416
06/16/2026 15:41:11 - INFO - utils.trainer -   Recall: 0.35999
06/16/2026 15:41:11 - INFO - utils.trainer -   F_score: 0.34251
06/16/2026 15:41:11 - INFO - utils.trainer -   Loss: 3.59617
06/16/2026 15:41:11 - INFO - utils.trainer -    Train loss: 0.02491, Test loss: 3.59617,Epoch time = 12.237s
06/16/2026 15:41:24 - INFO - utils.trainer -   ***** Running evaluation on test0 dataset *****
06/16/2026 15:41:26 - INFO - utils.trainer -   AUC: 0.60088
06/16/2026 15:41:26 - INFO - utils.trainer -   Accuracy: 0.37342
06/16/2026 15:41:26 - INFO - utils.trainer -   Precision: 0.36940
06/16/2026 15:41:26 - INFO - utils.trainer -   Recall: 0.36189
06/16/2026 15:41:26 - INFO - utils.trainer -   F_score: 0.35417
06/16/2026 15:41:26 - INFO - utils.trainer -   Loss: 3.25016
06/16/2026 15:41:26 - INFO - utils.trainer -    Train loss: 0.02574, Test loss: 3.25016,Epoch time = 12.302s
06/16/2026 15:41:39 - INFO - utils.trainer -   ***** Running evaluation on test0 dataset *****
06/16/2026 15:41:41 - INFO - utils.trainer -   AUC: 0.58697
06/16/2026 15:41:41 - INFO - utils.trainer -   Accuracy: 0.31013
06/16/2026 15:41:41 - INFO - utils.trainer -   Precision: 0.29604
06/16/2026 15:41:41 - INFO - utils.trainer -   Recall: 0.30518
06/16/2026 15:41:41 - INFO - utils.trainer -   F_score: 0.29245
06/16/2026 15:41:41 - INFO - utils.trainer -   Loss: 3.30573
06/16/2026 15:41:41 - INFO - utils.trainer -    Train loss: 0.07243, Test loss: 3.30573,Epoch time = 12.271s
06/16/2026 15:41:54 - INFO - utils.trainer -   ***** Running evaluation on test0 dataset *****
06/16/2026 15:41:56 - INFO - utils.trainer -   AUC: 0.56006
06/16/2026 15:41:56 - INFO - utils.trainer -   Accuracy: 0.29114
06/16/2026 15:41:56 - INFO - utils.trainer -   Precision: 0.27661
06/16/2026 15:41:56 - INFO - utils.trainer -   Recall: 0.29381
06/16/2026 15:41:56 - INFO - utils.trainer -   F_score: 0.28156
06/16/2026 15:41:56 - INFO - utils.trainer -   Loss: 3.85319
06/16/2026 15:41:56 - INFO - utils.trainer -    Train loss: 0.06714, Test loss: 3.85319,Epoch time = 12.215s
06/16/2026 15:42:09 - INFO - utils.trainer -   ***** Running evaluation on test0 dataset *****
06/16/2026 15:42:11 - INFO - utils.trainer -   AUC: 0.53112
06/16/2026 15:42:11 - INFO - utils.trainer -   Accuracy: 0.33544
06/16/2026 15:42:11 - INFO - utils.trainer -   Precision: 0.34583
06/16/2026 15:42:11 - INFO - utils.trainer -   Recall: 0.30045
06/16/2026 15:42:11 - INFO - utils.trainer -   F_score: 0.27520
06/16/2026 15:42:11 - INFO - utils.trainer -   Loss: 5.12704
06/16/2026 15:42:11 - INFO - utils.trainer -    Train loss: 0.04660, Test loss: 5.12704,Epoch time = 12.278s
06/16/2026 15:42:24 - INFO - utils.trainer -   ***** Running evaluation on test0 dataset *****
06/16/2026 15:42:27 - INFO - utils.trainer -   AUC: 0.54470
06/16/2026 15:42:27 - INFO - utils.trainer -   Accuracy: 0.36076
06/16/2026 15:42:27 - INFO - utils.trainer -   Precision: 0.39517
06/16/2026 15:42:27 - INFO - utils.trainer -   Recall: 0.33677
06/16/2026 15:42:27 - INFO - utils.trainer -   F_score: 0.33097
06/16/2026 15:42:27 - INFO - utils.trainer -   Loss: 4.08747
06/16/2026 15:42:27 - INFO - utils.trainer -    Train loss: 0.01497, Test loss: 4.08747,Epoch time = 12.440s
06/16/2026 15:42:39 - INFO - utils.trainer -   ***** Running evaluation on test0 dataset *****
06/16/2026 15:42:42 - INFO - utils.trainer -   AUC: 0.55262
06/16/2026 15:42:42 - INFO - utils.trainer -   Accuracy: 0.32278
06/16/2026 15:42:42 - INFO - utils.trainer -   Precision: 0.31436
06/16/2026 15:42:42 - INFO - utils.trainer -   Recall: 0.31042
06/16/2026 15:42:42 - INFO - utils.trainer -   F_score: 0.30352
06/16/2026 15:42:42 - INFO - utils.trainer -   Loss: 3.86605
06/16/2026 15:42:42 - INFO - utils.trainer -    Train loss: 0.00612, Test loss: 3.86605,Epoch time = 12.246s
06/16/2026 15:42:54 - INFO - utils.trainer -   ***** Running evaluation on test0 dataset *****
06/16/2026 15:42:57 - INFO - utils.trainer -   AUC: 0.54949
06/16/2026 15:42:57 - INFO - utils.trainer -   Accuracy: 0.31013
06/16/2026 15:42:57 - INFO - utils.trainer -   Precision: 0.29893
06/16/2026 15:42:57 - INFO - utils.trainer -   Recall: 0.30275
06/16/2026 15:42:57 - INFO - utils.trainer -   F_score: 0.29788
06/16/2026 15:42:57 - INFO - utils.trainer -   Loss: 3.61801
06/16/2026 15:42:57 - INFO - utils.trainer -    Train loss: 0.00630, Test loss: 3.61801,Epoch time = 12.274s
06/16/2026 15:43:09 - INFO - utils.trainer -   ***** Running evaluation on test0 dataset *****
06/16/2026 15:43:12 - INFO - utils.trainer -   AUC: 0.57215
06/16/2026 15:43:12 - INFO - utils.trainer -   Accuracy: 0.32278
06/16/2026 15:43:12 - INFO - utils.trainer -   Precision: 0.30528
06/16/2026 15:43:12 - INFO - utils.trainer -   Recall: 0.32228
06/16/2026 15:43:12 - INFO - utils.trainer -   F_score: 0.29852
06/16/2026 15:43:12 - INFO - utils.trainer -   Loss: 3.55068
06/16/2026 15:43:12 - INFO - utils.trainer -    Train loss: 0.00523, Test loss: 3.55068,Epoch time = 12.421s
06/16/2026 15:43:24 - INFO - utils.trainer -   ***** Running evaluation on test0 dataset *****
06/16/2026 15:43:27 - INFO - utils.trainer -   AUC: 0.54830
06/16/2026 15:43:27 - INFO - utils.trainer -   Accuracy: 0.34810
06/16/2026 15:43:27 - INFO - utils.trainer -   Precision: 0.35588
06/16/2026 15:43:27 - INFO - utils.trainer -   Recall: 0.33117
06/16/2026 15:43:27 - INFO - utils.trainer -   F_score: 0.33102
06/16/2026 15:43:27 - INFO - utils.trainer -   Loss: 3.67678
06/16/2026 15:43:27 - INFO - utils.trainer -    Train loss: 0.01294, Test loss: 3.67678,Epoch time = 12.332s
06/16/2026 15:43:39 - INFO - utils.trainer -   ***** Running evaluation on test0 dataset *****
06/16/2026 15:43:42 - INFO - utils.trainer -   AUC: 0.56379
06/16/2026 15:43:42 - INFO - utils.trainer -   Accuracy: 0.32278
06/16/2026 15:43:42 - INFO - utils.trainer -   Precision: 0.30248
06/16/2026 15:43:42 - INFO - utils.trainer -   Recall: 0.31253
06/16/2026 15:43:42 - INFO - utils.trainer -   F_score: 0.29825
06/16/2026 15:43:42 - INFO - utils.trainer -   Loss: 3.74819
06/16/2026 15:43:42 - INFO - utils.trainer -    Train loss: 0.00498, Test loss: 3.74819,Epoch time = 12.314s
06/16/2026 15:43:54 - INFO - utils.trainer -   ***** Running evaluation on test0 dataset *****
06/16/2026 15:43:57 - INFO - utils.trainer -   AUC: 0.56751
06/16/2026 15:43:57 - INFO - utils.trainer -   Accuracy: 0.36076
06/16/2026 15:43:57 - INFO - utils.trainer -   Precision: 0.34645
06/16/2026 15:43:57 - INFO - utils.trainer -   Recall: 0.35261
06/16/2026 15:43:57 - INFO - utils.trainer -   F_score: 0.33450
06/16/2026 15:43:57 - INFO - utils.trainer -   Loss: 3.81940
06/16/2026 15:43:57 - INFO - utils.trainer -    Train loss: 0.00189, Test loss: 3.81940,Epoch time = 12.361s
06/16/2026 15:44:09 - INFO - utils.trainer -   ***** Running evaluation on test0 dataset *****
06/16/2026 15:44:12 - INFO - utils.trainer -   AUC: 0.55920
06/16/2026 15:44:12 - INFO - utils.trainer -   Accuracy: 0.34810
06/16/2026 15:44:12 - INFO - utils.trainer -   Precision: 0.33712
06/16/2026 15:44:12 - INFO - utils.trainer -   Recall: 0.33413
06/16/2026 15:44:12 - INFO - utils.trainer -   F_score: 0.32526
06/16/2026 15:44:12 - INFO - utils.trainer -   Loss: 3.80847
06/16/2026 15:44:12 - INFO - utils.trainer -    Train loss: 0.00851, Test loss: 3.80847,Epoch time = 12.254s
06/16/2026 15:44:24 - INFO - utils.trainer -   ***** Running evaluation on test0 dataset *****
06/16/2026 15:44:27 - INFO - utils.trainer -   AUC: 0.55145
06/16/2026 15:44:27 - INFO - utils.trainer -   Accuracy: 0.32278
06/16/2026 15:44:27 - INFO - utils.trainer -   Precision: 0.31843
06/16/2026 15:44:27 - INFO - utils.trainer -   Recall: 0.30545
06/16/2026 15:44:27 - INFO - utils.trainer -   F_score: 0.29969
06/16/2026 15:44:27 - INFO - utils.trainer -   Loss: 3.72782
06/16/2026 15:44:27 - INFO - utils.trainer -    Train loss: 0.00257, Test loss: 3.72782,Epoch time = 12.328s
06/16/2026 15:44:39 - INFO - utils.trainer -   ***** Running evaluation on test0 dataset *****
06/16/2026 15:44:42 - INFO - utils.trainer -   AUC: 0.56294
06/16/2026 15:44:42 - INFO - utils.trainer -   Accuracy: 0.33544
06/16/2026 15:44:42 - INFO - utils.trainer -   Precision: 0.34651
06/16/2026 15:44:42 - INFO - utils.trainer -   Recall: 0.32688
06/16/2026 15:44:42 - INFO - utils.trainer -   F_score: 0.32291
06/16/2026 15:44:42 - INFO - utils.trainer -   Loss: 3.65192
06/16/2026 15:44:42 - INFO - utils.trainer -    Train loss: 0.00550, Test loss: 3.65192,Epoch time = 12.394s
06/16/2026 15:44:54 - INFO - utils.trainer -   ***** Running evaluation on test0 dataset *****
06/16/2026 15:44:57 - INFO - utils.trainer -   AUC: 0.56624
06/16/2026 15:44:57 - INFO - utils.trainer -   Accuracy: 0.36076
06/16/2026 15:44:57 - INFO - utils.trainer -   Precision: 0.36767
06/16/2026 15:44:57 - INFO - utils.trainer -   Recall: 0.35042
06/16/2026 15:44:57 - INFO - utils.trainer -   F_score: 0.34779
06/16/2026 15:44:57 - INFO - utils.trainer -   Loss: 3.56371
06/16/2026 15:44:57 - INFO - utils.trainer -    Train loss: 0.00179, Test loss: 3.56371,Epoch time = 12.398s
06/16/2026 15:45:09 - INFO - utils.trainer -   ***** Running evaluation on test0 dataset *****
06/16/2026 15:45:12 - INFO - utils.trainer -   AUC: 0.56456
06/16/2026 15:45:12 - INFO - utils.trainer -   Accuracy: 0.34810
06/16/2026 15:45:12 - INFO - utils.trainer -   Precision: 0.35202
06/16/2026 15:45:12 - INFO - utils.trainer -   Recall: 0.33484
06/16/2026 15:45:12 - INFO - utils.trainer -   F_score: 0.32851
06/16/2026 15:45:12 - INFO - utils.trainer -   Loss: 3.71235
06/16/2026 15:45:12 - INFO - utils.trainer -    Train loss: 0.00118, Test loss: 3.71235,Epoch time = 12.214s
06/16/2026 15:45:24 - INFO - utils.trainer -   ***** Running evaluation on test0 dataset *****
06/16/2026 15:45:27 - INFO - utils.trainer -   AUC: 0.56569
06/16/2026 15:45:27 - INFO - utils.trainer -   Accuracy: 0.34810
06/16/2026 15:45:27 - INFO - utils.trainer -   Precision: 0.35209
06/16/2026 15:45:27 - INFO - utils.trainer -   Recall: 0.33484
06/16/2026 15:45:27 - INFO - utils.trainer -   F_score: 0.32798
06/16/2026 15:45:27 - INFO - utils.trainer -   Loss: 3.70034
06/16/2026 15:45:27 - INFO - utils.trainer -    Train loss: 0.00090, Test loss: 3.70034,Epoch time = 12.261s
06/16/2026 15:45:39 - INFO - utils.trainer -   ***** Running evaluation on test0 dataset *****
06/16/2026 15:45:42 - INFO - utils.trainer -   AUC: 0.56621
06/16/2026 15:45:42 - INFO - utils.trainer -   Accuracy: 0.34177
06/16/2026 15:45:42 - INFO - utils.trainer -   Precision: 0.33337
06/16/2026 15:45:42 - INFO - utils.trainer -   Recall: 0.33069
06/16/2026 15:45:42 - INFO - utils.trainer -   F_score: 0.32027
06/16/2026 15:45:42 - INFO - utils.trainer -   Loss: 3.71314
06/16/2026 15:45:42 - INFO - utils.trainer -    Train loss: 0.00240, Test loss: 3.71314,Epoch time = 12.305s
06/16/2026 15:45:54 - INFO - utils.trainer -   ***** Running evaluation on test0 dataset *****
06/16/2026 15:45:57 - INFO - utils.trainer -   AUC: 0.57819
06/16/2026 15:45:57 - INFO - utils.trainer -   Accuracy: 0.32911
06/16/2026 15:45:57 - INFO - utils.trainer -   Precision: 0.32076
06/16/2026 15:45:57 - INFO - utils.trainer -   Recall: 0.32847
06/16/2026 15:45:57 - INFO - utils.trainer -   F_score: 0.31130
06/16/2026 15:45:57 - INFO - utils.trainer -   Loss: 3.67040
06/16/2026 15:45:57 - INFO - utils.trainer -    Train loss: 0.00556, Test loss: 3.67040,Epoch time = 12.270s
06/16/2026 15:46:09 - INFO - utils.trainer -   ***** Running evaluation on test0 dataset *****
06/16/2026 15:46:12 - INFO - utils.trainer -   AUC: 0.58004
06/16/2026 15:46:12 - INFO - utils.trainer -   Accuracy: 0.33544
06/16/2026 15:46:12 - INFO - utils.trainer -   Precision: 0.31595
06/16/2026 15:46:12 - INFO - utils.trainer -   Recall: 0.33445
06/16/2026 15:46:12 - INFO - utils.trainer -   F_score: 0.31842
06/16/2026 15:46:12 - INFO - utils.trainer -   Loss: 3.43766
06/16/2026 15:46:12 - INFO - utils.trainer -    Train loss: 0.00169, Test loss: 3.43766,Epoch time = 12.226s
06/16/2026 15:46:24 - INFO - utils.trainer -   ***** Running evaluation on test0 dataset *****
06/16/2026 15:46:27 - INFO - utils.trainer -   AUC: 0.58185
06/16/2026 15:46:27 - INFO - utils.trainer -   Accuracy: 0.34810
06/16/2026 15:46:27 - INFO - utils.trainer -   Precision: 0.33254
06/16/2026 15:46:27 - INFO - utils.trainer -   Recall: 0.34466
06/16/2026 15:46:27 - INFO - utils.trainer -   F_score: 0.32888
06/16/2026 15:46:27 - INFO - utils.trainer -   Loss: 3.50137
06/16/2026 15:46:27 - INFO - utils.trainer -    Train loss: 0.00169, Test loss: 3.50137,Epoch time = 12.206s
06/16/2026 15:46:39 - INFO - utils.trainer -   ***** Running evaluation on test0 dataset *****
06/16/2026 15:46:42 - INFO - utils.trainer -   AUC: 0.57034
06/16/2026 15:46:42 - INFO - utils.trainer -   Accuracy: 0.35443
06/16/2026 15:46:42 - INFO - utils.trainer -   Precision: 0.35096
06/16/2026 15:46:42 - INFO - utils.trainer -   Recall: 0.33818
06/16/2026 15:46:42 - INFO - utils.trainer -   F_score: 0.32973
06/16/2026 15:46:42 - INFO - utils.trainer -   Loss: 3.74549
06/16/2026 15:46:42 - INFO - utils.trainer -    Train loss: 0.00256, Test loss: 3.74549,Epoch time = 12.264s
06/16/2026 15:46:54 - INFO - utils.trainer -   ***** Running evaluation on test0 dataset *****
06/16/2026 15:46:57 - INFO - utils.trainer -   AUC: 0.57378
06/16/2026 15:46:57 - INFO - utils.trainer -   Accuracy: 0.33544
06/16/2026 15:46:57 - INFO - utils.trainer -   Precision: 0.32472
06/16/2026 15:46:57 - INFO - utils.trainer -   Recall: 0.33115
06/16/2026 15:46:57 - INFO - utils.trainer -   F_score: 0.31924
06/16/2026 15:46:57 - INFO - utils.trainer -   Loss: 3.65667
06/16/2026 15:46:57 - INFO - utils.trainer -    Train loss: 0.00159, Test loss: 3.65667,Epoch time = 12.291s
06/16/2026 15:47:10 - INFO - utils.trainer -   ***** Running evaluation on test0 dataset *****
06/16/2026 15:47:12 - INFO - utils.trainer -   AUC: 0.57292
06/16/2026 15:47:12 - INFO - utils.trainer -   Accuracy: 0.34810
06/16/2026 15:47:12 - INFO - utils.trainer -   Precision: 0.34175
06/16/2026 15:47:12 - INFO - utils.trainer -   Recall: 0.34283
06/16/2026 15:47:12 - INFO - utils.trainer -   F_score: 0.33567
06/16/2026 15:47:12 - INFO - utils.trainer -   Loss: 3.62445
06/16/2026 15:47:12 - INFO - utils.trainer -    Train loss: 0.00151, Test loss: 3.62445,Epoch time = 12.405s
06/16/2026 15:47:25 - INFO - utils.trainer -   ***** Running evaluation on test0 dataset *****
06/16/2026 15:47:27 - INFO - utils.trainer -   AUC: 0.56994
06/16/2026 15:47:27 - INFO - utils.trainer -   Accuracy: 0.36076
06/16/2026 15:47:27 - INFO - utils.trainer -   Precision: 0.35957
06/16/2026 15:47:27 - INFO - utils.trainer -   Recall: 0.34807
06/16/2026 15:47:27 - INFO - utils.trainer -   F_score: 0.34352
06/16/2026 15:47:27 - INFO - utils.trainer -   Loss: 3.67551
06/16/2026 15:47:27 - INFO - utils.trainer -    Train loss: 0.00112, Test loss: 3.67551,Epoch time = 12.262s
06/16/2026 15:47:40 - INFO - utils.trainer -   ***** Running evaluation on test0 dataset *****
06/16/2026 15:47:42 - INFO - utils.trainer -   AUC: 0.57533
06/16/2026 15:47:42 - INFO - utils.trainer -   Accuracy: 0.36709
06/16/2026 15:47:42 - INFO - utils.trainer -   Precision: 0.36453
06/16/2026 15:47:42 - INFO - utils.trainer -   Recall: 0.35813
06/16/2026 15:47:42 - INFO - utils.trainer -   F_score: 0.34941
06/16/2026 15:47:42 - INFO - utils.trainer -   Loss: 3.68960
06/16/2026 15:47:42 - INFO - utils.trainer -    Train loss: 0.00186, Test loss: 3.68960,Epoch time = 12.281s
06/16/2026 15:47:55 - INFO - utils.trainer -   ***** Running evaluation on test0 dataset *****
06/16/2026 15:47:57 - INFO - utils.trainer -   AUC: 0.58233
06/16/2026 15:47:57 - INFO - utils.trainer -   Accuracy: 0.33544
06/16/2026 15:47:57 - INFO - utils.trainer -   Precision: 0.33171
06/16/2026 15:47:57 - INFO - utils.trainer -   Recall: 0.33280
06/16/2026 15:47:57 - INFO - utils.trainer -   F_score: 0.31820
06/16/2026 15:47:57 - INFO - utils.trainer -   Loss: 3.75917
06/16/2026 15:47:57 - INFO - utils.trainer -    Train loss: 0.00070, Test loss: 3.75917,Epoch time = 12.282s
06/16/2026 15:48:10 - INFO - utils.trainer -   ***** Running evaluation on test0 dataset *****
06/16/2026 15:48:12 - INFO - utils.trainer -   AUC: 0.58024
06/16/2026 15:48:12 - INFO - utils.trainer -   Accuracy: 0.37342
06/16/2026 15:48:12 - INFO - utils.trainer -   Precision: 0.36669
06/16/2026 15:48:12 - INFO - utils.trainer -   Recall: 0.36323
06/16/2026 15:48:12 - INFO - utils.trainer -   F_score: 0.35501
06/16/2026 15:48:12 - INFO - utils.trainer -   Loss: 3.63485
06/16/2026 15:48:12 - INFO - utils.trainer -    Train loss: 0.00129, Test loss: 3.63485,Epoch time = 12.275s
06/16/2026 15:48:25 - INFO - utils.trainer -   ***** Running evaluation on test0 dataset *****
06/16/2026 15:48:28 - INFO - utils.trainer -   AUC: 0.57863
06/16/2026 15:48:28 - INFO - utils.trainer -   Accuracy: 0.37342
06/16/2026 15:48:28 - INFO - utils.trainer -   Precision: 0.36677
06/16/2026 15:48:28 - INFO - utils.trainer -   Recall: 0.36235
06/16/2026 15:48:28 - INFO - utils.trainer -   F_score: 0.35361
06/16/2026 15:48:28 - INFO - utils.trainer -   Loss: 3.62496
06/16/2026 15:48:28 - INFO - utils.trainer -    Train loss: 0.00084, Test loss: 3.62496,Epoch time = 12.357s
06/16/2026 15:48:40 - INFO - utils.trainer -   ***** Running evaluation on test0 dataset *****
06/16/2026 15:48:43 - INFO - utils.trainer -   AUC: 0.58472
06/16/2026 15:48:43 - INFO - utils.trainer -   Accuracy: 0.33544
06/16/2026 15:48:43 - INFO - utils.trainer -   Precision: 0.33673
06/16/2026 15:48:43 - INFO - utils.trainer -   Recall: 0.33671
06/16/2026 15:48:43 - INFO - utils.trainer -   F_score: 0.32062
06/16/2026 15:48:43 - INFO - utils.trainer -   Loss: 3.69956
06/16/2026 15:48:43 - INFO - utils.trainer -    Train loss: 0.00306, Test loss: 3.69956,Epoch time = 12.306s
06/16/2026 15:48:55 - INFO - utils.trainer -   ***** Running evaluation on test0 dataset *****
06/16/2026 15:48:58 - INFO - utils.trainer -   AUC: 0.58166
06/16/2026 15:48:58 - INFO - utils.trainer -   Accuracy: 0.36076
06/16/2026 15:48:58 - INFO - utils.trainer -   Precision: 0.35996
06/16/2026 15:48:58 - INFO - utils.trainer -   Recall: 0.35694
06/16/2026 15:48:58 - INFO - utils.trainer -   F_score: 0.34703
06/16/2026 15:48:58 - INFO - utils.trainer -   Loss: 3.55137
06/16/2026 15:48:58 - INFO - utils.trainer -    Train loss: 0.00102, Test loss: 3.55137,Epoch time = 12.220s
06/16/2026 15:49:10 - INFO - utils.trainer -   ***** Running evaluation on test0 dataset *****
06/16/2026 15:49:12 - INFO - utils.trainer -   AUC: 0.58514
06/16/2026 15:49:12 - INFO - utils.trainer -   Accuracy: 0.37975
06/16/2026 15:49:12 - INFO - utils.trainer -   Precision: 0.37795
06/16/2026 15:49:12 - INFO - utils.trainer -   Recall: 0.37390
06/16/2026 15:49:12 - INFO - utils.trainer -   F_score: 0.36125
06/16/2026 15:49:12 - INFO - utils.trainer -   Loss: 3.63054
06/16/2026 15:49:12 - INFO - utils.trainer -    Train loss: 0.00189, Test loss: 3.63054,Epoch time = 12.203s
06/16/2026 15:49:25 - INFO - utils.trainer -   ***** Running evaluation on test0 dataset *****
06/16/2026 15:49:28 - INFO - utils.trainer -   AUC: 0.57834
06/16/2026 15:49:28 - INFO - utils.trainer -   Accuracy: 0.38608
06/16/2026 15:49:28 - INFO - utils.trainer -   Precision: 0.37894
06/16/2026 15:49:28 - INFO - utils.trainer -   Recall: 0.37403
06/16/2026 15:49:28 - INFO - utils.trainer -   F_score: 0.36473
06/16/2026 15:49:28 - INFO - utils.trainer -   Loss: 3.62322
06/16/2026 15:49:28 - INFO - utils.trainer -    Train loss: 0.00115, Test loss: 3.62322,Epoch time = 12.367s
06/16/2026 15:49:40 - INFO - utils.trainer -   ***** Running evaluation on test0 dataset *****
06/16/2026 15:49:43 - INFO - utils.trainer -   AUC: 0.57983
06/16/2026 15:49:43 - INFO - utils.trainer -   Accuracy: 0.37342
06/16/2026 15:49:43 - INFO - utils.trainer -   Precision: 0.37137
06/16/2026 15:49:43 - INFO - utils.trainer -   Recall: 0.36549
06/16/2026 15:49:43 - INFO - utils.trainer -   F_score: 0.35612
06/16/2026 15:49:43 - INFO - utils.trainer -   Loss: 3.69044
06/16/2026 15:49:43 - INFO - utils.trainer -    Train loss: 0.00077, Test loss: 3.69044,Epoch time = 12.281s
06/16/2026 15:49:55 - INFO - utils.trainer -   ***** Running evaluation on test0 dataset *****
06/16/2026 15:49:58 - INFO - utils.trainer -   AUC: 0.58079
06/16/2026 15:49:58 - INFO - utils.trainer -   Accuracy: 0.39873
06/16/2026 15:49:58 - INFO - utils.trainer -   Precision: 0.39534
06/16/2026 15:49:58 - INFO - utils.trainer -   Recall: 0.38737
06/16/2026 15:49:58 - INFO - utils.trainer -   F_score: 0.37916
06/16/2026 15:49:58 - INFO - utils.trainer -   Loss: 3.64974
06/16/2026 15:49:58 - INFO - utils.trainer -    Train loss: 0.00145, Test loss: 3.64974,Epoch time = 12.268s
06/16/2026 15:50:10 - INFO - utils.trainer -   ***** Running evaluation on test0 dataset *****
06/16/2026 15:50:13 - INFO - utils.trainer -   AUC: 0.57939
06/16/2026 15:50:13 - INFO - utils.trainer -   Accuracy: 0.37342
06/16/2026 15:50:13 - INFO - utils.trainer -   Precision: 0.36674
06/16/2026 15:50:13 - INFO - utils.trainer -   Recall: 0.36714
06/16/2026 15:50:13 - INFO - utils.trainer -   F_score: 0.35647
06/16/2026 15:50:13 - INFO - utils.trainer -   Loss: 3.75397
06/16/2026 15:50:13 - INFO - utils.trainer -    Train loss: 0.00103, Test loss: 3.75397,Epoch time = 12.376s
06/16/2026 15:50:25 - INFO - utils.trainer -   ***** Running evaluation on test0 dataset *****
06/16/2026 15:50:28 - INFO - utils.trainer -   AUC: 0.57724
06/16/2026 15:50:28 - INFO - utils.trainer -   Accuracy: 0.35443
06/16/2026 15:50:28 - INFO - utils.trainer -   Precision: 0.34870
06/16/2026 15:50:28 - INFO - utils.trainer -   Recall: 0.34852
06/16/2026 15:50:28 - INFO - utils.trainer -   F_score: 0.34150
06/16/2026 15:50:28 - INFO - utils.trainer -   Loss: 3.73401
06/16/2026 15:50:28 - INFO - utils.trainer -    Train loss: 0.00033, Test loss: 3.73401,Epoch time = 12.262s
06/16/2026 15:50:40 - INFO - utils.trainer -   ***** Running evaluation on test0 dataset *****
06/16/2026 15:50:43 - INFO - utils.trainer -   AUC: 0.57828
06/16/2026 15:50:43 - INFO - utils.trainer -   Accuracy: 0.36076
06/16/2026 15:50:43 - INFO - utils.trainer -   Precision: 0.35718
06/16/2026 15:50:43 - INFO - utils.trainer -   Recall: 0.35032
06/16/2026 15:50:43 - INFO - utils.trainer -   F_score: 0.34516
06/16/2026 15:50:43 - INFO - utils.trainer -   Loss: 3.80823
06/16/2026 15:50:43 - INFO - utils.trainer -    Train loss: 0.00138, Test loss: 3.80823,Epoch time = 12.300s
06/16/2026 15:50:55 - INFO - utils.trainer -   ***** Running evaluation on test0 dataset *****
06/16/2026 15:50:58 - INFO - utils.trainer -   AUC: 0.57487
06/16/2026 15:50:58 - INFO - utils.trainer -   Accuracy: 0.36076
06/16/2026 15:50:58 - INFO - utils.trainer -   Precision: 0.35121
06/16/2026 15:50:58 - INFO - utils.trainer -   Recall: 0.34824
06/16/2026 15:50:58 - INFO - utils.trainer -   F_score: 0.33930
06/16/2026 15:50:58 - INFO - utils.trainer -   Loss: 3.89377
06/16/2026 15:50:58 - INFO - utils.trainer -    Train loss: 0.00104, Test loss: 3.89377,Epoch time = 12.256s
06/16/2026 15:51:10 - INFO - utils.trainer -   ***** Running evaluation on test0 dataset *****
06/16/2026 15:51:13 - INFO - utils.trainer -   AUC: 0.57328
06/16/2026 15:51:13 - INFO - utils.trainer -   Accuracy: 0.37342
06/16/2026 15:51:13 - INFO - utils.trainer -   Precision: 0.36755
06/16/2026 15:51:13 - INFO - utils.trainer -   Recall: 0.36070
06/16/2026 15:51:13 - INFO - utils.trainer -   F_score: 0.35114
06/16/2026 15:51:13 - INFO - utils.trainer -   Loss: 3.93315
06/16/2026 15:51:13 - INFO - utils.trainer -    Train loss: 0.00110, Test loss: 3.93315,Epoch time = 12.288s
06/16/2026 15:51:25 - INFO - utils.trainer -   ***** Running evaluation on test0 dataset *****
06/16/2026 15:51:28 - INFO - utils.trainer -   AUC: 0.57537
06/16/2026 15:51:28 - INFO - utils.trainer -   Accuracy: 0.37342
06/16/2026 15:51:28 - INFO - utils.trainer -   Precision: 0.37029
06/16/2026 15:51:28 - INFO - utils.trainer -   Recall: 0.36052
06/16/2026 15:51:28 - INFO - utils.trainer -   F_score: 0.35474
06/16/2026 15:51:28 - INFO - utils.trainer -   Loss: 3.81245
06/16/2026 15:51:28 - INFO - utils.trainer -    Train loss: 0.00080, Test loss: 3.81245,Epoch time = 12.250s
06/16/2026 15:51:40 - INFO - utils.trainer -   ***** Running evaluation on test0 dataset *****
06/16/2026 15:51:43 - INFO - utils.trainer -   AUC: 0.57766
06/16/2026 15:51:43 - INFO - utils.trainer -   Accuracy: 0.36076
06/16/2026 15:51:43 - INFO - utils.trainer -   Precision: 0.35258
06/16/2026 15:51:43 - INFO - utils.trainer -   Recall: 0.35634
06/16/2026 15:51:43 - INFO - utils.trainer -   F_score: 0.34411
06/16/2026 15:51:43 - INFO - utils.trainer -   Loss: 3.75991
06/16/2026 15:51:43 - INFO - utils.trainer -    Train loss: 0.00060, Test loss: 3.75991,Epoch time = 12.281s
06/16/2026 15:51:55 - INFO - utils.trainer -   ***** Running evaluation on test0 dataset *****
06/16/2026 15:51:58 - INFO - utils.trainer -   AUC: 0.57399
06/16/2026 15:51:58 - INFO - utils.trainer -   Accuracy: 0.36709
06/16/2026 15:51:58 - INFO - utils.trainer -   Precision: 0.35248
06/16/2026 15:51:58 - INFO - utils.trainer -   Recall: 0.36056
06/16/2026 15:51:58 - INFO - utils.trainer -   F_score: 0.34874
06/16/2026 15:51:58 - INFO - utils.trainer -   Loss: 3.72563
06/16/2026 15:51:58 - INFO - utils.trainer -    Train loss: 0.00060, Test loss: 3.72563,Epoch time = 12.277s
06/16/2026 15:52:10 - INFO - utils.trainer -   ***** Running evaluation on test0 dataset *****
06/16/2026 15:52:13 - INFO - utils.trainer -   AUC: 0.57429
06/16/2026 15:52:13 - INFO - utils.trainer -   Accuracy: 0.32911
06/16/2026 15:52:13 - INFO - utils.trainer -   Precision: 0.31884
06/16/2026 15:52:13 - INFO - utils.trainer -   Recall: 0.32361
06/16/2026 15:52:13 - INFO - utils.trainer -   F_score: 0.31678
06/16/2026 15:52:13 - INFO - utils.trainer -   Loss: 3.64917
06/16/2026 15:52:13 - INFO - utils.trainer -    Train loss: 0.00167, Test loss: 3.64917,Epoch time = 12.333s
06/16/2026 15:52:25 - INFO - utils.trainer -   ***** Running evaluation on test0 dataset *****
06/16/2026 15:52:28 - INFO - utils.trainer -   AUC: 0.57881
06/16/2026 15:52:28 - INFO - utils.trainer -   Accuracy: 0.33544
06/16/2026 15:52:28 - INFO - utils.trainer -   Precision: 0.32798
06/16/2026 15:52:28 - INFO - utils.trainer -   Recall: 0.33368
06/16/2026 15:52:28 - INFO - utils.trainer -   F_score: 0.32028
06/16/2026 15:52:28 - INFO - utils.trainer -   Loss: 3.67184
06/16/2026 15:52:28 - INFO - utils.trainer -    Train loss: 0.00042, Test loss: 3.67184,Epoch time = 12.291s
06/16/2026 15:52:40 - INFO - utils.trainer -   ***** Running evaluation on test0 dataset *****
06/16/2026 15:52:43 - INFO - utils.trainer -   AUC: 0.58695
06/16/2026 15:52:43 - INFO - utils.trainer -   Accuracy: 0.34177
06/16/2026 15:52:43 - INFO - utils.trainer -   Precision: 0.34700
06/16/2026 15:52:43 - INFO - utils.trainer -   Recall: 0.34163
06/16/2026 15:52:43 - INFO - utils.trainer -   F_score: 0.33074
06/16/2026 15:52:43 - INFO - utils.trainer -   Loss: 3.65866
06/16/2026 15:52:43 - INFO - utils.trainer -    Train loss: 0.00111, Test loss: 3.65866,Epoch time = 12.268s
06/16/2026 15:52:55 - INFO - utils.trainer -   ***** Running evaluation on test0 dataset *****
06/16/2026 15:52:58 - INFO - utils.trainer -   AUC: 0.56851
06/16/2026 15:52:58 - INFO - utils.trainer -   Accuracy: 0.36709
06/16/2026 15:52:58 - INFO - utils.trainer -   Precision: 0.36316
06/16/2026 15:52:58 - INFO - utils.trainer -   Recall: 0.35288
06/16/2026 15:52:58 - INFO - utils.trainer -   F_score: 0.34407
06/16/2026 15:52:58 - INFO - utils.trainer -   Loss: 3.82085
06/16/2026 15:52:58 - INFO - utils.trainer -    Train loss: 0.00494, Test loss: 3.82085,Epoch time = 12.482s
06/16/2026 15:53:10 - INFO - utils.trainer -   ***** Running evaluation on test0 dataset *****
06/16/2026 15:53:13 - INFO - utils.trainer -   AUC: 0.55814
06/16/2026 15:53:13 - INFO - utils.trainer -   Accuracy: 0.37342
06/16/2026 15:53:13 - INFO - utils.trainer -   Precision: 0.36450
06/16/2026 15:53:13 - INFO - utils.trainer -   Recall: 0.35408
06/16/2026 15:53:13 - INFO - utils.trainer -   F_score: 0.34237
06/16/2026 15:53:13 - INFO - utils.trainer -   Loss: 3.96159
06/16/2026 15:53:13 - INFO - utils.trainer -    Train loss: 0.00377, Test loss: 3.96159,Epoch time = 12.324s
06/16/2026 15:53:25 - INFO - utils.trainer -   ***** Running evaluation on test0 dataset *****
06/16/2026 15:53:28 - INFO - utils.trainer -   AUC: 0.57933
06/16/2026 15:53:28 - INFO - utils.trainer -   Accuracy: 0.36076
06/16/2026 15:53:28 - INFO - utils.trainer -   Precision: 0.35861
06/16/2026 15:53:28 - INFO - utils.trainer -   Recall: 0.34807
06/16/2026 15:53:28 - INFO - utils.trainer -   F_score: 0.34190
06/16/2026 15:53:28 - INFO - utils.trainer -   Loss: 3.64397
06/16/2026 15:53:28 - INFO - utils.trainer -    Train loss: 0.00146, Test loss: 3.64397,Epoch time = 12.253s
06/16/2026 15:53:40 - INFO - utils.trainer -   ***** Running evaluation on test0 dataset *****
06/16/2026 15:53:43 - INFO - utils.trainer -   AUC: 0.57899
06/16/2026 15:53:43 - INFO - utils.trainer -   Accuracy: 0.38608
06/16/2026 15:53:43 - INFO - utils.trainer -   Precision: 0.38095
06/16/2026 15:53:43 - INFO - utils.trainer -   Recall: 0.36516
06/16/2026 15:53:43 - INFO - utils.trainer -   F_score: 0.35681
06/16/2026 15:53:43 - INFO - utils.trainer -   Loss: 3.67222
06/16/2026 15:53:43 - INFO - utils.trainer -    Train loss: 0.00152, Test loss: 3.67222,Epoch time = 12.300s
06/16/2026 15:53:55 - INFO - utils.trainer -   ***** Running evaluation on test0 dataset *****
06/16/2026 15:53:58 - INFO - utils.trainer -   AUC: 0.58560
06/16/2026 15:53:58 - INFO - utils.trainer -   Accuracy: 0.37975
06/16/2026 15:53:58 - INFO - utils.trainer -   Precision: 0.37645
06/16/2026 15:53:58 - INFO - utils.trainer -   Recall: 0.36337
06/16/2026 15:53:58 - INFO - utils.trainer -   F_score: 0.35565
06/16/2026 15:53:58 - INFO - utils.trainer -   Loss: 3.61920
06/16/2026 15:53:58 - INFO - utils.trainer -    Train loss: 0.00076, Test loss: 3.61920,Epoch time = 12.306s
06/16/2026 15:54:10 - INFO - utils.trainer -   ***** Running evaluation on test0 dataset *****
06/16/2026 15:54:13 - INFO - utils.trainer -   AUC: 0.58204
06/16/2026 15:54:13 - INFO - utils.trainer -   Accuracy: 0.36709
06/16/2026 15:54:13 - INFO - utils.trainer -   Precision: 0.36654
06/16/2026 15:54:13 - INFO - utils.trainer -   Recall: 0.34986
06/16/2026 15:54:13 - INFO - utils.trainer -   F_score: 0.34347
06/16/2026 15:54:13 - INFO - utils.trainer -   Loss: 3.60642
06/16/2026 15:54:13 - INFO - utils.trainer -    Train loss: 0.00156, Test loss: 3.60642,Epoch time = 12.322s
06/16/2026 15:54:26 - INFO - utils.trainer -   ***** Running evaluation on test0 dataset *****
06/16/2026 15:54:28 - INFO - utils.trainer -   AUC: 0.58370
06/16/2026 15:54:28 - INFO - utils.trainer -   Accuracy: 0.37342
06/16/2026 15:54:28 - INFO - utils.trainer -   Precision: 0.37149
06/16/2026 15:54:28 - INFO - utils.trainer -   Recall: 0.36383
06/16/2026 15:54:28 - INFO - utils.trainer -   F_score: 0.35633
06/16/2026 15:54:28 - INFO - utils.trainer -   Loss: 3.54484
06/16/2026 15:54:28 - INFO - utils.trainer -    Train loss: 0.00101, Test loss: 3.54484,Epoch time = 12.402s
06/16/2026 15:54:41 - INFO - utils.trainer -   ***** Running evaluation on test0 dataset *****
06/16/2026 15:54:43 - INFO - utils.trainer -   AUC: 0.58289
06/16/2026 15:54:43 - INFO - utils.trainer -   Accuracy: 0.37975
06/16/2026 15:54:43 - INFO - utils.trainer -   Precision: 0.37418
06/16/2026 15:54:43 - INFO - utils.trainer -   Recall: 0.36415
06/16/2026 15:54:43 - INFO - utils.trainer -   F_score: 0.35567
06/16/2026 15:54:43 - INFO - utils.trainer -   Loss: 3.61984
06/16/2026 15:54:44 - INFO - utils.trainer -    Train loss: 0.00072, Test loss: 3.61984,Epoch time = 12.348s
06/16/2026 15:54:56 - INFO - utils.trainer -   ***** Running evaluation on test0 dataset *****
06/16/2026 15:54:58 - INFO - utils.trainer -   AUC: 0.59154
06/16/2026 15:54:58 - INFO - utils.trainer -   Accuracy: 0.36076
06/16/2026 15:54:58 - INFO - utils.trainer -   Precision: 0.35155
06/16/2026 15:54:58 - INFO - utils.trainer -   Recall: 0.35711
06/16/2026 15:54:58 - INFO - utils.trainer -   F_score: 0.34197
06/16/2026 15:54:58 - INFO - utils.trainer -   Loss: 3.67655
06/16/2026 15:54:58 - INFO - utils.trainer -    Train loss: 0.00220, Test loss: 3.67655,Epoch time = 12.325s
06/16/2026 15:55:11 - INFO - utils.trainer -   ***** Running evaluation on test0 dataset *****
06/16/2026 15:55:13 - INFO - utils.trainer -   AUC: 0.59114
06/16/2026 15:55:13 - INFO - utils.trainer -   Accuracy: 0.36076
06/16/2026 15:55:13 - INFO - utils.trainer -   Precision: 0.34969
06/16/2026 15:55:13 - INFO - utils.trainer -   Recall: 0.35877
06/16/2026 15:55:13 - INFO - utils.trainer -   F_score: 0.34154
06/16/2026 15:55:13 - INFO - utils.trainer -   Loss: 3.66960
06/16/2026 15:55:13 - INFO - utils.trainer -    Train loss: 0.00067, Test loss: 3.66960,Epoch time = 12.234s
06/16/2026 15:55:26 - INFO - utils.trainer -   ***** Running evaluation on test0 dataset *****
06/16/2026 15:55:28 - INFO - utils.trainer -   AUC: 0.58706
06/16/2026 15:55:28 - INFO - utils.trainer -   Accuracy: 0.39873
06/16/2026 15:55:28 - INFO - utils.trainer -   Precision: 0.39209
06/16/2026 15:55:28 - INFO - utils.trainer -   Recall: 0.38530
06/16/2026 15:55:28 - INFO - utils.trainer -   F_score: 0.37504
06/16/2026 15:55:28 - INFO - utils.trainer -   Loss: 3.67924
06/16/2026 15:55:28 - INFO - utils.trainer -    Train loss: 0.00144, Test loss: 3.67924,Epoch time = 12.269s
06/16/2026 15:55:41 - INFO - utils.trainer -   ***** Running evaluation on test0 dataset *****
06/16/2026 15:55:43 - INFO - utils.trainer -   AUC: 0.58569
06/16/2026 15:55:43 - INFO - utils.trainer -   Accuracy: 0.39873
06/16/2026 15:55:43 - INFO - utils.trainer -   Precision: 0.38527
06/16/2026 15:55:43 - INFO - utils.trainer -   Recall: 0.38217
06/16/2026 15:55:43 - INFO - utils.trainer -   F_score: 0.36986
06/16/2026 15:55:43 - INFO - utils.trainer -   Loss: 3.66813
06/16/2026 15:55:43 - INFO - utils.trainer -    Train loss: 0.00038, Test loss: 3.66813,Epoch time = 12.305s
06/16/2026 15:55:56 - INFO - utils.trainer -   ***** Running evaluation on test0 dataset *****
06/16/2026 15:55:58 - INFO - utils.trainer -   AUC: 0.58408
06/16/2026 15:55:58 - INFO - utils.trainer -   Accuracy: 0.38608
06/16/2026 15:55:58 - INFO - utils.trainer -   Precision: 0.37712
06/16/2026 15:55:58 - INFO - utils.trainer -   Recall: 0.37569
06/16/2026 15:55:58 - INFO - utils.trainer -   F_score: 0.36736
06/16/2026 15:55:58 - INFO - utils.trainer -   Loss: 3.58158
06/16/2026 15:55:58 - INFO - utils.trainer -    Train loss: 0.00026, Test loss: 3.58158,Epoch time = 12.352s
06/16/2026 15:56:11 - INFO - utils.trainer -   ***** Running evaluation on test0 dataset *****
06/16/2026 15:56:13 - INFO - utils.trainer -   AUC: 0.58619
06/16/2026 15:56:13 - INFO - utils.trainer -   Accuracy: 0.39241
06/16/2026 15:56:13 - INFO - utils.trainer -   Precision: 0.38891
06/16/2026 15:56:13 - INFO - utils.trainer -   Recall: 0.37931
06/16/2026 15:56:13 - INFO - utils.trainer -   F_score: 0.36857
06/16/2026 15:56:13 - INFO - utils.trainer -   Loss: 3.72664
06/16/2026 15:56:13 - INFO - utils.trainer -    Train loss: 0.00053, Test loss: 3.72664,Epoch time = 12.337s
06/16/2026 15:56:26 - INFO - utils.trainer -   ***** Running evaluation on test0 dataset *****
06/16/2026 15:56:28 - INFO - utils.trainer -   AUC: 0.58853
06/16/2026 15:56:28 - INFO - utils.trainer -   Accuracy: 0.37342
06/16/2026 15:56:28 - INFO - utils.trainer -   Precision: 0.36732
06/16/2026 15:56:28 - INFO - utils.trainer -   Recall: 0.36401
06/16/2026 15:56:28 - INFO - utils.trainer -   F_score: 0.35399
06/16/2026 15:56:28 - INFO - utils.trainer -   Loss: 3.69301
06/16/2026 15:56:28 - INFO - utils.trainer -    Train loss: 0.00019, Test loss: 3.69301,Epoch time = 12.259s
06/16/2026 15:56:41 - INFO - utils.trainer -   ***** Running evaluation on test0 dataset *****
06/16/2026 15:56:43 - INFO - utils.trainer -   AUC: 0.58478
06/16/2026 15:56:43 - INFO - utils.trainer -   Accuracy: 0.37975
06/16/2026 15:56:43 - INFO - utils.trainer -   Precision: 0.37316
06/16/2026 15:56:43 - INFO - utils.trainer -   Recall: 0.37059
06/16/2026 15:56:43 - INFO - utils.trainer -   F_score: 0.36265
06/16/2026 15:56:43 - INFO - utils.trainer -   Loss: 3.64827
06/16/2026 15:56:43 - INFO - utils.trainer -    Train loss: 0.00065, Test loss: 3.64827,Epoch time = 12.316s
06/16/2026 15:56:56 - INFO - utils.trainer -   ***** Running evaluation on test0 dataset *****
06/16/2026 15:56:58 - INFO - utils.trainer -   AUC: 0.58542
06/16/2026 15:56:58 - INFO - utils.trainer -   Accuracy: 0.39241
06/16/2026 15:56:58 - INFO - utils.trainer -   Precision: 0.38885
06/16/2026 15:56:58 - INFO - utils.trainer -   Recall: 0.38079
06/16/2026 15:56:58 - INFO - utils.trainer -   F_score: 0.37317
06/16/2026 15:56:58 - INFO - utils.trainer -   Loss: 3.66900
06/16/2026 15:56:58 - INFO - utils.trainer -    Train loss: 0.00059, Test loss: 3.66900,Epoch time = 12.199s
06/16/2026 15:57:11 - INFO - utils.trainer -   ***** Running evaluation on test0 dataset *****
06/16/2026 15:57:14 - INFO - utils.trainer -   AUC: 0.58540
06/16/2026 15:57:14 - INFO - utils.trainer -   Accuracy: 0.39241
06/16/2026 15:57:14 - INFO - utils.trainer -   Precision: 0.38439
06/16/2026 15:57:14 - INFO - utils.trainer -   Recall: 0.37931
06/16/2026 15:57:14 - INFO - utils.trainer -   F_score: 0.36830
06/16/2026 15:57:14 - INFO - utils.trainer -   Loss: 3.77705
06/16/2026 15:57:14 - INFO - utils.trainer -    Train loss: 0.00042, Test loss: 3.77705,Epoch time = 12.481s
06/16/2026 15:57:26 - INFO - utils.trainer -   ***** Running evaluation on test0 dataset *****
06/16/2026 15:57:29 - INFO - utils.trainer -   AUC: 0.58589
06/16/2026 15:57:29 - INFO - utils.trainer -   Accuracy: 0.39241
06/16/2026 15:57:29 - INFO - utils.trainer -   Precision: 0.38362
06/16/2026 15:57:29 - INFO - utils.trainer -   Recall: 0.37931
06/16/2026 15:57:29 - INFO - utils.trainer -   F_score: 0.36881
06/16/2026 15:57:29 - INFO - utils.trainer -   Loss: 3.68266
06/16/2026 15:57:29 - INFO - utils.trainer -    Train loss: 0.00038, Test loss: 3.68266,Epoch time = 12.439s
06/16/2026 15:57:41 - INFO - utils.trainer -   ***** Running evaluation on test0 dataset *****
06/16/2026 15:57:44 - INFO - utils.trainer -   AUC: 0.58711
06/16/2026 15:57:44 - INFO - utils.trainer -   Accuracy: 0.39873
06/16/2026 15:57:44 - INFO - utils.trainer -   Precision: 0.39452
06/16/2026 15:57:44 - INFO - utils.trainer -   Recall: 0.38589
06/16/2026 15:57:44 - INFO - utils.trainer -   F_score: 0.37730
06/16/2026 15:57:44 - INFO - utils.trainer -   Loss: 3.73574
06/16/2026 15:57:44 - INFO - utils.trainer -    Train loss: 0.00054, Test loss: 3.73574,Epoch time = 12.291s
06/16/2026 15:57:56 - INFO - utils.trainer -   ***** Running evaluation on test0 dataset *****
06/16/2026 15:57:59 - INFO - utils.trainer -   AUC: 0.58547
06/16/2026 15:57:59 - INFO - utils.trainer -   Accuracy: 0.37975
06/16/2026 15:57:59 - INFO - utils.trainer -   Precision: 0.36942
06/16/2026 15:57:59 - INFO - utils.trainer -   Recall: 0.36746
06/16/2026 15:57:59 - INFO - utils.trainer -   F_score: 0.35816
06/16/2026 15:57:59 - INFO - utils.trainer -   Loss: 3.62720
06/16/2026 15:57:59 - INFO - utils.trainer -    Train loss: 0.00039, Test loss: 3.62720,Epoch time = 12.267s
06/16/2026 15:58:11 - INFO - utils.trainer -   ***** Running evaluation on test0 dataset *****
06/16/2026 15:58:14 - INFO - utils.trainer -   AUC: 0.58453
06/16/2026 15:58:14 - INFO - utils.trainer -   Accuracy: 0.36709
06/16/2026 15:58:14 - INFO - utils.trainer -   Precision: 0.35924
06/16/2026 15:58:14 - INFO - utils.trainer -   Recall: 0.35394
06/16/2026 15:58:14 - INFO - utils.trainer -   F_score: 0.34555
06/16/2026 15:58:14 - INFO - utils.trainer -   Loss: 3.64921
06/16/2026 15:58:14 - INFO - utils.trainer -    Train loss: 0.00045, Test loss: 3.64921,Epoch time = 12.291s
06/16/2026 15:58:26 - INFO - utils.trainer -   ***** Running evaluation on test0 dataset *****
06/16/2026 15:58:29 - INFO - utils.trainer -   AUC: 0.57478
06/16/2026 15:58:29 - INFO - utils.trainer -   Accuracy: 0.35443
06/16/2026 15:58:29 - INFO - utils.trainer -   Precision: 0.35503
06/16/2026 15:58:29 - INFO - utils.trainer -   Recall: 0.34374
06/16/2026 15:58:29 - INFO - utils.trainer -   F_score: 0.33843
06/16/2026 15:58:29 - INFO - utils.trainer -   Loss: 3.68595
06/16/2026 15:58:29 - INFO - utils.trainer -    Train loss: 0.00216, Test loss: 3.68595,Epoch time = 12.283s
06/16/2026 15:58:41 - INFO - utils.trainer -   ***** Running evaluation on test0 dataset *****
06/16/2026 15:58:44 - INFO - utils.trainer -   AUC: 0.58182
06/16/2026 15:58:44 - INFO - utils.trainer -   Accuracy: 0.34810
06/16/2026 15:58:44 - INFO - utils.trainer -   Precision: 0.34255
06/16/2026 15:58:44 - INFO - utils.trainer -   Recall: 0.34751
06/16/2026 15:58:44 - INFO - utils.trainer -   F_score: 0.33813
06/16/2026 15:58:44 - INFO - utils.trainer -   Loss: 3.48273
06/16/2026 15:58:44 - INFO - utils.trainer -    Train loss: 0.00191, Test loss: 3.48273,Epoch time = 12.294s
06/16/2026 15:58:56 - INFO - utils.trainer -   ***** Running evaluation on test0 dataset *****
06/16/2026 15:58:59 - INFO - utils.trainer -   AUC: 0.59084
06/16/2026 15:58:59 - INFO - utils.trainer -   Accuracy: 0.35443
06/16/2026 15:58:59 - INFO - utils.trainer -   Precision: 0.34254
06/16/2026 15:58:59 - INFO - utils.trainer -   Recall: 0.35261
06/16/2026 15:58:59 - INFO - utils.trainer -   F_score: 0.33849
06/16/2026 15:58:59 - INFO - utils.trainer -   Loss: 3.38968
06/16/2026 15:58:59 - INFO - utils.trainer -    Train loss: 0.00143, Test loss: 3.38968,Epoch time = 12.251s
06/16/2026 15:59:11 - INFO - utils.trainer -   ***** Running evaluation on test0 dataset *****
06/16/2026 15:59:14 - INFO - utils.trainer -   AUC: 0.58625
06/16/2026 15:59:14 - INFO - utils.trainer -   Accuracy: 0.39873
06/16/2026 15:59:14 - INFO - utils.trainer -   Precision: 0.38860
06/16/2026 15:59:14 - INFO - utils.trainer -   Recall: 0.38276
06/16/2026 15:59:14 - INFO - utils.trainer -   F_score: 0.37307
06/16/2026 15:59:14 - INFO - utils.trainer -   Loss: 3.69958
06/16/2026 15:59:14 - INFO - utils.trainer -    Train loss: 0.00174, Test loss: 3.69958,Epoch time = 12.244s
06/16/2026 15:59:26 - INFO - utils.trainer -   ***** Running evaluation on test0 dataset *****
06/16/2026 15:59:29 - INFO - utils.trainer -   AUC: 0.58681
06/16/2026 15:59:29 - INFO - utils.trainer -   Accuracy: 0.38608
06/16/2026 15:59:29 - INFO - utils.trainer -   Precision: 0.38197
06/16/2026 15:59:29 - INFO - utils.trainer -   Recall: 0.37481
06/16/2026 15:59:29 - INFO - utils.trainer -   F_score: 0.36469
06/16/2026 15:59:29 - INFO - utils.trainer -   Loss: 3.70827
06/16/2026 15:59:29 - INFO - utils.trainer -    Train loss: 0.00065, Test loss: 3.70827,Epoch time = 12.300s
06/16/2026 15:59:41 - INFO - utils.trainer -   ***** Running evaluation on test0 dataset *****
06/16/2026 15:59:44 - INFO - utils.trainer -   AUC: 0.58500
06/16/2026 15:59:44 - INFO - utils.trainer -   Accuracy: 0.37975
06/16/2026 15:59:44 - INFO - utils.trainer -   Precision: 0.37406
06/16/2026 15:59:44 - INFO - utils.trainer -   Recall: 0.36746
06/16/2026 15:59:44 - INFO - utils.trainer -   F_score: 0.35781
06/16/2026 15:59:44 - INFO - utils.trainer -   Loss: 3.71907
06/16/2026 15:59:44 - INFO - utils.trainer -    Train loss: 0.00025, Test loss: 3.71907,Epoch time = 12.257s
06/16/2026 15:59:56 - INFO - utils.trainer -   ***** Running evaluation on test0 dataset *****
06/16/2026 15:59:59 - INFO - utils.trainer -   AUC: 0.58642
06/16/2026 15:59:59 - INFO - utils.trainer -   Accuracy: 0.41139
06/16/2026 15:59:59 - INFO - utils.trainer -   Precision: 0.40059
06/16/2026 15:59:59 - INFO - utils.trainer -   Recall: 0.39385
06/16/2026 15:59:59 - INFO - utils.trainer -   F_score: 0.38278
06/16/2026 15:59:59 - INFO - utils.trainer -   Loss: 3.69063
06/16/2026 15:59:59 - INFO - utils.trainer -    Train loss: 0.00065, Test loss: 3.69063,Epoch time = 12.327s
06/16/2026 16:00:11 - INFO - utils.trainer -   ***** Running evaluation on test0 dataset *****
06/16/2026 16:00:14 - INFO - utils.trainer -   AUC: 0.58247
06/16/2026 16:00:14 - INFO - utils.trainer -   Accuracy: 0.37975
06/16/2026 16:00:14 - INFO - utils.trainer -   Precision: 0.37976
06/16/2026 16:00:14 - INFO - utils.trainer -   Recall: 0.35859
06/16/2026 16:00:14 - INFO - utils.trainer -   F_score: 0.34850
06/16/2026 16:00:14 - INFO - utils.trainer -   Loss: 3.87779
06/16/2026 16:00:14 - INFO - utils.trainer -    Train loss: 0.00233, Test loss: 3.87779,Epoch time = 12.267s
06/16/2026 16:00:26 - INFO - utils.trainer -   ***** Running evaluation on test0 dataset *****
06/16/2026 16:00:29 - INFO - utils.trainer -   AUC: 0.58796
06/16/2026 16:00:29 - INFO - utils.trainer -   Accuracy: 0.40506
06/16/2026 16:00:29 - INFO - utils.trainer -   Precision: 0.40363
06/16/2026 16:00:29 - INFO - utils.trainer -   Recall: 0.38769
06/16/2026 16:00:29 - INFO - utils.trainer -   F_score: 0.37992
06/16/2026 16:00:29 - INFO - utils.trainer -   Loss: 3.79107
06/16/2026 16:00:29 - INFO - utils.trainer -    Train loss: 0.00060, Test loss: 3.79107,Epoch time = 12.192s
06/16/2026 16:00:41 - INFO - utils.trainer -   ***** Running evaluation on test0 dataset *****
06/16/2026 16:00:44 - INFO - utils.trainer -   AUC: 0.58869
06/16/2026 16:00:44 - INFO - utils.trainer -   Accuracy: 0.39873
06/16/2026 16:00:44 - INFO - utils.trainer -   Precision: 0.38580
06/16/2026 16:00:44 - INFO - utils.trainer -   Recall: 0.38051
06/16/2026 16:00:44 - INFO - utils.trainer -   F_score: 0.36735
06/16/2026 16:00:44 - INFO - utils.trainer -   Loss: 3.74266
06/16/2026 16:00:44 - INFO - utils.trainer -    Train loss: 0.00033, Test loss: 3.74266,Epoch time = 12.187s
06/16/2026 16:00:56 - INFO - utils.trainer -   ***** Running evaluation on test0 dataset *****
06/16/2026 16:00:59 - INFO - utils.trainer -   AUC: 0.58586
06/16/2026 16:00:59 - INFO - utils.trainer -   Accuracy: 0.37975
06/16/2026 16:00:59 - INFO - utils.trainer -   Precision: 0.37141
06/16/2026 16:00:59 - INFO - utils.trainer -   Recall: 0.36190
06/16/2026 16:00:59 - INFO - utils.trainer -   F_score: 0.35161
06/16/2026 16:00:59 - INFO - utils.trainer -   Loss: 3.70852
06/16/2026 16:00:59 - INFO - utils.trainer -    Train loss: 0.00177, Test loss: 3.70852,Epoch time = 12.180s
06/16/2026 16:01:11 - INFO - utils.trainer -   ***** Running evaluation on test0 dataset *****
06/16/2026 16:01:13 - INFO - utils.trainer -   AUC: 0.59142
06/16/2026 16:01:13 - INFO - utils.trainer -   Accuracy: 0.39241
06/16/2026 16:01:13 - INFO - utils.trainer -   Precision: 0.39266
06/16/2026 16:01:13 - INFO - utils.trainer -   Recall: 0.37973
06/16/2026 16:01:13 - INFO - utils.trainer -   F_score: 0.37249
06/16/2026 16:01:13 - INFO - utils.trainer -   Loss: 3.54422
06/16/2026 16:01:13 - INFO - utils.trainer -    Train loss: 0.00162, Test loss: 3.54422,Epoch time = 12.213s
06/16/2026 16:01:26 - INFO - utils.trainer -   ***** Running evaluation on test0 dataset *****
06/16/2026 16:01:28 - INFO - utils.trainer -   AUC: 0.59258
06/16/2026 16:01:28 - INFO - utils.trainer -   Accuracy: 0.37975
06/16/2026 16:01:28 - INFO - utils.trainer -   Precision: 0.37440
06/16/2026 16:01:28 - INFO - utils.trainer -   Recall: 0.37196
06/16/2026 16:01:28 - INFO - utils.trainer -   F_score: 0.36114
06/16/2026 16:01:28 - INFO - utils.trainer -   Loss: 3.64221
06/16/2026 16:01:28 - INFO - utils.trainer -    Train loss: 0.00052, Test loss: 3.64221,Epoch time = 12.264s
06/16/2026 16:01:41 - INFO - utils.trainer -   ***** Running evaluation on test0 dataset *****
06/16/2026 16:01:43 - INFO - utils.trainer -   AUC: 0.58961
06/16/2026 16:01:43 - INFO - utils.trainer -   Accuracy: 0.38608
06/16/2026 16:01:43 - INFO - utils.trainer -   Precision: 0.37465
06/16/2026 16:01:43 - INFO - utils.trainer -   Recall: 0.37481
06/16/2026 16:01:43 - INFO - utils.trainer -   F_score: 0.36498
06/16/2026 16:01:43 - INFO - utils.trainer -   Loss: 3.53872
06/16/2026 16:01:43 - INFO - utils.trainer -    Train loss: 0.00062, Test loss: 3.53872,Epoch time = 12.222s
06/16/2026 16:01:55 - INFO - utils.trainer -   ***** Running evaluation on test0 dataset *****
06/16/2026 16:01:58 - INFO - utils.trainer -   AUC: 0.59101
06/16/2026 16:01:58 - INFO - utils.trainer -   Accuracy: 0.39873
06/16/2026 16:01:58 - INFO - utils.trainer -   Precision: 0.39807
06/16/2026 16:01:58 - INFO - utils.trainer -   Recall: 0.38902
06/16/2026 16:01:58 - INFO - utils.trainer -   F_score: 0.38038
06/16/2026 16:01:58 - INFO - utils.trainer -   Loss: 3.67359
06/16/2026 16:01:58 - INFO - utils.trainer -    Train loss: 0.00057, Test loss: 3.67359,Epoch time = 12.238s
06/16/2026 16:02:10 - INFO - utils.trainer -   ***** Running evaluation on test0 dataset *****
06/16/2026 16:02:13 - INFO - utils.trainer -   AUC: 0.59227
06/16/2026 16:02:13 - INFO - utils.trainer -   Accuracy: 0.38608
06/16/2026 16:02:13 - INFO - utils.trainer -   Precision: 0.37862
06/16/2026 16:02:13 - INFO - utils.trainer -   Recall: 0.37752
06/16/2026 16:02:13 - INFO - utils.trainer -   F_score: 0.36283
06/16/2026 16:02:13 - INFO - utils.trainer -   Loss: 3.71567
06/16/2026 16:02:13 - INFO - utils.trainer -    Train loss: 0.00032, Test loss: 3.71567,Epoch time = 12.204s
06/16/2026 16:02:25 - INFO - utils.trainer -   ***** Running evaluation on test0 dataset *****
06/16/2026 16:02:28 - INFO - utils.trainer -   AUC: 0.58969
06/16/2026 16:02:28 - INFO - utils.trainer -   Accuracy: 0.37342
06/16/2026 16:02:28 - INFO - utils.trainer -   Precision: 0.37154
06/16/2026 16:02:28 - INFO - utils.trainer -   Recall: 0.36489
06/16/2026 16:02:28 - INFO - utils.trainer -   F_score: 0.35390
06/16/2026 16:02:28 - INFO - utils.trainer -   Loss: 3.64171
06/16/2026 16:02:28 - INFO - utils.trainer -    Train loss: 0.00052, Test loss: 3.64171,Epoch time = 12.238s
06/16/2026 16:02:40 - INFO - utils.trainer -   ***** Running evaluation on test0 dataset *****
06/16/2026 16:02:43 - INFO - utils.trainer -   AUC: 0.58841
06/16/2026 16:02:43 - INFO - utils.trainer -   Accuracy: 0.37342
06/16/2026 16:02:43 - INFO - utils.trainer -   Precision: 0.35742
06/16/2026 16:02:43 - INFO - utils.trainer -   Recall: 0.36507
06/16/2026 16:02:43 - INFO - utils.trainer -   F_score: 0.35091
06/16/2026 16:02:43 - INFO - utils.trainer -   Loss: 3.59465
06/16/2026 16:02:43 - INFO - utils.trainer -    Train loss: 0.00027, Test loss: 3.59465,Epoch time = 12.262s
06/16/2026 16:02:55 - INFO - utils.trainer -   ***** Running evaluation on test0 dataset *****
06/16/2026 16:02:58 - INFO - utils.trainer -   AUC: 0.59313
06/16/2026 16:02:58 - INFO - utils.trainer -   Accuracy: 0.37975
06/16/2026 16:02:58 - INFO - utils.trainer -   Precision: 0.37007
06/16/2026 16:02:58 - INFO - utils.trainer -   Recall: 0.37390
06/16/2026 16:02:58 - INFO - utils.trainer -   F_score: 0.36237
06/16/2026 16:02:58 - INFO - utils.trainer -   Loss: 3.50895
06/16/2026 16:02:58 - INFO - utils.trainer -    Train loss: 0.00042, Test loss: 3.50895,Epoch time = 12.332s
06/16/2026 16:03:10 - INFO - utils.trainer -   ***** Running evaluation on test0 dataset *****
06/16/2026 16:03:13 - INFO - utils.trainer -   AUC: 0.59039
06/16/2026 16:03:13 - INFO - utils.trainer -   Accuracy: 0.36076
06/16/2026 16:03:13 - INFO - utils.trainer -   Precision: 0.34462
06/16/2026 16:03:13 - INFO - utils.trainer -   Recall: 0.35486
06/16/2026 16:03:13 - INFO - utils.trainer -   F_score: 0.33976
06/16/2026 16:03:13 - INFO - utils.trainer -   Loss: 3.59827
06/16/2026 16:03:13 - INFO - utils.trainer -    Train loss: 0.00056, Test loss: 3.59827,Epoch time = 12.252s
06/16/2026 16:03:25 - INFO - utils.trainer -   ***** Running evaluation on test0 dataset *****
06/16/2026 16:03:27 - INFO - utils.trainer -   AUC: 0.58967
06/16/2026 16:03:27 - INFO - utils.trainer -   Accuracy: 0.39241
06/16/2026 16:03:27 - INFO - utils.trainer -   Precision: 0.38082
06/16/2026 16:03:27 - INFO - utils.trainer -   Recall: 0.38097
06/16/2026 16:03:27 - INFO - utils.trainer -   F_score: 0.36803
06/16/2026 16:03:27 - INFO - utils.trainer -   Loss: 3.71262
06/16/2026 16:03:27 - INFO - utils.trainer -    Train loss: 0.00062, Test loss: 3.71262,Epoch time = 12.280s
06/16/2026 16:03:40 - INFO - utils.trainer -   ***** Running evaluation on test0 dataset *****
06/16/2026 16:03:43 - INFO - utils.trainer -   AUC: 0.58498
06/16/2026 16:03:43 - INFO - utils.trainer -   Accuracy: 0.40506
06/16/2026 16:03:43 - INFO - utils.trainer -   Precision: 0.39573
06/16/2026 16:03:43 - INFO - utils.trainer -   Recall: 0.39342
06/16/2026 16:03:43 - INFO - utils.trainer -   F_score: 0.38158
06/16/2026 16:03:43 - INFO - utils.trainer -   Loss: 3.68306
06/16/2026 16:03:43 - INFO - utils.trainer -    Train loss: 0.00029, Test loss: 3.68306,Epoch time = 12.310s
06/16/2026 16:03:55 - INFO - utils.trainer -   ***** Running evaluation on test0 dataset *****
06/16/2026 16:03:58 - INFO - utils.trainer -   AUC: 0.58499
06/16/2026 16:03:58 - INFO - utils.trainer -   Accuracy: 0.38608
06/16/2026 16:03:58 - INFO - utils.trainer -   Precision: 0.37052
06/16/2026 16:03:58 - INFO - utils.trainer -   Recall: 0.37587
06/16/2026 16:03:58 - INFO - utils.trainer -   F_score: 0.36208
06/16/2026 16:03:58 - INFO - utils.trainer -   Loss: 3.69488
06/16/2026 16:03:58 - INFO - utils.trainer -    Train loss: 0.00340, Test loss: 3.69488,Epoch time = 12.254s
06/16/2026 16:04:10 - INFO - utils.trainer -   ***** Running evaluation on test0 dataset *****
06/16/2026 16:04:13 - INFO - utils.trainer -   AUC: 0.57729
06/16/2026 16:04:13 - INFO - utils.trainer -   Accuracy: 0.34810
06/16/2026 16:04:13 - INFO - utils.trainer -   Precision: 0.33568
06/16/2026 16:04:13 - INFO - utils.trainer -   Recall: 0.34146
06/16/2026 16:04:13 - INFO - utils.trainer -   F_score: 0.33135
06/16/2026 16:04:13 - INFO - utils.trainer -   Loss: 3.60652
06/16/2026 16:04:13 - INFO - utils.trainer -    Train loss: 0.00038, Test loss: 3.60652,Epoch time = 12.265s
06/16/2026 16:04:25 - INFO - utils.trainer -   ***** Running evaluation on test0 dataset *****
06/16/2026 16:04:28 - INFO - utils.trainer -   AUC: 0.57923
06/16/2026 16:04:28 - INFO - utils.trainer -   Accuracy: 0.39241
06/16/2026 16:04:28 - INFO - utils.trainer -   Precision: 0.38497
06/16/2026 16:04:28 - INFO - utils.trainer -   Recall: 0.37854
06/16/2026 16:04:28 - INFO - utils.trainer -   F_score: 0.36894
06/16/2026 16:04:28 - INFO - utils.trainer -   Loss: 3.63085
06/16/2026 16:04:28 - INFO - utils.trainer -    Train loss: 0.00347, Test loss: 3.63085,Epoch time = 12.183s
06/16/2026 16:04:40 - INFO - utils.trainer -   ***** Running evaluation on test0 dataset *****
06/16/2026 16:04:42 - INFO - utils.trainer -   AUC: 0.57194
06/16/2026 16:04:42 - INFO - utils.trainer -   Accuracy: 0.36709
06/16/2026 16:04:42 - INFO - utils.trainer -   Precision: 0.36241
06/16/2026 16:04:42 - INFO - utils.trainer -   Recall: 0.34655
06/16/2026 16:04:42 - INFO - utils.trainer -   F_score: 0.34059
06/16/2026 16:04:42 - INFO - utils.trainer -   Loss: 3.75212
06/16/2026 16:04:42 - INFO - utils.trainer -    Train loss: 0.00049, Test loss: 3.75212,Epoch time = 12.193s
06/16/2026 16:04:55 - INFO - utils.trainer -   ***** Running evaluation on test0 dataset *****
06/16/2026 16:04:57 - INFO - utils.trainer -   AUC: 0.57328
06/16/2026 16:04:57 - INFO - utils.trainer -   Accuracy: 0.36709
06/16/2026 16:04:57 - INFO - utils.trainer -   Precision: 0.36250
06/16/2026 16:04:57 - INFO - utils.trainer -   Recall: 0.34820
06/16/2026 16:04:57 - INFO - utils.trainer -   F_score: 0.34211
06/16/2026 16:04:57 - INFO - utils.trainer -   Loss: 3.77004
06/16/2026 16:04:57 - INFO - utils.trainer -    Train loss: 0.00113, Test loss: 3.77004,Epoch time = 12.250s
06/16/2026 16:05:10 - INFO - utils.trainer -   ***** Running evaluation on test0 dataset *****
06/16/2026 16:05:12 - INFO - utils.trainer -   AUC: 0.58015
06/16/2026 16:05:12 - INFO - utils.trainer -   Accuracy: 0.38608
06/16/2026 16:05:12 - INFO - utils.trainer -   Precision: 0.37910
06/16/2026 16:05:12 - INFO - utils.trainer -   Recall: 0.37073
06/16/2026 16:05:12 - INFO - utils.trainer -   F_score: 0.36429
06/16/2026 16:05:12 - INFO - utils.trainer -   Loss: 3.72078
06/16/2026 16:05:12 - INFO - utils.trainer -    Train loss: 0.00069, Test loss: 3.72078,Epoch time = 12.223s
06/16/2026 16:05:24 - INFO - utils.trainer -   ***** Running evaluation on test0 dataset *****
06/16/2026 16:05:27 - INFO - utils.trainer -   AUC: 0.58085
06/16/2026 16:05:27 - INFO - utils.trainer -   Accuracy: 0.36709
06/16/2026 16:05:27 - INFO - utils.trainer -   Precision: 0.36236
06/16/2026 16:05:27 - INFO - utils.trainer -   Recall: 0.35394
06/16/2026 16:05:27 - INFO - utils.trainer -   F_score: 0.34462
06/16/2026 16:05:27 - INFO - utils.trainer -   Loss: 3.75452
06/16/2026 16:05:27 - INFO - utils.trainer -    Train loss: 0.00057, Test loss: 3.75452,Epoch time = 12.202s
06/16/2026 16:05:39 - INFO - utils.trainer -   ***** Running evaluation on test0 dataset *****
06/16/2026 16:05:42 - INFO - utils.trainer -   AUC: 0.57970
06/16/2026 16:05:42 - INFO - utils.trainer -   Accuracy: 0.36076
06/16/2026 16:05:42 - INFO - utils.trainer -   Precision: 0.35368
06/16/2026 16:05:42 - INFO - utils.trainer -   Recall: 0.35109
06/16/2026 16:05:42 - INFO - utils.trainer -   F_score: 0.34374
06/16/2026 16:05:42 - INFO - utils.trainer -   Loss: 3.69779
06/16/2026 16:05:42 - INFO - utils.trainer -    Train loss: 0.00061, Test loss: 3.69779,Epoch time = 12.321s
06/16/2026 16:05:54 - INFO - utils.trainer -   ***** Running evaluation on test0 dataset *****
06/16/2026 16:05:57 - INFO - utils.trainer -   AUC: 0.58083
06/16/2026 16:05:57 - INFO - utils.trainer -   Accuracy: 0.39241
06/16/2026 16:05:57 - INFO - utils.trainer -   Precision: 0.38092
06/16/2026 16:05:57 - INFO - utils.trainer -   Recall: 0.37766
06/16/2026 16:05:57 - INFO - utils.trainer -   F_score: 0.36651
06/16/2026 16:05:57 - INFO - utils.trainer -   Loss: 3.77718
06/16/2026 16:05:57 - INFO - utils.trainer -    Train loss: 0.00042, Test loss: 3.77718,Epoch time = 12.194s
06/16/2026 16:06:09 - INFO - utils.trainer -   ***** Running evaluation on test0 dataset *****
06/16/2026 16:06:12 - INFO - utils.trainer -   AUC: 0.58480
06/16/2026 16:06:12 - INFO - utils.trainer -   Accuracy: 0.36709
06/16/2026 16:06:12 - INFO - utils.trainer -   Precision: 0.35362
06/16/2026 16:06:12 - INFO - utils.trainer -   Recall: 0.35500
06/16/2026 16:06:12 - INFO - utils.trainer -   F_score: 0.34379
06/16/2026 16:06:12 - INFO - utils.trainer -   Loss: 3.71367
06/16/2026 16:06:12 - INFO - utils.trainer -    Train loss: 0.00055, Test loss: 3.71367,Epoch time = 12.306s
06/16/2026 16:06:24 - INFO - utils.trainer -   ***** Running evaluation on test0 dataset *****
06/16/2026 16:06:27 - INFO - utils.trainer -   AUC: 0.58366
06/16/2026 16:06:27 - INFO - utils.trainer -   Accuracy: 0.39241
06/16/2026 16:06:27 - INFO - utils.trainer -   Precision: 0.37987
06/16/2026 16:06:27 - INFO - utils.trainer -   Recall: 0.38322
06/16/2026 16:06:27 - INFO - utils.trainer -   F_score: 0.36969
06/16/2026 16:06:27 - INFO - utils.trainer -   Loss: 3.69864
06/16/2026 16:06:27 - INFO - utils.trainer -    Train loss: 0.00059, Test loss: 3.69864,Epoch time = 12.217s
06/16/2026 16:06:39 - INFO - utils.trainer -   ***** Running evaluation on test0 dataset *****
06/16/2026 16:06:42 - INFO - utils.trainer -   AUC: 0.58356
06/16/2026 16:06:42 - INFO - utils.trainer -   Accuracy: 0.37975
06/16/2026 16:06:42 - INFO - utils.trainer -   Precision: 0.37497
06/16/2026 16:06:42 - INFO - utils.trainer -   Recall: 0.36337
06/16/2026 16:06:42 - INFO - utils.trainer -   F_score: 0.35650
06/16/2026 16:06:42 - INFO - utils.trainer -   Loss: 3.68376
06/16/2026 16:06:42 - INFO - utils.trainer -    Train loss: 0.00022, Test loss: 3.68376,Epoch time = 12.210s
06/16/2026 16:06:54 - INFO - utils.trainer -   ***** Running evaluation on test0 dataset *****
06/16/2026 16:06:57 - INFO - utils.trainer -   AUC: 0.58182
06/16/2026 16:06:57 - INFO - utils.trainer -   Accuracy: 0.38608
06/16/2026 16:06:57 - INFO - utils.trainer -   Precision: 0.36903
06/16/2026 16:06:57 - INFO - utils.trainer -   Recall: 0.37587
06/16/2026 16:06:57 - INFO - utils.trainer -   F_score: 0.36409
06/16/2026 16:06:57 - INFO - utils.trainer -   Loss: 3.65608
06/16/2026 16:06:57 - INFO - utils.trainer -    Train loss: 0.00026, Test loss: 3.65608,Epoch time = 12.209s
06/16/2026 16:07:09 - INFO - utils.trainer -   ***** Running evaluation on test0 dataset *****
06/16/2026 16:07:12 - INFO - utils.trainer -   AUC: 0.58444
06/16/2026 16:07:12 - INFO - utils.trainer -   Accuracy: 0.40506
06/16/2026 16:07:12 - INFO - utils.trainer -   Precision: 0.39236
06/16/2026 16:07:12 - INFO - utils.trainer -   Recall: 0.39177
06/16/2026 16:07:12 - INFO - utils.trainer -   F_score: 0.38110
06/16/2026 16:07:12 - INFO - utils.trainer -   Loss: 3.67731
06/16/2026 16:07:12 - INFO - utils.trainer -    Train loss: 0.00043, Test loss: 3.67731,Epoch time = 12.389s
06/16/2026 16:07:24 - INFO - utils.trainer -   ***** Running evaluation on test0 dataset *****
06/16/2026 16:07:27 - INFO - utils.trainer -   AUC: 0.58338
06/16/2026 16:07:27 - INFO - utils.trainer -   Accuracy: 0.37342
06/16/2026 16:07:27 - INFO - utils.trainer -   Precision: 0.35827
06/16/2026 16:07:27 - INFO - utils.trainer -   Recall: 0.36566
06/16/2026 16:07:27 - INFO - utils.trainer -   F_score: 0.35309
06/16/2026 16:07:27 - INFO - utils.trainer -   Loss: 3.67403
06/16/2026 16:07:27 - INFO - utils.trainer -    Train loss: 0.00039, Test loss: 3.67403,Epoch time = 12.283s
06/16/2026 16:07:39 - INFO - utils.trainer -   ***** Running evaluation on test0 dataset *****
06/16/2026 16:07:42 - INFO - utils.trainer -   AUC: 0.58237
06/16/2026 16:07:42 - INFO - utils.trainer -   Accuracy: 0.39873
06/16/2026 16:07:42 - INFO - utils.trainer -   Precision: 0.38498
06/16/2026 16:07:42 - INFO - utils.trainer -   Recall: 0.38501
06/16/2026 16:07:42 - INFO - utils.trainer -   F_score: 0.37495
06/16/2026 16:07:42 - INFO - utils.trainer -   Loss: 3.68898
06/16/2026 16:07:42 - INFO - utils.trainer -    Train loss: 0.00053, Test loss: 3.68898,Epoch time = 12.197s
06/16/2026 16:07:54 - INFO - utils.trainer -   ***** Running evaluation on test0 dataset *****
06/16/2026 16:07:56 - INFO - utils.trainer -   AUC: 0.58491
06/16/2026 16:07:56 - INFO - utils.trainer -   Accuracy: 0.39241
06/16/2026 16:07:56 - INFO - utils.trainer -   Precision: 0.37839
06/16/2026 16:07:56 - INFO - utils.trainer -   Recall: 0.37552
06/16/2026 16:07:56 - INFO - utils.trainer -   F_score: 0.36499
06/16/2026 16:07:56 - INFO - utils.trainer -   Loss: 3.64513
06/16/2026 16:07:56 - INFO - utils.trainer -    Train loss: 0.00049, Test loss: 3.64513,Epoch time = 12.276s
06/16/2026 16:08:09 - INFO - utils.trainer -   ***** Running evaluation on test0 dataset *****
06/16/2026 16:08:11 - INFO - utils.trainer -   AUC: 0.58802
06/16/2026 16:08:11 - INFO - utils.trainer -   Accuracy: 0.37975
06/16/2026 16:08:11 - INFO - utils.trainer -   Precision: 0.37091
06/16/2026 16:08:11 - INFO - utils.trainer -   Recall: 0.36999
06/16/2026 16:08:11 - INFO - utils.trainer -   F_score: 0.35956
06/16/2026 16:08:11 - INFO - utils.trainer -   Loss: 3.66975
06/16/2026 16:08:11 - INFO - utils.trainer -    Train loss: 0.00064, Test loss: 3.66975,Epoch time = 12.230s
06/16/2026 16:08:24 - INFO - utils.trainer -   ***** Running evaluation on test0 dataset *****
06/16/2026 16:08:26 - INFO - utils.trainer -   AUC: 0.58804
06/16/2026 16:08:26 - INFO - utils.trainer -   Accuracy: 0.40506
06/16/2026 16:08:26 - INFO - utils.trainer -   Precision: 0.39412
06/16/2026 16:08:26 - INFO - utils.trainer -   Recall: 0.39265
06/16/2026 16:08:26 - INFO - utils.trainer -   F_score: 0.38175
06/16/2026 16:08:26 - INFO - utils.trainer -   Loss: 3.67897
06/16/2026 16:08:26 - INFO - utils.trainer -    Train loss: 0.00035, Test loss: 3.67897,Epoch time = 12.327s
06/16/2026 16:08:39 - INFO - utils.trainer -   ***** Running evaluation on test0 dataset *****
06/16/2026 16:08:41 - INFO - utils.trainer -   AUC: 0.58300
06/16/2026 16:08:41 - INFO - utils.trainer -   Accuracy: 0.37975
06/16/2026 16:08:41 - INFO - utils.trainer -   Precision: 0.36607
06/16/2026 16:08:41 - INFO - utils.trainer -   Recall: 0.36911
06/16/2026 16:08:41 - INFO - utils.trainer -   F_score: 0.35866
06/16/2026 16:08:41 - INFO - utils.trainer -   Loss: 3.62268
06/16/2026 16:08:41 - INFO - utils.trainer -    Train loss: 0.00039, Test loss: 3.62268,Epoch time = 12.235s
06/16/2026 16:08:53 - INFO - utils.trainer -   ***** Running evaluation on test0 dataset *****
06/16/2026 16:08:56 - INFO - utils.trainer -   AUC: 0.58621
06/16/2026 16:08:56 - INFO - utils.trainer -   Accuracy: 0.38608
06/16/2026 16:08:56 - INFO - utils.trainer -   Precision: 0.37187
06/16/2026 16:08:56 - INFO - utils.trainer -   Recall: 0.37421
06/16/2026 16:08:56 - INFO - utils.trainer -   F_score: 0.36425
06/16/2026 16:08:56 - INFO - utils.trainer -   Loss: 3.57916
06/16/2026 16:08:56 - INFO - utils.trainer -    Train loss: 0.00052, Test loss: 3.57916,Epoch time = 12.227s
06/16/2026 16:09:08 - INFO - utils.trainer -   ***** Running evaluation on test0 dataset *****
06/16/2026 16:09:11 - INFO - utils.trainer -   AUC: 0.58602
06/16/2026 16:09:11 - INFO - utils.trainer -   Accuracy: 0.37975
06/16/2026 16:09:11 - INFO - utils.trainer -   Precision: 0.36715
06/16/2026 16:09:11 - INFO - utils.trainer -   Recall: 0.37302
06/16/2026 16:09:11 - INFO - utils.trainer -   F_score: 0.36144
06/16/2026 16:09:11 - INFO - utils.trainer -   Loss: 3.55951
06/16/2026 16:09:11 - INFO - utils.trainer -    Train loss: 0.00099, Test loss: 3.55951,Epoch time = 12.165s
06/16/2026 16:09:23 - INFO - utils.trainer -   ***** Running evaluation on test0 dataset *****
06/16/2026 16:09:26 - INFO - utils.trainer -   AUC: 0.58604
06/16/2026 16:09:26 - INFO - utils.trainer -   Accuracy: 0.37975
06/16/2026 16:09:26 - INFO - utils.trainer -   Precision: 0.36584
06/16/2026 16:09:26 - INFO - utils.trainer -   Recall: 0.37302
06/16/2026 16:09:26 - INFO - utils.trainer -   F_score: 0.36074
06/16/2026 16:09:26 - INFO - utils.trainer -   Loss: 3.64648
06/16/2026 16:09:26 - INFO - utils.trainer -    Train loss: 0.00036, Test loss: 3.64648,Epoch time = 12.173s
06/16/2026 16:09:38 - INFO - utils.trainer -   ***** Running evaluation on test0 dataset *****
06/16/2026 16:09:40 - INFO - utils.trainer -   AUC: 0.57987
06/16/2026 16:09:40 - INFO - utils.trainer -   Accuracy: 0.36709
06/16/2026 16:09:40 - INFO - utils.trainer -   Precision: 0.35343
06/16/2026 16:09:40 - INFO - utils.trainer -   Recall: 0.36116
06/16/2026 16:09:40 - INFO - utils.trainer -   F_score: 0.35006
06/16/2026 16:09:40 - INFO - utils.trainer -   Loss: 3.63741
06/16/2026 16:09:40 - INFO - utils.trainer -    Train loss: 0.00087, Test loss: 3.63741,Epoch time = 12.171s
06/16/2026 16:09:53 - INFO - utils.trainer -   ***** Running evaluation on test0 dataset *****
06/16/2026 16:09:55 - INFO - utils.trainer -   AUC: 0.58261
06/16/2026 16:09:55 - INFO - utils.trainer -   Accuracy: 0.38608
06/16/2026 16:09:55 - INFO - utils.trainer -   Precision: 0.37287
06/16/2026 16:09:55 - INFO - utils.trainer -   Recall: 0.37812
06/16/2026 16:09:55 - INFO - utils.trainer -   F_score: 0.36565
06/16/2026 16:09:55 - INFO - utils.trainer -   Loss: 3.66868
06/16/2026 16:09:55 - INFO - utils.trainer -    Train loss: 0.00048, Test loss: 3.66868,Epoch time = 12.223s
06/16/2026 16:10:08 - INFO - utils.trainer -   ***** Running evaluation on test0 dataset *****
06/16/2026 16:10:11 - INFO - utils.trainer -   AUC: 0.58557
06/16/2026 16:10:11 - INFO - utils.trainer -   Accuracy: 0.39873
06/16/2026 16:10:11 - INFO - utils.trainer -   Precision: 0.38808
06/16/2026 16:10:11 - INFO - utils.trainer -   Recall: 0.39057
06/16/2026 16:10:11 - INFO - utils.trainer -   F_score: 0.37585
06/16/2026 16:10:11 - INFO - utils.trainer -   Loss: 3.74313
06/16/2026 16:10:11 - INFO - utils.trainer -    Train loss: 0.00027, Test loss: 3.74313,Epoch time = 12.489s
06/16/2026 16:10:23 - INFO - utils.trainer -   ***** Running evaluation on test0 dataset *****
06/16/2026 16:10:25 - INFO - utils.trainer -   AUC: 0.58591
06/16/2026 16:10:25 - INFO - utils.trainer -   Accuracy: 0.36709
06/16/2026 16:10:25 - INFO - utils.trainer -   Precision: 0.35200
06/16/2026 16:10:25 - INFO - utils.trainer -   Recall: 0.36222
06/16/2026 16:10:25 - INFO - utils.trainer -   F_score: 0.34701
06/16/2026 16:10:25 - INFO - utils.trainer -   Loss: 3.68295
06/16/2026 16:10:25 - INFO - utils.trainer -    Train loss: 0.00036, Test loss: 3.68295,Epoch time = 12.206s
06/16/2026 16:10:38 - INFO - utils.trainer -   ***** Running evaluation on test0 dataset *****
06/16/2026 16:10:40 - INFO - utils.trainer -   AUC: 0.57655
06/16/2026 16:10:40 - INFO - utils.trainer -   Accuracy: 0.38608
06/16/2026 16:10:40 - INFO - utils.trainer -   Precision: 0.38252
06/16/2026 16:10:40 - INFO - utils.trainer -   Recall: 0.36879
06/16/2026 16:10:40 - INFO - utils.trainer -   F_score: 0.35984
06/16/2026 16:10:40 - INFO - utils.trainer -   Loss: 3.88412
06/16/2026 16:10:40 - INFO - utils.trainer -    Train loss: 0.00767, Test loss: 3.88412,Epoch time = 12.311s
06/16/2026 16:10:53 - INFO - utils.trainer -   ***** Running evaluation on test0 dataset *****
06/16/2026 16:10:56 - INFO - utils.trainer -   AUC: 0.57025
06/16/2026 16:10:56 - INFO - utils.trainer -   Accuracy: 0.37975
06/16/2026 16:10:56 - INFO - utils.trainer -   Precision: 0.37938
06/16/2026 16:10:56 - INFO - utils.trainer -   Recall: 0.35841
06/16/2026 16:10:56 - INFO - utils.trainer -   F_score: 0.35138
06/16/2026 16:10:56 - INFO - utils.trainer -   Loss: 3.90647
06/16/2026 16:10:56 - INFO - utils.trainer -    Train loss: 0.00072, Test loss: 3.90647,Epoch time = 12.299s
06/16/2026 16:11:08 - INFO - utils.trainer -   ***** Running evaluation on test0 dataset *****
06/16/2026 16:11:10 - INFO - utils.trainer -   AUC: 0.56928
06/16/2026 16:11:10 - INFO - utils.trainer -   Accuracy: 0.36709
06/16/2026 16:11:10 - INFO - utils.trainer -   Precision: 0.36729
06/16/2026 16:11:10 - INFO - utils.trainer -   Recall: 0.34820
06/16/2026 16:11:10 - INFO - utils.trainer -   F_score: 0.34302
06/16/2026 16:11:10 - INFO - utils.trainer -   Loss: 3.85760
06/16/2026 16:11:10 - INFO - utils.trainer -    Train loss: 0.00082, Test loss: 3.85760,Epoch time = 12.264s
06/16/2026 16:11:23 - INFO - utils.trainer -   ***** Running evaluation on test0 dataset *****
06/16/2026 16:11:25 - INFO - utils.trainer -   AUC: 0.57482
06/16/2026 16:11:25 - INFO - utils.trainer -   Accuracy: 0.36709
06/16/2026 16:11:25 - INFO - utils.trainer -   Precision: 0.34828
06/16/2026 16:11:25 - INFO - utils.trainer -   Recall: 0.34602
06/16/2026 16:11:25 - INFO - utils.trainer -   F_score: 0.32966
06/16/2026 16:11:25 - INFO - utils.trainer -   Loss: 3.98477
06/16/2026 16:11:25 - INFO - utils.trainer -    Train loss: 0.00097, Test loss: 3.98477,Epoch time = 12.239s
06/16/2026 16:11:38 - INFO - utils.trainer -   ***** Running evaluation on test0 dataset *****
06/16/2026 16:11:40 - INFO - utils.trainer -   AUC: 0.57467
06/16/2026 16:11:40 - INFO - utils.trainer -   Accuracy: 0.39241
06/16/2026 16:11:40 - INFO - utils.trainer -   Precision: 0.39239
06/16/2026 16:11:40 - INFO - utils.trainer -   Recall: 0.37477
06/16/2026 16:11:40 - INFO - utils.trainer -   F_score: 0.36837
06/16/2026 16:11:40 - INFO - utils.trainer -   Loss: 3.84053
06/16/2026 16:11:40 - INFO - utils.trainer -    Train loss: 0.00049, Test loss: 3.84053,Epoch time = 12.250s
06/16/2026 16:11:53 - INFO - utils.trainer -   ***** Running evaluation on test0 dataset *****
06/16/2026 16:11:55 - INFO - utils.trainer -   AUC: 0.57507
06/16/2026 16:11:55 - INFO - utils.trainer -   Accuracy: 0.38608
06/16/2026 16:11:55 - INFO - utils.trainer -   Precision: 0.37675
06/16/2026 16:11:55 - INFO - utils.trainer -   Recall: 0.36457
06/16/2026 16:11:55 - INFO - utils.trainer -   F_score: 0.35463
06/16/2026 16:11:55 - INFO - utils.trainer -   Loss: 3.87206
06/16/2026 16:11:55 - INFO - utils.trainer -    Train loss: 0.00039, Test loss: 3.87206,Epoch time = 12.203s
06/16/2026 16:12:08 - INFO - utils.trainer -   ***** Running evaluation on test0 dataset *****
06/16/2026 16:12:10 - INFO - utils.trainer -   AUC: 0.57476
06/16/2026 16:12:10 - INFO - utils.trainer -   Accuracy: 0.37975
06/16/2026 16:12:10 - INFO - utils.trainer -   Precision: 0.37157
06/16/2026 16:12:10 - INFO - utils.trainer -   Recall: 0.35781
06/16/2026 16:12:10 - INFO - utils.trainer -   F_score: 0.34819
06/16/2026 16:12:10 - INFO - utils.trainer -   Loss: 3.96041
06/16/2026 16:12:10 - INFO - utils.trainer -    Train loss: 0.00140, Test loss: 3.96041,Epoch time = 12.234s
06/16/2026 16:12:22 - INFO - utils.trainer -   ***** Running evaluation on test0 dataset *****
06/16/2026 16:12:25 - INFO - utils.trainer -   AUC: 0.57332
06/16/2026 16:12:25 - INFO - utils.trainer -   Accuracy: 0.38608
06/16/2026 16:12:25 - INFO - utils.trainer -   Precision: 0.38538
06/16/2026 16:12:25 - INFO - utils.trainer -   Recall: 0.36742
06/16/2026 16:12:25 - INFO - utils.trainer -   F_score: 0.36113
06/16/2026 16:12:25 - INFO - utils.trainer -   Loss: 3.86099
06/16/2026 16:12:25 - INFO - utils.trainer -    Train loss: 0.00039, Test loss: 3.86099,Epoch time = 12.202s
06/16/2026 16:12:37 - INFO - utils.trainer -   ***** Running evaluation on test0 dataset *****
06/16/2026 16:12:40 - INFO - utils.trainer -   AUC: 0.57713
06/16/2026 16:12:40 - INFO - utils.trainer -   Accuracy: 0.38608
06/16/2026 16:12:40 - INFO - utils.trainer -   Precision: 0.37606
06/16/2026 16:12:40 - INFO - utils.trainer -   Recall: 0.36622
06/16/2026 16:12:40 - INFO - utils.trainer -   F_score: 0.35751
06/16/2026 16:12:40 - INFO - utils.trainer -   Loss: 3.73594
06/16/2026 16:12:40 - INFO - utils.trainer -    Train loss: 0.00084, Test loss: 3.73594,Epoch time = 12.291s
06/16/2026 16:12:52 - INFO - utils.trainer -   ***** Running evaluation on test0 dataset *****
06/16/2026 16:12:55 - INFO - utils.trainer -   AUC: 0.57909
06/16/2026 16:12:55 - INFO - utils.trainer -   Accuracy: 0.37975
06/16/2026 16:12:55 - INFO - utils.trainer -   Precision: 0.37534
06/16/2026 16:12:55 - INFO - utils.trainer -   Recall: 0.36865
06/16/2026 16:12:55 - INFO - utils.trainer -   F_score: 0.36052
06/16/2026 16:12:55 - INFO - utils.trainer -   Loss: 3.74384
06/16/2026 16:12:55 - INFO - utils.trainer -    Train loss: 0.00035, Test loss: 3.74384,Epoch time = 12.245s
06/16/2026 16:13:07 - INFO - utils.trainer -   ***** Running evaluation on test0 dataset *****
06/16/2026 16:13:10 - INFO - utils.trainer -   AUC: 0.57513
06/16/2026 16:13:10 - INFO - utils.trainer -   Accuracy: 0.39241
06/16/2026 16:13:10 - INFO - utils.trainer -   Precision: 0.38233
06/16/2026 16:13:10 - INFO - utils.trainer -   Recall: 0.37133
06/16/2026 16:13:10 - INFO - utils.trainer -   F_score: 0.36178
06/16/2026 16:13:10 - INFO - utils.trainer -   Loss: 3.84660
06/16/2026 16:13:10 - INFO - utils.trainer -    Train loss: 0.00096, Test loss: 3.84660,Epoch time = 12.241s
06/16/2026 16:13:22 - INFO - utils.trainer -   ***** Running evaluation on test0 dataset *****
06/16/2026 16:13:25 - INFO - utils.trainer -   AUC: 0.57762
06/16/2026 16:13:25 - INFO - utils.trainer -   Accuracy: 0.38608
06/16/2026 16:13:25 - INFO - utils.trainer -   Precision: 0.37606
06/16/2026 16:13:25 - INFO - utils.trainer -   Recall: 0.36622
06/16/2026 16:13:25 - INFO - utils.trainer -   F_score: 0.35751
06/16/2026 16:13:25 - INFO - utils.trainer -   Loss: 3.71995
06/16/2026 16:13:25 - INFO - utils.trainer -    Train loss: 0.00048, Test loss: 3.71995,Epoch time = 12.221s
06/16/2026 16:13:37 - INFO - utils.trainer -   ***** Running evaluation on test0 dataset *****
06/16/2026 16:13:40 - INFO - utils.trainer -   AUC: 0.57969
06/16/2026 16:13:40 - INFO - utils.trainer -   Accuracy: 0.37342
06/16/2026 16:13:40 - INFO - utils.trainer -   Precision: 0.35727
06/16/2026 16:13:40 - INFO - utils.trainer -   Recall: 0.35542
06/16/2026 16:13:40 - INFO - utils.trainer -   F_score: 0.34414
06/16/2026 16:13:40 - INFO - utils.trainer -   Loss: 3.72698
06/16/2026 16:13:40 - INFO - utils.trainer -    Train loss: 0.00052, Test loss: 3.72698,Epoch time = 12.213s
06/16/2026 16:13:52 - INFO - utils.trainer -   ***** Running evaluation on test0 dataset *****
06/16/2026 16:13:55 - INFO - utils.trainer -   AUC: 0.57986
06/16/2026 16:13:55 - INFO - utils.trainer -   Accuracy: 0.39241
06/16/2026 16:13:55 - INFO - utils.trainer -   Precision: 0.38344
06/16/2026 16:13:55 - INFO - utils.trainer -   Recall: 0.37523
06/16/2026 16:13:55 - INFO - utils.trainer -   F_score: 0.36742
06/16/2026 16:13:55 - INFO - utils.trainer -   Loss: 3.69172
06/16/2026 16:13:55 - INFO - utils.trainer -    Train loss: 0.00085, Test loss: 3.69172,Epoch time = 12.239s
06/16/2026 16:14:07 - INFO - utils.trainer -   ***** Running evaluation on test0 dataset *****
06/16/2026 16:14:10 - INFO - utils.trainer -   AUC: 0.58004
06/16/2026 16:14:10 - INFO - utils.trainer -   Accuracy: 0.39241
06/16/2026 16:14:10 - INFO - utils.trainer -   Precision: 0.38516
06/16/2026 16:14:10 - INFO - utils.trainer -   Recall: 0.37523
06/16/2026 16:14:10 - INFO - utils.trainer -   F_score: 0.36731
06/16/2026 16:14:10 - INFO - utils.trainer -   Loss: 3.71860
06/16/2026 16:14:10 - INFO - utils.trainer -    Train loss: 0.00043, Test loss: 3.71860,Epoch time = 12.255s
06/16/2026 16:14:22 - INFO - utils.trainer -   ***** Running evaluation on test0 dataset *****
06/16/2026 16:14:25 - INFO - utils.trainer -   AUC: 0.58119
06/16/2026 16:14:25 - INFO - utils.trainer -   Accuracy: 0.37975
06/16/2026 16:14:25 - INFO - utils.trainer -   Precision: 0.36449
06/16/2026 16:14:25 - INFO - utils.trainer -   Recall: 0.36520
06/16/2026 16:14:25 - INFO - utils.trainer -   F_score: 0.35399
06/16/2026 16:14:25 - INFO - utils.trainer -   Loss: 3.73387
06/16/2026 16:14:25 - INFO - utils.trainer -    Train loss: 0.00041, Test loss: 3.73387,Epoch time = 12.225s
06/16/2026 16:14:37 - INFO - utils.trainer -   ***** Running evaluation on test0 dataset *****
06/16/2026 16:14:40 - INFO - utils.trainer -   AUC: 0.57871
06/16/2026 16:14:40 - INFO - utils.trainer -   Accuracy: 0.37342
06/16/2026 16:14:40 - INFO - utils.trainer -   Precision: 0.36106
06/16/2026 16:14:40 - INFO - utils.trainer -   Recall: 0.35845
06/16/2026 16:14:40 - INFO - utils.trainer -   F_score: 0.34953
06/16/2026 16:14:40 - INFO - utils.trainer -   Loss: 3.70422
06/16/2026 16:14:40 - INFO - utils.trainer -    Train loss: 0.00036, Test loss: 3.70422,Epoch time = 12.219s
06/16/2026 16:14:52 - INFO - utils.trainer -   ***** Running evaluation on test0 dataset *****
06/16/2026 16:14:54 - INFO - utils.trainer -   AUC: 0.58119
06/16/2026 16:14:54 - INFO - utils.trainer -   Accuracy: 0.38608
06/16/2026 16:14:54 - INFO - utils.trainer -   Precision: 0.38179
06/16/2026 16:14:54 - INFO - utils.trainer -   Recall: 0.37013
06/16/2026 16:14:54 - INFO - utils.trainer -   F_score: 0.36253
06/16/2026 16:14:54 - INFO - utils.trainer -   Loss: 3.75571
06/16/2026 16:14:54 - INFO - utils.trainer -    Train loss: 0.00052, Test loss: 3.75571,Epoch time = 12.258s
06/16/2026 16:15:07 - INFO - utils.trainer -   ***** Running evaluation on test0 dataset *****
06/16/2026 16:15:09 - INFO - utils.trainer -   AUC: 0.58177
06/16/2026 16:15:09 - INFO - utils.trainer -   Accuracy: 0.37342
06/16/2026 16:15:09 - INFO - utils.trainer -   Precision: 0.36105
06/16/2026 16:15:09 - INFO - utils.trainer -   Recall: 0.36323
06/16/2026 16:15:09 - INFO - utils.trainer -   F_score: 0.35390
06/16/2026 16:15:09 - INFO - utils.trainer -   Loss: 3.68318
06/16/2026 16:15:09 - INFO - utils.trainer -    Train loss: 0.00059, Test loss: 3.68318,Epoch time = 12.166s
06/16/2026 16:15:21 - INFO - utils.trainer -   ***** Running evaluation on test0 dataset *****
06/16/2026 16:15:24 - INFO - utils.trainer -   AUC: 0.58007
06/16/2026 16:15:24 - INFO - utils.trainer -   Accuracy: 0.39873
06/16/2026 16:15:24 - INFO - utils.trainer -   Precision: 0.39228
06/16/2026 16:15:24 - INFO - utils.trainer -   Recall: 0.38111
06/16/2026 16:15:24 - INFO - utils.trainer -   F_score: 0.37135
06/16/2026 16:15:24 - INFO - utils.trainer -   Loss: 3.76502
06/16/2026 16:15:24 - INFO - utils.trainer -    Train loss: 0.00032, Test loss: 3.76502,Epoch time = 12.229s
06/16/2026 16:15:37 - INFO - utils.trainer -   ***** Running evaluation on test0 dataset *****
06/16/2026 16:15:39 - INFO - utils.trainer -   AUC: 0.58204
06/16/2026 16:15:39 - INFO - utils.trainer -   Accuracy: 0.37975
06/16/2026 16:15:39 - INFO - utils.trainer -   Precision: 0.36959
06/16/2026 16:15:39 - INFO - utils.trainer -   Recall: 0.36503
06/16/2026 16:15:39 - INFO - utils.trainer -   F_score: 0.35861
06/16/2026 16:15:39 - INFO - utils.trainer -   Loss: 3.61933
06/16/2026 16:15:39 - INFO - utils.trainer -    Train loss: 0.00055, Test loss: 3.61933,Epoch time = 12.326s
06/16/2026 16:15:51 - INFO - utils.trainer -   ***** Running evaluation on test0 dataset *****
06/16/2026 16:15:54 - INFO - utils.trainer -   AUC: 0.58184
06/16/2026 16:15:54 - INFO - utils.trainer -   Accuracy: 0.37975
06/16/2026 16:15:54 - INFO - utils.trainer -   Precision: 0.36567
06/16/2026 16:15:54 - INFO - utils.trainer -   Recall: 0.36609
06/16/2026 16:15:54 - INFO - utils.trainer -   F_score: 0.35589
06/16/2026 16:15:54 - INFO - utils.trainer -   Loss: 3.69542
06/16/2026 16:15:54 - INFO - utils.trainer -    Train loss: 0.00038, Test loss: 3.69542,Epoch time = 12.215s
06/16/2026 16:16:06 - INFO - utils.trainer -   ***** Running evaluation on test0 dataset *****
06/16/2026 16:16:09 - INFO - utils.trainer -   AUC: 0.58277
06/16/2026 16:16:09 - INFO - utils.trainer -   Accuracy: 0.41139
06/16/2026 16:16:09 - INFO - utils.trainer -   Precision: 0.39802
06/16/2026 16:16:09 - INFO - utils.trainer -   Recall: 0.40078
06/16/2026 16:16:09 - INFO - utils.trainer -   F_score: 0.38777
06/16/2026 16:16:09 - INFO - utils.trainer -   Loss: 3.74815
06/16/2026 16:16:09 - INFO - utils.trainer -    Train loss: 0.00065, Test loss: 3.74815,Epoch time = 12.202s
06/16/2026 16:16:21 - INFO - utils.trainer -   ***** Running evaluation on test0 dataset *****
06/16/2026 16:16:24 - INFO - utils.trainer -   AUC: 0.57977
06/16/2026 16:16:24 - INFO - utils.trainer -   Accuracy: 0.40506
06/16/2026 16:16:24 - INFO - utils.trainer -   Precision: 0.39414
06/16/2026 16:16:24 - INFO - utils.trainer -   Recall: 0.38709
06/16/2026 16:16:24 - INFO - utils.trainer -   F_score: 0.37702
06/16/2026 16:16:24 - INFO - utils.trainer -   Loss: 3.70726
06/16/2026 16:16:24 - INFO - utils.trainer -    Train loss: 0.00034, Test loss: 3.70726,Epoch time = 12.220s
06/16/2026 16:16:36 - INFO - utils.trainer -   ***** Running evaluation on test0 dataset *****
06/16/2026 16:16:39 - INFO - utils.trainer -   AUC: 0.58097
06/16/2026 16:16:39 - INFO - utils.trainer -   Accuracy: 0.39241
06/16/2026 16:16:39 - INFO - utils.trainer -   Precision: 0.37865
06/16/2026 16:16:39 - INFO - utils.trainer -   Recall: 0.37766
06/16/2026 16:16:39 - INFO - utils.trainer -   F_score: 0.36791
06/16/2026 16:16:39 - INFO - utils.trainer -   Loss: 3.68784
06/16/2026 16:16:39 - INFO - utils.trainer -    Train loss: 0.00027, Test loss: 3.68784,Epoch time = 12.333s
06/16/2026 16:16:51 - INFO - utils.trainer -   ***** Running evaluation on test0 dataset *****
06/16/2026 16:16:54 - INFO - utils.trainer -   AUC: 0.58126
06/16/2026 16:16:54 - INFO - utils.trainer -   Accuracy: 0.38608
06/16/2026 16:16:54 - INFO - utils.trainer -   Precision: 0.37396
06/16/2026 16:16:54 - INFO - utils.trainer -   Recall: 0.37481
06/16/2026 16:16:54 - INFO - utils.trainer -   F_score: 0.36449
06/16/2026 16:16:54 - INFO - utils.trainer -   Loss: 3.72803
06/16/2026 16:16:54 - INFO - utils.trainer -    Train loss: 0.00051, Test loss: 3.72803,Epoch time = 12.250s
06/16/2026 16:17:06 - INFO - utils.trainer -   ***** Running evaluation on test0 dataset *****
06/16/2026 16:17:09 - INFO - utils.trainer -   AUC: 0.58047
06/16/2026 16:17:09 - INFO - utils.trainer -   Accuracy: 0.38608
06/16/2026 16:17:09 - INFO - utils.trainer -   Precision: 0.37257
06/16/2026 16:17:09 - INFO - utils.trainer -   Recall: 0.36788
06/16/2026 16:17:09 - INFO - utils.trainer -   F_score: 0.35864
06/16/2026 16:17:09 - INFO - utils.trainer -   Loss: 3.63463
06/16/2026 16:17:09 - INFO - utils.trainer -    Train loss: 0.00047, Test loss: 3.63463,Epoch time = 12.246s
06/16/2026 16:17:21 - INFO - utils.trainer -   ***** Running evaluation on test0 dataset *****
06/16/2026 16:17:24 - INFO - utils.trainer -   AUC: 0.57829
06/16/2026 16:17:24 - INFO - utils.trainer -   Accuracy: 0.37342
06/16/2026 16:17:24 - INFO - utils.trainer -   Precision: 0.36807
06/16/2026 16:17:24 - INFO - utils.trainer -   Recall: 0.36295
06/16/2026 16:17:24 - INFO - utils.trainer -   F_score: 0.35554
06/16/2026 16:17:24 - INFO - utils.trainer -   Loss: 3.70329
06/16/2026 16:17:24 - INFO - utils.trainer -    Train loss: 0.00029, Test loss: 3.70329,Epoch time = 12.268s
06/16/2026 16:17:36 - INFO - utils.trainer -   ***** Running evaluation on test0 dataset *****
06/16/2026 16:17:39 - INFO - utils.trainer -   AUC: 0.58259
06/16/2026 16:17:39 - INFO - utils.trainer -   Accuracy: 0.37342
06/16/2026 16:17:39 - INFO - utils.trainer -   Precision: 0.36380
06/16/2026 16:17:39 - INFO - utils.trainer -   Recall: 0.35767
06/16/2026 16:17:39 - INFO - utils.trainer -   F_score: 0.34985
06/16/2026 16:17:39 - INFO - utils.trainer -   Loss: 3.69602
06/16/2026 16:17:39 - INFO - utils.trainer -    Train loss: 0.00042, Test loss: 3.69602,Epoch time = 12.238s
06/16/2026 16:17:45 - INFO - __main__ -   ########## Repeat:1 ##########
06/16/2026 16:17:45 - INFO - utils.trainer -   ***** Running training *****
06/16/2026 16:17:45 - INFO - utils.trainer -     Num examples = 19
06/16/2026 16:17:45 - INFO - utils.trainer -     Num Epochs = 200
06/16/2026 16:17:45 - INFO - utils.trainer -     Total train batch size = 16
06/16/2026 16:17:45 - INFO - utils.trainer -     warmup steps = 400
06/16/2026 16:17:45 - INFO - utils.trainer -     Total optimization steps = 3800
06/16/2026 16:17:45 - INFO - utils.trainer -     Save steps = 200
06/16/2026 16:17:45 - INFO - root -   Parameters [normal] length [22]
06/16/2026 16:17:57 - INFO - utils.trainer -   ***** Running evaluation on test1 dataset *****
06/16/2026 16:18:00 - INFO - utils.trainer -   AUC: 0.56727
06/16/2026 16:18:00 - INFO - utils.trainer -   Accuracy: 0.33974
06/16/2026 16:18:00 - INFO - utils.trainer -   Precision: 0.29194
06/16/2026 16:18:00 - INFO - utils.trainer -   Recall: 0.29590
06/16/2026 16:18:00 - INFO - utils.trainer -   F_score: 0.27567
06/16/2026 16:18:00 - INFO - utils.trainer -   Loss: 1.85784
06/16/2026 16:18:00 - INFO - utils.trainer -    Train loss: 1.12064, Test loss: 1.85784,Epoch time = 11.875s
06/16/2026 16:18:00 - INFO - utils.trainer -   Saving model checkpoint to output_dir/DFCBNC
06/16/2026 16:18:11 - INFO - utils.trainer -   ***** Running evaluation on test1 dataset *****
06/16/2026 16:18:14 - INFO - utils.trainer -   AUC: 0.59386
06/16/2026 16:18:14 - INFO - utils.trainer -   Accuracy: 0.31410
06/16/2026 16:18:14 - INFO - utils.trainer -   Precision: 0.31975
06/16/2026 16:18:14 - INFO - utils.trainer -   Recall: 0.32067
06/16/2026 16:18:14 - INFO - utils.trainer -   F_score: 0.30532
06/16/2026 16:18:14 - INFO - utils.trainer -   Loss: 1.71577
06/16/2026 16:18:14 - INFO - utils.trainer -    Train loss: 0.43867, Test loss: 1.71577,Epoch time = 11.897s
06/16/2026 16:18:26 - INFO - utils.trainer -   ***** Running evaluation on test1 dataset *****
06/16/2026 16:18:28 - INFO - utils.trainer -   AUC: 0.60299
06/16/2026 16:18:28 - INFO - utils.trainer -   Accuracy: 0.29487
06/16/2026 16:18:28 - INFO - utils.trainer -   Precision: 0.35927
06/16/2026 16:18:28 - INFO - utils.trainer -   Recall: 0.35607
06/16/2026 16:18:28 - INFO - utils.trainer -   F_score: 0.28926
06/16/2026 16:18:28 - INFO - utils.trainer -   Loss: 1.93067
06/16/2026 16:18:28 - INFO - utils.trainer -    Train loss: 0.19396, Test loss: 1.93067,Epoch time = 11.920s
06/16/2026 16:18:40 - INFO - utils.trainer -   ***** Running evaluation on test1 dataset *****
06/16/2026 16:18:42 - INFO - utils.trainer -   AUC: 0.63490
06/16/2026 16:18:42 - INFO - utils.trainer -   Accuracy: 0.35256
06/16/2026 16:18:42 - INFO - utils.trainer -   Precision: 0.31599
06/16/2026 16:18:42 - INFO - utils.trainer -   Recall: 0.39095
06/16/2026 16:18:42 - INFO - utils.trainer -   F_score: 0.33046
06/16/2026 16:18:42 - INFO - utils.trainer -   Loss: 1.92124
06/16/2026 16:18:42 - INFO - utils.trainer -    Train loss: 0.08960, Test loss: 1.92124,Epoch time = 11.926s
06/16/2026 16:18:42 - INFO - utils.trainer -   Saving model checkpoint to output_dir/DFCBNC
06/16/2026 16:18:54 - INFO - utils.trainer -   ***** Running evaluation on test1 dataset *****
06/16/2026 16:18:57 - INFO - utils.trainer -   AUC: 0.63030
06/16/2026 16:18:57 - INFO - utils.trainer -   Accuracy: 0.35256
06/16/2026 16:18:57 - INFO - utils.trainer -   Precision: 0.35095
06/16/2026 16:18:57 - INFO - utils.trainer -   Recall: 0.39501
06/16/2026 16:18:57 - INFO - utils.trainer -   F_score: 0.32653
06/16/2026 16:18:57 - INFO - utils.trainer -   Loss: 2.12046
06/16/2026 16:18:57 - INFO - utils.trainer -    Train loss: 0.06269, Test loss: 2.12046,Epoch time = 11.939s
06/16/2026 16:18:57 - INFO - utils.trainer -   Saving model checkpoint to output_dir/DFCBNC
06/16/2026 16:19:09 - INFO - utils.trainer -   ***** Running evaluation on test1 dataset *****
06/16/2026 16:19:11 - INFO - utils.trainer -   AUC: 0.61777
06/16/2026 16:19:11 - INFO - utils.trainer -   Accuracy: 0.28846
06/16/2026 16:19:11 - INFO - utils.trainer -   Precision: 0.29110
06/16/2026 16:19:11 - INFO - utils.trainer -   Recall: 0.35071
06/16/2026 16:19:11 - INFO - utils.trainer -   F_score: 0.26496
06/16/2026 16:19:11 - INFO - utils.trainer -   Loss: 2.49027
06/16/2026 16:19:11 - INFO - utils.trainer -    Train loss: 0.05100, Test loss: 2.49027,Epoch time = 11.936s
06/16/2026 16:19:23 - INFO - utils.trainer -   ***** Running evaluation on test1 dataset *****
06/16/2026 16:19:25 - INFO - utils.trainer -   AUC: 0.62750
06/16/2026 16:19:25 - INFO - utils.trainer -   Accuracy: 0.35256
06/16/2026 16:19:25 - INFO - utils.trainer -   Precision: 0.33797
06/16/2026 16:19:25 - INFO - utils.trainer -   Recall: 0.35278
06/16/2026 16:19:25 - INFO - utils.trainer -   F_score: 0.33326
06/16/2026 16:19:25 - INFO - utils.trainer -   Loss: 2.00877
06/16/2026 16:19:25 - INFO - utils.trainer -    Train loss: 0.03155, Test loss: 2.00877,Epoch time = 11.999s
06/16/2026 16:19:25 - INFO - utils.trainer -   Saving model checkpoint to output_dir/DFCBNC
06/16/2026 16:19:37 - INFO - utils.trainer -   ***** Running evaluation on test1 dataset *****
06/16/2026 16:19:39 - INFO - utils.trainer -   AUC: 0.59905
06/16/2026 16:19:39 - INFO - utils.trainer -   Accuracy: 0.37179
06/16/2026 16:19:39 - INFO - utils.trainer -   Precision: 0.34859
06/16/2026 16:19:39 - INFO - utils.trainer -   Recall: 0.34649
06/16/2026 16:19:39 - INFO - utils.trainer -   F_score: 0.34491
06/16/2026 16:19:39 - INFO - utils.trainer -   Loss: 1.98118
06/16/2026 16:19:39 - INFO - utils.trainer -    Train loss: 0.01932, Test loss: 1.98118,Epoch time = 11.901s
06/16/2026 16:19:39 - INFO - utils.trainer -   Saving model checkpoint to output_dir/DFCBNC
06/16/2026 16:19:51 - INFO - utils.trainer -   ***** Running evaluation on test1 dataset *****
06/16/2026 16:19:54 - INFO - utils.trainer -   AUC: 0.61536
06/16/2026 16:19:54 - INFO - utils.trainer -   Accuracy: 0.32692
06/16/2026 16:19:54 - INFO - utils.trainer -   Precision: 0.34019
06/16/2026 16:19:54 - INFO - utils.trainer -   Recall: 0.37404
06/16/2026 16:19:54 - INFO - utils.trainer -   F_score: 0.32395
06/16/2026 16:19:54 - INFO - utils.trainer -   Loss: 2.21544
06/16/2026 16:19:54 - INFO - utils.trainer -    Train loss: 0.01346, Test loss: 2.21544,Epoch time = 11.938s
06/16/2026 16:20:06 - INFO - utils.trainer -   ***** Running evaluation on test1 dataset *****
06/16/2026 16:20:08 - INFO - utils.trainer -   AUC: 0.64610
06/16/2026 16:20:08 - INFO - utils.trainer -   Accuracy: 0.35256
06/16/2026 16:20:08 - INFO - utils.trainer -   Precision: 0.34978
06/16/2026 16:20:08 - INFO - utils.trainer -   Recall: 0.36999
06/16/2026 16:20:08 - INFO - utils.trainer -   F_score: 0.34290
06/16/2026 16:20:08 - INFO - utils.trainer -   Loss: 2.04736
06/16/2026 16:20:08 - INFO - utils.trainer -    Train loss: 0.01794, Test loss: 2.04736,Epoch time = 11.973s
06/16/2026 16:20:20 - INFO - utils.trainer -   ***** Running evaluation on test1 dataset *****
06/16/2026 16:20:22 - INFO - utils.trainer -   AUC: 0.62255
06/16/2026 16:20:22 - INFO - utils.trainer -   Accuracy: 0.34615
06/16/2026 16:20:22 - INFO - utils.trainer -   Precision: 0.34316
06/16/2026 16:20:22 - INFO - utils.trainer -   Recall: 0.35506
06/16/2026 16:20:22 - INFO - utils.trainer -   F_score: 0.33331
06/16/2026 16:20:22 - INFO - utils.trainer -   Loss: 2.17678
06/16/2026 16:20:22 - INFO - utils.trainer -    Train loss: 0.01452, Test loss: 2.17678,Epoch time = 11.907s
06/16/2026 16:20:34 - INFO - utils.trainer -   ***** Running evaluation on test1 dataset *****
06/16/2026 16:20:37 - INFO - utils.trainer -   AUC: 0.63770
06/16/2026 16:20:37 - INFO - utils.trainer -   Accuracy: 0.34615
06/16/2026 16:20:37 - INFO - utils.trainer -   Precision: 0.34214
06/16/2026 16:20:37 - INFO - utils.trainer -   Recall: 0.35632
06/16/2026 16:20:37 - INFO - utils.trainer -   F_score: 0.33158
06/16/2026 16:20:37 - INFO - utils.trainer -   Loss: 2.12919
06/16/2026 16:20:37 - INFO - utils.trainer -    Train loss: 0.00846, Test loss: 2.12919,Epoch time = 11.922s
06/16/2026 16:20:49 - INFO - utils.trainer -   ***** Running evaluation on test1 dataset *****
06/16/2026 16:20:51 - INFO - utils.trainer -   AUC: 0.64439
06/16/2026 16:20:51 - INFO - utils.trainer -   Accuracy: 0.34615
06/16/2026 16:20:51 - INFO - utils.trainer -   Precision: 0.35267
06/16/2026 16:20:51 - INFO - utils.trainer -   Recall: 0.37354
06/16/2026 16:20:51 - INFO - utils.trainer -   F_score: 0.34007
06/16/2026 16:20:51 - INFO - utils.trainer -   Loss: 2.18980
06/16/2026 16:20:51 - INFO - utils.trainer -    Train loss: 0.00695, Test loss: 2.18980,Epoch time = 11.976s
06/16/2026 16:21:03 - INFO - utils.trainer -   ***** Running evaluation on test1 dataset *****
06/16/2026 16:21:05 - INFO - utils.trainer -   AUC: 0.63765
06/16/2026 16:21:05 - INFO - utils.trainer -   Accuracy: 0.33974
06/16/2026 16:21:05 - INFO - utils.trainer -   Precision: 0.35195
06/16/2026 16:21:05 - INFO - utils.trainer -   Recall: 0.36873
06/16/2026 16:21:05 - INFO - utils.trainer -   F_score: 0.33276
06/16/2026 16:21:05 - INFO - utils.trainer -   Loss: 2.31331
06/16/2026 16:21:05 - INFO - utils.trainer -    Train loss: 0.00970, Test loss: 2.31331,Epoch time = 11.905s
06/16/2026 16:21:17 - INFO - utils.trainer -   ***** Running evaluation on test1 dataset *****
06/16/2026 16:21:20 - INFO - utils.trainer -   AUC: 0.60177
06/16/2026 16:21:20 - INFO - utils.trainer -   Accuracy: 0.32051
06/16/2026 16:21:20 - INFO - utils.trainer -   Precision: 0.31556
06/16/2026 16:21:20 - INFO - utils.trainer -   Recall: 0.35277
06/16/2026 16:21:20 - INFO - utils.trainer -   F_score: 0.31241
06/16/2026 16:21:20 - INFO - utils.trainer -   Loss: 2.53078
06/16/2026 16:21:20 - INFO - utils.trainer -    Train loss: 0.01224, Test loss: 2.53078,Epoch time = 11.908s
06/16/2026 16:21:31 - INFO - utils.trainer -   ***** Running evaluation on test1 dataset *****
06/16/2026 16:21:34 - INFO - utils.trainer -   AUC: 0.61118
06/16/2026 16:21:34 - INFO - utils.trainer -   Accuracy: 0.32051
06/16/2026 16:21:34 - INFO - utils.trainer -   Precision: 0.31049
06/16/2026 16:21:34 - INFO - utils.trainer -   Recall: 0.32291
06/16/2026 16:21:34 - INFO - utils.trainer -   F_score: 0.29766
06/16/2026 16:21:34 - INFO - utils.trainer -   Loss: 2.40157
06/16/2026 16:21:34 - INFO - utils.trainer -    Train loss: 0.00901, Test loss: 2.40157,Epoch time = 11.956s
06/16/2026 16:21:46 - INFO - utils.trainer -   ***** Running evaluation on test1 dataset *****
06/16/2026 16:21:48 - INFO - utils.trainer -   AUC: 0.60923
06/16/2026 16:21:48 - INFO - utils.trainer -   Accuracy: 0.34615
06/16/2026 16:21:48 - INFO - utils.trainer -   Precision: 0.35191
06/16/2026 16:21:48 - INFO - utils.trainer -   Recall: 0.38768
06/16/2026 16:21:48 - INFO - utils.trainer -   F_score: 0.33119
06/16/2026 16:21:48 - INFO - utils.trainer -   Loss: 2.62017
06/16/2026 16:21:48 - INFO - utils.trainer -    Train loss: 0.01085, Test loss: 2.62017,Epoch time = 11.926s
06/16/2026 16:22:00 - INFO - utils.trainer -   ***** Running evaluation on test1 dataset *****
06/16/2026 16:22:03 - INFO - utils.trainer -   AUC: 0.62018
06/16/2026 16:22:03 - INFO - utils.trainer -   Accuracy: 0.36538
06/16/2026 16:22:03 - INFO - utils.trainer -   Precision: 0.35850
06/16/2026 16:22:03 - INFO - utils.trainer -   Recall: 0.37757
06/16/2026 16:22:03 - INFO - utils.trainer -   F_score: 0.34713
06/16/2026 16:22:03 - INFO - utils.trainer -   Loss: 2.39157
06/16/2026 16:22:03 - INFO - utils.trainer -    Train loss: 0.01312, Test loss: 2.39157,Epoch time = 11.904s
06/16/2026 16:22:14 - INFO - utils.trainer -   ***** Running evaluation on test1 dataset *****
06/16/2026 16:22:17 - INFO - utils.trainer -   AUC: 0.63431
06/16/2026 16:22:17 - INFO - utils.trainer -   Accuracy: 0.33333
06/16/2026 16:22:17 - INFO - utils.trainer -   Precision: 0.34041
06/16/2026 16:22:17 - INFO - utils.trainer -   Recall: 0.37050
06/16/2026 16:22:17 - INFO - utils.trainer -   F_score: 0.33019
06/16/2026 16:22:17 - INFO - utils.trainer -   Loss: 2.49121
06/16/2026 16:22:17 - INFO - utils.trainer -    Train loss: 0.00713, Test loss: 2.49121,Epoch time = 11.990s
06/16/2026 16:22:29 - INFO - utils.trainer -   ***** Running evaluation on test1 dataset *****
06/16/2026 16:22:31 - INFO - utils.trainer -   AUC: 0.63926
06/16/2026 16:22:31 - INFO - utils.trainer -   Accuracy: 0.35256
06/16/2026 16:22:31 - INFO - utils.trainer -   Precision: 0.35458
06/16/2026 16:22:31 - INFO - utils.trainer -   Recall: 0.37204
06/16/2026 16:22:31 - INFO - utils.trainer -   F_score: 0.34606
06/16/2026 16:22:31 - INFO - utils.trainer -   Loss: 2.38414
06/16/2026 16:22:31 - INFO - utils.trainer -    Train loss: 0.01631, Test loss: 2.38414,Epoch time = 11.932s
06/16/2026 16:22:43 - INFO - utils.trainer -   ***** Running evaluation on test1 dataset *****
06/16/2026 16:22:46 - INFO - utils.trainer -   AUC: 0.64601
06/16/2026 16:22:46 - INFO - utils.trainer -   Accuracy: 0.32051
06/16/2026 16:22:46 - INFO - utils.trainer -   Precision: 0.30127
06/16/2026 16:22:46 - INFO - utils.trainer -   Recall: 0.36362
06/16/2026 16:22:46 - INFO - utils.trainer -   F_score: 0.29041
06/16/2026 16:22:46 - INFO - utils.trainer -   Loss: 2.71082
06/16/2026 16:22:46 - INFO - utils.trainer -    Train loss: 0.06562, Test loss: 2.71082,Epoch time = 12.022s
06/16/2026 16:22:58 - INFO - utils.trainer -   ***** Running evaluation on test1 dataset *****
06/16/2026 16:23:00 - INFO - utils.trainer -   AUC: 0.58764
06/16/2026 16:23:00 - INFO - utils.trainer -   Accuracy: 0.26923
06/16/2026 16:23:00 - INFO - utils.trainer -   Precision: 0.33817
06/16/2026 16:23:00 - INFO - utils.trainer -   Recall: 0.28902
06/16/2026 16:23:00 - INFO - utils.trainer -   F_score: 0.24549
06/16/2026 16:23:00 - INFO - utils.trainer -   Loss: 3.57983
06/16/2026 16:23:00 - INFO - utils.trainer -    Train loss: 0.12372, Test loss: 3.57983,Epoch time = 11.977s
06/16/2026 16:23:12 - INFO - utils.trainer -   ***** Running evaluation on test1 dataset *****
06/16/2026 16:23:15 - INFO - utils.trainer -   AUC: 0.59518
06/16/2026 16:23:15 - INFO - utils.trainer -   Accuracy: 0.24359
06/16/2026 16:23:15 - INFO - utils.trainer -   Precision: 0.30354
06/16/2026 16:23:15 - INFO - utils.trainer -   Recall: 0.33203
06/16/2026 16:23:15 - INFO - utils.trainer -   F_score: 0.23699
06/16/2026 16:23:15 - INFO - utils.trainer -   Loss: 3.87774
06/16/2026 16:23:15 - INFO - utils.trainer -    Train loss: 0.09532, Test loss: 3.87774,Epoch time = 11.981s
06/16/2026 16:23:27 - INFO - utils.trainer -   ***** Running evaluation on test1 dataset *****
06/16/2026 16:23:29 - INFO - utils.trainer -   AUC: 0.58793
06/16/2026 16:23:29 - INFO - utils.trainer -   Accuracy: 0.33333
06/16/2026 16:23:29 - INFO - utils.trainer -   Precision: 0.36621
06/16/2026 16:23:29 - INFO - utils.trainer -   Recall: 0.33591
06/16/2026 16:23:29 - INFO - utils.trainer -   F_score: 0.32063
06/16/2026 16:23:29 - INFO - utils.trainer -   Loss: 3.21577
06/16/2026 16:23:29 - INFO - utils.trainer -    Train loss: 0.05972, Test loss: 3.21577,Epoch time = 11.945s
06/16/2026 16:23:41 - INFO - utils.trainer -   ***** Running evaluation on test1 dataset *****
06/16/2026 16:23:43 - INFO - utils.trainer -   AUC: 0.63513
06/16/2026 16:23:43 - INFO - utils.trainer -   Accuracy: 0.33333
06/16/2026 16:23:43 - INFO - utils.trainer -   Precision: 0.38605
06/16/2026 16:23:43 - INFO - utils.trainer -   Recall: 0.34111
06/16/2026 16:23:43 - INFO - utils.trainer -   F_score: 0.30679
06/16/2026 16:23:43 - INFO - utils.trainer -   Loss: 3.26247
06/16/2026 16:23:43 - INFO - utils.trainer -    Train loss: 0.05125, Test loss: 3.26247,Epoch time = 11.908s
06/16/2026 16:23:55 - INFO - utils.trainer -   ***** Running evaluation on test1 dataset *****
06/16/2026 16:23:58 - INFO - utils.trainer -   AUC: 0.60226
06/16/2026 16:23:58 - INFO - utils.trainer -   Accuracy: 0.37179
06/16/2026 16:23:58 - INFO - utils.trainer -   Precision: 0.38806
06/16/2026 16:23:58 - INFO - utils.trainer -   Recall: 0.35692
06/16/2026 16:23:58 - INFO - utils.trainer -   F_score: 0.34428
06/16/2026 16:23:58 - INFO - utils.trainer -   Loss: 3.22693
06/16/2026 16:23:58 - INFO - utils.trainer -    Train loss: 0.05117, Test loss: 3.22693,Epoch time = 11.935s
06/16/2026 16:23:58 - INFO - utils.trainer -   Saving model checkpoint to output_dir/DFCBNC
06/16/2026 16:24:10 - INFO - utils.trainer -   ***** Running evaluation on test1 dataset *****
06/16/2026 16:24:12 - INFO - utils.trainer -   AUC: 0.54962
06/16/2026 16:24:12 - INFO - utils.trainer -   Accuracy: 0.29487
06/16/2026 16:24:12 - INFO - utils.trainer -   Precision: 0.28846
06/16/2026 16:24:12 - INFO - utils.trainer -   Recall: 0.27667
06/16/2026 16:24:12 - INFO - utils.trainer -   F_score: 0.27551
06/16/2026 16:24:12 - INFO - utils.trainer -   Loss: 3.67851
06/16/2026 16:24:12 - INFO - utils.trainer -    Train loss: 0.04515, Test loss: 3.67851,Epoch time = 11.908s
06/16/2026 16:24:24 - INFO - utils.trainer -   ***** Running evaluation on test1 dataset *****
06/16/2026 16:24:26 - INFO - utils.trainer -   AUC: 0.59190
06/16/2026 16:24:26 - INFO - utils.trainer -   Accuracy: 0.30769
06/16/2026 16:24:26 - INFO - utils.trainer -   Precision: 0.31170
06/16/2026 16:24:26 - INFO - utils.trainer -   Recall: 0.34541
06/16/2026 16:24:26 - INFO - utils.trainer -   F_score: 0.29141
06/16/2026 16:24:26 - INFO - utils.trainer -   Loss: 3.38987
06/16/2026 16:24:26 - INFO - utils.trainer -    Train loss: 0.03305, Test loss: 3.38987,Epoch time = 11.979s
06/16/2026 16:24:38 - INFO - utils.trainer -   ***** Running evaluation on test1 dataset *****
06/16/2026 16:24:41 - INFO - utils.trainer -   AUC: 0.62426
06/16/2026 16:24:41 - INFO - utils.trainer -   Accuracy: 0.30128
06/16/2026 16:24:41 - INFO - utils.trainer -   Precision: 0.30816
06/16/2026 16:24:41 - INFO - utils.trainer -   Recall: 0.35757
06/16/2026 16:24:41 - INFO - utils.trainer -   F_score: 0.29781
06/16/2026 16:24:41 - INFO - utils.trainer -   Loss: 2.98955
06/16/2026 16:24:41 - INFO - utils.trainer -    Train loss: 0.01281, Test loss: 2.98955,Epoch time = 11.939s
06/16/2026 16:24:53 - INFO - utils.trainer -   ***** Running evaluation on test1 dataset *****
06/16/2026 16:24:55 - INFO - utils.trainer -   AUC: 0.59309
06/16/2026 16:24:55 - INFO - utils.trainer -   Accuracy: 0.27564
06/16/2026 16:24:55 - INFO - utils.trainer -   Precision: 0.27404
06/16/2026 16:24:55 - INFO - utils.trainer -   Recall: 0.29990
06/16/2026 16:24:55 - INFO - utils.trainer -   F_score: 0.27104
06/16/2026 16:24:55 - INFO - utils.trainer -   Loss: 2.94900
06/16/2026 16:24:55 - INFO - utils.trainer -    Train loss: 0.01184, Test loss: 2.94900,Epoch time = 11.953s
06/16/2026 16:25:07 - INFO - utils.trainer -   ***** Running evaluation on test1 dataset *****
06/16/2026 16:25:09 - INFO - utils.trainer -   AUC: 0.57871
06/16/2026 16:25:09 - INFO - utils.trainer -   Accuracy: 0.26282
06/16/2026 16:25:09 - INFO - utils.trainer -   Precision: 0.27157
06/16/2026 16:25:09 - INFO - utils.trainer -   Recall: 0.29761
06/16/2026 16:25:09 - INFO - utils.trainer -   F_score: 0.25900
06/16/2026 16:25:09 - INFO - utils.trainer -   Loss: 3.18642
06/16/2026 16:25:09 - INFO - utils.trainer -    Train loss: 0.01324, Test loss: 3.18642,Epoch time = 11.950s
06/16/2026 16:25:21 - INFO - utils.trainer -   ***** Running evaluation on test1 dataset *****
06/16/2026 16:25:24 - INFO - utils.trainer -   AUC: 0.58988
06/16/2026 16:25:24 - INFO - utils.trainer -   Accuracy: 0.28846
06/16/2026 16:25:24 - INFO - utils.trainer -   Precision: 0.29914
06/16/2026 16:25:24 - INFO - utils.trainer -   Recall: 0.31558
06/16/2026 16:25:24 - INFO - utils.trainer -   F_score: 0.28486
06/16/2026 16:25:24 - INFO - utils.trainer -   Loss: 3.13361
06/16/2026 16:25:24 - INFO - utils.trainer -    Train loss: 0.00714, Test loss: 3.13361,Epoch time = 11.988s
06/16/2026 16:25:36 - INFO - utils.trainer -   ***** Running evaluation on test1 dataset *****
06/16/2026 16:25:38 - INFO - utils.trainer -   AUC: 0.60360
06/16/2026 16:25:38 - INFO - utils.trainer -   Accuracy: 0.31410
06/16/2026 16:25:38 - INFO - utils.trainer -   Precision: 0.30283
06/16/2026 16:25:38 - INFO - utils.trainer -   Recall: 0.32394
06/16/2026 16:25:38 - INFO - utils.trainer -   F_score: 0.30243
06/16/2026 16:25:38 - INFO - utils.trainer -   Loss: 2.97620
06/16/2026 16:25:38 - INFO - utils.trainer -    Train loss: 0.00782, Test loss: 2.97620,Epoch time = 11.977s
06/16/2026 16:25:50 - INFO - utils.trainer -   ***** Running evaluation on test1 dataset *****
06/16/2026 16:25:53 - INFO - utils.trainer -   AUC: 0.60718
06/16/2026 16:25:53 - INFO - utils.trainer -   Accuracy: 0.32051
06/16/2026 16:25:53 - INFO - utils.trainer -   Precision: 0.30794
06/16/2026 16:25:53 - INFO - utils.trainer -   Recall: 0.33051
06/16/2026 16:25:53 - INFO - utils.trainer -   F_score: 0.30917
06/16/2026 16:25:53 - INFO - utils.trainer -   Loss: 2.96859
06/16/2026 16:25:53 - INFO - utils.trainer -    Train loss: 0.00411, Test loss: 2.96859,Epoch time = 12.122s
06/16/2026 16:26:05 - INFO - utils.trainer -   ***** Running evaluation on test1 dataset *****
06/16/2026 16:26:07 - INFO - utils.trainer -   AUC: 0.60480
06/16/2026 16:26:07 - INFO - utils.trainer -   Accuracy: 0.30769
06/16/2026 16:26:07 - INFO - utils.trainer -   Precision: 0.29639
06/16/2026 16:26:07 - INFO - utils.trainer -   Recall: 0.32090
06/16/2026 16:26:07 - INFO - utils.trainer -   F_score: 0.29678
06/16/2026 16:26:07 - INFO - utils.trainer -   Loss: 3.05409
06/16/2026 16:26:07 - INFO - utils.trainer -    Train loss: 0.00398, Test loss: 3.05409,Epoch time = 11.902s
06/16/2026 16:26:19 - INFO - utils.trainer -   ***** Running evaluation on test1 dataset *****
06/16/2026 16:26:22 - INFO - utils.trainer -   AUC: 0.60787
06/16/2026 16:26:22 - INFO - utils.trainer -   Accuracy: 0.30128
06/16/2026 16:26:22 - INFO - utils.trainer -   Precision: 0.29645
06/16/2026 16:26:22 - INFO - utils.trainer -   Recall: 0.31306
06/16/2026 16:26:22 - INFO - utils.trainer -   F_score: 0.29205
06/16/2026 16:26:22 - INFO - utils.trainer -   Loss: 3.04424
06/16/2026 16:26:22 - INFO - utils.trainer -    Train loss: 0.00130, Test loss: 3.04424,Epoch time = 11.979s
06/16/2026 16:26:34 - INFO - utils.trainer -   ***** Running evaluation on test1 dataset *****
06/16/2026 16:26:36 - INFO - utils.trainer -   AUC: 0.61212
06/16/2026 16:26:36 - INFO - utils.trainer -   Accuracy: 0.29487
06/16/2026 16:26:36 - INFO - utils.trainer -   Precision: 0.28667
06/16/2026 16:26:36 - INFO - utils.trainer -   Recall: 0.30900
06/16/2026 16:26:36 - INFO - utils.trainer -   F_score: 0.28520
06/16/2026 16:26:36 - INFO - utils.trainer -   Loss: 3.09599
06/16/2026 16:26:36 - INFO - utils.trainer -    Train loss: 0.00311, Test loss: 3.09599,Epoch time = 11.971s
06/16/2026 16:26:48 - INFO - utils.trainer -   ***** Running evaluation on test1 dataset *****
06/16/2026 16:26:51 - INFO - utils.trainer -   AUC: 0.61502
06/16/2026 16:26:51 - INFO - utils.trainer -   Accuracy: 0.32051
06/16/2026 16:26:51 - INFO - utils.trainer -   Precision: 0.30849
06/16/2026 16:26:51 - INFO - utils.trainer -   Recall: 0.32268
06/16/2026 16:26:51 - INFO - utils.trainer -   F_score: 0.30405
06/16/2026 16:26:51 - INFO - utils.trainer -   Loss: 3.11955
06/16/2026 16:26:51 - INFO - utils.trainer -    Train loss: 0.01289, Test loss: 3.11955,Epoch time = 12.211s
06/16/2026 16:27:03 - INFO - utils.trainer -   ***** Running evaluation on test1 dataset *****
06/16/2026 16:27:06 - INFO - utils.trainer -   AUC: 0.62905
06/16/2026 16:27:06 - INFO - utils.trainer -   Accuracy: 0.33333
06/16/2026 16:27:06 - INFO - utils.trainer -   Precision: 0.33384
06/16/2026 16:27:06 - INFO - utils.trainer -   Recall: 0.35407
06/16/2026 16:27:06 - INFO - utils.trainer -   F_score: 0.32963
06/16/2026 16:27:06 - INFO - utils.trainer -   Loss: 2.93399
06/16/2026 16:27:06 - INFO - utils.trainer -    Train loss: 0.01034, Test loss: 2.93399,Epoch time = 12.130s
06/16/2026 16:27:18 - INFO - utils.trainer -   ***** Running evaluation on test1 dataset *****
06/16/2026 16:27:21 - INFO - utils.trainer -   AUC: 0.63063
06/16/2026 16:27:21 - INFO - utils.trainer -   Accuracy: 0.34615
06/16/2026 16:27:21 - INFO - utils.trainer -   Precision: 0.34492
06/16/2026 16:27:21 - INFO - utils.trainer -   Recall: 0.37405
06/16/2026 16:27:21 - INFO - utils.trainer -   F_score: 0.34320
06/16/2026 16:27:21 - INFO - utils.trainer -   Loss: 2.87770
06/16/2026 16:27:21 - INFO - utils.trainer -    Train loss: 0.00675, Test loss: 2.87770,Epoch time = 12.286s
06/16/2026 16:27:33 - INFO - utils.trainer -   ***** Running evaluation on test1 dataset *****
06/16/2026 16:27:36 - INFO - utils.trainer -   AUC: 0.63686
06/16/2026 16:27:36 - INFO - utils.trainer -   Accuracy: 0.32692
06/16/2026 16:27:36 - INFO - utils.trainer -   Precision: 0.33021
06/16/2026 16:27:36 - INFO - utils.trainer -   Recall: 0.37707
06/16/2026 16:27:36 - INFO - utils.trainer -   F_score: 0.32349
06/16/2026 16:27:36 - INFO - utils.trainer -   Loss: 2.98579
06/16/2026 16:27:36 - INFO - utils.trainer -    Train loss: 0.00277, Test loss: 2.98579,Epoch time = 12.326s
06/16/2026 16:27:48 - INFO - utils.trainer -   ***** Running evaluation on test1 dataset *****
06/16/2026 16:27:51 - INFO - utils.trainer -   AUC: 0.62697
06/16/2026 16:27:51 - INFO - utils.trainer -   Accuracy: 0.32692
06/16/2026 16:27:51 - INFO - utils.trainer -   Precision: 0.32514
06/16/2026 16:27:51 - INFO - utils.trainer -   Recall: 0.34395
06/16/2026 16:27:51 - INFO - utils.trainer -   F_score: 0.31889
06/16/2026 16:27:51 - INFO - utils.trainer -   Loss: 2.99270
06/16/2026 16:27:51 - INFO - utils.trainer -    Train loss: 0.00362, Test loss: 2.99270,Epoch time = 12.293s
06/16/2026 16:28:03 - INFO - utils.trainer -   ***** Running evaluation on test1 dataset *****
06/16/2026 16:28:06 - INFO - utils.trainer -   AUC: 0.61587
06/16/2026 16:28:06 - INFO - utils.trainer -   Accuracy: 0.30128
06/16/2026 16:28:06 - INFO - utils.trainer -   Precision: 0.29757
06/16/2026 16:28:06 - INFO - utils.trainer -   Recall: 0.32874
06/16/2026 16:28:06 - INFO - utils.trainer -   F_score: 0.29567
06/16/2026 16:28:06 - INFO - utils.trainer -   Loss: 3.07070
06/16/2026 16:28:06 - INFO - utils.trainer -    Train loss: 0.00215, Test loss: 3.07070,Epoch time = 12.181s
06/16/2026 16:28:18 - INFO - utils.trainer -   ***** Running evaluation on test1 dataset *****
06/16/2026 16:28:20 - INFO - utils.trainer -   AUC: 0.62006
06/16/2026 16:28:20 - INFO - utils.trainer -   Accuracy: 0.30769
06/16/2026 16:28:20 - INFO - utils.trainer -   Precision: 0.30992
06/16/2026 16:28:20 - INFO - utils.trainer -   Recall: 0.34241
06/16/2026 16:28:20 - INFO - utils.trainer -   F_score: 0.30369
06/16/2026 16:28:20 - INFO - utils.trainer -   Loss: 3.05959
06/16/2026 16:28:20 - INFO - utils.trainer -    Train loss: 0.00152, Test loss: 3.05959,Epoch time = 12.189s
06/16/2026 16:28:33 - INFO - utils.trainer -   ***** Running evaluation on test1 dataset *****
06/16/2026 16:28:35 - INFO - utils.trainer -   AUC: 0.63551
06/16/2026 16:28:35 - INFO - utils.trainer -   Accuracy: 0.33974
06/16/2026 16:28:35 - INFO - utils.trainer -   Precision: 0.33995
06/16/2026 16:28:35 - INFO - utils.trainer -   Recall: 0.35333
06/16/2026 16:28:35 - INFO - utils.trainer -   F_score: 0.33154
06/16/2026 16:28:35 - INFO - utils.trainer -   Loss: 2.91914
06/16/2026 16:28:35 - INFO - utils.trainer -    Train loss: 0.01140, Test loss: 2.91914,Epoch time = 12.207s
06/16/2026 16:28:48 - INFO - utils.trainer -   ***** Running evaluation on test1 dataset *****
06/16/2026 16:28:50 - INFO - utils.trainer -   AUC: 0.63787
06/16/2026 16:28:50 - INFO - utils.trainer -   Accuracy: 0.30769
06/16/2026 16:28:50 - INFO - utils.trainer -   Precision: 0.30908
06/16/2026 16:28:50 - INFO - utils.trainer -   Recall: 0.32799
06/16/2026 16:28:50 - INFO - utils.trainer -   F_score: 0.29879
06/16/2026 16:28:50 - INFO - utils.trainer -   Loss: 2.99261
06/16/2026 16:28:50 - INFO - utils.trainer -    Train loss: 0.00231, Test loss: 2.99261,Epoch time = 12.229s
06/16/2026 16:29:03 - INFO - utils.trainer -   ***** Running evaluation on test1 dataset *****
06/16/2026 16:29:05 - INFO - utils.trainer -   AUC: 0.63407
06/16/2026 16:29:05 - INFO - utils.trainer -   Accuracy: 0.32051
06/16/2026 16:29:05 - INFO - utils.trainer -   Precision: 0.32577
06/16/2026 16:29:05 - INFO - utils.trainer -   Recall: 0.33938
06/16/2026 16:29:05 - INFO - utils.trainer -   F_score: 0.31066
06/16/2026 16:29:05 - INFO - utils.trainer -   Loss: 3.06876
06/16/2026 16:29:05 - INFO - utils.trainer -    Train loss: 0.00262, Test loss: 3.06876,Epoch time = 12.393s
06/16/2026 16:29:17 - INFO - utils.trainer -   ***** Running evaluation on test1 dataset *****
06/16/2026 16:29:20 - INFO - utils.trainer -   AUC: 0.62439
06/16/2026 16:29:20 - INFO - utils.trainer -   Accuracy: 0.32051
06/16/2026 16:29:20 - INFO - utils.trainer -   Precision: 0.32597
06/16/2026 16:29:20 - INFO - utils.trainer -   Recall: 0.33863
06/16/2026 16:29:20 - INFO - utils.trainer -   F_score: 0.31167
06/16/2026 16:29:20 - INFO - utils.trainer -   Loss: 3.06913
06/16/2026 16:29:20 - INFO - utils.trainer -    Train loss: 0.00280, Test loss: 3.06913,Epoch time = 12.194s
06/16/2026 16:29:32 - INFO - utils.trainer -   ***** Running evaluation on test1 dataset *****
06/16/2026 16:29:35 - INFO - utils.trainer -   AUC: 0.62238
06/16/2026 16:29:35 - INFO - utils.trainer -   Accuracy: 0.32051
06/16/2026 16:29:35 - INFO - utils.trainer -   Precision: 0.32216
06/16/2026 16:29:35 - INFO - utils.trainer -   Recall: 0.33079
06/16/2026 16:29:35 - INFO - utils.trainer -   F_score: 0.30926
06/16/2026 16:29:35 - INFO - utils.trainer -   Loss: 3.06911
06/16/2026 16:29:35 - INFO - utils.trainer -    Train loss: 0.00123, Test loss: 3.06911,Epoch time = 12.354s
06/16/2026 16:29:47 - INFO - utils.trainer -   ***** Running evaluation on test1 dataset *****
06/16/2026 16:29:50 - INFO - utils.trainer -   AUC: 0.62284
06/16/2026 16:29:50 - INFO - utils.trainer -   Accuracy: 0.32692
06/16/2026 16:29:50 - INFO - utils.trainer -   Precision: 0.32010
06/16/2026 16:29:50 - INFO - utils.trainer -   Recall: 0.32673
06/16/2026 16:29:50 - INFO - utils.trainer -   F_score: 0.31126
06/16/2026 16:29:50 - INFO - utils.trainer -   Loss: 2.98376
06/16/2026 16:29:50 - INFO - utils.trainer -    Train loss: 0.00237, Test loss: 2.98376,Epoch time = 12.369s
06/16/2026 16:30:02 - INFO - utils.trainer -   ***** Running evaluation on test1 dataset *****
06/16/2026 16:30:05 - INFO - utils.trainer -   AUC: 0.62530
06/16/2026 16:30:05 - INFO - utils.trainer -   Accuracy: 0.32051
06/16/2026 16:30:05 - INFO - utils.trainer -   Precision: 0.31765
06/16/2026 16:30:05 - INFO - utils.trainer -   Recall: 0.33130
06/16/2026 16:30:05 - INFO - utils.trainer -   F_score: 0.30930
06/16/2026 16:30:05 - INFO - utils.trainer -   Loss: 2.97257
06/16/2026 16:30:05 - INFO - utils.trainer -    Train loss: 0.00119, Test loss: 2.97257,Epoch time = 12.231s
06/16/2026 16:30:17 - INFO - utils.trainer -   ***** Running evaluation on test1 dataset *****
06/16/2026 16:30:20 - INFO - utils.trainer -   AUC: 0.63548
06/16/2026 16:30:20 - INFO - utils.trainer -   Accuracy: 0.33333
06/16/2026 16:30:20 - INFO - utils.trainer -   Precision: 0.33453
06/16/2026 16:30:20 - INFO - utils.trainer -   Recall: 0.37278
06/16/2026 16:30:20 - INFO - utils.trainer -   F_score: 0.33141
06/16/2026 16:30:20 - INFO - utils.trainer -   Loss: 3.13349
06/16/2026 16:30:20 - INFO - utils.trainer -    Train loss: 0.00261, Test loss: 3.13349,Epoch time = 12.237s
06/16/2026 16:30:32 - INFO - utils.trainer -   ***** Running evaluation on test1 dataset *****
06/16/2026 16:30:34 - INFO - utils.trainer -   AUC: 0.62408
06/16/2026 16:30:34 - INFO - utils.trainer -   Accuracy: 0.30769
06/16/2026 16:30:34 - INFO - utils.trainer -   Precision: 0.30808
06/16/2026 16:30:34 - INFO - utils.trainer -   Recall: 0.34292
06/16/2026 16:30:34 - INFO - utils.trainer -   F_score: 0.30464
06/16/2026 16:30:34 - INFO - utils.trainer -   Loss: 3.13489
06/16/2026 16:30:34 - INFO - utils.trainer -    Train loss: 0.00124, Test loss: 3.13489,Epoch time = 12.193s
06/16/2026 16:30:47 - INFO - utils.trainer -   ***** Running evaluation on test1 dataset *****
06/16/2026 16:30:49 - INFO - utils.trainer -   AUC: 0.62995
06/16/2026 16:30:49 - INFO - utils.trainer -   Accuracy: 0.29487
06/16/2026 16:30:49 - INFO - utils.trainer -   Precision: 0.28706
06/16/2026 16:30:49 - INFO - utils.trainer -   Recall: 0.31912
06/16/2026 16:30:49 - INFO - utils.trainer -   F_score: 0.28519
06/16/2026 16:30:49 - INFO - utils.trainer -   Loss: 3.04784
06/16/2026 16:30:49 - INFO - utils.trainer -    Train loss: 0.00279, Test loss: 3.04784,Epoch time = 12.190s
06/16/2026 16:31:02 - INFO - utils.trainer -   ***** Running evaluation on test1 dataset *****
06/16/2026 16:31:04 - INFO - utils.trainer -   AUC: 0.62848
06/16/2026 16:31:04 - INFO - utils.trainer -   Accuracy: 0.30128
06/16/2026 16:31:04 - INFO - utils.trainer -   Precision: 0.30216
06/16/2026 16:31:04 - INFO - utils.trainer -   Recall: 0.34619
06/16/2026 16:31:04 - INFO - utils.trainer -   F_score: 0.29406
06/16/2026 16:31:04 - INFO - utils.trainer -   Loss: 3.20311
06/16/2026 16:31:04 - INFO - utils.trainer -    Train loss: 0.00191, Test loss: 3.20311,Epoch time = 12.196s
06/16/2026 16:31:16 - INFO - utils.trainer -   ***** Running evaluation on test1 dataset *****
06/16/2026 16:31:19 - INFO - utils.trainer -   AUC: 0.63016
06/16/2026 16:31:19 - INFO - utils.trainer -   Accuracy: 0.29487
06/16/2026 16:31:19 - INFO - utils.trainer -   Precision: 0.29836
06/16/2026 16:31:19 - INFO - utils.trainer -   Recall: 0.34796
06/16/2026 16:31:19 - INFO - utils.trainer -   F_score: 0.28884
06/16/2026 16:31:19 - INFO - utils.trainer -   Loss: 3.17264
06/16/2026 16:31:19 - INFO - utils.trainer -    Train loss: 0.00087, Test loss: 3.17264,Epoch time = 12.239s
06/16/2026 16:31:31 - INFO - utils.trainer -   ***** Running evaluation on test1 dataset *****
06/16/2026 16:31:34 - INFO - utils.trainer -   AUC: 0.63480
06/16/2026 16:31:34 - INFO - utils.trainer -   Accuracy: 0.32051
06/16/2026 16:31:34 - INFO - utils.trainer -   Precision: 0.32454
06/16/2026 16:31:34 - INFO - utils.trainer -   Recall: 0.34698
06/16/2026 16:31:34 - INFO - utils.trainer -   F_score: 0.31403
06/16/2026 16:31:34 - INFO - utils.trainer -   Loss: 3.03994
06/16/2026 16:31:34 - INFO - utils.trainer -    Train loss: 0.00168, Test loss: 3.03994,Epoch time = 12.157s
06/16/2026 16:31:46 - INFO - utils.trainer -   ***** Running evaluation on test1 dataset *****
06/16/2026 16:31:49 - INFO - utils.trainer -   AUC: 0.62270
06/16/2026 16:31:49 - INFO - utils.trainer -   Accuracy: 0.28846
06/16/2026 16:31:49 - INFO - utils.trainer -   Precision: 0.29662
06/16/2026 16:31:49 - INFO - utils.trainer -   Recall: 0.30825
06/16/2026 16:31:49 - INFO - utils.trainer -   F_score: 0.28367
06/16/2026 16:31:49 - INFO - utils.trainer -   Loss: 3.27066
06/16/2026 16:31:49 - INFO - utils.trainer -    Train loss: 0.00409, Test loss: 3.27066,Epoch time = 12.253s
06/16/2026 16:32:01 - INFO - utils.trainer -   ***** Running evaluation on test1 dataset *****
06/16/2026 16:32:04 - INFO - utils.trainer -   AUC: 0.62774
06/16/2026 16:32:04 - INFO - utils.trainer -   Accuracy: 0.30128
06/16/2026 16:32:04 - INFO - utils.trainer -   Precision: 0.30802
06/16/2026 16:32:04 - INFO - utils.trainer -   Recall: 0.32748
06/16/2026 16:32:04 - INFO - utils.trainer -   F_score: 0.29545
06/16/2026 16:32:04 - INFO - utils.trainer -   Loss: 3.17945
06/16/2026 16:32:04 - INFO - utils.trainer -    Train loss: 0.00120, Test loss: 3.17945,Epoch time = 12.216s
06/16/2026 16:32:16 - INFO - utils.trainer -   ***** Running evaluation on test1 dataset *****
06/16/2026 16:32:19 - INFO - utils.trainer -   AUC: 0.62888
06/16/2026 16:32:19 - INFO - utils.trainer -   Accuracy: 0.30769
06/16/2026 16:32:19 - INFO - utils.trainer -   Precision: 0.30812
06/16/2026 16:32:19 - INFO - utils.trainer -   Recall: 0.32622
06/16/2026 16:32:19 - INFO - utils.trainer -   F_score: 0.30029
06/16/2026 16:32:19 - INFO - utils.trainer -   Loss: 3.11888
06/16/2026 16:32:19 - INFO - utils.trainer -    Train loss: 0.00091, Test loss: 3.11888,Epoch time = 12.228s
06/16/2026 16:32:31 - INFO - utils.trainer -   ***** Running evaluation on test1 dataset *****
06/16/2026 16:32:33 - INFO - utils.trainer -   AUC: 0.62086
06/16/2026 16:32:33 - INFO - utils.trainer -   Accuracy: 0.30128
06/16/2026 16:32:33 - INFO - utils.trainer -   Precision: 0.30178
06/16/2026 16:32:33 - INFO - utils.trainer -   Recall: 0.31105
06/16/2026 16:32:33 - INFO - utils.trainer -   F_score: 0.29487
06/16/2026 16:32:33 - INFO - utils.trainer -   Loss: 3.12159
06/16/2026 16:32:33 - INFO - utils.trainer -    Train loss: 0.00146, Test loss: 3.12159,Epoch time = 12.251s
06/16/2026 16:32:46 - INFO - utils.trainer -   ***** Running evaluation on test1 dataset *****
06/16/2026 16:32:48 - INFO - utils.trainer -   AUC: 0.62514
06/16/2026 16:32:48 - INFO - utils.trainer -   Accuracy: 0.32051
06/16/2026 16:32:48 - INFO - utils.trainer -   Precision: 0.32314
06/16/2026 16:32:48 - INFO - utils.trainer -   Recall: 0.34190
06/16/2026 16:32:48 - INFO - utils.trainer -   F_score: 0.31310
06/16/2026 16:32:48 - INFO - utils.trainer -   Loss: 3.07667
06/16/2026 16:32:48 - INFO - utils.trainer -    Train loss: 0.00206, Test loss: 3.07667,Epoch time = 12.172s
06/16/2026 16:33:00 - INFO - utils.trainer -   ***** Running evaluation on test1 dataset *****
06/16/2026 16:33:03 - INFO - utils.trainer -   AUC: 0.62230
06/16/2026 16:33:03 - INFO - utils.trainer -   Accuracy: 0.32051
06/16/2026 16:33:03 - INFO - utils.trainer -   Precision: 0.32833
06/16/2026 16:33:03 - INFO - utils.trainer -   Recall: 0.35506
06/16/2026 16:33:03 - INFO - utils.trainer -   F_score: 0.31687
06/16/2026 16:33:03 - INFO - utils.trainer -   Loss: 3.09836
06/16/2026 16:33:03 - INFO - utils.trainer -    Train loss: 0.00106, Test loss: 3.09836,Epoch time = 12.206s
06/16/2026 16:33:15 - INFO - utils.trainer -   ***** Running evaluation on test1 dataset *****
06/16/2026 16:33:18 - INFO - utils.trainer -   AUC: 0.61995
06/16/2026 16:33:18 - INFO - utils.trainer -   Accuracy: 0.29487
06/16/2026 16:33:18 - INFO - utils.trainer -   Precision: 0.31206
06/16/2026 16:33:18 - INFO - utils.trainer -   Recall: 0.34418
06/16/2026 16:33:18 - INFO - utils.trainer -   F_score: 0.29373
06/16/2026 16:33:18 - INFO - utils.trainer -   Loss: 3.21162
06/16/2026 16:33:18 - INFO - utils.trainer -    Train loss: 0.00152, Test loss: 3.21162,Epoch time = 12.174s
06/16/2026 16:33:30 - INFO - utils.trainer -   ***** Running evaluation on test1 dataset *****
06/16/2026 16:33:33 - INFO - utils.trainer -   AUC: 0.61784
06/16/2026 16:33:33 - INFO - utils.trainer -   Accuracy: 0.29487
06/16/2026 16:33:33 - INFO - utils.trainer -   Precision: 0.30031
06/16/2026 16:33:33 - INFO - utils.trainer -   Recall: 0.32039
06/16/2026 16:33:33 - INFO - utils.trainer -   F_score: 0.28859
06/16/2026 16:33:33 - INFO - utils.trainer -   Loss: 3.20432
06/16/2026 16:33:33 - INFO - utils.trainer -    Train loss: 0.00029, Test loss: 3.20432,Epoch time = 12.174s
06/16/2026 16:33:45 - INFO - utils.trainer -   ***** Running evaluation on test1 dataset *****
06/16/2026 16:33:47 - INFO - utils.trainer -   AUC: 0.62236
06/16/2026 16:33:47 - INFO - utils.trainer -   Accuracy: 0.29487
06/16/2026 16:33:47 - INFO - utils.trainer -   Precision: 0.30062
06/16/2026 16:33:47 - INFO - utils.trainer -   Recall: 0.31913
06/16/2026 16:33:47 - INFO - utils.trainer -   F_score: 0.29027
06/16/2026 16:33:47 - INFO - utils.trainer -   Loss: 3.06068
06/16/2026 16:33:47 - INFO - utils.trainer -    Train loss: 0.00076, Test loss: 3.06068,Epoch time = 12.185s
06/16/2026 16:34:00 - INFO - utils.trainer -   ***** Running evaluation on test1 dataset *****
06/16/2026 16:34:02 - INFO - utils.trainer -   AUC: 0.62195
06/16/2026 16:34:02 - INFO - utils.trainer -   Accuracy: 0.30769
06/16/2026 16:34:02 - INFO - utils.trainer -   Precision: 0.31390
06/16/2026 16:34:02 - INFO - utils.trainer -   Recall: 0.33961
06/16/2026 16:34:02 - INFO - utils.trainer -   F_score: 0.29967
06/16/2026 16:34:02 - INFO - utils.trainer -   Loss: 3.16960
06/16/2026 16:34:02 - INFO - utils.trainer -    Train loss: 0.00050, Test loss: 3.16960,Epoch time = 12.189s
06/16/2026 16:34:15 - INFO - utils.trainer -   ***** Running evaluation on test1 dataset *****
06/16/2026 16:34:17 - INFO - utils.trainer -   AUC: 0.59828
06/16/2026 16:34:17 - INFO - utils.trainer -   Accuracy: 0.30769
06/16/2026 16:34:17 - INFO - utils.trainer -   Precision: 0.31199
06/16/2026 16:34:17 - INFO - utils.trainer -   Recall: 0.34269
06/16/2026 16:34:17 - INFO - utils.trainer -   F_score: 0.30991
06/16/2026 16:34:17 - INFO - utils.trainer -   Loss: 3.27704
06/16/2026 16:34:17 - INFO - utils.trainer -    Train loss: 0.00292, Test loss: 3.27704,Epoch time = 12.227s
06/16/2026 16:34:29 - INFO - utils.trainer -   ***** Running evaluation on test1 dataset *****
06/16/2026 16:34:32 - INFO - utils.trainer -   AUC: 0.61033
06/16/2026 16:34:32 - INFO - utils.trainer -   Accuracy: 0.30769
06/16/2026 16:34:32 - INFO - utils.trainer -   Precision: 0.30035
06/16/2026 16:34:32 - INFO - utils.trainer -   Recall: 0.31255
06/16/2026 16:34:32 - INFO - utils.trainer -   F_score: 0.29799
06/16/2026 16:34:32 - INFO - utils.trainer -   Loss: 3.19103
06/16/2026 16:34:32 - INFO - utils.trainer -    Train loss: 0.00143, Test loss: 3.19103,Epoch time = 12.271s
06/16/2026 16:34:44 - INFO - utils.trainer -   ***** Running evaluation on test1 dataset *****
06/16/2026 16:34:47 - INFO - utils.trainer -   AUC: 0.62336
06/16/2026 16:34:47 - INFO - utils.trainer -   Accuracy: 0.27564
06/16/2026 16:34:47 - INFO - utils.trainer -   Precision: 0.27249
06/16/2026 16:34:47 - INFO - utils.trainer -   Recall: 0.28978
06/16/2026 16:34:47 - INFO - utils.trainer -   F_score: 0.26865
06/16/2026 16:34:47 - INFO - utils.trainer -   Loss: 3.14667
06/16/2026 16:34:47 - INFO - utils.trainer -    Train loss: 0.00110, Test loss: 3.14667,Epoch time = 12.170s
06/16/2026 16:34:59 - INFO - utils.trainer -   ***** Running evaluation on test1 dataset *****
06/16/2026 16:35:02 - INFO - utils.trainer -   AUC: 0.62684
06/16/2026 16:35:02 - INFO - utils.trainer -   Accuracy: 0.29487
06/16/2026 16:35:02 - INFO - utils.trainer -   Precision: 0.29072
06/16/2026 16:35:02 - INFO - utils.trainer -   Recall: 0.30825
06/16/2026 16:35:02 - INFO - utils.trainer -   F_score: 0.28660
06/16/2026 16:35:02 - INFO - utils.trainer -   Loss: 3.09579
06/16/2026 16:35:02 - INFO - utils.trainer -    Train loss: 0.00124, Test loss: 3.09579,Epoch time = 12.193s
06/16/2026 16:35:14 - INFO - utils.trainer -   ***** Running evaluation on test1 dataset *****
06/16/2026 16:35:17 - INFO - utils.trainer -   AUC: 0.62899
06/16/2026 16:35:17 - INFO - utils.trainer -   Accuracy: 0.29487
06/16/2026 16:35:17 - INFO - utils.trainer -   Precision: 0.28488
06/16/2026 16:35:17 - INFO - utils.trainer -   Recall: 0.31077
06/16/2026 16:35:17 - INFO - utils.trainer -   F_score: 0.28238
06/16/2026 16:35:17 - INFO - utils.trainer -   Loss: 3.11412
06/16/2026 16:35:17 - INFO - utils.trainer -    Train loss: 0.00093, Test loss: 3.11412,Epoch time = 12.186s
06/16/2026 16:35:29 - INFO - utils.trainer -   ***** Running evaluation on test1 dataset *****
06/16/2026 16:35:31 - INFO - utils.trainer -   AUC: 0.63285
06/16/2026 16:35:31 - INFO - utils.trainer -   Accuracy: 0.32692
06/16/2026 16:35:31 - INFO - utils.trainer -   Precision: 0.33028
06/16/2026 16:35:31 - INFO - utils.trainer -   Recall: 0.35836
06/16/2026 16:35:31 - INFO - utils.trainer -   F_score: 0.32378
06/16/2026 16:35:31 - INFO - utils.trainer -   Loss: 3.09516
06/16/2026 16:35:31 - INFO - utils.trainer -    Train loss: 0.00200, Test loss: 3.09516,Epoch time = 12.195s
06/16/2026 16:35:44 - INFO - utils.trainer -   ***** Running evaluation on test1 dataset *****
06/16/2026 16:35:46 - INFO - utils.trainer -   AUC: 0.61816
06/16/2026 16:35:46 - INFO - utils.trainer -   Accuracy: 0.29487
06/16/2026 16:35:46 - INFO - utils.trainer -   Precision: 0.30376
06/16/2026 16:35:46 - INFO - utils.trainer -   Recall: 0.36489
06/16/2026 16:35:46 - INFO - utils.trainer -   F_score: 0.27767
06/16/2026 16:35:46 - INFO - utils.trainer -   Loss: 3.99720
06/16/2026 16:35:46 - INFO - utils.trainer -    Train loss: 0.00451, Test loss: 3.99720,Epoch time = 12.201s
06/16/2026 16:35:58 - INFO - utils.trainer -   ***** Running evaluation on test1 dataset *****
06/16/2026 16:36:01 - INFO - utils.trainer -   AUC: 0.60306
06/16/2026 16:36:01 - INFO - utils.trainer -   Accuracy: 0.30128
06/16/2026 16:36:01 - INFO - utils.trainer -   Precision: 0.31312
06/16/2026 16:36:01 - INFO - utils.trainer -   Recall: 0.36718
06/16/2026 16:36:01 - INFO - utils.trainer -   F_score: 0.29204
06/16/2026 16:36:01 - INFO - utils.trainer -   Loss: 3.77620
06/16/2026 16:36:01 - INFO - utils.trainer -    Train loss: 0.00090, Test loss: 3.77620,Epoch time = 12.216s
06/16/2026 16:36:13 - INFO - utils.trainer -   ***** Running evaluation on test1 dataset *****
06/16/2026 16:36:16 - INFO - utils.trainer -   AUC: 0.60448
06/16/2026 16:36:16 - INFO - utils.trainer -   Accuracy: 0.31410
06/16/2026 16:36:16 - INFO - utils.trainer -   Precision: 0.32604
06/16/2026 16:36:16 - INFO - utils.trainer -   Recall: 0.36391
06/16/2026 16:36:16 - INFO - utils.trainer -   F_score: 0.31037
06/16/2026 16:36:16 - INFO - utils.trainer -   Loss: 3.48673
06/16/2026 16:36:16 - INFO - utils.trainer -    Train loss: 0.00076, Test loss: 3.48673,Epoch time = 12.286s
06/16/2026 16:36:28 - INFO - utils.trainer -   ***** Running evaluation on test1 dataset *****
06/16/2026 16:36:30 - INFO - utils.trainer -   AUC: 0.61112
06/16/2026 16:36:30 - INFO - utils.trainer -   Accuracy: 0.30128
06/16/2026 16:36:30 - INFO - utils.trainer -   Precision: 0.29487
06/16/2026 16:36:30 - INFO - utils.trainer -   Recall: 0.30120
06/16/2026 16:36:30 - INFO - utils.trainer -   F_score: 0.28973
06/16/2026 16:36:30 - INFO - utils.trainer -   Loss: 3.16444
06/16/2026 16:36:30 - INFO - utils.trainer -    Train loss: 0.00492, Test loss: 3.16444,Epoch time = 12.034s
06/16/2026 16:36:42 - INFO - utils.trainer -   ***** Running evaluation on test1 dataset *****
06/16/2026 16:36:45 - INFO - utils.trainer -   AUC: 0.62507
06/16/2026 16:36:45 - INFO - utils.trainer -   Accuracy: 0.37179
06/16/2026 16:36:45 - INFO - utils.trainer -   Precision: 0.37576
06/16/2026 16:36:45 - INFO - utils.trainer -   Recall: 0.39431
06/16/2026 16:36:45 - INFO - utils.trainer -   F_score: 0.36917
06/16/2026 16:36:45 - INFO - utils.trainer -   Loss: 2.96476
06/16/2026 16:36:45 - INFO - utils.trainer -    Train loss: 0.01080, Test loss: 2.96476,Epoch time = 11.926s
06/16/2026 16:36:45 - INFO - utils.trainer -   Saving model checkpoint to output_dir/DFCBNC
06/16/2026 16:36:57 - INFO - utils.trainer -   ***** Running evaluation on test1 dataset *****
06/16/2026 16:36:59 - INFO - utils.trainer -   AUC: 0.60152
06/16/2026 16:36:59 - INFO - utils.trainer -   Accuracy: 0.37821
06/16/2026 16:36:59 - INFO - utils.trainer -   Precision: 0.43646
06/16/2026 16:36:59 - INFO - utils.trainer -   Recall: 0.30073
06/16/2026 16:36:59 - INFO - utils.trainer -   F_score: 0.26072
06/16/2026 16:36:59 - INFO - utils.trainer -   Loss: 4.20101
06/16/2026 16:36:59 - INFO - utils.trainer -    Train loss: 0.04988, Test loss: 4.20101,Epoch time = 11.994s
06/16/2026 16:36:59 - INFO - utils.trainer -   Saving model checkpoint to output_dir/DFCBNC
06/16/2026 16:37:11 - INFO - utils.trainer -   ***** Running evaluation on test1 dataset *****
06/16/2026 16:37:14 - INFO - utils.trainer -   AUC: 0.61958
06/16/2026 16:37:14 - INFO - utils.trainer -   Accuracy: 0.33974
06/16/2026 16:37:14 - INFO - utils.trainer -   Precision: 0.39838
06/16/2026 16:37:14 - INFO - utils.trainer -   Recall: 0.35081
06/16/2026 16:37:14 - INFO - utils.trainer -   F_score: 0.33819
06/16/2026 16:37:14 - INFO - utils.trainer -   Loss: 3.66968
06/16/2026 16:37:14 - INFO - utils.trainer -    Train loss: 0.04813, Test loss: 3.66968,Epoch time = 12.004s
06/16/2026 16:37:26 - INFO - utils.trainer -   ***** Running evaluation on test1 dataset *****
06/16/2026 16:37:28 - INFO - utils.trainer -   AUC: 0.61737
06/16/2026 16:37:28 - INFO - utils.trainer -   Accuracy: 0.38462
06/16/2026 16:37:28 - INFO - utils.trainer -   Precision: 0.36990
06/16/2026 16:37:28 - INFO - utils.trainer -   Recall: 0.38265
06/16/2026 16:37:28 - INFO - utils.trainer -   F_score: 0.36744
06/16/2026 16:37:28 - INFO - utils.trainer -   Loss: 3.16932
06/16/2026 16:37:28 - INFO - utils.trainer -    Train loss: 0.03442, Test loss: 3.16932,Epoch time = 11.966s
06/16/2026 16:37:28 - INFO - utils.trainer -   Saving model checkpoint to output_dir/DFCBNC
06/16/2026 16:37:40 - INFO - utils.trainer -   ***** Running evaluation on test1 dataset *****
06/16/2026 16:37:42 - INFO - utils.trainer -   AUC: 0.61170
06/16/2026 16:37:42 - INFO - utils.trainer -   Accuracy: 0.32692
06/16/2026 16:37:42 - INFO - utils.trainer -   Precision: 0.35176
06/16/2026 16:37:42 - INFO - utils.trainer -   Recall: 0.33383
06/16/2026 16:37:42 - INFO - utils.trainer -   F_score: 0.32673
06/16/2026 16:37:42 - INFO - utils.trainer -   Loss: 3.05821
06/16/2026 16:37:42 - INFO - utils.trainer -    Train loss: 0.02170, Test loss: 3.05821,Epoch time = 11.946s
06/16/2026 16:37:54 - INFO - utils.trainer -   ***** Running evaluation on test1 dataset *****
06/16/2026 16:37:57 - INFO - utils.trainer -   AUC: 0.61192
06/16/2026 16:37:57 - INFO - utils.trainer -   Accuracy: 0.34615
06/16/2026 16:37:57 - INFO - utils.trainer -   Precision: 0.37301
06/16/2026 16:37:57 - INFO - utils.trainer -   Recall: 0.41628
06/16/2026 16:37:57 - INFO - utils.trainer -   F_score: 0.34144
06/16/2026 16:37:57 - INFO - utils.trainer -   Loss: 3.74987
06/16/2026 16:37:57 - INFO - utils.trainer -    Train loss: 0.00979, Test loss: 3.74987,Epoch time = 11.929s
06/16/2026 16:38:09 - INFO - utils.trainer -   ***** Running evaluation on test1 dataset *****
06/16/2026 16:38:11 - INFO - utils.trainer -   AUC: 0.62357
06/16/2026 16:38:11 - INFO - utils.trainer -   Accuracy: 0.32692
06/16/2026 16:38:11 - INFO - utils.trainer -   Precision: 0.32487
06/16/2026 16:38:11 - INFO - utils.trainer -   Recall: 0.34643
06/16/2026 16:38:11 - INFO - utils.trainer -   F_score: 0.31015
06/16/2026 16:38:11 - INFO - utils.trainer -   Loss: 3.22249
06/16/2026 16:38:11 - INFO - utils.trainer -    Train loss: 0.00576, Test loss: 3.22249,Epoch time = 11.978s
06/16/2026 16:38:23 - INFO - utils.trainer -   ***** Running evaluation on test1 dataset *****
06/16/2026 16:38:25 - INFO - utils.trainer -   AUC: 0.61969
06/16/2026 16:38:25 - INFO - utils.trainer -   Accuracy: 0.36538
06/16/2026 16:38:25 - INFO - utils.trainer -   Precision: 0.35006
06/16/2026 16:38:25 - INFO - utils.trainer -   Recall: 0.36795
06/16/2026 16:38:25 - INFO - utils.trainer -   F_score: 0.34637
06/16/2026 16:38:25 - INFO - utils.trainer -   Loss: 3.19234
06/16/2026 16:38:25 - INFO - utils.trainer -    Train loss: 0.02333, Test loss: 3.19234,Epoch time = 12.011s
06/16/2026 16:38:37 - INFO - utils.trainer -   ***** Running evaluation on test1 dataset *****
06/16/2026 16:38:40 - INFO - utils.trainer -   AUC: 0.58228
06/16/2026 16:38:40 - INFO - utils.trainer -   Accuracy: 0.33333
06/16/2026 16:38:40 - INFO - utils.trainer -   Precision: 0.33799
06/16/2026 16:38:40 - INFO - utils.trainer -   Recall: 0.32521
06/16/2026 16:38:40 - INFO - utils.trainer -   F_score: 0.31969
06/16/2026 16:38:40 - INFO - utils.trainer -   Loss: 3.23807
06/16/2026 16:38:40 - INFO - utils.trainer -    Train loss: 0.01208, Test loss: 3.23807,Epoch time = 11.942s
06/16/2026 16:38:52 - INFO - utils.trainer -   ***** Running evaluation on test1 dataset *****
06/16/2026 16:38:54 - INFO - utils.trainer -   AUC: 0.60767
06/16/2026 16:38:54 - INFO - utils.trainer -   Accuracy: 0.30769
06/16/2026 16:38:54 - INFO - utils.trainer -   Precision: 0.31208
06/16/2026 16:38:54 - INFO - utils.trainer -   Recall: 0.31811
06/16/2026 16:38:54 - INFO - utils.trainer -   F_score: 0.29978
06/16/2026 16:38:54 - INFO - utils.trainer -   Loss: 3.32643
06/16/2026 16:38:54 - INFO - utils.trainer -    Train loss: 0.00537, Test loss: 3.32643,Epoch time = 11.931s
06/16/2026 16:39:06 - INFO - utils.trainer -   ***** Running evaluation on test1 dataset *****
06/16/2026 16:39:08 - INFO - utils.trainer -   AUC: 0.58492
06/16/2026 16:39:08 - INFO - utils.trainer -   Accuracy: 0.32692
06/16/2026 16:39:08 - INFO - utils.trainer -   Precision: 0.32934
06/16/2026 16:39:08 - INFO - utils.trainer -   Recall: 0.34569
06/16/2026 16:39:08 - INFO - utils.trainer -   F_score: 0.31869
06/16/2026 16:39:08 - INFO - utils.trainer -   Loss: 3.59456
06/16/2026 16:39:08 - INFO - utils.trainer -    Train loss: 0.00279, Test loss: 3.59456,Epoch time = 11.927s
06/16/2026 16:39:20 - INFO - utils.trainer -   ***** Running evaluation on test1 dataset *****
06/16/2026 16:39:23 - INFO - utils.trainer -   AUC: 0.58439
06/16/2026 16:39:23 - INFO - utils.trainer -   Accuracy: 0.30128
06/16/2026 16:39:23 - INFO - utils.trainer -   Precision: 0.28713
06/16/2026 16:39:23 - INFO - utils.trainer -   Recall: 0.30216
06/16/2026 16:39:23 - INFO - utils.trainer -   F_score: 0.28469
06/16/2026 16:39:23 - INFO - utils.trainer -   Loss: 3.56116
06/16/2026 16:39:23 - INFO - utils.trainer -    Train loss: 0.00435, Test loss: 3.56116,Epoch time = 11.941s
06/16/2026 16:39:35 - INFO - utils.trainer -   ***** Running evaluation on test1 dataset *****
06/16/2026 16:39:37 - INFO - utils.trainer -   AUC: 0.58700
06/16/2026 16:39:37 - INFO - utils.trainer -   Accuracy: 0.32051
06/16/2026 16:39:37 - INFO - utils.trainer -   Precision: 0.31915
06/16/2026 16:39:37 - INFO - utils.trainer -   Recall: 0.32647
06/16/2026 16:39:37 - INFO - utils.trainer -   F_score: 0.30986
06/16/2026 16:39:37 - INFO - utils.trainer -   Loss: 3.52569
06/16/2026 16:39:37 - INFO - utils.trainer -    Train loss: 0.00290, Test loss: 3.52569,Epoch time = 11.947s
06/16/2026 16:39:49 - INFO - utils.trainer -   ***** Running evaluation on test1 dataset *****
06/16/2026 16:39:51 - INFO - utils.trainer -   AUC: 0.59222
06/16/2026 16:39:51 - INFO - utils.trainer -   Accuracy: 0.30769
06/16/2026 16:39:51 - INFO - utils.trainer -   Precision: 0.31627
06/16/2026 16:39:51 - INFO - utils.trainer -   Recall: 0.32469
06/16/2026 16:39:51 - INFO - utils.trainer -   F_score: 0.30147
06/16/2026 16:39:51 - INFO - utils.trainer -   Loss: 3.52229
06/16/2026 16:39:51 - INFO - utils.trainer -    Train loss: 0.00216, Test loss: 3.52229,Epoch time = 11.976s
06/16/2026 16:40:03 - INFO - utils.trainer -   ***** Running evaluation on test1 dataset *****
06/16/2026 16:40:06 - INFO - utils.trainer -   AUC: 0.57270
06/16/2026 16:40:06 - INFO - utils.trainer -   Accuracy: 0.26282
06/16/2026 16:40:06 - INFO - utils.trainer -   Precision: 0.27225
06/16/2026 16:40:06 - INFO - utils.trainer -   Recall: 0.26547
06/16/2026 16:40:06 - INFO - utils.trainer -   F_score: 0.25428
06/16/2026 16:40:06 - INFO - utils.trainer -   Loss: 3.59406
06/16/2026 16:40:06 - INFO - utils.trainer -    Train loss: 0.01160, Test loss: 3.59406,Epoch time = 11.951s
06/16/2026 16:40:18 - INFO - utils.trainer -   ***** Running evaluation on test1 dataset *****
06/16/2026 16:40:20 - INFO - utils.trainer -   AUC: 0.61093
06/16/2026 16:40:20 - INFO - utils.trainer -   Accuracy: 0.33974
06/16/2026 16:40:20 - INFO - utils.trainer -   Precision: 0.35161
06/16/2026 16:40:20 - INFO - utils.trainer -   Recall: 0.34214
06/16/2026 16:40:20 - INFO - utils.trainer -   F_score: 0.31049
06/16/2026 16:40:20 - INFO - utils.trainer -   Loss: 3.97654
06/16/2026 16:40:20 - INFO - utils.trainer -    Train loss: 0.02480, Test loss: 3.97654,Epoch time = 11.970s
06/16/2026 16:40:32 - INFO - utils.trainer -   ***** Running evaluation on test1 dataset *****
06/16/2026 16:40:35 - INFO - utils.trainer -   AUC: 0.58536
06/16/2026 16:40:35 - INFO - utils.trainer -   Accuracy: 0.30128
06/16/2026 16:40:35 - INFO - utils.trainer -   Precision: 0.32106
06/16/2026 16:40:35 - INFO - utils.trainer -   Recall: 0.34138
06/16/2026 16:40:35 - INFO - utils.trainer -   F_score: 0.29794
06/16/2026 16:40:35 - INFO - utils.trainer -   Loss: 3.77497
06/16/2026 16:40:35 - INFO - utils.trainer -    Train loss: 0.02881, Test loss: 3.77497,Epoch time = 12.009s
06/16/2026 16:40:47 - INFO - utils.trainer -   ***** Running evaluation on test1 dataset *****
06/16/2026 16:40:49 - INFO - utils.trainer -   AUC: 0.57134
06/16/2026 16:40:49 - INFO - utils.trainer -   Accuracy: 0.24359
06/16/2026 16:40:49 - INFO - utils.trainer -   Precision: 0.26872
06/16/2026 16:40:49 - INFO - utils.trainer -   Recall: 0.31581
06/16/2026 16:40:49 - INFO - utils.trainer -   F_score: 0.23799
06/16/2026 16:40:49 - INFO - utils.trainer -   Loss: 4.68748
06/16/2026 16:40:49 - INFO - utils.trainer -    Train loss: 0.03798, Test loss: 4.68748,Epoch time = 11.956s
06/16/2026 16:41:01 - INFO - utils.trainer -   ***** Running evaluation on test1 dataset *****
06/16/2026 16:41:03 - INFO - utils.trainer -   AUC: 0.57159
06/16/2026 16:41:03 - INFO - utils.trainer -   Accuracy: 0.28846
06/16/2026 16:41:03 - INFO - utils.trainer -   Precision: 0.26779
06/16/2026 16:41:03 - INFO - utils.trainer -   Recall: 0.28064
06/16/2026 16:41:03 - INFO - utils.trainer -   F_score: 0.26241
06/16/2026 16:41:03 - INFO - utils.trainer -   Loss: 3.71468
06/16/2026 16:41:03 - INFO - utils.trainer -    Train loss: 0.01503, Test loss: 3.71468,Epoch time = 11.983s
06/16/2026 16:41:15 - INFO - utils.trainer -   ***** Running evaluation on test1 dataset *****
06/16/2026 16:41:18 - INFO - utils.trainer -   AUC: 0.58660
06/16/2026 16:41:18 - INFO - utils.trainer -   Accuracy: 0.30128
06/16/2026 16:41:18 - INFO - utils.trainer -   Precision: 0.28717
06/16/2026 16:41:18 - INFO - utils.trainer -   Recall: 0.30925
06/16/2026 16:41:18 - INFO - utils.trainer -   F_score: 0.28981
06/16/2026 16:41:18 - INFO - utils.trainer -   Loss: 3.30154
06/16/2026 16:41:18 - INFO - utils.trainer -    Train loss: 0.01034, Test loss: 3.30154,Epoch time = 11.994s
06/16/2026 16:41:30 - INFO - utils.trainer -   ***** Running evaluation on test1 dataset *****
06/16/2026 16:41:32 - INFO - utils.trainer -   AUC: 0.56872
06/16/2026 16:41:32 - INFO - utils.trainer -   Accuracy: 0.31410
06/16/2026 16:41:32 - INFO - utils.trainer -   Precision: 0.31143
06/16/2026 16:41:32 - INFO - utils.trainer -   Recall: 0.31965
06/16/2026 16:41:32 - INFO - utils.trainer -   F_score: 0.31291
06/16/2026 16:41:32 - INFO - utils.trainer -   Loss: 3.91856
06/16/2026 16:41:32 - INFO - utils.trainer -    Train loss: 0.01339, Test loss: 3.91856,Epoch time = 11.952s
06/16/2026 16:41:44 - INFO - utils.trainer -   ***** Running evaluation on test1 dataset *****
06/16/2026 16:41:47 - INFO - utils.trainer -   AUC: 0.58691
06/16/2026 16:41:47 - INFO - utils.trainer -   Accuracy: 0.28205
06/16/2026 16:41:47 - INFO - utils.trainer -   Precision: 0.28225
06/16/2026 16:41:47 - INFO - utils.trainer -   Recall: 0.30089
06/16/2026 16:41:47 - INFO - utils.trainer -   F_score: 0.27379
06/16/2026 16:41:47 - INFO - utils.trainer -   Loss: 3.65048
06/16/2026 16:41:47 - INFO - utils.trainer -    Train loss: 0.01134, Test loss: 3.65048,Epoch time = 11.942s
06/16/2026 16:41:59 - INFO - utils.trainer -   ***** Running evaluation on test1 dataset *****
06/16/2026 16:42:01 - INFO - utils.trainer -   AUC: 0.59216
06/16/2026 16:42:01 - INFO - utils.trainer -   Accuracy: 0.30128
06/16/2026 16:42:01 - INFO - utils.trainer -   Precision: 0.29725
06/16/2026 16:42:01 - INFO - utils.trainer -   Recall: 0.34997
06/16/2026 16:42:01 - INFO - utils.trainer -   F_score: 0.29518
06/16/2026 16:42:01 - INFO - utils.trainer -   Loss: 3.86762
06/16/2026 16:42:01 - INFO - utils.trainer -    Train loss: 0.01080, Test loss: 3.86762,Epoch time = 12.098s
06/16/2026 16:42:13 - INFO - utils.trainer -   ***** Running evaluation on test1 dataset *****
06/16/2026 16:42:15 - INFO - utils.trainer -   AUC: 0.58125
06/16/2026 16:42:15 - INFO - utils.trainer -   Accuracy: 0.32051
06/16/2026 16:42:15 - INFO - utils.trainer -   Precision: 0.31716
06/16/2026 16:42:15 - INFO - utils.trainer -   Recall: 0.35404
06/16/2026 16:42:15 - INFO - utils.trainer -   F_score: 0.31785
06/16/2026 16:42:15 - INFO - utils.trainer -   Loss: 3.97675
06/16/2026 16:42:15 - INFO - utils.trainer -    Train loss: 0.00199, Test loss: 3.97675,Epoch time = 11.945s
06/16/2026 16:42:27 - INFO - utils.trainer -   ***** Running evaluation on test1 dataset *****
06/16/2026 16:42:30 - INFO - utils.trainer -   AUC: 0.58343
06/16/2026 16:42:30 - INFO - utils.trainer -   Accuracy: 0.31410
06/16/2026 16:42:30 - INFO - utils.trainer -   Precision: 0.31195
06/16/2026 16:42:30 - INFO - utils.trainer -   Recall: 0.34923
06/16/2026 16:42:30 - INFO - utils.trainer -   F_score: 0.31279
06/16/2026 16:42:30 - INFO - utils.trainer -   Loss: 3.87076
06/16/2026 16:42:30 - INFO - utils.trainer -    Train loss: 0.00334, Test loss: 3.87076,Epoch time = 12.014s
06/16/2026 16:42:42 - INFO - utils.trainer -   ***** Running evaluation on test1 dataset *****
06/16/2026 16:42:44 - INFO - utils.trainer -   AUC: 0.59922
06/16/2026 16:42:44 - INFO - utils.trainer -   Accuracy: 0.29487
06/16/2026 16:42:44 - INFO - utils.trainer -   Precision: 0.30097
06/16/2026 16:42:44 - INFO - utils.trainer -   Recall: 0.33000
06/16/2026 16:42:44 - INFO - utils.trainer -   F_score: 0.29363
06/16/2026 16:42:44 - INFO - utils.trainer -   Loss: 3.79885
06/16/2026 16:42:44 - INFO - utils.trainer -    Train loss: 0.00850, Test loss: 3.79885,Epoch time = 11.922s
06/16/2026 16:42:56 - INFO - utils.trainer -   ***** Running evaluation on test1 dataset *****
06/16/2026 16:42:59 - INFO - utils.trainer -   AUC: 0.59782
06/16/2026 16:42:59 - INFO - utils.trainer -   Accuracy: 0.30128
06/16/2026 16:42:59 - INFO - utils.trainer -   Precision: 0.29509
06/16/2026 16:42:59 - INFO - utils.trainer -   Recall: 0.32898
06/16/2026 16:42:59 - INFO - utils.trainer -   F_score: 0.29690
06/16/2026 16:42:59 - INFO - utils.trainer -   Loss: 3.61232
06/16/2026 16:42:59 - INFO - utils.trainer -    Train loss: 0.00294, Test loss: 3.61232,Epoch time = 11.971s
06/16/2026 16:43:11 - INFO - utils.trainer -   ***** Running evaluation on test1 dataset *****
06/16/2026 16:43:13 - INFO - utils.trainer -   AUC: 0.59410
06/16/2026 16:43:13 - INFO - utils.trainer -   Accuracy: 0.30128
06/16/2026 16:43:13 - INFO - utils.trainer -   Precision: 0.29446
06/16/2026 16:43:13 - INFO - utils.trainer -   Recall: 0.33075
06/16/2026 16:43:13 - INFO - utils.trainer -   F_score: 0.29671
06/16/2026 16:43:13 - INFO - utils.trainer -   Loss: 3.62925
06/16/2026 16:43:13 - INFO - utils.trainer -    Train loss: 0.00250, Test loss: 3.62925,Epoch time = 12.023s
06/16/2026 16:43:25 - INFO - utils.trainer -   ***** Running evaluation on test1 dataset *****
06/16/2026 16:43:27 - INFO - utils.trainer -   AUC: 0.60104
06/16/2026 16:43:27 - INFO - utils.trainer -   Accuracy: 0.32051
06/16/2026 16:43:27 - INFO - utils.trainer -   Precision: 0.31333
06/16/2026 16:43:27 - INFO - utils.trainer -   Recall: 0.34569
06/16/2026 16:43:27 - INFO - utils.trainer -   F_score: 0.31497
06/16/2026 16:43:27 - INFO - utils.trainer -   Loss: 3.61823
06/16/2026 16:43:27 - INFO - utils.trainer -    Train loss: 0.00228, Test loss: 3.61823,Epoch time = 11.921s
06/16/2026 16:43:39 - INFO - utils.trainer -   ***** Running evaluation on test1 dataset *****
06/16/2026 16:43:42 - INFO - utils.trainer -   AUC: 0.60912
06/16/2026 16:43:42 - INFO - utils.trainer -   Accuracy: 0.31410
06/16/2026 16:43:42 - INFO - utils.trainer -   Precision: 0.31262
06/16/2026 16:43:42 - INFO - utils.trainer -   Recall: 0.34088
06/16/2026 16:43:42 - INFO - utils.trainer -   F_score: 0.30765
06/16/2026 16:43:42 - INFO - utils.trainer -   Loss: 3.60178
06/16/2026 16:43:42 - INFO - utils.trainer -    Train loss: 0.00508, Test loss: 3.60178,Epoch time = 11.947s
06/16/2026 16:43:54 - INFO - utils.trainer -   ***** Running evaluation on test1 dataset *****
06/16/2026 16:43:56 - INFO - utils.trainer -   AUC: 0.60759
06/16/2026 16:43:56 - INFO - utils.trainer -   Accuracy: 0.30769
06/16/2026 16:43:56 - INFO - utils.trainer -   Precision: 0.30398
06/16/2026 16:43:56 - INFO - utils.trainer -   Recall: 0.33607
06/16/2026 16:43:56 - INFO - utils.trainer -   F_score: 0.30269
06/16/2026 16:43:56 - INFO - utils.trainer -   Loss: 3.62096
06/16/2026 16:43:56 - INFO - utils.trainer -    Train loss: 0.00094, Test loss: 3.62096,Epoch time = 11.934s
06/16/2026 16:44:08 - INFO - utils.trainer -   ***** Running evaluation on test1 dataset *****
06/16/2026 16:44:10 - INFO - utils.trainer -   AUC: 0.61167
06/16/2026 16:44:10 - INFO - utils.trainer -   Accuracy: 0.30128
06/16/2026 16:44:10 - INFO - utils.trainer -   Precision: 0.30255
06/16/2026 16:44:10 - INFO - utils.trainer -   Recall: 0.32291
06/16/2026 16:44:10 - INFO - utils.trainer -   F_score: 0.29442
06/16/2026 16:44:10 - INFO - utils.trainer -   Loss: 3.58622
06/16/2026 16:44:10 - INFO - utils.trainer -    Train loss: 0.00162, Test loss: 3.58622,Epoch time = 11.930s
06/16/2026 16:44:22 - INFO - utils.trainer -   ***** Running evaluation on test1 dataset *****
06/16/2026 16:44:25 - INFO - utils.trainer -   AUC: 0.60054
06/16/2026 16:44:25 - INFO - utils.trainer -   Accuracy: 0.31410
06/16/2026 16:44:25 - INFO - utils.trainer -   Precision: 0.32391
06/16/2026 16:44:25 - INFO - utils.trainer -   Recall: 0.33887
06/16/2026 16:44:25 - INFO - utils.trainer -   F_score: 0.31410
06/16/2026 16:44:25 - INFO - utils.trainer -   Loss: 3.48961
06/16/2026 16:44:25 - INFO - utils.trainer -    Train loss: 0.00709, Test loss: 3.48961,Epoch time = 12.025s
06/16/2026 16:44:37 - INFO - utils.trainer -   ***** Running evaluation on test1 dataset *****
06/16/2026 16:44:39 - INFO - utils.trainer -   AUC: 0.60840
06/16/2026 16:44:39 - INFO - utils.trainer -   Accuracy: 0.31410
06/16/2026 16:44:39 - INFO - utils.trainer -   Precision: 0.31445
06/16/2026 16:44:39 - INFO - utils.trainer -   Recall: 0.33962
06/16/2026 16:44:39 - INFO - utils.trainer -   F_score: 0.30845
06/16/2026 16:44:39 - INFO - utils.trainer -   Loss: 3.50204
06/16/2026 16:44:39 - INFO - utils.trainer -    Train loss: 0.00203, Test loss: 3.50204,Epoch time = 11.981s
06/16/2026 16:44:51 - INFO - utils.trainer -   ***** Running evaluation on test1 dataset *****
06/16/2026 16:44:54 - INFO - utils.trainer -   AUC: 0.61153
06/16/2026 16:44:54 - INFO - utils.trainer -   Accuracy: 0.32051
06/16/2026 16:44:54 - INFO - utils.trainer -   Precision: 0.31684
06/16/2026 16:44:54 - INFO - utils.trainer -   Recall: 0.33962
06/16/2026 16:44:54 - INFO - utils.trainer -   F_score: 0.31208
06/16/2026 16:44:54 - INFO - utils.trainer -   Loss: 3.41641
06/16/2026 16:44:54 - INFO - utils.trainer -    Train loss: 0.00147, Test loss: 3.41641,Epoch time = 11.935s
06/16/2026 16:45:06 - INFO - utils.trainer -   ***** Running evaluation on test1 dataset *****
06/16/2026 16:45:08 - INFO - utils.trainer -   AUC: 0.61289
06/16/2026 16:45:08 - INFO - utils.trainer -   Accuracy: 0.30769
06/16/2026 16:45:08 - INFO - utils.trainer -   Precision: 0.31543
06/16/2026 16:45:08 - INFO - utils.trainer -   Recall: 0.34316
06/16/2026 16:45:08 - INFO - utils.trainer -   F_score: 0.30493
06/16/2026 16:45:08 - INFO - utils.trainer -   Loss: 3.48038
06/16/2026 16:45:08 - INFO - utils.trainer -    Train loss: 0.00088, Test loss: 3.48038,Epoch time = 11.975s
06/16/2026 16:45:20 - INFO - utils.trainer -   ***** Running evaluation on test1 dataset *****
06/16/2026 16:45:22 - INFO - utils.trainer -   AUC: 0.61539
06/16/2026 16:45:22 - INFO - utils.trainer -   Accuracy: 0.31410
06/16/2026 16:45:22 - INFO - utils.trainer -   Precision: 0.31794
06/16/2026 16:45:22 - INFO - utils.trainer -   Recall: 0.34797
06/16/2026 16:45:22 - INFO - utils.trainer -   F_score: 0.31030
06/16/2026 16:45:22 - INFO - utils.trainer -   Loss: 3.45753
06/16/2026 16:45:22 - INFO - utils.trainer -    Train loss: 0.00085, Test loss: 3.45753,Epoch time = 11.901s
06/16/2026 16:45:34 - INFO - utils.trainer -   ***** Running evaluation on test1 dataset *****
06/16/2026 16:45:37 - INFO - utils.trainer -   AUC: 0.61502
06/16/2026 16:45:37 - INFO - utils.trainer -   Accuracy: 0.33333
06/16/2026 16:45:37 - INFO - utils.trainer -   Precision: 0.33507
06/16/2026 16:45:37 - INFO - utils.trainer -   Recall: 0.37074
06/16/2026 16:45:37 - INFO - utils.trainer -   F_score: 0.32856
06/16/2026 16:45:37 - INFO - utils.trainer -   Loss: 3.52577
06/16/2026 16:45:37 - INFO - utils.trainer -    Train loss: 0.00310, Test loss: 3.52577,Epoch time = 11.951s
06/16/2026 16:45:49 - INFO - utils.trainer -   ***** Running evaluation on test1 dataset *****
06/16/2026 16:45:51 - INFO - utils.trainer -   AUC: 0.61978
06/16/2026 16:45:51 - INFO - utils.trainer -   Accuracy: 0.33974
06/16/2026 16:45:51 - INFO - utils.trainer -   Precision: 0.33200
06/16/2026 16:45:51 - INFO - utils.trainer -   Recall: 0.35885
06/16/2026 16:45:51 - INFO - utils.trainer -   F_score: 0.32884
06/16/2026 16:45:51 - INFO - utils.trainer -   Loss: 3.41427
06/16/2026 16:45:51 - INFO - utils.trainer -    Train loss: 0.00619, Test loss: 3.41427,Epoch time = 11.947s
06/16/2026 16:46:03 - INFO - utils.trainer -   ***** Running evaluation on test1 dataset *****
06/16/2026 16:46:05 - INFO - utils.trainer -   AUC: 0.62060
06/16/2026 16:46:05 - INFO - utils.trainer -   Accuracy: 0.30128
06/16/2026 16:46:05 - INFO - utils.trainer -   Precision: 0.31074
06/16/2026 16:46:05 - INFO - utils.trainer -   Recall: 0.33607
06/16/2026 16:46:05 - INFO - utils.trainer -   F_score: 0.29735
06/16/2026 16:46:05 - INFO - utils.trainer -   Loss: 3.50297
06/16/2026 16:46:05 - INFO - utils.trainer -    Train loss: 0.00875, Test loss: 3.50297,Epoch time = 11.953s
06/16/2026 16:46:17 - INFO - utils.trainer -   ***** Running evaluation on test1 dataset *****
06/16/2026 16:46:20 - INFO - utils.trainer -   AUC: 0.60925
06/16/2026 16:46:20 - INFO - utils.trainer -   Accuracy: 0.29487
06/16/2026 16:46:20 - INFO - utils.trainer -   Precision: 0.28750
06/16/2026 16:46:20 - INFO - utils.trainer -   Recall: 0.31405
06/16/2026 16:46:20 - INFO - utils.trainer -   F_score: 0.28538
06/16/2026 16:46:20 - INFO - utils.trainer -   Loss: 3.33918
06/16/2026 16:46:20 - INFO - utils.trainer -    Train loss: 0.00619, Test loss: 3.33918,Epoch time = 11.999s
06/16/2026 16:46:32 - INFO - utils.trainer -   ***** Running evaluation on test1 dataset *****
06/16/2026 16:46:34 - INFO - utils.trainer -   AUC: 0.60736
06/16/2026 16:46:34 - INFO - utils.trainer -   Accuracy: 0.28846
06/16/2026 16:46:34 - INFO - utils.trainer -   Precision: 0.29798
06/16/2026 16:46:34 - INFO - utils.trainer -   Recall: 0.31456
06/16/2026 16:46:34 - INFO - utils.trainer -   F_score: 0.28291
06/16/2026 16:46:34 - INFO - utils.trainer -   Loss: 3.42658
06/16/2026 16:46:34 - INFO - utils.trainer -    Train loss: 0.00248, Test loss: 3.42658,Epoch time = 11.937s
06/16/2026 16:46:46 - INFO - utils.trainer -   ***** Running evaluation on test1 dataset *****
06/16/2026 16:46:48 - INFO - utils.trainer -   AUC: 0.60573
06/16/2026 16:46:48 - INFO - utils.trainer -   Accuracy: 0.28846
06/16/2026 16:46:48 - INFO - utils.trainer -   Precision: 0.29665
06/16/2026 16:46:48 - INFO - utils.trainer -   Recall: 0.32291
06/16/2026 16:46:48 - INFO - utils.trainer -   F_score: 0.28431
06/16/2026 16:46:48 - INFO - utils.trainer -   Loss: 3.54842
06/16/2026 16:46:48 - INFO - utils.trainer -    Train loss: 0.00166, Test loss: 3.54842,Epoch time = 11.987s
06/16/2026 16:47:01 - INFO - utils.trainer -   ***** Running evaluation on test1 dataset *****
06/16/2026 16:47:03 - INFO - utils.trainer -   AUC: 0.60796
06/16/2026 16:47:03 - INFO - utils.trainer -   Accuracy: 0.31410
06/16/2026 16:47:03 - INFO - utils.trainer -   Precision: 0.32376
06/16/2026 16:47:03 - INFO - utils.trainer -   Recall: 0.35152
06/16/2026 16:47:03 - INFO - utils.trainer -   F_score: 0.31181
06/16/2026 16:47:03 - INFO - utils.trainer -   Loss: 3.50433
06/16/2026 16:47:03 - INFO - utils.trainer -    Train loss: 0.00100, Test loss: 3.50433,Epoch time = 12.066s
06/16/2026 16:47:15 - INFO - utils.trainer -   ***** Running evaluation on test1 dataset *****
06/16/2026 16:47:17 - INFO - utils.trainer -   AUC: 0.60905
06/16/2026 16:47:17 - INFO - utils.trainer -   Accuracy: 0.32051
06/16/2026 16:47:17 - INFO - utils.trainer -   Precision: 0.32185
06/16/2026 16:47:17 - INFO - utils.trainer -   Recall: 0.34797
06/16/2026 16:47:17 - INFO - utils.trainer -   F_score: 0.31520
06/16/2026 16:47:17 - INFO - utils.trainer -   Loss: 3.46144
06/16/2026 16:47:17 - INFO - utils.trainer -    Train loss: 0.00084, Test loss: 3.46144,Epoch time = 11.997s
06/16/2026 16:47:29 - INFO - utils.trainer -   ***** Running evaluation on test1 dataset *****
06/16/2026 16:47:32 - INFO - utils.trainer -   AUC: 0.60854
06/16/2026 16:47:32 - INFO - utils.trainer -   Accuracy: 0.30769
06/16/2026 16:47:32 - INFO - utils.trainer -   Precision: 0.31272
06/16/2026 16:47:32 - INFO - utils.trainer -   Recall: 0.33052
06/16/2026 16:47:32 - INFO - utils.trainer -   F_score: 0.30422
06/16/2026 16:47:32 - INFO - utils.trainer -   Loss: 3.46192
06/16/2026 16:47:32 - INFO - utils.trainer -    Train loss: 0.00161, Test loss: 3.46192,Epoch time = 11.905s
06/16/2026 16:47:44 - INFO - utils.trainer -   ***** Running evaluation on test1 dataset *****
06/16/2026 16:47:46 - INFO - utils.trainer -   AUC: 0.61278
06/16/2026 16:47:46 - INFO - utils.trainer -   Accuracy: 0.30769
06/16/2026 16:47:46 - INFO - utils.trainer -   Precision: 0.31808
06/16/2026 16:47:46 - INFO - utils.trainer -   Recall: 0.34671
06/16/2026 16:47:46 - INFO - utils.trainer -   F_score: 0.30664
06/16/2026 16:47:46 - INFO - utils.trainer -   Loss: 3.52001
06/16/2026 16:47:46 - INFO - utils.trainer -    Train loss: 0.00054, Test loss: 3.52001,Epoch time = 11.950s
06/16/2026 16:47:58 - INFO - utils.trainer -   ***** Running evaluation on test1 dataset *****
06/16/2026 16:48:00 - INFO - utils.trainer -   AUC: 0.60999
06/16/2026 16:48:00 - INFO - utils.trainer -   Accuracy: 0.30128
06/16/2026 16:48:00 - INFO - utils.trainer -   Precision: 0.31259
06/16/2026 16:48:00 - INFO - utils.trainer -   Recall: 0.34190
06/16/2026 16:48:00 - INFO - utils.trainer -   F_score: 0.30087
06/16/2026 16:48:00 - INFO - utils.trainer -   Loss: 3.52185
06/16/2026 16:48:00 - INFO - utils.trainer -    Train loss: 0.00091, Test loss: 3.52185,Epoch time = 12.002s
06/16/2026 16:48:12 - INFO - utils.trainer -   ***** Running evaluation on test1 dataset *****
06/16/2026 16:48:15 - INFO - utils.trainer -   AUC: 0.61157
06/16/2026 16:48:15 - INFO - utils.trainer -   Accuracy: 0.30128
06/16/2026 16:48:15 - INFO - utils.trainer -   Precision: 0.31259
06/16/2026 16:48:15 - INFO - utils.trainer -   Recall: 0.34190
06/16/2026 16:48:15 - INFO - utils.trainer -   F_score: 0.30087
06/16/2026 16:48:15 - INFO - utils.trainer -   Loss: 3.48432
06/16/2026 16:48:15 - INFO - utils.trainer -    Train loss: 0.00065, Test loss: 3.48432,Epoch time = 12.066s
06/16/2026 16:48:27 - INFO - utils.trainer -   ***** Running evaluation on test1 dataset *****
06/16/2026 16:48:29 - INFO - utils.trainer -   AUC: 0.60930
06/16/2026 16:48:29 - INFO - utils.trainer -   Accuracy: 0.29487
06/16/2026 16:48:29 - INFO - utils.trainer -   Precision: 0.30849
06/16/2026 16:48:29 - INFO - utils.trainer -   Recall: 0.33709
06/16/2026 16:48:29 - INFO - utils.trainer -   F_score: 0.29444
06/16/2026 16:48:29 - INFO - utils.trainer -   Loss: 3.64614
06/16/2026 16:48:29 - INFO - utils.trainer -    Train loss: 0.00186, Test loss: 3.64614,Epoch time = 11.990s
06/16/2026 16:48:41 - INFO - utils.trainer -   ***** Running evaluation on test1 dataset *****
06/16/2026 16:48:44 - INFO - utils.trainer -   AUC: 0.61180
06/16/2026 16:48:44 - INFO - utils.trainer -   Accuracy: 0.29487
06/16/2026 16:48:44 - INFO - utils.trainer -   Precision: 0.30814
06/16/2026 16:48:44 - INFO - utils.trainer -   Recall: 0.32874
06/16/2026 16:48:44 - INFO - utils.trainer -   F_score: 0.29334
06/16/2026 16:48:44 - INFO - utils.trainer -   Loss: 3.65181
06/16/2026 16:48:44 - INFO - utils.trainer -    Train loss: 0.00144, Test loss: 3.65181,Epoch time = 11.953s
06/16/2026 16:48:56 - INFO - utils.trainer -   ***** Running evaluation on test1 dataset *****
06/16/2026 16:48:58 - INFO - utils.trainer -   AUC: 0.61069
06/16/2026 16:48:58 - INFO - utils.trainer -   Accuracy: 0.30128
06/16/2026 16:48:58 - INFO - utils.trainer -   Precision: 0.31256
06/16/2026 16:48:58 - INFO - utils.trainer -   Recall: 0.33406
06/16/2026 16:48:58 - INFO - utils.trainer -   F_score: 0.29977
06/16/2026 16:48:58 - INFO - utils.trainer -   Loss: 3.56162
06/16/2026 16:48:58 - INFO - utils.trainer -    Train loss: 0.00061, Test loss: 3.56162,Epoch time = 12.063s
06/16/2026 16:49:10 - INFO - utils.trainer -   ***** Running evaluation on test1 dataset *****
06/16/2026 16:49:12 - INFO - utils.trainer -   AUC: 0.61139
06/16/2026 16:49:12 - INFO - utils.trainer -   Accuracy: 0.30769
06/16/2026 16:49:12 - INFO - utils.trainer -   Precision: 0.31135
06/16/2026 16:49:12 - INFO - utils.trainer -   Recall: 0.33052
06/16/2026 16:49:12 - INFO - utils.trainer -   F_score: 0.30393
06/16/2026 16:49:12 - INFO - utils.trainer -   Loss: 3.52921
06/16/2026 16:49:12 - INFO - utils.trainer -    Train loss: 0.00110, Test loss: 3.52921,Epoch time = 11.989s
06/16/2026 16:49:24 - INFO - utils.trainer -   ***** Running evaluation on test1 dataset *****
06/16/2026 16:49:27 - INFO - utils.trainer -   AUC: 0.61125
06/16/2026 16:49:27 - INFO - utils.trainer -   Accuracy: 0.30769
06/16/2026 16:49:27 - INFO - utils.trainer -   Precision: 0.31864
06/16/2026 16:49:27 - INFO - utils.trainer -   Recall: 0.32673
06/16/2026 16:49:27 - INFO - utils.trainer -   F_score: 0.30450
06/16/2026 16:49:27 - INFO - utils.trainer -   Loss: 3.49686
06/16/2026 16:49:27 - INFO - utils.trainer -    Train loss: 0.00191, Test loss: 3.49686,Epoch time = 11.990s
06/16/2026 16:49:39 - INFO - utils.trainer -   ***** Running evaluation on test1 dataset *****
06/16/2026 16:49:41 - INFO - utils.trainer -   AUC: 0.61857
06/16/2026 16:49:41 - INFO - utils.trainer -   Accuracy: 0.32051
06/16/2026 16:49:41 - INFO - utils.trainer -   Precision: 0.33626
06/16/2026 16:49:41 - INFO - utils.trainer -   Recall: 0.35305
06/16/2026 16:49:41 - INFO - utils.trainer -   F_score: 0.31946
06/16/2026 16:49:41 - INFO - utils.trainer -   Loss: 3.53070
06/16/2026 16:49:41 - INFO - utils.trainer -    Train loss: 0.00047, Test loss: 3.53070,Epoch time = 11.944s
06/16/2026 16:49:53 - INFO - utils.trainer -   ***** Running evaluation on test1 dataset *****
06/16/2026 16:49:55 - INFO - utils.trainer -   AUC: 0.60649
06/16/2026 16:49:55 - INFO - utils.trainer -   Accuracy: 0.28205
06/16/2026 16:49:55 - INFO - utils.trainer -   Precision: 0.28651
06/16/2026 16:49:55 - INFO - utils.trainer -   Recall: 0.32114
06/16/2026 16:49:55 - INFO - utils.trainer -   F_score: 0.27821
06/16/2026 16:49:55 - INFO - utils.trainer -   Loss: 3.79341
06/16/2026 16:49:55 - INFO - utils.trainer -    Train loss: 0.00437, Test loss: 3.79341,Epoch time = 11.917s
06/16/2026 16:50:07 - INFO - utils.trainer -   ***** Running evaluation on test1 dataset *****
06/16/2026 16:50:10 - INFO - utils.trainer -   AUC: 0.58611
06/16/2026 16:50:10 - INFO - utils.trainer -   Accuracy: 0.30128
06/16/2026 16:50:10 - INFO - utils.trainer -   Precision: 0.31907
06/16/2026 16:50:10 - INFO - utils.trainer -   Recall: 0.35025
06/16/2026 16:50:10 - INFO - utils.trainer -   F_score: 0.30318
06/16/2026 16:50:10 - INFO - utils.trainer -   Loss: 3.84184
06/16/2026 16:50:10 - INFO - utils.trainer -    Train loss: 0.00114, Test loss: 3.84184,Epoch time = 12.026s
06/16/2026 16:50:22 - INFO - utils.trainer -   ***** Running evaluation on test1 dataset *****
06/16/2026 16:50:24 - INFO - utils.trainer -   AUC: 0.58854
06/16/2026 16:50:24 - INFO - utils.trainer -   Accuracy: 0.29487
06/16/2026 16:50:24 - INFO - utils.trainer -   Precision: 0.29992
06/16/2026 16:50:24 - INFO - utils.trainer -   Recall: 0.32874
06/16/2026 16:50:24 - INFO - utils.trainer -   F_score: 0.29421
06/16/2026 16:50:24 - INFO - utils.trainer -   Loss: 3.73775
06/16/2026 16:50:24 - INFO - utils.trainer -    Train loss: 0.00141, Test loss: 3.73775,Epoch time = 11.959s
06/16/2026 16:50:36 - INFO - utils.trainer -   ***** Running evaluation on test1 dataset *****
06/16/2026 16:50:38 - INFO - utils.trainer -   AUC: 0.59205
06/16/2026 16:50:38 - INFO - utils.trainer -   Accuracy: 0.29487
06/16/2026 16:50:38 - INFO - utils.trainer -   Precision: 0.30450
06/16/2026 16:50:38 - INFO - utils.trainer -   Recall: 0.32925
06/16/2026 16:50:38 - INFO - utils.trainer -   F_score: 0.29502
06/16/2026 16:50:38 - INFO - utils.trainer -   Loss: 3.66324
06/16/2026 16:50:38 - INFO - utils.trainer -    Train loss: 0.00049, Test loss: 3.66324,Epoch time = 11.867s
06/16/2026 16:50:50 - INFO - utils.trainer -   ***** Running evaluation on test1 dataset *****
06/16/2026 16:50:53 - INFO - utils.trainer -   AUC: 0.59869
06/16/2026 16:50:53 - INFO - utils.trainer -   Accuracy: 0.30769
06/16/2026 16:50:53 - INFO - utils.trainer -   Precision: 0.31496
06/16/2026 16:50:53 - INFO - utils.trainer -   Recall: 0.33103
06/16/2026 16:50:53 - INFO - utils.trainer -   F_score: 0.30460
06/16/2026 16:50:53 - INFO - utils.trainer -   Loss: 3.63185
06/16/2026 16:50:53 - INFO - utils.trainer -    Train loss: 0.00127, Test loss: 3.63185,Epoch time = 12.071s
06/16/2026 16:51:05 - INFO - utils.trainer -   ***** Running evaluation on test1 dataset *****
06/16/2026 16:51:07 - INFO - utils.trainer -   AUC: 0.60137
06/16/2026 16:51:07 - INFO - utils.trainer -   Accuracy: 0.30128
06/16/2026 16:51:07 - INFO - utils.trainer -   Precision: 0.31151
06/16/2026 16:51:07 - INFO - utils.trainer -   Recall: 0.33355
06/16/2026 16:51:07 - INFO - utils.trainer -   F_score: 0.29871
06/16/2026 16:51:07 - INFO - utils.trainer -   Loss: 3.64749
06/16/2026 16:51:07 - INFO - utils.trainer -    Train loss: 0.00406, Test loss: 3.64749,Epoch time = 12.059s
06/16/2026 16:51:19 - INFO - utils.trainer -   ***** Running evaluation on test1 dataset *****
06/16/2026 16:51:22 - INFO - utils.trainer -   AUC: 0.60415
06/16/2026 16:51:22 - INFO - utils.trainer -   Accuracy: 0.28205
06/16/2026 16:51:22 - INFO - utils.trainer -   Precision: 0.27914
06/16/2026 16:51:22 - INFO - utils.trainer -   Recall: 0.30975
06/16/2026 16:51:22 - INFO - utils.trainer -   F_score: 0.27747
06/16/2026 16:51:22 - INFO - utils.trainer -   Loss: 3.76648
06/16/2026 16:51:22 - INFO - utils.trainer -    Train loss: 0.01169, Test loss: 3.76648,Epoch time = 12.022s
06/16/2026 16:51:34 - INFO - utils.trainer -   ***** Running evaluation on test1 dataset *****
06/16/2026 16:51:36 - INFO - utils.trainer -   AUC: 0.59288
06/16/2026 16:51:36 - INFO - utils.trainer -   Accuracy: 0.28205
06/16/2026 16:51:36 - INFO - utils.trainer -   Precision: 0.24629
06/16/2026 16:51:36 - INFO - utils.trainer -   Recall: 0.29885
06/16/2026 16:51:36 - INFO - utils.trainer -   F_score: 0.25792
06/16/2026 16:51:36 - INFO - utils.trainer -   Loss: 3.92442
06/16/2026 16:51:36 - INFO - utils.trainer -    Train loss: 0.00727, Test loss: 3.92442,Epoch time = 11.996s
06/16/2026 16:51:48 - INFO - utils.trainer -   ***** Running evaluation on test1 dataset *****
06/16/2026 16:51:51 - INFO - utils.trainer -   AUC: 0.60329
06/16/2026 16:51:51 - INFO - utils.trainer -   Accuracy: 0.29487
06/16/2026 16:51:51 - INFO - utils.trainer -   Precision: 0.28763
06/16/2026 16:51:51 - INFO - utils.trainer -   Recall: 0.31886
06/16/2026 16:51:51 - INFO - utils.trainer -   F_score: 0.28409
06/16/2026 16:51:51 - INFO - utils.trainer -   Loss: 3.56006
06/16/2026 16:51:51 - INFO - utils.trainer -    Train loss: 0.00221, Test loss: 3.56006,Epoch time = 11.990s
06/16/2026 16:52:03 - INFO - utils.trainer -   ***** Running evaluation on test1 dataset *****
06/16/2026 16:52:05 - INFO - utils.trainer -   AUC: 0.60993
06/16/2026 16:52:05 - INFO - utils.trainer -   Accuracy: 0.28846
06/16/2026 16:52:05 - INFO - utils.trainer -   Precision: 0.29024
06/16/2026 16:52:05 - INFO - utils.trainer -   Recall: 0.32291
06/16/2026 16:52:05 - INFO - utils.trainer -   F_score: 0.28559
06/16/2026 16:52:05 - INFO - utils.trainer -   Loss: 3.49752
06/16/2026 16:52:05 - INFO - utils.trainer -    Train loss: 0.00164, Test loss: 3.49752,Epoch time = 11.926s
06/16/2026 16:52:17 - INFO - utils.trainer -   ***** Running evaluation on test1 dataset *****
06/16/2026 16:52:19 - INFO - utils.trainer -   AUC: 0.60818
06/16/2026 16:52:19 - INFO - utils.trainer -   Accuracy: 0.31410
06/16/2026 16:52:19 - INFO - utils.trainer -   Precision: 0.30079
06/16/2026 16:52:19 - INFO - utils.trainer -   Recall: 0.32063
06/16/2026 16:52:19 - INFO - utils.trainer -   F_score: 0.29972
06/16/2026 16:52:19 - INFO - utils.trainer -   Loss: 3.36224
06/16/2026 16:52:19 - INFO - utils.trainer -    Train loss: 0.00079, Test loss: 3.36224,Epoch time = 11.957s
06/16/2026 16:52:31 - INFO - utils.trainer -   ***** Running evaluation on test1 dataset *****
06/16/2026 16:52:34 - INFO - utils.trainer -   AUC: 0.60850
06/16/2026 16:52:34 - INFO - utils.trainer -   Accuracy: 0.32051
06/16/2026 16:52:34 - INFO - utils.trainer -   Precision: 0.32421
06/16/2026 16:52:34 - INFO - utils.trainer -   Recall: 0.35026
06/16/2026 16:52:34 - INFO - utils.trainer -   F_score: 0.31893
06/16/2026 16:52:34 - INFO - utils.trainer -   Loss: 3.42533
06/16/2026 16:52:34 - INFO - utils.trainer -    Train loss: 0.00134, Test loss: 3.42533,Epoch time = 11.960s
06/16/2026 16:52:46 - INFO - utils.trainer -   ***** Running evaluation on test1 dataset *****
06/16/2026 16:52:48 - INFO - utils.trainer -   AUC: 0.60645
06/16/2026 16:52:48 - INFO - utils.trainer -   Accuracy: 0.32051
06/16/2026 16:52:48 - INFO - utils.trainer -   Precision: 0.32603
06/16/2026 16:52:48 - INFO - utils.trainer -   Recall: 0.35684
06/16/2026 16:52:48 - INFO - utils.trainer -   F_score: 0.31855
06/16/2026 16:52:48 - INFO - utils.trainer -   Loss: 3.48172
06/16/2026 16:52:48 - INFO - utils.trainer -    Train loss: 0.00185, Test loss: 3.48172,Epoch time = 11.954s
06/16/2026 16:53:00 - INFO - utils.trainer -   ***** Running evaluation on test1 dataset *****
06/16/2026 16:53:02 - INFO - utils.trainer -   AUC: 0.60974
06/16/2026 16:53:02 - INFO - utils.trainer -   Accuracy: 0.32051
06/16/2026 16:53:02 - INFO - utils.trainer -   Precision: 0.32212
06/16/2026 16:53:02 - INFO - utils.trainer -   Recall: 0.35152
06/16/2026 16:53:02 - INFO - utils.trainer -   F_score: 0.31815
06/16/2026 16:53:02 - INFO - utils.trainer -   Loss: 3.40522
06/16/2026 16:53:02 - INFO - utils.trainer -    Train loss: 0.00034, Test loss: 3.40522,Epoch time = 11.936s
06/16/2026 16:53:14 - INFO - utils.trainer -   ***** Running evaluation on test1 dataset *****
06/16/2026 16:53:17 - INFO - utils.trainer -   AUC: 0.60896
06/16/2026 16:53:17 - INFO - utils.trainer -   Accuracy: 0.31410
06/16/2026 16:53:17 - INFO - utils.trainer -   Precision: 0.30201
06/16/2026 16:53:17 - INFO - utils.trainer -   Recall: 0.32847
06/16/2026 16:53:17 - INFO - utils.trainer -   F_score: 0.30115
06/16/2026 16:53:17 - INFO - utils.trainer -   Loss: 3.48582
06/16/2026 16:53:17 - INFO - utils.trainer -    Train loss: 0.00348, Test loss: 3.48582,Epoch time = 11.969s
06/16/2026 16:53:29 - INFO - utils.trainer -   ***** Running evaluation on test1 dataset *****
06/16/2026 16:53:31 - INFO - utils.trainer -   AUC: 0.60890
06/16/2026 16:53:31 - INFO - utils.trainer -   Accuracy: 0.31410
06/16/2026 16:53:31 - INFO - utils.trainer -   Precision: 0.30744
06/16/2026 16:53:31 - INFO - utils.trainer -   Recall: 0.32899
06/16/2026 16:53:31 - INFO - utils.trainer -   F_score: 0.30340
06/16/2026 16:53:31 - INFO - utils.trainer -   Loss: 3.43387
06/16/2026 16:53:31 - INFO - utils.trainer -    Train loss: 0.00155, Test loss: 3.43387,Epoch time = 11.934s
06/16/2026 16:53:43 - INFO - utils.trainer -   ***** Running evaluation on test1 dataset *****
06/16/2026 16:53:45 - INFO - utils.trainer -   AUC: 0.61306
06/16/2026 16:53:45 - INFO - utils.trainer -   Accuracy: 0.30769
06/16/2026 16:53:45 - INFO - utils.trainer -   Precision: 0.30537
06/16/2026 16:53:45 - INFO - utils.trainer -   Recall: 0.32469
06/16/2026 16:53:45 - INFO - utils.trainer -   F_score: 0.30026
06/16/2026 16:53:45 - INFO - utils.trainer -   Loss: 3.37100
06/16/2026 16:53:45 - INFO - utils.trainer -    Train loss: 0.00064, Test loss: 3.37100,Epoch time = 11.977s
06/16/2026 16:53:57 - INFO - utils.trainer -   ***** Running evaluation on test1 dataset *****
06/16/2026 16:54:00 - INFO - utils.trainer -   AUC: 0.61003
06/16/2026 16:54:00 - INFO - utils.trainer -   Accuracy: 0.31410
06/16/2026 16:54:00 - INFO - utils.trainer -   Precision: 0.31843
06/16/2026 16:54:00 - INFO - utils.trainer -   Recall: 0.34671
06/16/2026 16:54:00 - INFO - utils.trainer -   F_score: 0.31276
06/16/2026 16:54:00 - INFO - utils.trainer -   Loss: 3.40427
06/16/2026 16:54:00 - INFO - utils.trainer -    Train loss: 0.00106, Test loss: 3.40427,Epoch time = 11.933s
06/16/2026 16:54:12 - INFO - utils.trainer -   ***** Running evaluation on test1 dataset *****
06/16/2026 16:54:14 - INFO - utils.trainer -   AUC: 0.61368
06/16/2026 16:54:14 - INFO - utils.trainer -   Accuracy: 0.32051
06/16/2026 16:54:14 - INFO - utils.trainer -   Precision: 0.32059
06/16/2026 16:54:14 - INFO - utils.trainer -   Recall: 0.34317
06/16/2026 16:54:14 - INFO - utils.trainer -   F_score: 0.31581
06/16/2026 16:54:14 - INFO - utils.trainer -   Loss: 3.35331
06/16/2026 16:54:14 - INFO - utils.trainer -    Train loss: 0.00046, Test loss: 3.35331,Epoch time = 12.073s
06/16/2026 16:54:26 - INFO - utils.trainer -   ***** Running evaluation on test1 dataset *****
06/16/2026 16:54:29 - INFO - utils.trainer -   AUC: 0.61098
06/16/2026 16:54:29 - INFO - utils.trainer -   Accuracy: 0.33333
06/16/2026 16:54:29 - INFO - utils.trainer -   Precision: 0.33880
06/16/2026 16:54:29 - INFO - utils.trainer -   Recall: 0.36215
06/16/2026 16:54:29 - INFO - utils.trainer -   F_score: 0.33146
06/16/2026 16:54:29 - INFO - utils.trainer -   Loss: 3.39913
06/16/2026 16:54:29 - INFO - utils.trainer -    Train loss: 0.00182, Test loss: 3.39913,Epoch time = 11.928s
06/16/2026 16:54:41 - INFO - utils.trainer -   ***** Running evaluation on test1 dataset *****
06/16/2026 16:54:43 - INFO - utils.trainer -   AUC: 0.61009
06/16/2026 16:54:43 - INFO - utils.trainer -   Accuracy: 0.29487
06/16/2026 16:54:43 - INFO - utils.trainer -   Precision: 0.30352
06/16/2026 16:54:43 - INFO - utils.trainer -   Recall: 0.33229
06/16/2026 16:54:43 - INFO - utils.trainer -   F_score: 0.29542
06/16/2026 16:54:43 - INFO - utils.trainer -   Loss: 3.49126
06/16/2026 16:54:43 - INFO - utils.trainer -    Train loss: 0.00184, Test loss: 3.49126,Epoch time = 11.960s
06/16/2026 16:54:55 - INFO - utils.trainer -   ***** Running evaluation on test1 dataset *****
06/16/2026 16:54:57 - INFO - utils.trainer -   AUC: 0.61007
06/16/2026 16:54:57 - INFO - utils.trainer -   Accuracy: 0.30128
06/16/2026 16:54:57 - INFO - utils.trainer -   Precision: 0.30567
06/16/2026 16:54:57 - INFO - utils.trainer -   Recall: 0.32925
06/16/2026 16:54:57 - INFO - utils.trainer -   F_score: 0.30050
06/16/2026 16:54:57 - INFO - utils.trainer -   Loss: 3.45386
06/16/2026 16:54:57 - INFO - utils.trainer -    Train loss: 0.00102, Test loss: 3.45386,Epoch time = 12.006s
06/16/2026 16:55:09 - INFO - utils.trainer -   ***** Running evaluation on test1 dataset *****
06/16/2026 16:55:12 - INFO - utils.trainer -   AUC: 0.61078
06/16/2026 16:55:12 - INFO - utils.trainer -   Accuracy: 0.30769
06/16/2026 16:55:12 - INFO - utils.trainer -   Precision: 0.31048
06/16/2026 16:55:12 - INFO - utils.trainer -   Recall: 0.33355
06/16/2026 16:55:12 - INFO - utils.trainer -   F_score: 0.30479
06/16/2026 16:55:12 - INFO - utils.trainer -   Loss: 3.43952
06/16/2026 16:55:12 - INFO - utils.trainer -    Train loss: 0.00060, Test loss: 3.43952,Epoch time = 11.928s
06/16/2026 16:55:24 - INFO - utils.trainer -   ***** Running evaluation on test1 dataset *****
06/16/2026 16:55:26 - INFO - utils.trainer -   AUC: 0.61192
06/16/2026 16:55:26 - INFO - utils.trainer -   Accuracy: 0.28205
06/16/2026 16:55:26 - INFO - utils.trainer -   Precision: 0.28958
06/16/2026 16:55:26 - INFO - utils.trainer -   Recall: 0.32216
06/16/2026 16:55:26 - INFO - utils.trainer -   F_score: 0.28206
06/16/2026 16:55:26 - INFO - utils.trainer -   Loss: 3.46353
06/16/2026 16:55:26 - INFO - utils.trainer -    Train loss: 0.00072, Test loss: 3.46353,Epoch time = 11.972s
06/16/2026 16:55:38 - INFO - utils.trainer -   ***** Running evaluation on test1 dataset *****
06/16/2026 16:55:40 - INFO - utils.trainer -   AUC: 0.60802
06/16/2026 16:55:40 - INFO - utils.trainer -   Accuracy: 0.32051
06/16/2026 16:55:40 - INFO - utils.trainer -   Precision: 0.31805
06/16/2026 16:55:40 - INFO - utils.trainer -   Recall: 0.33533
06/16/2026 16:55:40 - INFO - utils.trainer -   F_score: 0.31409
06/16/2026 16:55:40 - INFO - utils.trainer -   Loss: 3.39506
06/16/2026 16:55:40 - INFO - utils.trainer -    Train loss: 0.00077, Test loss: 3.39506,Epoch time = 11.944s
06/16/2026 16:55:52 - INFO - utils.trainer -   ***** Running evaluation on test1 dataset *****
06/16/2026 16:55:55 - INFO - utils.trainer -   AUC: 0.61045
06/16/2026 16:55:55 - INFO - utils.trainer -   Accuracy: 0.30128
06/16/2026 16:55:55 - INFO - utils.trainer -   Precision: 0.30455
06/16/2026 16:55:55 - INFO - utils.trainer -   Recall: 0.32874
06/16/2026 16:55:55 - INFO - utils.trainer -   F_score: 0.29980
06/16/2026 16:55:55 - INFO - utils.trainer -   Loss: 3.40265
06/16/2026 16:55:55 - INFO - utils.trainer -    Train loss: 0.00032, Test loss: 3.40265,Epoch time = 11.962s
06/16/2026 16:56:07 - INFO - utils.trainer -   ***** Running evaluation on test1 dataset *****
06/16/2026 16:56:09 - INFO - utils.trainer -   AUC: 0.60934
06/16/2026 16:56:09 - INFO - utils.trainer -   Accuracy: 0.31410
06/16/2026 16:56:09 - INFO - utils.trainer -   Precision: 0.31555
06/16/2026 16:56:09 - INFO - utils.trainer -   Recall: 0.33836
06/16/2026 16:56:09 - INFO - utils.trainer -   F_score: 0.31058
06/16/2026 16:56:09 - INFO - utils.trainer -   Loss: 3.43287
06/16/2026 16:56:09 - INFO - utils.trainer -    Train loss: 0.00027, Test loss: 3.43287,Epoch time = 11.939s
06/16/2026 16:56:21 - INFO - utils.trainer -   ***** Running evaluation on test1 dataset *****
06/16/2026 16:56:23 - INFO - utils.trainer -   AUC: 0.61092
06/16/2026 16:56:23 - INFO - utils.trainer -   Accuracy: 0.32051
06/16/2026 16:56:23 - INFO - utils.trainer -   Precision: 0.32309
06/16/2026 16:56:23 - INFO - utils.trainer -   Recall: 0.34419
06/16/2026 16:56:23 - INFO - utils.trainer -   F_score: 0.31829
06/16/2026 16:56:23 - INFO - utils.trainer -   Loss: 3.38058
06/16/2026 16:56:23 - INFO - utils.trainer -    Train loss: 0.00096, Test loss: 3.38058,Epoch time = 11.996s
06/16/2026 16:56:35 - INFO - utils.trainer -   ***** Running evaluation on test1 dataset *****
06/16/2026 16:56:38 - INFO - utils.trainer -   AUC: 0.61313
06/16/2026 16:56:38 - INFO - utils.trainer -   Accuracy: 0.28205
06/16/2026 16:56:38 - INFO - utils.trainer -   Precision: 0.29405
06/16/2026 16:56:38 - INFO - utils.trainer -   Recall: 0.31913
06/16/2026 16:56:38 - INFO - utils.trainer -   F_score: 0.28186
06/16/2026 16:56:38 - INFO - utils.trainer -   Loss: 3.51854
06/16/2026 16:56:38 - INFO - utils.trainer -    Train loss: 0.00112, Test loss: 3.51854,Epoch time = 11.958s
06/16/2026 16:56:50 - INFO - utils.trainer -   ***** Running evaluation on test1 dataset *****
06/16/2026 16:56:52 - INFO - utils.trainer -   AUC: 0.61370
06/16/2026 16:56:52 - INFO - utils.trainer -   Accuracy: 0.32051
06/16/2026 16:56:52 - INFO - utils.trainer -   Precision: 0.32214
06/16/2026 16:56:52 - INFO - utils.trainer -   Recall: 0.33584
06/16/2026 16:56:52 - INFO - utils.trainer -   F_score: 0.31531
06/16/2026 16:56:52 - INFO - utils.trainer -   Loss: 3.37173
06/16/2026 16:56:52 - INFO - utils.trainer -    Train loss: 0.00147, Test loss: 3.37173,Epoch time = 11.974s
06/16/2026 16:57:04 - INFO - utils.trainer -   ***** Running evaluation on test1 dataset *****
06/16/2026 16:57:06 - INFO - utils.trainer -   AUC: 0.61475
06/16/2026 16:57:06 - INFO - utils.trainer -   Accuracy: 0.32692
06/16/2026 16:57:06 - INFO - utils.trainer -   Precision: 0.32933
06/16/2026 16:57:06 - INFO - utils.trainer -   Recall: 0.34974
06/16/2026 16:57:06 - INFO - utils.trainer -   F_score: 0.32069
06/16/2026 16:57:06 - INFO - utils.trainer -   Loss: 3.39728
06/16/2026 16:57:06 - INFO - utils.trainer -    Train loss: 0.00066, Test loss: 3.39728,Epoch time = 11.938s
06/16/2026 16:57:18 - INFO - utils.trainer -   ***** Running evaluation on test1 dataset *****
06/16/2026 16:57:21 - INFO - utils.trainer -   AUC: 0.61731
06/16/2026 16:57:21 - INFO - utils.trainer -   Accuracy: 0.32051
06/16/2026 16:57:21 - INFO - utils.trainer -   Precision: 0.32565
06/16/2026 16:57:21 - INFO - utils.trainer -   Recall: 0.35380
06/16/2026 16:57:21 - INFO - utils.trainer -   F_score: 0.31975
06/16/2026 16:57:21 - INFO - utils.trainer -   Loss: 3.37584
06/16/2026 16:57:21 - INFO - utils.trainer -    Train loss: 0.00022, Test loss: 3.37584,Epoch time = 11.974s
06/16/2026 16:57:33 - INFO - utils.trainer -   ***** Running evaluation on test1 dataset *****
06/16/2026 16:57:35 - INFO - utils.trainer -   AUC: 0.61825
06/16/2026 16:57:35 - INFO - utils.trainer -   Accuracy: 0.32051
06/16/2026 16:57:35 - INFO - utils.trainer -   Precision: 0.32428
06/16/2026 16:57:35 - INFO - utils.trainer -   Recall: 0.35455
06/16/2026 16:57:35 - INFO - utils.trainer -   F_score: 0.31592
06/16/2026 16:57:35 - INFO - utils.trainer -   Loss: 3.49254
06/16/2026 16:57:35 - INFO - utils.trainer -    Train loss: 0.00083, Test loss: 3.49254,Epoch time = 11.945s
06/16/2026 16:57:47 - INFO - utils.trainer -   ***** Running evaluation on test1 dataset *****
06/16/2026 16:57:50 - INFO - utils.trainer -   AUC: 0.61735
06/16/2026 16:57:50 - INFO - utils.trainer -   Accuracy: 0.29487
06/16/2026 16:57:50 - INFO - utils.trainer -   Precision: 0.30785
06/16/2026 16:57:50 - INFO - utils.trainer -   Recall: 0.33280
06/16/2026 16:57:50 - INFO - utils.trainer -   F_score: 0.29596
06/16/2026 16:57:50 - INFO - utils.trainer -   Loss: 3.49482
06/16/2026 16:57:50 - INFO - utils.trainer -    Train loss: 0.00159, Test loss: 3.49482,Epoch time = 11.969s
06/16/2026 16:58:02 - INFO - utils.trainer -   ***** Running evaluation on test1 dataset *****
06/16/2026 16:58:04 - INFO - utils.trainer -   AUC: 0.61443
06/16/2026 16:58:04 - INFO - utils.trainer -   Accuracy: 0.32051
06/16/2026 16:58:04 - INFO - utils.trainer -   Precision: 0.32457
06/16/2026 16:58:04 - INFO - utils.trainer -   Recall: 0.34419
06/16/2026 16:58:04 - INFO - utils.trainer -   F_score: 0.31858
06/16/2026 16:58:04 - INFO - utils.trainer -   Loss: 3.40840
06/16/2026 16:58:04 - INFO - utils.trainer -    Train loss: 0.00064, Test loss: 3.40840,Epoch time = 12.011s
06/16/2026 16:58:16 - INFO - utils.trainer -   ***** Running evaluation on test1 dataset *****
06/16/2026 16:58:18 - INFO - utils.trainer -   AUC: 0.61506
06/16/2026 16:58:18 - INFO - utils.trainer -   Accuracy: 0.32051
06/16/2026 16:58:18 - INFO - utils.trainer -   Precision: 0.32309
06/16/2026 16:58:18 - INFO - utils.trainer -   Recall: 0.34419
06/16/2026 16:58:18 - INFO - utils.trainer -   F_score: 0.31829
06/16/2026 16:58:18 - INFO - utils.trainer -   Loss: 3.36706
06/16/2026 16:58:18 - INFO - utils.trainer -    Train loss: 0.00030, Test loss: 3.36706,Epoch time = 11.914s
06/16/2026 16:58:30 - INFO - utils.trainer -   ***** Running evaluation on test1 dataset *****
06/16/2026 16:58:32 - INFO - utils.trainer -   AUC: 0.61421
06/16/2026 16:58:32 - INFO - utils.trainer -   Accuracy: 0.31410
06/16/2026 16:58:32 - INFO - utils.trainer -   Precision: 0.31761
06/16/2026 16:58:32 - INFO - utils.trainer -   Recall: 0.33938
06/16/2026 16:58:32 - INFO - utils.trainer -   F_score: 0.31271
06/16/2026 16:58:32 - INFO - utils.trainer -   Loss: 3.38629
06/16/2026 16:58:32 - INFO - utils.trainer -    Train loss: 0.00048, Test loss: 3.38629,Epoch time = 11.872s
06/16/2026 16:58:44 - INFO - utils.trainer -   ***** Running evaluation on test1 dataset *****
06/16/2026 16:58:47 - INFO - utils.trainer -   AUC: 0.61174
06/16/2026 16:58:47 - INFO - utils.trainer -   Accuracy: 0.32692
06/16/2026 16:58:47 - INFO - utils.trainer -   Precision: 0.33115
06/16/2026 16:58:47 - INFO - utils.trainer -   Recall: 0.34951
06/16/2026 16:58:47 - INFO - utils.trainer -   F_score: 0.32446
06/16/2026 16:58:47 - INFO - utils.trainer -   Loss: 3.35630
06/16/2026 16:58:47 - INFO - utils.trainer -    Train loss: 0.00123, Test loss: 3.35630,Epoch time = 11.928s
06/16/2026 16:58:59 - INFO - utils.trainer -   ***** Running evaluation on test1 dataset *****
06/16/2026 16:59:01 - INFO - utils.trainer -   AUC: 0.61581
06/16/2026 16:59:01 - INFO - utils.trainer -   Accuracy: 0.30769
06/16/2026 16:59:01 - INFO - utils.trainer -   Precision: 0.31681
06/16/2026 16:59:01 - INFO - utils.trainer -   Recall: 0.33331
06/16/2026 16:59:01 - INFO - utils.trainer -   F_score: 0.30632
06/16/2026 16:59:01 - INFO - utils.trainer -   Loss: 3.34888
06/16/2026 16:59:01 - INFO - utils.trainer -    Train loss: 0.00311, Test loss: 3.34888,Epoch time = 11.954s
06/16/2026 16:59:13 - INFO - utils.trainer -   ***** Running evaluation on test1 dataset *****
06/16/2026 16:59:16 - INFO - utils.trainer -   AUC: 0.61513
06/16/2026 16:59:16 - INFO - utils.trainer -   Accuracy: 0.30128
06/16/2026 16:59:16 - INFO - utils.trainer -   Precision: 0.30647
06/16/2026 16:59:16 - INFO - utils.trainer -   Recall: 0.33532
06/16/2026 16:59:16 - INFO - utils.trainer -   F_score: 0.29950
06/16/2026 16:59:16 - INFO - utils.trainer -   Loss: 3.40495
06/16/2026 16:59:16 - INFO - utils.trainer -    Train loss: 0.00093, Test loss: 3.40495,Epoch time = 12.009s
06/16/2026 16:59:27 - INFO - utils.trainer -   ***** Running evaluation on test1 dataset *****
06/16/2026 16:59:30 - INFO - utils.trainer -   AUC: 0.61346
06/16/2026 16:59:30 - INFO - utils.trainer -   Accuracy: 0.30128
06/16/2026 16:59:30 - INFO - utils.trainer -   Precision: 0.30886
06/16/2026 16:59:30 - INFO - utils.trainer -   Recall: 0.32977
06/16/2026 16:59:30 - INFO - utils.trainer -   F_score: 0.30058
06/16/2026 16:59:30 - INFO - utils.trainer -   Loss: 3.40658
06/16/2026 16:59:30 - INFO - utils.trainer -    Train loss: 0.00097, Test loss: 3.40658,Epoch time = 11.910s
06/16/2026 16:59:42 - INFO - utils.trainer -   ***** Running evaluation on test1 dataset *****
06/16/2026 16:59:44 - INFO - utils.trainer -   AUC: 0.61280
06/16/2026 16:59:44 - INFO - utils.trainer -   Accuracy: 0.30769
06/16/2026 16:59:44 - INFO - utils.trainer -   Precision: 0.32035
06/16/2026 16:59:44 - INFO - utils.trainer -   Recall: 0.34166
06/16/2026 16:59:44 - INFO - utils.trainer -   F_score: 0.30747
06/16/2026 16:59:44 - INFO - utils.trainer -   Loss: 3.42327
06/16/2026 16:59:44 - INFO - utils.trainer -    Train loss: 0.00013, Test loss: 3.42327,Epoch time = 11.958s
06/16/2026 16:59:56 - INFO - utils.trainer -   ***** Running evaluation on test1 dataset *****
06/16/2026 16:59:59 - INFO - utils.trainer -   AUC: 0.61554
06/16/2026 16:59:59 - INFO - utils.trainer -   Accuracy: 0.30128
06/16/2026 16:59:59 - INFO - utils.trainer -   Precision: 0.31032
06/16/2026 16:59:59 - INFO - utils.trainer -   Recall: 0.33583
06/16/2026 16:59:59 - INFO - utils.trainer -   F_score: 0.30040
06/16/2026 16:59:59 - INFO - utils.trainer -   Loss: 3.39771
06/16/2026 16:59:59 - INFO - utils.trainer -    Train loss: 0.00063, Test loss: 3.39771,Epoch time = 11.978s
06/16/2026 17:00:11 - INFO - utils.trainer -   ***** Running evaluation on test1 dataset *****
06/16/2026 17:00:13 - INFO - utils.trainer -   AUC: 0.61333
06/16/2026 17:00:13 - INFO - utils.trainer -   Accuracy: 0.30128
06/16/2026 17:00:13 - INFO - utils.trainer -   Precision: 0.30837
06/16/2026 17:00:13 - INFO - utils.trainer -   Recall: 0.32925
06/16/2026 17:00:13 - INFO - utils.trainer -   F_score: 0.29983
06/16/2026 17:00:13 - INFO - utils.trainer -   Loss: 3.38773
06/16/2026 17:00:13 - INFO - utils.trainer -    Train loss: 0.00069, Test loss: 3.38773,Epoch time = 12.034s
06/16/2026 17:00:25 - INFO - utils.trainer -   ***** Running evaluation on test1 dataset *****
06/16/2026 17:00:28 - INFO - utils.trainer -   AUC: 0.61409
06/16/2026 17:00:28 - INFO - utils.trainer -   Accuracy: 0.30128
06/16/2026 17:00:28 - INFO - utils.trainer -   Precision: 0.30112
06/16/2026 17:00:28 - INFO - utils.trainer -   Recall: 0.31129
06/16/2026 17:00:28 - INFO - utils.trainer -   F_score: 0.29481
06/16/2026 17:00:28 - INFO - utils.trainer -   Loss: 3.31630
06/16/2026 17:00:28 - INFO - utils.trainer -    Train loss: 0.00127, Test loss: 3.31630,Epoch time = 11.970s
06/16/2026 17:00:40 - INFO - utils.trainer -   ***** Running evaluation on test1 dataset *****
06/16/2026 17:00:42 - INFO - utils.trainer -   AUC: 0.61322
06/16/2026 17:00:42 - INFO - utils.trainer -   Accuracy: 0.29487
06/16/2026 17:00:42 - INFO - utils.trainer -   Precision: 0.30352
06/16/2026 17:00:42 - INFO - utils.trainer -   Recall: 0.33051
06/16/2026 17:00:42 - INFO - utils.trainer -   F_score: 0.29358
06/16/2026 17:00:42 - INFO - utils.trainer -   Loss: 3.40584
06/16/2026 17:00:42 - INFO - utils.trainer -    Train loss: 0.00062, Test loss: 3.40584,Epoch time = 11.993s
06/16/2026 17:00:54 - INFO - utils.trainer -   ***** Running evaluation on test1 dataset *****
06/16/2026 17:00:56 - INFO - utils.trainer -   AUC: 0.61321
06/16/2026 17:00:56 - INFO - utils.trainer -   Accuracy: 0.30128
06/16/2026 17:00:56 - INFO - utils.trainer -   Precision: 0.30871
06/16/2026 17:00:56 - INFO - utils.trainer -   Recall: 0.33709
06/16/2026 17:00:56 - INFO - utils.trainer -   F_score: 0.29988
06/16/2026 17:00:56 - INFO - utils.trainer -   Loss: 3.47409
06/16/2026 17:00:56 - INFO - utils.trainer -    Train loss: 0.00066, Test loss: 3.47409,Epoch time = 11.988s
06/16/2026 17:01:08 - INFO - utils.trainer -   ***** Running evaluation on test1 dataset *****
06/16/2026 17:01:11 - INFO - utils.trainer -   AUC: 0.61581
06/16/2026 17:01:11 - INFO - utils.trainer -   Accuracy: 0.28846
06/16/2026 17:01:11 - INFO - utils.trainer -   Precision: 0.29682
06/16/2026 17:01:11 - INFO - utils.trainer -   Recall: 0.31736
06/16/2026 17:01:11 - INFO - utils.trainer -   F_score: 0.28630
06/16/2026 17:01:11 - INFO - utils.trainer -   Loss: 3.34883
06/16/2026 17:01:11 - INFO - utils.trainer -    Train loss: 0.00046, Test loss: 3.34883,Epoch time = 11.979s
06/16/2026 17:01:23 - INFO - utils.trainer -   ***** Running evaluation on test1 dataset *****
06/16/2026 17:01:25 - INFO - utils.trainer -   AUC: 0.61353
06/16/2026 17:01:25 - INFO - utils.trainer -   Accuracy: 0.31410
06/16/2026 17:01:25 - INFO - utils.trainer -   Precision: 0.32258
06/16/2026 17:01:25 - INFO - utils.trainer -   Recall: 0.34899
06/16/2026 17:01:25 - INFO - utils.trainer -   F_score: 0.31277
06/16/2026 17:01:25 - INFO - utils.trainer -   Loss: 3.41280
06/16/2026 17:01:25 - INFO - utils.trainer -    Train loss: 0.00035, Test loss: 3.41280,Epoch time = 11.933s
06/16/2026 17:01:37 - INFO - utils.trainer -   ***** Running evaluation on test1 dataset *****
06/16/2026 17:01:40 - INFO - utils.trainer -   AUC: 0.61389
06/16/2026 17:01:40 - INFO - utils.trainer -   Accuracy: 0.29487
06/16/2026 17:01:40 - INFO - utils.trainer -   Precision: 0.30222
06/16/2026 17:01:40 - INFO - utils.trainer -   Recall: 0.32268
06/16/2026 17:01:40 - INFO - utils.trainer -   F_score: 0.29331
06/16/2026 17:01:40 - INFO - utils.trainer -   Loss: 3.38008
06/16/2026 17:01:40 - INFO - utils.trainer -    Train loss: 0.00171, Test loss: 3.38008,Epoch time = 12.031s
06/16/2026 17:01:52 - INFO - utils.trainer -   ***** Running evaluation on test1 dataset *****
06/16/2026 17:01:54 - INFO - utils.trainer -   AUC: 0.61105
06/16/2026 17:01:54 - INFO - utils.trainer -   Accuracy: 0.30128
06/16/2026 17:01:54 - INFO - utils.trainer -   Precision: 0.30830
06/16/2026 17:01:54 - INFO - utils.trainer -   Recall: 0.32748
06/16/2026 17:01:54 - INFO - utils.trainer -   F_score: 0.29872
06/16/2026 17:01:54 - INFO - utils.trainer -   Loss: 3.39958
06/16/2026 17:01:54 - INFO - utils.trainer -    Train loss: 0.00043, Test loss: 3.39958,Epoch time = 12.074s
06/16/2026 17:02:06 - INFO - utils.trainer -   ***** Running evaluation on test1 dataset *****
06/16/2026 17:02:09 - INFO - utils.trainer -   AUC: 0.61117
06/16/2026 17:02:09 - INFO - utils.trainer -   Accuracy: 0.32051
06/16/2026 17:02:09 - INFO - utils.trainer -   Precision: 0.32490
06/16/2026 17:02:09 - INFO - utils.trainer -   Recall: 0.34419
06/16/2026 17:02:09 - INFO - utils.trainer -   F_score: 0.31742
06/16/2026 17:02:09 - INFO - utils.trainer -   Loss: 3.36062
06/16/2026 17:02:09 - INFO - utils.trainer -    Train loss: 0.00040, Test loss: 3.36062,Epoch time = 12.040s
06/16/2026 17:02:21 - INFO - utils.trainer -   ***** Running evaluation on test1 dataset *****
06/16/2026 17:02:23 - INFO - utils.trainer -   AUC: 0.61397
06/16/2026 17:02:23 - INFO - utils.trainer -   Accuracy: 0.30769
06/16/2026 17:02:23 - INFO - utils.trainer -   Precision: 0.31556
06/16/2026 17:02:23 - INFO - utils.trainer -   Recall: 0.33331
06/16/2026 17:02:23 - INFO - utils.trainer -   F_score: 0.30677
06/16/2026 17:02:23 - INFO - utils.trainer -   Loss: 3.34418
06/16/2026 17:02:23 - INFO - utils.trainer -    Train loss: 0.00055, Test loss: 3.34418,Epoch time = 12.019s
06/16/2026 17:02:35 - INFO - utils.trainer -   ***** Running evaluation on test1 dataset *****
06/16/2026 17:02:38 - INFO - utils.trainer -   AUC: 0.61383
06/16/2026 17:02:38 - INFO - utils.trainer -   Accuracy: 0.30128
06/16/2026 17:02:38 - INFO - utils.trainer -   Precision: 0.30851
06/16/2026 17:02:38 - INFO - utils.trainer -   Recall: 0.33532
06/16/2026 17:02:38 - INFO - utils.trainer -   F_score: 0.29942
06/16/2026 17:02:38 - INFO - utils.trainer -   Loss: 3.46051
06/16/2026 17:02:38 - INFO - utils.trainer -    Train loss: 0.00226, Test loss: 3.46051,Epoch time = 11.988s
06/16/2026 17:02:49 - INFO - utils.trainer -   ***** Running evaluation on test1 dataset *****
06/16/2026 17:02:52 - INFO - utils.trainer -   AUC: 0.61410
06/16/2026 17:02:52 - INFO - utils.trainer -   Accuracy: 0.31410
06/16/2026 17:02:52 - INFO - utils.trainer -   Precision: 0.31971
06/16/2026 17:02:52 - INFO - utils.trainer -   Recall: 0.33887
06/16/2026 17:02:52 - INFO - utils.trainer -   F_score: 0.31047
06/16/2026 17:02:52 - INFO - utils.trainer -   Loss: 3.40939
06/16/2026 17:02:52 - INFO - utils.trainer -    Train loss: 0.00033, Test loss: 3.40939,Epoch time = 11.954s
06/16/2026 17:03:04 - INFO - utils.trainer -   ***** Running evaluation on test1 dataset *****
06/16/2026 17:03:06 - INFO - utils.trainer -   AUC: 0.61279
06/16/2026 17:03:06 - INFO - utils.trainer -   Accuracy: 0.30769
06/16/2026 17:03:06 - INFO - utils.trainer -   Precision: 0.30005
06/16/2026 17:03:06 - INFO - utils.trainer -   Recall: 0.32595
06/16/2026 17:03:06 - INFO - utils.trainer -   F_score: 0.29927
06/16/2026 17:03:06 - INFO - utils.trainer -   Loss: 3.37867
06/16/2026 17:03:06 - INFO - utils.trainer -    Train loss: 0.00069, Test loss: 3.37867,Epoch time = 12.008s
06/16/2026 17:03:18 - INFO - utils.trainer -   ***** Running evaluation on test1 dataset *****
06/16/2026 17:03:21 - INFO - utils.trainer -   AUC: 0.61220
06/16/2026 17:03:21 - INFO - utils.trainer -   Accuracy: 0.30128
06/16/2026 17:03:21 - INFO - utils.trainer -   Precision: 0.30409
06/16/2026 17:03:21 - INFO - utils.trainer -   Recall: 0.32823
06/16/2026 17:03:21 - INFO - utils.trainer -   F_score: 0.29695
06/16/2026 17:03:21 - INFO - utils.trainer -   Loss: 3.48860
06/16/2026 17:03:21 - INFO - utils.trainer -    Train loss: 0.00085, Test loss: 3.48860,Epoch time = 11.949s
06/16/2026 17:03:33 - INFO - utils.trainer -   ***** Running evaluation on test1 dataset *****
06/16/2026 17:03:35 - INFO - utils.trainer -   AUC: 0.61216
06/16/2026 17:03:35 - INFO - utils.trainer -   Accuracy: 0.30769
06/16/2026 17:03:35 - INFO - utils.trainer -   Precision: 0.29887
06/16/2026 17:03:35 - INFO - utils.trainer -   Recall: 0.32721
06/16/2026 17:03:35 - INFO - utils.trainer -   F_score: 0.29758
06/16/2026 17:03:35 - INFO - utils.trainer -   Loss: 3.42475
06/16/2026 17:03:35 - INFO - utils.trainer -    Train loss: 0.00043, Test loss: 3.42475,Epoch time = 11.967s
06/16/2026 17:03:47 - INFO - utils.trainer -   ***** Running evaluation on test1 dataset *****
06/16/2026 17:03:49 - INFO - utils.trainer -   AUC: 0.61266
06/16/2026 17:03:49 - INFO - utils.trainer -   Accuracy: 0.32051
06/16/2026 17:03:49 - INFO - utils.trainer -   Precision: 0.32302
06/16/2026 17:03:49 - INFO - utils.trainer -   Recall: 0.34317
06/16/2026 17:03:49 - INFO - utils.trainer -   F_score: 0.31429
06/16/2026 17:03:49 - INFO - utils.trainer -   Loss: 3.42667
06/16/2026 17:03:49 - INFO - utils.trainer -    Train loss: 0.00111, Test loss: 3.42667,Epoch time = 11.917s
06/16/2026 17:04:01 - INFO - utils.trainer -   ***** Running evaluation on test1 dataset *****
06/16/2026 17:04:04 - INFO - utils.trainer -   AUC: 0.61273
06/16/2026 17:04:04 - INFO - utils.trainer -   Accuracy: 0.30128
06/16/2026 17:04:04 - INFO - utils.trainer -   Precision: 0.30479
06/16/2026 17:04:04 - INFO - utils.trainer -   Recall: 0.32268
06/16/2026 17:04:04 - INFO - utils.trainer -   F_score: 0.29773
06/16/2026 17:04:04 - INFO - utils.trainer -   Loss: 3.39705
06/16/2026 17:04:04 - INFO - utils.trainer -    Train loss: 0.00299, Test loss: 3.39705,Epoch time = 12.025s
06/16/2026 17:04:16 - INFO - utils.trainer -   ***** Running evaluation on test1 dataset *****
06/16/2026 17:04:18 - INFO - utils.trainer -   AUC: 0.61371
06/16/2026 17:04:18 - INFO - utils.trainer -   Accuracy: 0.32051
06/16/2026 17:04:18 - INFO - utils.trainer -   Precision: 0.32486
06/16/2026 17:04:18 - INFO - utils.trainer -   Recall: 0.34545
06/16/2026 17:04:18 - INFO - utils.trainer -   F_score: 0.31674
06/16/2026 17:04:18 - INFO - utils.trainer -   Loss: 3.41515
06/16/2026 17:04:18 - INFO - utils.trainer -    Train loss: 0.00136, Test loss: 3.41515,Epoch time = 12.045s
06/16/2026 17:04:31 - INFO - utils.trainer -   ***** Running evaluation on test1 dataset *****
06/16/2026 17:04:33 - INFO - utils.trainer -   AUC: 0.61161
06/16/2026 17:04:33 - INFO - utils.trainer -   Accuracy: 0.32051
06/16/2026 17:04:33 - INFO - utils.trainer -   Precision: 0.31823
06/16/2026 17:04:33 - INFO - utils.trainer -   Recall: 0.32268
06/16/2026 17:04:33 - INFO - utils.trainer -   F_score: 0.30920
06/16/2026 17:04:33 - INFO - utils.trainer -   Loss: 3.36485
06/16/2026 17:04:33 - INFO - utils.trainer -    Train loss: 0.00117, Test loss: 3.36485,Epoch time = 12.130s
06/16/2026 17:04:45 - INFO - utils.trainer -   ***** Running evaluation on test1 dataset *****
06/16/2026 17:04:47 - INFO - utils.trainer -   AUC: 0.61348
06/16/2026 17:04:47 - INFO - utils.trainer -   Accuracy: 0.30769
06/16/2026 17:04:47 - INFO - utils.trainer -   Precision: 0.31652
06/16/2026 17:04:47 - INFO - utils.trainer -   Recall: 0.33229
06/16/2026 17:04:47 - INFO - utils.trainer -   F_score: 0.30411
06/16/2026 17:04:47 - INFO - utils.trainer -   Loss: 3.45382
06/16/2026 17:04:47 - INFO - utils.trainer -    Train loss: 0.00068, Test loss: 3.45382,Epoch time = 11.893s
06/16/2026 17:04:59 - INFO - utils.trainer -   ***** Running evaluation on test1 dataset *****
06/16/2026 17:05:02 - INFO - utils.trainer -   AUC: 0.61036
06/16/2026 17:05:02 - INFO - utils.trainer -   Accuracy: 0.30128
06/16/2026 17:05:02 - INFO - utils.trainer -   Precision: 0.30587
06/16/2026 17:05:02 - INFO - utils.trainer -   Recall: 0.33051
06/16/2026 17:05:02 - INFO - utils.trainer -   F_score: 0.29908
06/16/2026 17:05:02 - INFO - utils.trainer -   Loss: 3.42282
06/16/2026 17:05:02 - INFO - utils.trainer -    Train loss: 0.00088, Test loss: 3.42282,Epoch time = 11.979s
06/16/2026 17:05:14 - INFO - utils.trainer -   ***** Running evaluation on test1 dataset *****
06/16/2026 17:05:16 - INFO - utils.trainer -   AUC: 0.61273
06/16/2026 17:05:16 - INFO - utils.trainer -   Accuracy: 0.29487
06/16/2026 17:05:16 - INFO - utils.trainer -   Precision: 0.30081
06/16/2026 17:05:16 - INFO - utils.trainer -   Recall: 0.32394
06/16/2026 17:05:16 - INFO - utils.trainer -   F_score: 0.29291
06/16/2026 17:05:16 - INFO - utils.trainer -   Loss: 3.40773
06/16/2026 17:05:16 - INFO - utils.trainer -    Train loss: 0.00037, Test loss: 3.40773,Epoch time = 11.946s
06/16/2026 17:05:28 - INFO - utils.trainer -   ***** Running evaluation on test1 dataset *****
06/16/2026 17:05:30 - INFO - utils.trainer -   AUC: 0.61218
06/16/2026 17:05:30 - INFO - utils.trainer -   Accuracy: 0.30769
06/16/2026 17:05:30 - INFO - utils.trainer -   Precision: 0.31256
06/16/2026 17:05:30 - INFO - utils.trainer -   Recall: 0.33583
06/16/2026 17:05:30 - INFO - utils.trainer -   F_score: 0.30581
06/16/2026 17:05:30 - INFO - utils.trainer -   Loss: 3.39471
06/16/2026 17:05:30 - INFO - utils.trainer -    Train loss: 0.00033, Test loss: 3.39471,Epoch time = 11.930s
06/16/2026 17:05:42 - INFO - utils.trainer -   ***** Running evaluation on test1 dataset *****
06/16/2026 17:05:45 - INFO - utils.trainer -   AUC: 0.61559
06/16/2026 17:05:45 - INFO - utils.trainer -   Accuracy: 0.30769
06/16/2026 17:05:45 - INFO - utils.trainer -   Precision: 0.31380
06/16/2026 17:05:45 - INFO - utils.trainer -   Recall: 0.33709
06/16/2026 17:05:45 - INFO - utils.trainer -   F_score: 0.30457
06/16/2026 17:05:45 - INFO - utils.trainer -   Loss: 3.49524
06/16/2026 17:05:45 - INFO - utils.trainer -    Train loss: 0.00078, Test loss: 3.49524,Epoch time = 11.946s
06/16/2026 17:05:57 - INFO - utils.trainer -   ***** Running evaluation on test1 dataset *****
06/16/2026 17:05:59 - INFO - utils.trainer -   AUC: 0.61271
06/16/2026 17:05:59 - INFO - utils.trainer -   Accuracy: 0.32051
06/16/2026 17:05:59 - INFO - utils.trainer -   Precision: 0.32150
06/16/2026 17:05:59 - INFO - utils.trainer -   Recall: 0.35758
06/16/2026 17:05:59 - INFO - utils.trainer -   F_score: 0.31550
06/16/2026 17:05:59 - INFO - utils.trainer -   Loss: 3.50962
06/16/2026 17:05:59 - INFO - utils.trainer -    Train loss: 0.00131, Test loss: 3.50962,Epoch time = 11.951s
06/16/2026 17:06:05 - INFO - __main__ -   ########## Repeat:2 ##########
06/16/2026 17:06:05 - INFO - utils.trainer -   ***** Running training *****
06/16/2026 17:06:05 - INFO - utils.trainer -     Num examples = 19
06/16/2026 17:06:05 - INFO - utils.trainer -     Num Epochs = 200
06/16/2026 17:06:05 - INFO - utils.trainer -     Total train batch size = 16
06/16/2026 17:06:05 - INFO - utils.trainer -     warmup steps = 400
06/16/2026 17:06:05 - INFO - utils.trainer -     Total optimization steps = 3800
06/16/2026 17:06:05 - INFO - utils.trainer -     Save steps = 200
06/16/2026 17:06:05 - INFO - root -   Parameters [normal] length [22]
06/16/2026 17:06:17 - INFO - utils.trainer -   ***** Running evaluation on test2 dataset *****
06/16/2026 17:06:20 - INFO - utils.trainer -   AUC: 0.55204
06/16/2026 17:06:20 - INFO - utils.trainer -   Accuracy: 0.28205
06/16/2026 17:06:20 - INFO - utils.trainer -   Precision: 0.28812
06/16/2026 17:06:20 - INFO - utils.trainer -   Recall: 0.26855
06/16/2026 17:06:20 - INFO - utils.trainer -   F_score: 0.17532
06/16/2026 17:06:20 - INFO - utils.trainer -   Loss: 2.55670
06/16/2026 17:06:20 - INFO - utils.trainer -    Train loss: 1.16932, Test loss: 2.55670,Epoch time = 11.933s
06/16/2026 17:06:20 - INFO - utils.trainer -   Saving model checkpoint to output_dir/DFCBNC
06/16/2026 17:06:32 - INFO - utils.trainer -   ***** Running evaluation on test2 dataset *****
06/16/2026 17:06:34 - INFO - utils.trainer -   AUC: 0.54752
06/16/2026 17:06:34 - INFO - utils.trainer -   Accuracy: 0.21154
06/16/2026 17:06:34 - INFO - utils.trainer -   Precision: 0.23024
06/16/2026 17:06:34 - INFO - utils.trainer -   Recall: 0.19878
06/16/2026 17:06:34 - INFO - utils.trainer -   F_score: 0.17341
06/16/2026 17:06:34 - INFO - utils.trainer -   Loss: 1.96503
06/16/2026 17:06:34 - INFO - utils.trainer -    Train loss: 0.45774, Test loss: 1.96503,Epoch time = 11.929s
06/16/2026 17:06:46 - INFO - utils.trainer -   ***** Running evaluation on test2 dataset *****
06/16/2026 17:06:48 - INFO - utils.trainer -   AUC: 0.56062
06/16/2026 17:06:48 - INFO - utils.trainer -   Accuracy: 0.23718
06/16/2026 17:06:48 - INFO - utils.trainer -   Precision: 0.18371
06/16/2026 17:06:48 - INFO - utils.trainer -   Recall: 0.24862
06/16/2026 17:06:48 - INFO - utils.trainer -   F_score: 0.20625
06/16/2026 17:06:48 - INFO - utils.trainer -   Loss: 2.02491
06/16/2026 17:06:48 - INFO - utils.trainer -    Train loss: 0.19406, Test loss: 2.02491,Epoch time = 11.906s
06/16/2026 17:07:00 - INFO - utils.trainer -   ***** Running evaluation on test2 dataset *****
06/16/2026 17:07:03 - INFO - utils.trainer -   AUC: 0.55523
06/16/2026 17:07:03 - INFO - utils.trainer -   Accuracy: 0.27564
06/16/2026 17:07:03 - INFO - utils.trainer -   Precision: 0.29513
06/16/2026 17:07:03 - INFO - utils.trainer -   Recall: 0.27699
06/16/2026 17:07:03 - INFO - utils.trainer -   F_score: 0.27526
06/16/2026 17:07:03 - INFO - utils.trainer -   Loss: 1.89819
06/16/2026 17:07:03 - INFO - utils.trainer -    Train loss: 0.08344, Test loss: 1.89819,Epoch time = 11.934s
06/16/2026 17:07:15 - INFO - utils.trainer -   ***** Running evaluation on test2 dataset *****
06/16/2026 17:07:17 - INFO - utils.trainer -   AUC: 0.56001
06/16/2026 17:07:17 - INFO - utils.trainer -   Accuracy: 0.25641
06/16/2026 17:07:17 - INFO - utils.trainer -   Precision: 0.26978
06/16/2026 17:07:17 - INFO - utils.trainer -   Recall: 0.27187
06/16/2026 17:07:17 - INFO - utils.trainer -   F_score: 0.24604
06/16/2026 17:07:17 - INFO - utils.trainer -   Loss: 2.16729
06/16/2026 17:07:17 - INFO - utils.trainer -    Train loss: 0.06094, Test loss: 2.16729,Epoch time = 11.967s
06/16/2026 17:07:29 - INFO - utils.trainer -   ***** Running evaluation on test2 dataset *****
06/16/2026 17:07:32 - INFO - utils.trainer -   AUC: 0.56796
06/16/2026 17:07:32 - INFO - utils.trainer -   Accuracy: 0.30769
06/16/2026 17:07:32 - INFO - utils.trainer -   Precision: 0.30145
06/16/2026 17:07:32 - INFO - utils.trainer -   Recall: 0.29686
06/16/2026 17:07:32 - INFO - utils.trainer -   F_score: 0.29854
06/16/2026 17:07:32 - INFO - utils.trainer -   Loss: 1.95879
06/16/2026 17:07:32 - INFO - utils.trainer -    Train loss: 0.05001, Test loss: 1.95879,Epoch time = 11.971s
06/16/2026 17:07:32 - INFO - utils.trainer -   Saving model checkpoint to output_dir/DFCBNC
06/16/2026 17:07:44 - INFO - utils.trainer -   ***** Running evaluation on test2 dataset *****
06/16/2026 17:07:46 - INFO - utils.trainer -   AUC: 0.59082
06/16/2026 17:07:46 - INFO - utils.trainer -   Accuracy: 0.30128
06/16/2026 17:07:46 - INFO - utils.trainer -   Precision: 0.30037
06/16/2026 17:07:46 - INFO - utils.trainer -   Recall: 0.28751
06/16/2026 17:07:46 - INFO - utils.trainer -   F_score: 0.28993
06/16/2026 17:07:46 - INFO - utils.trainer -   Loss: 1.90657
06/16/2026 17:07:46 - INFO - utils.trainer -    Train loss: 0.02545, Test loss: 1.90657,Epoch time = 11.958s
06/16/2026 17:07:58 - INFO - utils.trainer -   ***** Running evaluation on test2 dataset *****
06/16/2026 17:08:00 - INFO - utils.trainer -   AUC: 0.57979
06/16/2026 17:08:00 - INFO - utils.trainer -   Accuracy: 0.28205
06/16/2026 17:08:00 - INFO - utils.trainer -   Precision: 0.28507
06/16/2026 17:08:00 - INFO - utils.trainer -   Recall: 0.27277
06/16/2026 17:08:00 - INFO - utils.trainer -   F_score: 0.27250
06/16/2026 17:08:00 - INFO - utils.trainer -   Loss: 1.97984
06/16/2026 17:08:00 - INFO - utils.trainer -    Train loss: 0.02862, Test loss: 1.97984,Epoch time = 11.925s
06/16/2026 17:08:12 - INFO - utils.trainer -   ***** Running evaluation on test2 dataset *****
06/16/2026 17:08:15 - INFO - utils.trainer -   AUC: 0.57459
06/16/2026 17:08:15 - INFO - utils.trainer -   Accuracy: 0.27564
06/16/2026 17:08:15 - INFO - utils.trainer -   Precision: 0.27515
06/16/2026 17:08:15 - INFO - utils.trainer -   Recall: 0.29001
06/16/2026 17:08:15 - INFO - utils.trainer -   F_score: 0.24957
06/16/2026 17:08:15 - INFO - utils.trainer -   Loss: 2.28513
06/16/2026 17:08:15 - INFO - utils.trainer -    Train loss: 0.01668, Test loss: 2.28513,Epoch time = 11.963s
06/16/2026 17:08:27 - INFO - utils.trainer -   ***** Running evaluation on test2 dataset *****
06/16/2026 17:08:29 - INFO - utils.trainer -   AUC: 0.58708
06/16/2026 17:08:29 - INFO - utils.trainer -   Accuracy: 0.30769
06/16/2026 17:08:29 - INFO - utils.trainer -   Precision: 0.29783
06/16/2026 17:08:29 - INFO - utils.trainer -   Recall: 0.30039
06/16/2026 17:08:29 - INFO - utils.trainer -   F_score: 0.29697
06/16/2026 17:08:29 - INFO - utils.trainer -   Loss: 2.11226
06/16/2026 17:08:29 - INFO - utils.trainer -    Train loss: 0.01810, Test loss: 2.11226,Epoch time = 11.922s
06/16/2026 17:08:29 - INFO - utils.trainer -   Saving model checkpoint to output_dir/DFCBNC
06/16/2026 17:08:41 - INFO - utils.trainer -   ***** Running evaluation on test2 dataset *****
06/16/2026 17:08:44 - INFO - utils.trainer -   AUC: 0.55536
06/16/2026 17:08:44 - INFO - utils.trainer -   Accuracy: 0.26282
06/16/2026 17:08:44 - INFO - utils.trainer -   Precision: 0.31712
06/16/2026 17:08:44 - INFO - utils.trainer -   Recall: 0.27699
06/16/2026 17:08:44 - INFO - utils.trainer -   F_score: 0.26328
06/16/2026 17:08:44 - INFO - utils.trainer -   Loss: 2.46254
06/16/2026 17:08:44 - INFO - utils.trainer -    Train loss: 0.01662, Test loss: 2.46254,Epoch time = 11.952s
06/16/2026 17:08:56 - INFO - utils.trainer -   ***** Running evaluation on test2 dataset *****
06/16/2026 17:08:58 - INFO - utils.trainer -   AUC: 0.57186
06/16/2026 17:08:58 - INFO - utils.trainer -   Accuracy: 0.30128
06/16/2026 17:08:58 - INFO - utils.trainer -   Precision: 0.30625
06/16/2026 17:08:58 - INFO - utils.trainer -   Recall: 0.30053
06/16/2026 17:08:58 - INFO - utils.trainer -   F_score: 0.29371
06/16/2026 17:08:58 - INFO - utils.trainer -   Loss: 2.32210
06/16/2026 17:08:58 - INFO - utils.trainer -    Train loss: 0.01269, Test loss: 2.32210,Epoch time = 11.968s
06/16/2026 17:09:10 - INFO - utils.trainer -   ***** Running evaluation on test2 dataset *****
06/16/2026 17:09:12 - INFO - utils.trainer -   AUC: 0.58732
06/16/2026 17:09:12 - INFO - utils.trainer -   Accuracy: 0.28846
06/16/2026 17:09:12 - INFO - utils.trainer -   Precision: 0.28990
06/16/2026 17:09:12 - INFO - utils.trainer -   Recall: 0.28578
06/16/2026 17:09:12 - INFO - utils.trainer -   F_score: 0.28188
06/16/2026 17:09:12 - INFO - utils.trainer -   Loss: 2.21967
06/16/2026 17:09:12 - INFO - utils.trainer -    Train loss: 0.01641, Test loss: 2.21967,Epoch time = 11.953s
06/16/2026 17:09:24 - INFO - utils.trainer -   ***** Running evaluation on test2 dataset *****
06/16/2026 17:09:27 - INFO - utils.trainer -   AUC: 0.59927
06/16/2026 17:09:27 - INFO - utils.trainer -   Accuracy: 0.30769
06/16/2026 17:09:27 - INFO - utils.trainer -   Precision: 0.31157
06/16/2026 17:09:27 - INFO - utils.trainer -   Recall: 0.30987
06/16/2026 17:09:27 - INFO - utils.trainer -   F_score: 0.29952
06/16/2026 17:09:27 - INFO - utils.trainer -   Loss: 2.22265
06/16/2026 17:09:27 - INFO - utils.trainer -    Train loss: 0.00812, Test loss: 2.22265,Epoch time = 12.030s
06/16/2026 17:09:27 - INFO - utils.trainer -   Saving model checkpoint to output_dir/DFCBNC
06/16/2026 17:09:39 - INFO - utils.trainer -   ***** Running evaluation on test2 dataset *****
06/16/2026 17:09:41 - INFO - utils.trainer -   AUC: 0.55759
06/16/2026 17:09:41 - INFO - utils.trainer -   Accuracy: 0.27564
06/16/2026 17:09:41 - INFO - utils.trainer -   Precision: 0.27657
06/16/2026 17:09:41 - INFO - utils.trainer -   Recall: 0.27589
06/16/2026 17:09:41 - INFO - utils.trainer -   F_score: 0.26194
06/16/2026 17:09:41 - INFO - utils.trainer -   Loss: 2.40769
06/16/2026 17:09:41 - INFO - utils.trainer -    Train loss: 0.00812, Test loss: 2.40769,Epoch time = 11.912s
06/16/2026 17:09:53 - INFO - utils.trainer -   ***** Running evaluation on test2 dataset *****
06/16/2026 17:09:55 - INFO - utils.trainer -   AUC: 0.56512
06/16/2026 17:09:55 - INFO - utils.trainer -   Accuracy: 0.28205
06/16/2026 17:09:55 - INFO - utils.trainer -   Precision: 0.29590
06/16/2026 17:09:55 - INFO - utils.trainer -   Recall: 0.27942
06/16/2026 17:09:55 - INFO - utils.trainer -   F_score: 0.27902
06/16/2026 17:09:55 - INFO - utils.trainer -   Loss: 2.30827
06/16/2026 17:09:55 - INFO - utils.trainer -    Train loss: 0.00531, Test loss: 2.30827,Epoch time = 11.967s
06/16/2026 17:10:07 - INFO - utils.trainer -   ***** Running evaluation on test2 dataset *****
06/16/2026 17:10:10 - INFO - utils.trainer -   AUC: 0.57112
06/16/2026 17:10:10 - INFO - utils.trainer -   Accuracy: 0.28846
06/16/2026 17:10:10 - INFO - utils.trainer -   Precision: 0.30092
06/16/2026 17:10:10 - INFO - utils.trainer -   Recall: 0.28876
06/16/2026 17:10:10 - INFO - utils.trainer -   F_score: 0.28452
06/16/2026 17:10:10 - INFO - utils.trainer -   Loss: 2.31834
06/16/2026 17:10:10 - INFO - utils.trainer -    Train loss: 0.00271, Test loss: 2.31834,Epoch time = 11.902s
06/16/2026 17:10:22 - INFO - utils.trainer -   ***** Running evaluation on test2 dataset *****
06/16/2026 17:10:24 - INFO - utils.trainer -   AUC: 0.56591
06/16/2026 17:10:24 - INFO - utils.trainer -   Accuracy: 0.26282
06/16/2026 17:10:24 - INFO - utils.trainer -   Precision: 0.27071
06/16/2026 17:10:24 - INFO - utils.trainer -   Recall: 0.26225
06/16/2026 17:10:24 - INFO - utils.trainer -   F_score: 0.25977
06/16/2026 17:10:24 - INFO - utils.trainer -   Loss: 2.36175
06/16/2026 17:10:24 - INFO - utils.trainer -    Train loss: 0.00604, Test loss: 2.36175,Epoch time = 11.957s
06/16/2026 17:10:36 - INFO - utils.trainer -   ***** Running evaluation on test2 dataset *****
06/16/2026 17:10:38 - INFO - utils.trainer -   AUC: 0.57967
06/16/2026 17:10:38 - INFO - utils.trainer -   Accuracy: 0.29487
06/16/2026 17:10:38 - INFO - utils.trainer -   Precision: 0.30242
06/16/2026 17:10:38 - INFO - utils.trainer -   Recall: 0.29769
06/16/2026 17:10:38 - INFO - utils.trainer -   F_score: 0.28883
06/16/2026 17:10:38 - INFO - utils.trainer -   Loss: 2.34140
06/16/2026 17:10:38 - INFO - utils.trainer -    Train loss: 0.00348, Test loss: 2.34140,Epoch time = 11.947s
06/16/2026 17:10:50 - INFO - utils.trainer -   ***** Running evaluation on test2 dataset *****
06/16/2026 17:10:53 - INFO - utils.trainer -   AUC: 0.57402
06/16/2026 17:10:53 - INFO - utils.trainer -   Accuracy: 0.29487
06/16/2026 17:10:53 - INFO - utils.trainer -   Precision: 0.30956
06/16/2026 17:10:53 - INFO - utils.trainer -   Recall: 0.29416
06/16/2026 17:10:53 - INFO - utils.trainer -   F_score: 0.28880
06/16/2026 17:10:53 - INFO - utils.trainer -   Loss: 2.41347
06/16/2026 17:10:53 - INFO - utils.trainer -    Train loss: 0.00401, Test loss: 2.41347,Epoch time = 12.038s
06/16/2026 17:11:05 - INFO - utils.trainer -   ***** Running evaluation on test2 dataset *****
06/16/2026 17:11:07 - INFO - utils.trainer -   AUC: 0.57692
06/16/2026 17:11:07 - INFO - utils.trainer -   Accuracy: 0.31410
06/16/2026 17:11:07 - INFO - utils.trainer -   Precision: 0.31623
06/16/2026 17:11:07 - INFO - utils.trainer -   Recall: 0.30904
06/16/2026 17:11:07 - INFO - utils.trainer -   F_score: 0.30806
06/16/2026 17:11:07 - INFO - utils.trainer -   Loss: 2.41752
06/16/2026 17:11:07 - INFO - utils.trainer -    Train loss: 0.00438, Test loss: 2.41752,Epoch time = 11.984s
06/16/2026 17:11:07 - INFO - utils.trainer -   Saving model checkpoint to output_dir/DFCBNC
06/16/2026 17:11:19 - INFO - utils.trainer -   ***** Running evaluation on test2 dataset *****
06/16/2026 17:11:21 - INFO - utils.trainer -   AUC: 0.57688
06/16/2026 17:11:21 - INFO - utils.trainer -   Accuracy: 0.29487
06/16/2026 17:11:21 - INFO - utils.trainer -   Precision: 0.29918
06/16/2026 17:11:21 - INFO - utils.trainer -   Recall: 0.28848
06/16/2026 17:11:21 - INFO - utils.trainer -   F_score: 0.28570
06/16/2026 17:11:21 - INFO - utils.trainer -   Loss: 2.47160
06/16/2026 17:11:22 - INFO - utils.trainer -    Train loss: 0.00271, Test loss: 2.47160,Epoch time = 11.932s
06/16/2026 17:11:33 - INFO - utils.trainer -   ***** Running evaluation on test2 dataset *****
06/16/2026 17:11:36 - INFO - utils.trainer -   AUC: 0.58158
06/16/2026 17:11:36 - INFO - utils.trainer -   Accuracy: 0.27564
06/16/2026 17:11:36 - INFO - utils.trainer -   Precision: 0.28209
06/16/2026 17:11:36 - INFO - utils.trainer -   Recall: 0.28038
06/16/2026 17:11:36 - INFO - utils.trainer -   F_score: 0.26739
06/16/2026 17:11:36 - INFO - utils.trainer -   Loss: 2.50718
06/16/2026 17:11:36 - INFO - utils.trainer -    Train loss: 0.00320, Test loss: 2.50718,Epoch time = 11.937s
06/16/2026 17:11:48 - INFO - utils.trainer -   ***** Running evaluation on test2 dataset *****
06/16/2026 17:11:50 - INFO - utils.trainer -   AUC: 0.57768
06/16/2026 17:11:50 - INFO - utils.trainer -   Accuracy: 0.27564
06/16/2026 17:11:50 - INFO - utils.trainer -   Precision: 0.28436
06/16/2026 17:11:50 - INFO - utils.trainer -   Recall: 0.27388
06/16/2026 17:11:50 - INFO - utils.trainer -   F_score: 0.26919
06/16/2026 17:11:50 - INFO - utils.trainer -   Loss: 2.49499
06/16/2026 17:11:50 - INFO - utils.trainer -    Train loss: 0.00332, Test loss: 2.49499,Epoch time = 11.939s
06/16/2026 17:12:02 - INFO - utils.trainer -   ***** Running evaluation on test2 dataset *****
06/16/2026 17:12:05 - INFO - utils.trainer -   AUC: 0.56663
06/16/2026 17:12:05 - INFO - utils.trainer -   Accuracy: 0.25641
06/16/2026 17:12:05 - INFO - utils.trainer -   Precision: 0.29192
06/16/2026 17:12:05 - INFO - utils.trainer -   Recall: 0.26184
06/16/2026 17:12:05 - INFO - utils.trainer -   F_score: 0.25845
06/16/2026 17:12:05 - INFO - utils.trainer -   Loss: 2.52549
06/16/2026 17:12:05 - INFO - utils.trainer -    Train loss: 0.00414, Test loss: 2.52549,Epoch time = 11.938s
06/16/2026 17:12:17 - INFO - utils.trainer -   ***** Running evaluation on test2 dataset *****
06/16/2026 17:12:19 - INFO - utils.trainer -   AUC: 0.56487
06/16/2026 17:12:19 - INFO - utils.trainer -   Accuracy: 0.28205
06/16/2026 17:12:19 - INFO - utils.trainer -   Precision: 0.28318
06/16/2026 17:12:19 - INFO - utils.trainer -   Recall: 0.27658
06/16/2026 17:12:19 - INFO - utils.trainer -   F_score: 0.27466
06/16/2026 17:12:19 - INFO - utils.trainer -   Loss: 2.46940
06/16/2026 17:12:19 - INFO - utils.trainer -    Train loss: 0.00211, Test loss: 2.46940,Epoch time = 12.062s
06/16/2026 17:12:31 - INFO - utils.trainer -   ***** Running evaluation on test2 dataset *****
06/16/2026 17:12:33 - INFO - utils.trainer -   AUC: 0.56281
06/16/2026 17:12:33 - INFO - utils.trainer -   Accuracy: 0.27564
06/16/2026 17:12:33 - INFO - utils.trainer -   Precision: 0.28763
06/16/2026 17:12:33 - INFO - utils.trainer -   Recall: 0.27713
06/16/2026 17:12:33 - INFO - utils.trainer -   F_score: 0.27220
06/16/2026 17:12:33 - INFO - utils.trainer -   Loss: 2.51470
06/16/2026 17:12:33 - INFO - utils.trainer -    Train loss: 0.00205, Test loss: 2.51470,Epoch time = 11.963s
06/16/2026 17:12:45 - INFO - utils.trainer -   ***** Running evaluation on test2 dataset *****
06/16/2026 17:12:48 - INFO - utils.trainer -   AUC: 0.55188
06/16/2026 17:12:48 - INFO - utils.trainer -   Accuracy: 0.26923
06/16/2026 17:12:48 - INFO - utils.trainer -   Precision: 0.27460
06/16/2026 17:12:48 - INFO - utils.trainer -   Recall: 0.26481
06/16/2026 17:12:48 - INFO - utils.trainer -   F_score: 0.26192
06/16/2026 17:12:48 - INFO - utils.trainer -   Loss: 2.57365
06/16/2026 17:12:48 - INFO - utils.trainer -    Train loss: 0.00146, Test loss: 2.57365,Epoch time = 11.923s
06/16/2026 17:13:00 - INFO - utils.trainer -   ***** Running evaluation on test2 dataset *****
06/16/2026 17:13:02 - INFO - utils.trainer -   AUC: 0.56180
06/16/2026 17:13:02 - INFO - utils.trainer -   Accuracy: 0.29487
06/16/2026 17:13:02 - INFO - utils.trainer -   Precision: 0.29802
06/16/2026 17:13:02 - INFO - utils.trainer -   Recall: 0.29146
06/16/2026 17:13:02 - INFO - utils.trainer -   F_score: 0.28907
06/16/2026 17:13:02 - INFO - utils.trainer -   Loss: 2.48711
06/16/2026 17:13:02 - INFO - utils.trainer -    Train loss: 0.00181, Test loss: 2.48711,Epoch time = 12.201s
06/16/2026 17:13:15 - INFO - utils.trainer -   ***** Running evaluation on test2 dataset *****
06/16/2026 17:13:17 - INFO - utils.trainer -   AUC: 0.57970
06/16/2026 17:13:17 - INFO - utils.trainer -   Accuracy: 0.31410
06/16/2026 17:13:17 - INFO - utils.trainer -   Precision: 0.30626
06/16/2026 17:13:17 - INFO - utils.trainer -   Recall: 0.30606
06/16/2026 17:13:17 - INFO - utils.trainer -   F_score: 0.29695
06/16/2026 17:13:17 - INFO - utils.trainer -   Loss: 2.46079
06/16/2026 17:13:17 - INFO - utils.trainer -    Train loss: 0.00249, Test loss: 2.46079,Epoch time = 12.201s
06/16/2026 17:13:17 - INFO - utils.trainer -   Saving model checkpoint to output_dir/DFCBNC
06/16/2026 17:13:29 - INFO - utils.trainer -   ***** Running evaluation on test2 dataset *****
06/16/2026 17:13:32 - INFO - utils.trainer -   AUC: 0.56283
06/16/2026 17:13:32 - INFO - utils.trainer -   Accuracy: 0.30769
06/16/2026 17:13:32 - INFO - utils.trainer -   Precision: 0.31423
06/16/2026 17:13:32 - INFO - utils.trainer -   Recall: 0.29970
06/16/2026 17:13:32 - INFO - utils.trainer -   F_score: 0.30101
06/16/2026 17:13:32 - INFO - utils.trainer -   Loss: 2.55567
06/16/2026 17:13:32 - INFO - utils.trainer -    Train loss: 0.00220, Test loss: 2.55567,Epoch time = 12.044s
06/16/2026 17:13:44 - INFO - utils.trainer -   ***** Running evaluation on test2 dataset *****
06/16/2026 17:13:46 - INFO - utils.trainer -   AUC: 0.56250
06/16/2026 17:13:46 - INFO - utils.trainer -   Accuracy: 0.28205
06/16/2026 17:13:46 - INFO - utils.trainer -   Precision: 0.26070
06/16/2026 17:13:46 - INFO - utils.trainer -   Recall: 0.28848
06/16/2026 17:13:46 - INFO - utils.trainer -   F_score: 0.25645
06/16/2026 17:13:46 - INFO - utils.trainer -   Loss: 2.76514
06/16/2026 17:13:46 - INFO - utils.trainer -    Train loss: 0.00268, Test loss: 2.76514,Epoch time = 11.963s
06/16/2026 17:13:58 - INFO - utils.trainer -   ***** Running evaluation on test2 dataset *****
06/16/2026 17:14:00 - INFO - utils.trainer -   AUC: 0.56229
06/16/2026 17:14:00 - INFO - utils.trainer -   Accuracy: 0.30128
06/16/2026 17:14:00 - INFO - utils.trainer -   Precision: 0.30381
06/16/2026 17:14:00 - INFO - utils.trainer -   Recall: 0.30309
06/16/2026 17:14:00 - INFO - utils.trainer -   F_score: 0.28877
06/16/2026 17:14:00 - INFO - utils.trainer -   Loss: 2.62188
06/16/2026 17:14:00 - INFO - utils.trainer -    Train loss: 0.00168, Test loss: 2.62188,Epoch time = 11.970s
06/16/2026 17:14:12 - INFO - utils.trainer -   ***** Running evaluation on test2 dataset *****
06/16/2026 17:14:15 - INFO - utils.trainer -   AUC: 0.56966
06/16/2026 17:14:15 - INFO - utils.trainer -   Accuracy: 0.28846
06/16/2026 17:14:15 - INFO - utils.trainer -   Precision: 0.28910
06/16/2026 17:14:15 - INFO - utils.trainer -   Recall: 0.28537
06/16/2026 17:14:15 - INFO - utils.trainer -   F_score: 0.28382
06/16/2026 17:14:15 - INFO - utils.trainer -   Loss: 2.45883
06/16/2026 17:14:15 - INFO - utils.trainer -    Train loss: 0.00097, Test loss: 2.45883,Epoch time = 11.950s
06/16/2026 17:14:27 - INFO - utils.trainer -   ***** Running evaluation on test2 dataset *****
06/16/2026 17:14:29 - INFO - utils.trainer -   AUC: 0.56975
06/16/2026 17:14:29 - INFO - utils.trainer -   Accuracy: 0.30128
06/16/2026 17:14:29 - INFO - utils.trainer -   Precision: 0.28871
06/16/2026 17:14:29 - INFO - utils.trainer -   Recall: 0.28724
06/16/2026 17:14:29 - INFO - utils.trainer -   F_score: 0.28390
06/16/2026 17:14:29 - INFO - utils.trainer -   Loss: 2.48870
06/16/2026 17:14:29 - INFO - utils.trainer -    Train loss: 0.00369, Test loss: 2.48870,Epoch time = 11.967s
06/16/2026 17:14:41 - INFO - utils.trainer -   ***** Running evaluation on test2 dataset *****
06/16/2026 17:14:43 - INFO - utils.trainer -   AUC: 0.59804
06/16/2026 17:14:43 - INFO - utils.trainer -   Accuracy: 0.28846
06/16/2026 17:14:43 - INFO - utils.trainer -   Precision: 0.30129
06/16/2026 17:14:43 - INFO - utils.trainer -   Recall: 0.29160
06/16/2026 17:14:43 - INFO - utils.trainer -   F_score: 0.28434
06/16/2026 17:14:43 - INFO - utils.trainer -   Loss: 2.59559
06/16/2026 17:14:43 - INFO - utils.trainer -    Train loss: 0.00859, Test loss: 2.59559,Epoch time = 11.979s
06/16/2026 17:14:55 - INFO - utils.trainer -   ***** Running evaluation on test2 dataset *****
06/16/2026 17:14:58 - INFO - utils.trainer -   AUC: 0.57005
06/16/2026 17:14:58 - INFO - utils.trainer -   Accuracy: 0.30769
06/16/2026 17:14:58 - INFO - utils.trainer -   Precision: 0.29658
06/16/2026 17:14:58 - INFO - utils.trainer -   Recall: 0.30855
06/16/2026 17:14:58 - INFO - utils.trainer -   F_score: 0.24642
06/16/2026 17:14:58 - INFO - utils.trainer -   Loss: 3.28605
06/16/2026 17:14:58 - INFO - utils.trainer -    Train loss: 0.00797, Test loss: 3.28605,Epoch time = 11.897s
06/16/2026 17:15:10 - INFO - utils.trainer -   ***** Running evaluation on test2 dataset *****
06/16/2026 17:15:12 - INFO - utils.trainer -   AUC: 0.55128
06/16/2026 17:15:12 - INFO - utils.trainer -   Accuracy: 0.30769
06/16/2026 17:15:12 - INFO - utils.trainer -   Precision: 0.33859
06/16/2026 17:15:12 - INFO - utils.trainer -   Recall: 0.31471
06/16/2026 17:15:12 - INFO - utils.trainer -   F_score: 0.30550
06/16/2026 17:15:12 - INFO - utils.trainer -   Loss: 3.03716
06/16/2026 17:15:12 - INFO - utils.trainer -    Train loss: 0.00567, Test loss: 3.03716,Epoch time = 11.950s
06/16/2026 17:15:24 - INFO - utils.trainer -   ***** Running evaluation on test2 dataset *****
06/16/2026 17:15:26 - INFO - utils.trainer -   AUC: 0.55102
06/16/2026 17:15:26 - INFO - utils.trainer -   Accuracy: 0.23718
06/16/2026 17:15:26 - INFO - utils.trainer -   Precision: 0.18961
06/16/2026 17:15:26 - INFO - utils.trainer -   Recall: 0.24938
06/16/2026 17:15:26 - INFO - utils.trainer -   F_score: 0.20756
06/16/2026 17:15:26 - INFO - utils.trainer -   Loss: 4.69016
06/16/2026 17:15:26 - INFO - utils.trainer -    Train loss: 0.06979, Test loss: 4.69016,Epoch time = 11.949s
06/16/2026 17:15:38 - INFO - utils.trainer -   ***** Running evaluation on test2 dataset *****
06/16/2026 17:15:41 - INFO - utils.trainer -   AUC: 0.56338
06/16/2026 17:15:41 - INFO - utils.trainer -   Accuracy: 0.28846
06/16/2026 17:15:41 - INFO - utils.trainer -   Precision: 0.42046
06/16/2026 17:15:41 - INFO - utils.trainer -   Recall: 0.26571
06/16/2026 17:15:41 - INFO - utils.trainer -   F_score: 0.17934
06/16/2026 17:15:41 - INFO - utils.trainer -   Loss: 8.09785
06/16/2026 17:15:41 - INFO - utils.trainer -    Train loss: 0.25818, Test loss: 8.09785,Epoch time = 11.967s
06/16/2026 17:15:52 - INFO - utils.trainer -   ***** Running evaluation on test2 dataset *****
06/16/2026 17:15:55 - INFO - utils.trainer -   AUC: 0.51873
06/16/2026 17:15:55 - INFO - utils.trainer -   Accuracy: 0.22436
06/16/2026 17:15:55 - INFO - utils.trainer -   Precision: 0.15912
06/16/2026 17:15:55 - INFO - utils.trainer -   Recall: 0.22529
06/16/2026 17:15:55 - INFO - utils.trainer -   F_score: 0.16417
06/16/2026 17:15:55 - INFO - utils.trainer -   Loss: 4.80080
06/16/2026 17:15:55 - INFO - utils.trainer -    Train loss: 0.20885, Test loss: 4.80080,Epoch time = 11.863s
06/16/2026 17:16:07 - INFO - utils.trainer -   ***** Running evaluation on test2 dataset *****
06/16/2026 17:16:09 - INFO - utils.trainer -   AUC: 0.56557
06/16/2026 17:16:09 - INFO - utils.trainer -   Accuracy: 0.27564
06/16/2026 17:16:09 - INFO - utils.trainer -   Precision: 0.26925
06/16/2026 17:16:09 - INFO - utils.trainer -   Recall: 0.26370
06/16/2026 17:16:09 - INFO - utils.trainer -   F_score: 0.26248
06/16/2026 17:16:09 - INFO - utils.trainer -   Loss: 2.71408
06/16/2026 17:16:09 - INFO - utils.trainer -    Train loss: 0.05151, Test loss: 2.71408,Epoch time = 11.940s
06/16/2026 17:16:21 - INFO - utils.trainer -   ***** Running evaluation on test2 dataset *****
06/16/2026 17:16:23 - INFO - utils.trainer -   AUC: 0.57563
06/16/2026 17:16:23 - INFO - utils.trainer -   Accuracy: 0.29487
06/16/2026 17:16:23 - INFO - utils.trainer -   Precision: 0.29733
06/16/2026 17:16:23 - INFO - utils.trainer -   Recall: 0.28481
06/16/2026 17:16:23 - INFO - utils.trainer -   F_score: 0.28655
06/16/2026 17:16:23 - INFO - utils.trainer -   Loss: 2.64814
06/16/2026 17:16:23 - INFO - utils.trainer -    Train loss: 0.03059, Test loss: 2.64814,Epoch time = 11.889s
06/16/2026 17:16:35 - INFO - utils.trainer -   ***** Running evaluation on test2 dataset *****
06/16/2026 17:16:38 - INFO - utils.trainer -   AUC: 0.59001
06/16/2026 17:16:38 - INFO - utils.trainer -   Accuracy: 0.32692
06/16/2026 17:16:38 - INFO - utils.trainer -   Precision: 0.33742
06/16/2026 17:16:38 - INFO - utils.trainer -   Recall: 0.31797
06/16/2026 17:16:38 - INFO - utils.trainer -   F_score: 0.31876
06/16/2026 17:16:38 - INFO - utils.trainer -   Loss: 2.63308
06/16/2026 17:16:38 - INFO - utils.trainer -    Train loss: 0.02480, Test loss: 2.63308,Epoch time = 12.002s
06/16/2026 17:16:38 - INFO - utils.trainer -   Saving model checkpoint to output_dir/DFCBNC
06/16/2026 17:16:50 - INFO - utils.trainer -   ***** Running evaluation on test2 dataset *****
06/16/2026 17:16:52 - INFO - utils.trainer -   AUC: 0.54722
06/16/2026 17:16:52 - INFO - utils.trainer -   Accuracy: 0.24359
06/16/2026 17:16:52 - INFO - utils.trainer -   Precision: 0.28954
06/16/2026 17:16:52 - INFO - utils.trainer -   Recall: 0.24965
06/16/2026 17:16:52 - INFO - utils.trainer -   F_score: 0.23710
06/16/2026 17:16:52 - INFO - utils.trainer -   Loss: 3.09733
06/16/2026 17:16:52 - INFO - utils.trainer -    Train loss: 0.02188, Test loss: 3.09733,Epoch time = 11.960s
06/16/2026 17:17:04 - INFO - utils.trainer -   ***** Running evaluation on test2 dataset *****
06/16/2026 17:17:06 - INFO - utils.trainer -   AUC: 0.56441
06/16/2026 17:17:06 - INFO - utils.trainer -   Accuracy: 0.30128
06/16/2026 17:17:06 - INFO - utils.trainer -   Precision: 0.32981
06/16/2026 17:17:06 - INFO - utils.trainer -   Recall: 0.30606
06/16/2026 17:17:06 - INFO - utils.trainer -   F_score: 0.29771
06/16/2026 17:17:06 - INFO - utils.trainer -   Loss: 2.88097
06/16/2026 17:17:06 - INFO - utils.trainer -    Train loss: 0.00791, Test loss: 2.88097,Epoch time = 11.950s
06/16/2026 17:17:18 - INFO - utils.trainer -   ***** Running evaluation on test2 dataset *****
06/16/2026 17:17:21 - INFO - utils.trainer -   AUC: 0.58326
06/16/2026 17:17:21 - INFO - utils.trainer -   Accuracy: 0.29487
06/16/2026 17:17:21 - INFO - utils.trainer -   Precision: 0.30812
06/16/2026 17:17:21 - INFO - utils.trainer -   Recall: 0.29416
06/16/2026 17:17:21 - INFO - utils.trainer -   F_score: 0.28832
06/16/2026 17:17:21 - INFO - utils.trainer -   Loss: 2.73771
06/16/2026 17:17:21 - INFO - utils.trainer -    Train loss: 0.00685, Test loss: 2.73771,Epoch time = 11.920s
06/16/2026 17:17:33 - INFO - utils.trainer -   ***** Running evaluation on test2 dataset *****
06/16/2026 17:17:35 - INFO - utils.trainer -   AUC: 0.57883
06/16/2026 17:17:35 - INFO - utils.trainer -   Accuracy: 0.28846
06/16/2026 17:17:35 - INFO - utils.trainer -   Precision: 0.29196
06/16/2026 17:17:35 - INFO - utils.trainer -   Recall: 0.28198
06/16/2026 17:17:35 - INFO - utils.trainer -   F_score: 0.27828
06/16/2026 17:17:35 - INFO - utils.trainer -   Loss: 2.82872
06/16/2026 17:17:35 - INFO - utils.trainer -    Train loss: 0.01178, Test loss: 2.82872,Epoch time = 11.886s
06/16/2026 17:17:47 - INFO - utils.trainer -   ***** Running evaluation on test2 dataset *****
06/16/2026 17:17:49 - INFO - utils.trainer -   AUC: 0.57492
06/16/2026 17:17:49 - INFO - utils.trainer -   Accuracy: 0.28846
06/16/2026 17:17:49 - INFO - utils.trainer -   Precision: 0.29485
06/16/2026 17:17:49 - INFO - utils.trainer -   Recall: 0.27886
06/16/2026 17:17:49 - INFO - utils.trainer -   F_score: 0.27764
06/16/2026 17:17:49 - INFO - utils.trainer -   Loss: 2.94322
06/16/2026 17:17:49 - INFO - utils.trainer -    Train loss: 0.00632, Test loss: 2.94322,Epoch time = 11.869s
06/16/2026 17:18:01 - INFO - utils.trainer -   ***** Running evaluation on test2 dataset *****
06/16/2026 17:18:04 - INFO - utils.trainer -   AUC: 0.57921
06/16/2026 17:18:04 - INFO - utils.trainer -   Accuracy: 0.30128
06/16/2026 17:18:04 - INFO - utils.trainer -   Precision: 0.33013
06/16/2026 17:18:04 - INFO - utils.trainer -   Recall: 0.30606
06/16/2026 17:18:04 - INFO - utils.trainer -   F_score: 0.30416
06/16/2026 17:18:04 - INFO - utils.trainer -   Loss: 2.78704
06/16/2026 17:18:04 - INFO - utils.trainer -    Train loss: 0.00482, Test loss: 2.78704,Epoch time = 11.919s
06/16/2026 17:18:16 - INFO - utils.trainer -   ***** Running evaluation on test2 dataset *****
06/16/2026 17:18:18 - INFO - utils.trainer -   AUC: 0.57476
06/16/2026 17:18:18 - INFO - utils.trainer -   Accuracy: 0.30769
06/16/2026 17:18:18 - INFO - utils.trainer -   Precision: 0.34306
06/16/2026 17:18:18 - INFO - utils.trainer -   Recall: 0.31188
06/16/2026 17:18:18 - INFO - utils.trainer -   F_score: 0.30891
06/16/2026 17:18:18 - INFO - utils.trainer -   Loss: 2.84589
06/16/2026 17:18:18 - INFO - utils.trainer -    Train loss: 0.00233, Test loss: 2.84589,Epoch time = 11.865s
06/16/2026 17:18:30 - INFO - utils.trainer -   ***** Running evaluation on test2 dataset *****
06/16/2026 17:18:32 - INFO - utils.trainer -   AUC: 0.56776
06/16/2026 17:18:32 - INFO - utils.trainer -   Accuracy: 0.28205
06/16/2026 17:18:32 - INFO - utils.trainer -   Precision: 0.30368
06/16/2026 17:18:32 - INFO - utils.trainer -   Recall: 0.28225
06/16/2026 17:18:32 - INFO - utils.trainer -   F_score: 0.28259
06/16/2026 17:18:32 - INFO - utils.trainer -   Loss: 2.90926
06/16/2026 17:18:32 - INFO - utils.trainer -    Train loss: 0.00349, Test loss: 2.90926,Epoch time = 12.038s
06/16/2026 17:18:44 - INFO - utils.trainer -   ***** Running evaluation on test2 dataset *****
06/16/2026 17:18:47 - INFO - utils.trainer -   AUC: 0.56831
06/16/2026 17:18:47 - INFO - utils.trainer -   Accuracy: 0.29487
06/16/2026 17:18:47 - INFO - utils.trainer -   Precision: 0.30953
06/16/2026 17:18:47 - INFO - utils.trainer -   Recall: 0.29388
06/16/2026 17:18:47 - INFO - utils.trainer -   F_score: 0.29229
06/16/2026 17:18:47 - INFO - utils.trainer -   Loss: 2.91028
06/16/2026 17:18:47 - INFO - utils.trainer -    Train loss: 0.00160, Test loss: 2.91028,Epoch time = 12.058s
06/16/2026 17:18:59 - INFO - utils.trainer -   ***** Running evaluation on test2 dataset *****
06/16/2026 17:19:01 - INFO - utils.trainer -   AUC: 0.57042
06/16/2026 17:19:01 - INFO - utils.trainer -   Accuracy: 0.29487
06/16/2026 17:19:01 - INFO - utils.trainer -   Precision: 0.31364
06/16/2026 17:19:01 - INFO - utils.trainer -   Recall: 0.29402
06/16/2026 17:19:01 - INFO - utils.trainer -   F_score: 0.29531
06/16/2026 17:19:01 - INFO - utils.trainer -   Loss: 2.88378
06/16/2026 17:19:01 - INFO - utils.trainer -    Train loss: 0.00183, Test loss: 2.88378,Epoch time = 11.964s
06/16/2026 17:19:13 - INFO - utils.trainer -   ***** Running evaluation on test2 dataset *****
06/16/2026 17:19:16 - INFO - utils.trainer -   AUC: 0.56715
06/16/2026 17:19:16 - INFO - utils.trainer -   Accuracy: 0.28846
06/16/2026 17:19:16 - INFO - utils.trainer -   Precision: 0.31835
06/16/2026 17:19:16 - INFO - utils.trainer -   Recall: 0.28821
06/16/2026 17:19:16 - INFO - utils.trainer -   F_score: 0.29136
06/16/2026 17:19:16 - INFO - utils.trainer -   Loss: 2.94386
06/16/2026 17:19:16 - INFO - utils.trainer -    Train loss: 0.00188, Test loss: 2.94386,Epoch time = 12.153s
06/16/2026 17:19:28 - INFO - utils.trainer -   ***** Running evaluation on test2 dataset *****
06/16/2026 17:19:30 - INFO - utils.trainer -   AUC: 0.56492
06/16/2026 17:19:30 - INFO - utils.trainer -   Accuracy: 0.31410
06/16/2026 17:19:30 - INFO - utils.trainer -   Precision: 0.33599
06/16/2026 17:19:30 - INFO - utils.trainer -   Recall: 0.31471
06/16/2026 17:19:30 - INFO - utils.trainer -   F_score: 0.30965
06/16/2026 17:19:30 - INFO - utils.trainer -   Loss: 3.06748
06/16/2026 17:19:30 - INFO - utils.trainer -    Train loss: 0.00682, Test loss: 3.06748,Epoch time = 11.968s
06/16/2026 17:19:42 - INFO - utils.trainer -   ***** Running evaluation on test2 dataset *****
06/16/2026 17:19:44 - INFO - utils.trainer -   AUC: 0.56581
06/16/2026 17:19:44 - INFO - utils.trainer -   Accuracy: 0.27564
06/16/2026 17:19:44 - INFO - utils.trainer -   Precision: 0.29771
06/16/2026 17:19:44 - INFO - utils.trainer -   Recall: 0.27333
06/16/2026 17:19:44 - INFO - utils.trainer -   F_score: 0.27418
06/16/2026 17:19:44 - INFO - utils.trainer -   Loss: 3.03873
06/16/2026 17:19:44 - INFO - utils.trainer -    Train loss: 0.00181, Test loss: 3.03873,Epoch time = 11.890s
06/16/2026 17:19:56 - INFO - utils.trainer -   ***** Running evaluation on test2 dataset *****
06/16/2026 17:19:58 - INFO - utils.trainer -   AUC: 0.56988
06/16/2026 17:19:58 - INFO - utils.trainer -   Accuracy: 0.30128
06/16/2026 17:19:58 - INFO - utils.trainer -   Precision: 0.31517
06/16/2026 17:19:58 - INFO - utils.trainer -   Recall: 0.29983
06/16/2026 17:19:58 - INFO - utils.trainer -   F_score: 0.29993
06/16/2026 17:19:58 - INFO - utils.trainer -   Loss: 2.92869
06/16/2026 17:19:58 - INFO - utils.trainer -    Train loss: 0.00125, Test loss: 2.92869,Epoch time = 11.887s
06/16/2026 17:20:10 - INFO - utils.trainer -   ***** Running evaluation on test2 dataset *****
06/16/2026 17:20:13 - INFO - utils.trainer -   AUC: 0.56034
06/16/2026 17:20:13 - INFO - utils.trainer -   Accuracy: 0.30128
06/16/2026 17:20:13 - INFO - utils.trainer -   Precision: 0.32200
06/16/2026 17:20:13 - INFO - utils.trainer -   Recall: 0.30295
06/16/2026 17:20:13 - INFO - utils.trainer -   F_score: 0.30269
06/16/2026 17:20:13 - INFO - utils.trainer -   Loss: 3.01080
06/16/2026 17:20:13 - INFO - utils.trainer -    Train loss: 0.00222, Test loss: 3.01080,Epoch time = 11.884s
06/16/2026 17:20:25 - INFO - utils.trainer -   ***** Running evaluation on test2 dataset *****
06/16/2026 17:20:27 - INFO - utils.trainer -   AUC: 0.56328
06/16/2026 17:20:27 - INFO - utils.trainer -   Accuracy: 0.29487
06/16/2026 17:20:27 - INFO - utils.trainer -   Precision: 0.30997
06/16/2026 17:20:27 - INFO - utils.trainer -   Recall: 0.29104
06/16/2026 17:20:27 - INFO - utils.trainer -   F_score: 0.29307
06/16/2026 17:20:27 - INFO - utils.trainer -   Loss: 3.02365
06/16/2026 17:20:27 - INFO - utils.trainer -    Train loss: 0.00190, Test loss: 3.02365,Epoch time = 11.930s
06/16/2026 17:20:39 - INFO - utils.trainer -   ***** Running evaluation on test2 dataset *****
06/16/2026 17:20:41 - INFO - utils.trainer -   AUC: 0.56730
06/16/2026 17:20:41 - INFO - utils.trainer -   Accuracy: 0.30128
06/16/2026 17:20:41 - INFO - utils.trainer -   Precision: 0.31423
06/16/2026 17:20:41 - INFO - utils.trainer -   Recall: 0.29686
06/16/2026 17:20:41 - INFO - utils.trainer -   F_score: 0.29791
06/16/2026 17:20:41 - INFO - utils.trainer -   Loss: 2.97149
06/16/2026 17:20:41 - INFO - utils.trainer -    Train loss: 0.00140, Test loss: 2.97149,Epoch time = 11.901s
06/16/2026 17:20:53 - INFO - utils.trainer -   ***** Running evaluation on test2 dataset *****
06/16/2026 17:20:56 - INFO - utils.trainer -   AUC: 0.56057
06/16/2026 17:20:56 - INFO - utils.trainer -   Accuracy: 0.31410
06/16/2026 17:20:56 - INFO - utils.trainer -   Precision: 0.33510
06/16/2026 17:20:56 - INFO - utils.trainer -   Recall: 0.31160
06/16/2026 17:20:56 - INFO - utils.trainer -   F_score: 0.31163
06/16/2026 17:20:56 - INFO - utils.trainer -   Loss: 3.06880
06/16/2026 17:20:56 - INFO - utils.trainer -    Train loss: 0.00193, Test loss: 3.06880,Epoch time = 11.938s
06/16/2026 17:21:07 - INFO - utils.trainer -   ***** Running evaluation on test2 dataset *****
06/16/2026 17:21:10 - INFO - utils.trainer -   AUC: 0.55982
06/16/2026 17:21:10 - INFO - utils.trainer -   Accuracy: 0.30128
06/16/2026 17:21:10 - INFO - utils.trainer -   Precision: 0.31948
06/16/2026 17:21:10 - INFO - utils.trainer -   Recall: 0.29997
06/16/2026 17:21:10 - INFO - utils.trainer -   F_score: 0.30062
06/16/2026 17:21:10 - INFO - utils.trainer -   Loss: 3.08586
06/16/2026 17:21:10 - INFO - utils.trainer -    Train loss: 0.00129, Test loss: 3.08586,Epoch time = 11.837s
06/16/2026 17:21:22 - INFO - utils.trainer -   ***** Running evaluation on test2 dataset *****
06/16/2026 17:21:24 - INFO - utils.trainer -   AUC: 0.56246
06/16/2026 17:21:24 - INFO - utils.trainer -   Accuracy: 0.29487
06/16/2026 17:21:24 - INFO - utils.trainer -   Precision: 0.31436
06/16/2026 17:21:24 - INFO - utils.trainer -   Recall: 0.29713
06/16/2026 17:21:24 - INFO - utils.trainer -   F_score: 0.29562
06/16/2026 17:21:24 - INFO - utils.trainer -   Loss: 3.03972
06/16/2026 17:21:24 - INFO - utils.trainer -    Train loss: 0.00179, Test loss: 3.03972,Epoch time = 11.971s
06/16/2026 17:21:36 - INFO - utils.trainer -   ***** Running evaluation on test2 dataset *****
06/16/2026 17:21:38 - INFO - utils.trainer -   AUC: 0.56073
06/16/2026 17:21:38 - INFO - utils.trainer -   Accuracy: 0.28205
06/16/2026 17:21:38 - INFO - utils.trainer -   Precision: 0.29331
06/16/2026 17:21:38 - INFO - utils.trainer -   Recall: 0.27630
06/16/2026 17:21:38 - INFO - utils.trainer -   F_score: 0.27902
06/16/2026 17:21:38 - INFO - utils.trainer -   Loss: 3.04807
06/16/2026 17:21:38 - INFO - utils.trainer -    Train loss: 0.00183, Test loss: 3.04807,Epoch time = 11.868s
06/16/2026 17:21:50 - INFO - utils.trainer -   ***** Running evaluation on test2 dataset *****
06/16/2026 17:21:53 - INFO - utils.trainer -   AUC: 0.56110
06/16/2026 17:21:53 - INFO - utils.trainer -   Accuracy: 0.28205
06/16/2026 17:21:53 - INFO - utils.trainer -   Precision: 0.29907
06/16/2026 17:21:53 - INFO - utils.trainer -   Recall: 0.28239
06/16/2026 17:21:53 - INFO - utils.trainer -   F_score: 0.28196
06/16/2026 17:21:53 - INFO - utils.trainer -   Loss: 3.05002
06/16/2026 17:21:53 - INFO - utils.trainer -    Train loss: 0.00147, Test loss: 3.05002,Epoch time = 12.102s
06/16/2026 17:22:05 - INFO - utils.trainer -   ***** Running evaluation on test2 dataset *****
06/16/2026 17:22:07 - INFO - utils.trainer -   AUC: 0.61992
06/16/2026 17:22:07 - INFO - utils.trainer -   Accuracy: 0.38462
06/16/2026 17:22:07 - INFO - utils.trainer -   Precision: 0.36781
06/16/2026 17:22:07 - INFO - utils.trainer -   Recall: 0.37154
06/16/2026 17:22:07 - INFO - utils.trainer -   F_score: 0.35583
06/16/2026 17:22:07 - INFO - utils.trainer -   Loss: 2.81621
06/16/2026 17:22:07 - INFO - utils.trainer -    Train loss: 0.00682, Test loss: 2.81621,Epoch time = 11.950s
06/16/2026 17:22:07 - INFO - utils.trainer -   Saving model checkpoint to output_dir/DFCBNC
06/16/2026 17:22:19 - INFO - utils.trainer -   ***** Running evaluation on test2 dataset *****
06/16/2026 17:22:22 - INFO - utils.trainer -   AUC: 0.61656
06/16/2026 17:22:22 - INFO - utils.trainer -   Accuracy: 0.32051
06/16/2026 17:22:22 - INFO - utils.trainer -   Precision: 0.34724
06/16/2026 17:22:22 - INFO - utils.trainer -   Recall: 0.30821
06/16/2026 17:22:22 - INFO - utils.trainer -   F_score: 0.31294
06/16/2026 17:22:22 - INFO - utils.trainer -   Loss: 2.78887
06/16/2026 17:22:22 - INFO - utils.trainer -    Train loss: 0.01703, Test loss: 2.78887,Epoch time = 11.891s
06/16/2026 17:22:33 - INFO - utils.trainer -   ***** Running evaluation on test2 dataset *****
06/16/2026 17:22:36 - INFO - utils.trainer -   AUC: 0.58927
06/16/2026 17:22:36 - INFO - utils.trainer -   Accuracy: 0.30128
06/16/2026 17:22:36 - INFO - utils.trainer -   Precision: 0.33640
06/16/2026 17:22:36 - INFO - utils.trainer -   Recall: 0.29644
06/16/2026 17:22:36 - INFO - utils.trainer -   F_score: 0.29675
06/16/2026 17:22:36 - INFO - utils.trainer -   Loss: 2.83853
06/16/2026 17:22:36 - INFO - utils.trainer -    Train loss: 0.00953, Test loss: 2.83853,Epoch time = 11.923s
06/16/2026 17:22:48 - INFO - utils.trainer -   ***** Running evaluation on test2 dataset *****
06/16/2026 17:22:50 - INFO - utils.trainer -   AUC: 0.58373
06/16/2026 17:22:50 - INFO - utils.trainer -   Accuracy: 0.30128
06/16/2026 17:22:50 - INFO - utils.trainer -   Precision: 0.32484
06/16/2026 17:22:50 - INFO - utils.trainer -   Recall: 0.30253
06/16/2026 17:22:50 - INFO - utils.trainer -   F_score: 0.28970
06/16/2026 17:22:50 - INFO - utils.trainer -   Loss: 2.95879
06/16/2026 17:22:50 - INFO - utils.trainer -    Train loss: 0.00287, Test loss: 2.95879,Epoch time = 11.894s
06/16/2026 17:23:02 - INFO - utils.trainer -   ***** Running evaluation on test2 dataset *****
06/16/2026 17:23:04 - INFO - utils.trainer -   AUC: 0.58773
06/16/2026 17:23:04 - INFO - utils.trainer -   Accuracy: 0.28846
06/16/2026 17:23:04 - INFO - utils.trainer -   Precision: 0.30029
06/16/2026 17:23:04 - INFO - utils.trainer -   Recall: 0.29132
06/16/2026 17:23:04 - INFO - utils.trainer -   F_score: 0.28367
06/16/2026 17:23:04 - INFO - utils.trainer -   Loss: 2.81841
06/16/2026 17:23:04 - INFO - utils.trainer -    Train loss: 0.00226, Test loss: 2.81841,Epoch time = 11.866s
06/16/2026 17:23:16 - INFO - utils.trainer -   ***** Running evaluation on test2 dataset *****
06/16/2026 17:23:19 - INFO - utils.trainer -   AUC: 0.59273
06/16/2026 17:23:19 - INFO - utils.trainer -   Accuracy: 0.30128
06/16/2026 17:23:19 - INFO - utils.trainer -   Precision: 0.31260
06/16/2026 17:23:19 - INFO - utils.trainer -   Recall: 0.30606
06/16/2026 17:23:19 - INFO - utils.trainer -   F_score: 0.29730
06/16/2026 17:23:19 - INFO - utils.trainer -   Loss: 2.79061
06/16/2026 17:23:19 - INFO - utils.trainer -    Train loss: 0.00194, Test loss: 2.79061,Epoch time = 11.998s
06/16/2026 17:23:31 - INFO - utils.trainer -   ***** Running evaluation on test2 dataset *****
06/16/2026 17:23:33 - INFO - utils.trainer -   AUC: 0.58979
06/16/2026 17:23:33 - INFO - utils.trainer -   Accuracy: 0.29487
06/16/2026 17:23:33 - INFO - utils.trainer -   Precision: 0.30964
06/16/2026 17:23:33 - INFO - utils.trainer -   Recall: 0.29700
06/16/2026 17:23:33 - INFO - utils.trainer -   F_score: 0.28703
06/16/2026 17:23:33 - INFO - utils.trainer -   Loss: 2.81809
06/16/2026 17:23:33 - INFO - utils.trainer -    Train loss: 0.00177, Test loss: 2.81809,Epoch time = 11.942s
06/16/2026 17:23:45 - INFO - utils.trainer -   ***** Running evaluation on test2 dataset *****
06/16/2026 17:23:47 - INFO - utils.trainer -   AUC: 0.59472
06/16/2026 17:23:47 - INFO - utils.trainer -   Accuracy: 0.29487
06/16/2026 17:23:47 - INFO - utils.trainer -   Precision: 0.32788
06/16/2026 17:23:47 - INFO - utils.trainer -   Recall: 0.29997
06/16/2026 17:23:47 - INFO - utils.trainer -   F_score: 0.28801
06/16/2026 17:23:47 - INFO - utils.trainer -   Loss: 2.88955
06/16/2026 17:23:47 - INFO - utils.trainer -    Train loss: 0.00240, Test loss: 2.88955,Epoch time = 11.918s
06/16/2026 17:23:59 - INFO - utils.trainer -   ***** Running evaluation on test2 dataset *****
06/16/2026 17:24:02 - INFO - utils.trainer -   AUC: 0.60438
06/16/2026 17:24:02 - INFO - utils.trainer -   Accuracy: 0.30769
06/16/2026 17:24:02 - INFO - utils.trainer -   Precision: 0.33051
06/16/2026 17:24:02 - INFO - utils.trainer -   Recall: 0.31202
06/16/2026 17:24:02 - INFO - utils.trainer -   F_score: 0.30588
06/16/2026 17:24:02 - INFO - utils.trainer -   Loss: 2.75271
06/16/2026 17:24:02 - INFO - utils.trainer -    Train loss: 0.00419, Test loss: 2.75271,Epoch time = 12.026s
06/16/2026 17:24:14 - INFO - utils.trainer -   ***** Running evaluation on test2 dataset *****
06/16/2026 17:24:16 - INFO - utils.trainer -   AUC: 0.60039
06/16/2026 17:24:16 - INFO - utils.trainer -   Accuracy: 0.30128
06/16/2026 17:24:16 - INFO - utils.trainer -   Precision: 0.32807
06/16/2026 17:24:16 - INFO - utils.trainer -   Recall: 0.30606
06/16/2026 17:24:16 - INFO - utils.trainer -   F_score: 0.30291
06/16/2026 17:24:16 - INFO - utils.trainer -   Loss: 2.80021
06/16/2026 17:24:16 - INFO - utils.trainer -    Train loss: 0.00443, Test loss: 2.80021,Epoch time = 12.060s
06/16/2026 17:24:28 - INFO - utils.trainer -   ***** Running evaluation on test2 dataset *****
06/16/2026 17:24:31 - INFO - utils.trainer -   AUC: 0.59204
06/16/2026 17:24:31 - INFO - utils.trainer -   Accuracy: 0.30769
06/16/2026 17:24:31 - INFO - utils.trainer -   Precision: 0.33421
06/16/2026 17:24:31 - INFO - utils.trainer -   Recall: 0.29928
06/16/2026 17:24:31 - INFO - utils.trainer -   F_score: 0.30221
06/16/2026 17:24:31 - INFO - utils.trainer -   Loss: 2.86549
06/16/2026 17:24:31 - INFO - utils.trainer -    Train loss: 0.00427, Test loss: 2.86549,Epoch time = 12.064s
06/16/2026 17:24:43 - INFO - utils.trainer -   ***** Running evaluation on test2 dataset *****
06/16/2026 17:24:45 - INFO - utils.trainer -   AUC: 0.59404
06/16/2026 17:24:45 - INFO - utils.trainer -   Accuracy: 0.31410
06/16/2026 17:24:45 - INFO - utils.trainer -   Precision: 0.32294
06/16/2026 17:24:45 - INFO - utils.trainer -   Recall: 0.31160
06/16/2026 17:24:45 - INFO - utils.trainer -   F_score: 0.30882
06/16/2026 17:24:45 - INFO - utils.trainer -   Loss: 2.88877
06/16/2026 17:24:45 - INFO - utils.trainer -    Train loss: 0.00471, Test loss: 2.88877,Epoch time = 12.024s
06/16/2026 17:24:57 - INFO - utils.trainer -   ***** Running evaluation on test2 dataset *****
06/16/2026 17:25:00 - INFO - utils.trainer -   AUC: 0.58893
06/16/2026 17:25:00 - INFO - utils.trainer -   Accuracy: 0.30128
06/16/2026 17:25:00 - INFO - utils.trainer -   Precision: 0.32763
06/16/2026 17:25:00 - INFO - utils.trainer -   Recall: 0.30606
06/16/2026 17:25:00 - INFO - utils.trainer -   F_score: 0.29835
06/16/2026 17:25:00 - INFO - utils.trainer -   Loss: 2.95517
06/16/2026 17:25:00 - INFO - utils.trainer -    Train loss: 0.00147, Test loss: 2.95517,Epoch time = 12.051s
06/16/2026 17:25:11 - INFO - utils.trainer -   ***** Running evaluation on test2 dataset *****
06/16/2026 17:25:14 - INFO - utils.trainer -   AUC: 0.58461
06/16/2026 17:25:14 - INFO - utils.trainer -   Accuracy: 0.28205
06/16/2026 17:25:14 - INFO - utils.trainer -   Precision: 0.29517
06/16/2026 17:25:14 - INFO - utils.trainer -   Recall: 0.28537
06/16/2026 17:25:14 - INFO - utils.trainer -   F_score: 0.27881
06/16/2026 17:25:14 - INFO - utils.trainer -   Loss: 2.99801
06/16/2026 17:25:14 - INFO - utils.trainer -    Train loss: 0.00342, Test loss: 2.99801,Epoch time = 11.943s
06/16/2026 17:25:26 - INFO - utils.trainer -   ***** Running evaluation on test2 dataset *****
06/16/2026 17:25:28 - INFO - utils.trainer -   AUC: 0.58648
06/16/2026 17:25:28 - INFO - utils.trainer -   Accuracy: 0.31410
06/16/2026 17:25:28 - INFO - utils.trainer -   Precision: 0.32168
06/16/2026 17:25:28 - INFO - utils.trainer -   Recall: 0.30849
06/16/2026 17:25:28 - INFO - utils.trainer -   F_score: 0.30361
06/16/2026 17:25:28 - INFO - utils.trainer -   Loss: 2.96719
06/16/2026 17:25:28 - INFO - utils.trainer -    Train loss: 0.00226, Test loss: 2.96719,Epoch time = 11.951s
06/16/2026 17:25:40 - INFO - utils.trainer -   ***** Running evaluation on test2 dataset *****
06/16/2026 17:25:43 - INFO - utils.trainer -   AUC: 0.58233
06/16/2026 17:25:43 - INFO - utils.trainer -   Accuracy: 0.29487
06/16/2026 17:25:43 - INFO - utils.trainer -   Precision: 0.29859
06/16/2026 17:25:43 - INFO - utils.trainer -   Recall: 0.28793
06/16/2026 17:25:43 - INFO - utils.trainer -   F_score: 0.28547
06/16/2026 17:25:43 - INFO - utils.trainer -   Loss: 2.95017
06/16/2026 17:25:43 - INFO - utils.trainer -    Train loss: 0.00191, Test loss: 2.95017,Epoch time = 11.961s
06/16/2026 17:25:55 - INFO - utils.trainer -   ***** Running evaluation on test2 dataset *****
06/16/2026 17:25:57 - INFO - utils.trainer -   AUC: 0.57658
06/16/2026 17:25:57 - INFO - utils.trainer -   Accuracy: 0.32051
06/16/2026 17:25:57 - INFO - utils.trainer -   Precision: 0.32969
06/16/2026 17:25:57 - INFO - utils.trainer -   Recall: 0.31728
06/16/2026 17:25:57 - INFO - utils.trainer -   F_score: 0.31527
06/16/2026 17:25:57 - INFO - utils.trainer -   Loss: 2.97403
06/16/2026 17:25:57 - INFO - utils.trainer -    Train loss: 0.00087, Test loss: 2.97403,Epoch time = 11.930s
06/16/2026 17:26:09 - INFO - utils.trainer -   ***** Running evaluation on test2 dataset *****
06/16/2026 17:26:11 - INFO - utils.trainer -   AUC: 0.62456
06/16/2026 17:26:11 - INFO - utils.trainer -   Accuracy: 0.35897
06/16/2026 17:26:11 - INFO - utils.trainer -   Precision: 0.33869
06/16/2026 17:26:11 - INFO - utils.trainer -   Recall: 0.33991
06/16/2026 17:26:11 - INFO - utils.trainer -   F_score: 0.29282
06/16/2026 17:26:11 - INFO - utils.trainer -   Loss: 3.47660
06/16/2026 17:26:11 - INFO - utils.trainer -    Train loss: 0.02180, Test loss: 3.47660,Epoch time = 11.904s
06/16/2026 17:26:23 - INFO - utils.trainer -   ***** Running evaluation on test2 dataset *****
06/16/2026 17:26:25 - INFO - utils.trainer -   AUC: 0.61979
06/16/2026 17:26:25 - INFO - utils.trainer -   Accuracy: 0.35256
06/16/2026 17:26:25 - INFO - utils.trainer -   Precision: 0.36654
06/16/2026 17:26:25 - INFO - utils.trainer -   Recall: 0.36531
06/16/2026 17:26:25 - INFO - utils.trainer -   F_score: 0.34014
06/16/2026 17:26:25 - INFO - utils.trainer -   Loss: 2.90941
06/16/2026 17:26:25 - INFO - utils.trainer -    Train loss: 0.02874, Test loss: 2.90941,Epoch time = 11.919s
06/16/2026 17:26:37 - INFO - utils.trainer -   ***** Running evaluation on test2 dataset *****
06/16/2026 17:26:40 - INFO - utils.trainer -   AUC: 0.59196
06/16/2026 17:26:40 - INFO - utils.trainer -   Accuracy: 0.27564
06/16/2026 17:26:40 - INFO - utils.trainer -   Precision: 0.32073
06/16/2026 17:26:40 - INFO - utils.trainer -   Recall: 0.29741
06/16/2026 17:26:40 - INFO - utils.trainer -   F_score: 0.26375
06/16/2026 17:26:40 - INFO - utils.trainer -   Loss: 3.14758
06/16/2026 17:26:40 - INFO - utils.trainer -    Train loss: 0.00459, Test loss: 3.14758,Epoch time = 11.935s
06/16/2026 17:26:52 - INFO - utils.trainer -   ***** Running evaluation on test2 dataset *****
06/16/2026 17:26:54 - INFO - utils.trainer -   AUC: 0.60782
06/16/2026 17:26:54 - INFO - utils.trainer -   Accuracy: 0.30769
06/16/2026 17:26:54 - INFO - utils.trainer -   Precision: 0.32243
06/16/2026 17:26:54 - INFO - utils.trainer -   Recall: 0.30904
06/16/2026 17:26:54 - INFO - utils.trainer -   F_score: 0.30654
06/16/2026 17:26:54 - INFO - utils.trainer -   Loss: 2.68834
06/16/2026 17:26:54 - INFO - utils.trainer -    Train loss: 0.00773, Test loss: 2.68834,Epoch time = 11.916s
06/16/2026 17:27:06 - INFO - utils.trainer -   ***** Running evaluation on test2 dataset *****
06/16/2026 17:27:08 - INFO - utils.trainer -   AUC: 0.60043
06/16/2026 17:27:08 - INFO - utils.trainer -   Accuracy: 0.30128
06/16/2026 17:27:08 - INFO - utils.trainer -   Precision: 0.34839
06/16/2026 17:27:08 - INFO - utils.trainer -   Recall: 0.31485
06/16/2026 17:27:08 - INFO - utils.trainer -   F_score: 0.29717
06/16/2026 17:27:08 - INFO - utils.trainer -   Loss: 2.84519
06/16/2026 17:27:08 - INFO - utils.trainer -    Train loss: 0.00323, Test loss: 2.84519,Epoch time = 11.995s
06/16/2026 17:27:20 - INFO - utils.trainer -   ***** Running evaluation on test2 dataset *****
06/16/2026 17:27:22 - INFO - utils.trainer -   AUC: 0.60193
06/16/2026 17:27:22 - INFO - utils.trainer -   Accuracy: 0.31410
06/16/2026 17:27:22 - INFO - utils.trainer -   Precision: 0.34257
06/16/2026 17:27:22 - INFO - utils.trainer -   Recall: 0.32094
06/16/2026 17:27:22 - INFO - utils.trainer -   F_score: 0.31464
06/16/2026 17:27:22 - INFO - utils.trainer -   Loss: 2.75373
06/16/2026 17:27:22 - INFO - utils.trainer -    Train loss: 0.00315, Test loss: 2.75373,Epoch time = 11.881s
06/16/2026 17:27:34 - INFO - utils.trainer -   ***** Running evaluation on test2 dataset *****
06/16/2026 17:27:37 - INFO - utils.trainer -   AUC: 0.61172
06/16/2026 17:27:37 - INFO - utils.trainer -   Accuracy: 0.32051
06/16/2026 17:27:37 - INFO - utils.trainer -   Precision: 0.36131
06/16/2026 17:27:37 - INFO - utils.trainer -   Recall: 0.34178
06/16/2026 17:27:37 - INFO - utils.trainer -   F_score: 0.31216
06/16/2026 17:27:37 - INFO - utils.trainer -   Loss: 2.97038
06/16/2026 17:27:37 - INFO - utils.trainer -    Train loss: 0.00193, Test loss: 2.97038,Epoch time = 11.943s
06/16/2026 17:27:49 - INFO - utils.trainer -   ***** Running evaluation on test2 dataset *****
06/16/2026 17:27:51 - INFO - utils.trainer -   AUC: 0.60615
06/16/2026 17:27:51 - INFO - utils.trainer -   Accuracy: 0.33333
06/16/2026 17:27:51 - INFO - utils.trainer -   Precision: 0.36103
06/16/2026 17:27:51 - INFO - utils.trainer -   Recall: 0.34745
06/16/2026 17:27:51 - INFO - utils.trainer -   F_score: 0.32980
06/16/2026 17:27:51 - INFO - utils.trainer -   Loss: 2.82990
06/16/2026 17:27:51 - INFO - utils.trainer -    Train loss: 0.00287, Test loss: 2.82990,Epoch time = 11.943s
06/16/2026 17:28:03 - INFO - utils.trainer -   ***** Running evaluation on test2 dataset *****
06/16/2026 17:28:06 - INFO - utils.trainer -   AUC: 0.59564
06/16/2026 17:28:06 - INFO - utils.trainer -   Accuracy: 0.32051
06/16/2026 17:28:06 - INFO - utils.trainer -   Precision: 0.33315
06/16/2026 17:28:06 - INFO - utils.trainer -   Recall: 0.32067
06/16/2026 17:28:06 - INFO - utils.trainer -   F_score: 0.31457
06/16/2026 17:28:06 - INFO - utils.trainer -   Loss: 2.83755
06/16/2026 17:28:06 - INFO - utils.trainer -    Train loss: 0.00319, Test loss: 2.83755,Epoch time = 12.001s
06/16/2026 17:28:17 - INFO - utils.trainer -   ***** Running evaluation on test2 dataset *****
06/16/2026 17:28:20 - INFO - utils.trainer -   AUC: 0.59697
06/16/2026 17:28:20 - INFO - utils.trainer -   Accuracy: 0.27564
06/16/2026 17:28:20 - INFO - utils.trainer -   Precision: 0.30427
06/16/2026 17:28:20 - INFO - utils.trainer -   Recall: 0.29160
06/16/2026 17:28:20 - INFO - utils.trainer -   F_score: 0.27199
06/16/2026 17:28:20 - INFO - utils.trainer -   Loss: 3.18902
06/16/2026 17:28:20 - INFO - utils.trainer -    Train loss: 0.00452, Test loss: 3.18902,Epoch time = 11.881s
06/16/2026 17:28:32 - INFO - utils.trainer -   ***** Running evaluation on test2 dataset *****
06/16/2026 17:28:34 - INFO - utils.trainer -   AUC: 0.57771
06/16/2026 17:28:34 - INFO - utils.trainer -   Accuracy: 0.27564
06/16/2026 17:28:34 - INFO - utils.trainer -   Precision: 0.32545
06/16/2026 17:28:34 - INFO - utils.trainer -   Recall: 0.28834
06/16/2026 17:28:34 - INFO - utils.trainer -   F_score: 0.26999
06/16/2026 17:28:34 - INFO - utils.trainer -   Loss: 3.39269
06/16/2026 17:28:34 - INFO - utils.trainer -    Train loss: 0.00684, Test loss: 3.39269,Epoch time = 11.895s
06/16/2026 17:28:46 - INFO - utils.trainer -   ***** Running evaluation on test2 dataset *****
06/16/2026 17:28:48 - INFO - utils.trainer -   AUC: 0.59906
06/16/2026 17:28:48 - INFO - utils.trainer -   Accuracy: 0.35256
06/16/2026 17:28:48 - INFO - utils.trainer -   Precision: 0.36452
06/16/2026 17:28:48 - INFO - utils.trainer -   Recall: 0.34974
06/16/2026 17:28:48 - INFO - utils.trainer -   F_score: 0.34977
06/16/2026 17:28:48 - INFO - utils.trainer -   Loss: 2.92417
06/16/2026 17:28:48 - INFO - utils.trainer -    Train loss: 0.00425, Test loss: 2.92417,Epoch time = 11.886s
06/16/2026 17:29:00 - INFO - utils.trainer -   ***** Running evaluation on test2 dataset *****
06/16/2026 17:29:02 - INFO - utils.trainer -   AUC: 0.61529
06/16/2026 17:29:02 - INFO - utils.trainer -   Accuracy: 0.33333
06/16/2026 17:29:02 - INFO - utils.trainer -   Precision: 0.35639
06/16/2026 17:29:02 - INFO - utils.trainer -   Recall: 0.33797
06/16/2026 17:29:02 - INFO - utils.trainer -   F_score: 0.33159
06/16/2026 17:29:02 - INFO - utils.trainer -   Loss: 2.84302
06/16/2026 17:29:02 - INFO - utils.trainer -    Train loss: 0.00268, Test loss: 2.84302,Epoch time = 11.917s
06/16/2026 17:29:14 - INFO - utils.trainer -   ***** Running evaluation on test2 dataset *****
06/16/2026 17:29:17 - INFO - utils.trainer -   AUC: 0.60840
06/16/2026 17:29:17 - INFO - utils.trainer -   Accuracy: 0.31410
06/16/2026 17:29:17 - INFO - utils.trainer -   Precision: 0.32961
06/16/2026 17:29:17 - INFO - utils.trainer -   Recall: 0.31118
06/16/2026 17:29:17 - INFO - utils.trainer -   F_score: 0.30733
06/16/2026 17:29:17 - INFO - utils.trainer -   Loss: 2.83211
06/16/2026 17:29:17 - INFO - utils.trainer -    Train loss: 0.00229, Test loss: 2.83211,Epoch time = 12.011s
06/16/2026 17:29:29 - INFO - utils.trainer -   ***** Running evaluation on test2 dataset *****
06/16/2026 17:29:31 - INFO - utils.trainer -   AUC: 0.60456
06/16/2026 17:29:31 - INFO - utils.trainer -   Accuracy: 0.30769
06/16/2026 17:29:31 - INFO - utils.trainer -   Precision: 0.33996
06/16/2026 17:29:31 - INFO - utils.trainer -   Recall: 0.31769
06/16/2026 17:29:31 - INFO - utils.trainer -   F_score: 0.30583
06/16/2026 17:29:31 - INFO - utils.trainer -   Loss: 2.88784
06/16/2026 17:29:31 - INFO - utils.trainer -    Train loss: 0.00101, Test loss: 2.88784,Epoch time = 11.953s
06/16/2026 17:29:43 - INFO - utils.trainer -   ***** Running evaluation on test2 dataset *****
06/16/2026 17:29:46 - INFO - utils.trainer -   AUC: 0.59876
06/16/2026 17:29:46 - INFO - utils.trainer -   Accuracy: 0.28205
06/16/2026 17:29:46 - INFO - utils.trainer -   Precision: 0.31002
06/16/2026 17:29:46 - INFO - utils.trainer -   Recall: 0.28495
06/16/2026 17:29:46 - INFO - utils.trainer -   F_score: 0.27697
06/16/2026 17:29:46 - INFO - utils.trainer -   Loss: 2.96666
06/16/2026 17:29:46 - INFO - utils.trainer -    Train loss: 0.00165, Test loss: 2.96666,Epoch time = 11.998s
06/16/2026 17:29:58 - INFO - utils.trainer -   ***** Running evaluation on test2 dataset *****
06/16/2026 17:30:00 - INFO - utils.trainer -   AUC: 0.59949
06/16/2026 17:30:00 - INFO - utils.trainer -   Accuracy: 0.28205
06/16/2026 17:30:00 - INFO - utils.trainer -   Precision: 0.31653
06/16/2026 17:30:00 - INFO - utils.trainer -   Recall: 0.28821
06/16/2026 17:30:00 - INFO - utils.trainer -   F_score: 0.28228
06/16/2026 17:30:00 - INFO - utils.trainer -   Loss: 2.94659
06/16/2026 17:30:00 - INFO - utils.trainer -    Train loss: 0.00254, Test loss: 2.94659,Epoch time = 11.969s
06/16/2026 17:30:12 - INFO - utils.trainer -   ***** Running evaluation on test2 dataset *****
06/16/2026 17:30:14 - INFO - utils.trainer -   AUC: 0.59935
06/16/2026 17:30:14 - INFO - utils.trainer -   Accuracy: 0.29487
06/16/2026 17:30:14 - INFO - utils.trainer -   Precision: 0.33253
06/16/2026 17:30:14 - INFO - utils.trainer -   Recall: 0.29686
06/16/2026 17:30:14 - INFO - utils.trainer -   F_score: 0.29165
06/16/2026 17:30:14 - INFO - utils.trainer -   Loss: 2.98192
06/16/2026 17:30:14 - INFO - utils.trainer -    Train loss: 0.00100, Test loss: 2.98192,Epoch time = 11.962s
06/16/2026 17:30:26 - INFO - utils.trainer -   ***** Running evaluation on test2 dataset *****
06/16/2026 17:30:29 - INFO - utils.trainer -   AUC: 0.59533
06/16/2026 17:30:29 - INFO - utils.trainer -   Accuracy: 0.29487
06/16/2026 17:30:29 - INFO - utils.trainer -   Precision: 0.32423
06/16/2026 17:30:29 - INFO - utils.trainer -   Recall: 0.29077
06/16/2026 17:30:29 - INFO - utils.trainer -   F_score: 0.28922
06/16/2026 17:30:29 - INFO - utils.trainer -   Loss: 3.00410
06/16/2026 17:30:29 - INFO - utils.trainer -    Train loss: 0.00304, Test loss: 3.00410,Epoch time = 11.936s
06/16/2026 17:30:40 - INFO - utils.trainer -   ***** Running evaluation on test2 dataset *****
06/16/2026 17:30:43 - INFO - utils.trainer -   AUC: 0.59358
06/16/2026 17:30:43 - INFO - utils.trainer -   Accuracy: 0.29487
06/16/2026 17:30:43 - INFO - utils.trainer -   Precision: 0.30603
06/16/2026 17:30:43 - INFO - utils.trainer -   Recall: 0.29104
06/16/2026 17:30:43 - INFO - utils.trainer -   F_score: 0.28873
06/16/2026 17:30:43 - INFO - utils.trainer -   Loss: 2.99484
06/16/2026 17:30:43 - INFO - utils.trainer -    Train loss: 0.00169, Test loss: 2.99484,Epoch time = 11.920s
06/16/2026 17:30:55 - INFO - utils.trainer -   ***** Running evaluation on test2 dataset *****
06/16/2026 17:30:57 - INFO - utils.trainer -   AUC: 0.59240
06/16/2026 17:30:57 - INFO - utils.trainer -   Accuracy: 0.29487
06/16/2026 17:30:57 - INFO - utils.trainer -   Precision: 0.30471
06/16/2026 17:30:57 - INFO - utils.trainer -   Recall: 0.29049
06/16/2026 17:30:57 - INFO - utils.trainer -   F_score: 0.28373
06/16/2026 17:30:57 - INFO - utils.trainer -   Loss: 3.02906
06/16/2026 17:30:57 - INFO - utils.trainer -    Train loss: 0.00170, Test loss: 3.02906,Epoch time = 11.906s
06/16/2026 17:31:09 - INFO - utils.trainer -   ***** Running evaluation on test2 dataset *****
06/16/2026 17:31:11 - INFO - utils.trainer -   AUC: 0.59168
06/16/2026 17:31:11 - INFO - utils.trainer -   Accuracy: 0.31410
06/16/2026 17:31:11 - INFO - utils.trainer -   Precision: 0.32634
06/16/2026 17:31:11 - INFO - utils.trainer -   Recall: 0.31471
06/16/2026 17:31:11 - INFO - utils.trainer -   F_score: 0.31037
06/16/2026 17:31:11 - INFO - utils.trainer -   Loss: 3.03321
06/16/2026 17:31:11 - INFO - utils.trainer -    Train loss: 0.00058, Test loss: 3.03321,Epoch time = 11.941s
06/16/2026 17:31:23 - INFO - utils.trainer -   ***** Running evaluation on test2 dataset *****
06/16/2026 17:31:26 - INFO - utils.trainer -   AUC: 0.60403
06/16/2026 17:31:26 - INFO - utils.trainer -   Accuracy: 0.33974
06/16/2026 17:31:26 - INFO - utils.trainer -   Precision: 0.36174
06/16/2026 17:31:26 - INFO - utils.trainer -   Recall: 0.34731
06/16/2026 17:31:26 - INFO - utils.trainer -   F_score: 0.33316
06/16/2026 17:31:26 - INFO - utils.trainer -   Loss: 3.12672
06/16/2026 17:31:26 - INFO - utils.trainer -    Train loss: 0.00975, Test loss: 3.12672,Epoch time = 11.923s
06/16/2026 17:31:37 - INFO - utils.trainer -   ***** Running evaluation on test2 dataset *****
06/16/2026 17:31:40 - INFO - utils.trainer -   AUC: 0.60581
06/16/2026 17:31:40 - INFO - utils.trainer -   Accuracy: 0.33333
06/16/2026 17:31:40 - INFO - utils.trainer -   Precision: 0.34032
06/16/2026 17:31:40 - INFO - utils.trainer -   Recall: 0.33230
06/16/2026 17:31:40 - INFO - utils.trainer -   F_score: 0.32452
06/16/2026 17:31:40 - INFO - utils.trainer -   Loss: 3.03403
06/16/2026 17:31:40 - INFO - utils.trainer -    Train loss: 0.00824, Test loss: 3.03403,Epoch time = 11.881s
06/16/2026 17:31:52 - INFO - utils.trainer -   ***** Running evaluation on test2 dataset *****
06/16/2026 17:31:54 - INFO - utils.trainer -   AUC: 0.59874
06/16/2026 17:31:54 - INFO - utils.trainer -   Accuracy: 0.33974
06/16/2026 17:31:54 - INFO - utils.trainer -   Precision: 0.34413
06/16/2026 17:31:54 - INFO - utils.trainer -   Recall: 0.34164
06/16/2026 17:31:54 - INFO - utils.trainer -   F_score: 0.33506
06/16/2026 17:31:54 - INFO - utils.trainer -   Loss: 2.98912
06/16/2026 17:31:54 - INFO - utils.trainer -    Train loss: 0.00372, Test loss: 2.98912,Epoch time = 11.886s
06/16/2026 17:32:06 - INFO - utils.trainer -   ***** Running evaluation on test2 dataset *****
06/16/2026 17:32:09 - INFO - utils.trainer -   AUC: 0.59362
06/16/2026 17:32:09 - INFO - utils.trainer -   Accuracy: 0.33333
06/16/2026 17:32:09 - INFO - utils.trainer -   Precision: 0.34712
06/16/2026 17:32:09 - INFO - utils.trainer -   Recall: 0.33257
06/16/2026 17:32:09 - INFO - utils.trainer -   F_score: 0.33158
06/16/2026 17:32:09 - INFO - utils.trainer -   Loss: 3.02563
06/16/2026 17:32:09 - INFO - utils.trainer -    Train loss: 0.00070, Test loss: 3.02563,Epoch time = 12.140s
06/16/2026 17:32:21 - INFO - utils.trainer -   ***** Running evaluation on test2 dataset *****
06/16/2026 17:32:23 - INFO - utils.trainer -   AUC: 0.58934
06/16/2026 17:32:23 - INFO - utils.trainer -   Accuracy: 0.31410
06/16/2026 17:32:23 - INFO - utils.trainer -   Precision: 0.32271
06/16/2026 17:32:23 - INFO - utils.trainer -   Recall: 0.31146
06/16/2026 17:32:23 - INFO - utils.trainer -   F_score: 0.30591
06/16/2026 17:32:23 - INFO - utils.trainer -   Loss: 3.07284
06/16/2026 17:32:23 - INFO - utils.trainer -    Train loss: 0.00144, Test loss: 3.07284,Epoch time = 11.942s
06/16/2026 17:32:35 - INFO - utils.trainer -   ***** Running evaluation on test2 dataset *****
06/16/2026 17:32:37 - INFO - utils.trainer -   AUC: 0.59057
06/16/2026 17:32:37 - INFO - utils.trainer -   Accuracy: 0.33333
06/16/2026 17:32:37 - INFO - utils.trainer -   Precision: 0.34833
06/16/2026 17:32:37 - INFO - utils.trainer -   Recall: 0.32607
06/16/2026 17:32:37 - INFO - utils.trainer -   F_score: 0.32520
06/16/2026 17:32:37 - INFO - utils.trainer -   Loss: 3.08278
06/16/2026 17:32:37 - INFO - utils.trainer -    Train loss: 0.00085, Test loss: 3.08278,Epoch time = 11.911s
06/16/2026 17:32:49 - INFO - utils.trainer -   ***** Running evaluation on test2 dataset *****
06/16/2026 17:32:52 - INFO - utils.trainer -   AUC: 0.58945
06/16/2026 17:32:52 - INFO - utils.trainer -   Accuracy: 0.34615
06/16/2026 17:32:52 - INFO - utils.trainer -   Precision: 0.37025
06/16/2026 17:32:52 - INFO - utils.trainer -   Recall: 0.34081
06/16/2026 17:32:52 - INFO - utils.trainer -   F_score: 0.34133
06/16/2026 17:32:52 - INFO - utils.trainer -   Loss: 3.06263
06/16/2026 17:32:52 - INFO - utils.trainer -    Train loss: 0.00144, Test loss: 3.06263,Epoch time = 11.998s
06/16/2026 17:33:03 - INFO - utils.trainer -   ***** Running evaluation on test2 dataset *****
06/16/2026 17:33:06 - INFO - utils.trainer -   AUC: 0.59066
06/16/2026 17:33:06 - INFO - utils.trainer -   Accuracy: 0.33974
06/16/2026 17:33:06 - INFO - utils.trainer -   Precision: 0.35436
06/16/2026 17:33:06 - INFO - utils.trainer -   Recall: 0.33797
06/16/2026 17:33:06 - INFO - utils.trainer -   F_score: 0.33479
06/16/2026 17:33:06 - INFO - utils.trainer -   Loss: 3.01928
06/16/2026 17:33:06 - INFO - utils.trainer -    Train loss: 0.00094, Test loss: 3.01928,Epoch time = 11.894s
06/16/2026 17:33:18 - INFO - utils.trainer -   ***** Running evaluation on test2 dataset *****
06/16/2026 17:33:20 - INFO - utils.trainer -   AUC: 0.58350
06/16/2026 17:33:20 - INFO - utils.trainer -   Accuracy: 0.33974
06/16/2026 17:33:20 - INFO - utils.trainer -   Precision: 0.34685
06/16/2026 17:33:20 - INFO - utils.trainer -   Recall: 0.32904
06/16/2026 17:33:20 - INFO - utils.trainer -   F_score: 0.33395
06/16/2026 17:33:20 - INFO - utils.trainer -   Loss: 3.07084
06/16/2026 17:33:20 - INFO - utils.trainer -    Train loss: 0.00404, Test loss: 3.07084,Epoch time = 11.983s
06/16/2026 17:33:32 - INFO - utils.trainer -   ***** Running evaluation on test2 dataset *****
06/16/2026 17:33:35 - INFO - utils.trainer -   AUC: 0.58529
06/16/2026 17:33:35 - INFO - utils.trainer -   Accuracy: 0.28205
06/16/2026 17:33:35 - INFO - utils.trainer -   Precision: 0.37046
06/16/2026 17:33:35 - INFO - utils.trainer -   Recall: 0.29741
06/16/2026 17:33:35 - INFO - utils.trainer -   F_score: 0.27993
06/16/2026 17:33:35 - INFO - utils.trainer -   Loss: 3.76504
06/16/2026 17:33:35 - INFO - utils.trainer -    Train loss: 0.01160, Test loss: 3.76504,Epoch time = 11.922s
06/16/2026 17:33:46 - INFO - utils.trainer -   ***** Running evaluation on test2 dataset *****
06/16/2026 17:33:49 - INFO - utils.trainer -   AUC: 0.54979
06/16/2026 17:33:49 - INFO - utils.trainer -   Accuracy: 0.28205
06/16/2026 17:33:49 - INFO - utils.trainer -   Precision: 0.30976
06/16/2026 17:33:49 - INFO - utils.trainer -   Recall: 0.28184
06/16/2026 17:33:49 - INFO - utils.trainer -   F_score: 0.27850
06/16/2026 17:33:49 - INFO - utils.trainer -   Loss: 3.59302
06/16/2026 17:33:49 - INFO - utils.trainer -    Train loss: 0.00249, Test loss: 3.59302,Epoch time = 11.865s
06/16/2026 17:34:01 - INFO - utils.trainer -   ***** Running evaluation on test2 dataset *****
06/16/2026 17:34:03 - INFO - utils.trainer -   AUC: 0.55633
06/16/2026 17:34:03 - INFO - utils.trainer -   Accuracy: 0.30128
06/16/2026 17:34:03 - INFO - utils.trainer -   Precision: 0.31957
06/16/2026 17:34:03 - INFO - utils.trainer -   Recall: 0.29035
06/16/2026 17:34:03 - INFO - utils.trainer -   F_score: 0.29125
06/16/2026 17:34:03 - INFO - utils.trainer -   Loss: 3.45669
06/16/2026 17:34:03 - INFO - utils.trainer -    Train loss: 0.00215, Test loss: 3.45669,Epoch time = 11.988s
06/16/2026 17:34:15 - INFO - utils.trainer -   ***** Running evaluation on test2 dataset *****
06/16/2026 17:34:17 - INFO - utils.trainer -   AUC: 0.56463
06/16/2026 17:34:17 - INFO - utils.trainer -   Accuracy: 0.32051
06/16/2026 17:34:17 - INFO - utils.trainer -   Precision: 0.33141
06/16/2026 17:34:17 - INFO - utils.trainer -   Recall: 0.30793
06/16/2026 17:34:17 - INFO - utils.trainer -   F_score: 0.31038
06/16/2026 17:34:17 - INFO - utils.trainer -   Loss: 3.36780
06/16/2026 17:34:17 - INFO - utils.trainer -    Train loss: 0.00136, Test loss: 3.36780,Epoch time = 11.921s
06/16/2026 17:34:29 - INFO - utils.trainer -   ***** Running evaluation on test2 dataset *****
06/16/2026 17:34:31 - INFO - utils.trainer -   AUC: 0.57001
06/16/2026 17:34:31 - INFO - utils.trainer -   Accuracy: 0.32692
06/16/2026 17:34:31 - INFO - utils.trainer -   Precision: 0.33260
06/16/2026 17:34:31 - INFO - utils.trainer -   Recall: 0.31402
06/16/2026 17:34:31 - INFO - utils.trainer -   F_score: 0.31744
06/16/2026 17:34:31 - INFO - utils.trainer -   Loss: 3.31602
06/16/2026 17:34:31 - INFO - utils.trainer -    Train loss: 0.00128, Test loss: 3.31602,Epoch time = 11.887s
06/16/2026 17:34:43 - INFO - utils.trainer -   ***** Running evaluation on test2 dataset *****
06/16/2026 17:34:46 - INFO - utils.trainer -   AUC: 0.56326
06/16/2026 17:34:46 - INFO - utils.trainer -   Accuracy: 0.30769
06/16/2026 17:34:46 - INFO - utils.trainer -   Precision: 0.31815
06/16/2026 17:34:46 - INFO - utils.trainer -   Recall: 0.29347
06/16/2026 17:34:46 - INFO - utils.trainer -   F_score: 0.29914
06/16/2026 17:34:46 - INFO - utils.trainer -   Loss: 3.40167
06/16/2026 17:34:46 - INFO - utils.trainer -    Train loss: 0.00397, Test loss: 3.40167,Epoch time = 11.857s
06/16/2026 17:34:58 - INFO - utils.trainer -   ***** Running evaluation on test2 dataset *****
06/16/2026 17:35:00 - INFO - utils.trainer -   AUC: 0.55803
06/16/2026 17:35:00 - INFO - utils.trainer -   Accuracy: 0.30128
06/16/2026 17:35:00 - INFO - utils.trainer -   Precision: 0.30507
06/16/2026 17:35:00 - INFO - utils.trainer -   Recall: 0.28765
06/16/2026 17:35:00 - INFO - utils.trainer -   F_score: 0.29040
06/16/2026 17:35:00 - INFO - utils.trainer -   Loss: 3.43285
06/16/2026 17:35:00 - INFO - utils.trainer -    Train loss: 0.00195, Test loss: 3.43285,Epoch time = 11.896s
06/16/2026 17:35:12 - INFO - utils.trainer -   ***** Running evaluation on test2 dataset *****
06/16/2026 17:35:14 - INFO - utils.trainer -   AUC: 0.56973
06/16/2026 17:35:14 - INFO - utils.trainer -   Accuracy: 0.30769
06/16/2026 17:35:14 - INFO - utils.trainer -   Precision: 0.31224
06/16/2026 17:35:14 - INFO - utils.trainer -   Recall: 0.29347
06/16/2026 17:35:14 - INFO - utils.trainer -   F_score: 0.29812
06/16/2026 17:35:14 - INFO - utils.trainer -   Loss: 3.32104
06/16/2026 17:35:14 - INFO - utils.trainer -    Train loss: 0.00238, Test loss: 3.32104,Epoch time = 11.897s
06/16/2026 17:35:26 - INFO - utils.trainer -   ***** Running evaluation on test2 dataset *****
06/16/2026 17:35:29 - INFO - utils.trainer -   AUC: 0.57575
06/16/2026 17:35:29 - INFO - utils.trainer -   Accuracy: 0.32051
06/16/2026 17:35:29 - INFO - utils.trainer -   Precision: 0.32670
06/16/2026 17:35:29 - INFO - utils.trainer -   Recall: 0.30523
06/16/2026 17:35:29 - INFO - utils.trainer -   F_score: 0.31077
06/16/2026 17:35:29 - INFO - utils.trainer -   Loss: 3.25578
06/16/2026 17:35:29 - INFO - utils.trainer -    Train loss: 0.00155, Test loss: 3.25578,Epoch time = 11.978s
06/16/2026 17:35:41 - INFO - utils.trainer -   ***** Running evaluation on test2 dataset *****
06/16/2026 17:35:43 - INFO - utils.trainer -   AUC: 0.57270
06/16/2026 17:35:43 - INFO - utils.trainer -   Accuracy: 0.32051
06/16/2026 17:35:43 - INFO - utils.trainer -   Precision: 0.32556
06/16/2026 17:35:43 - INFO - utils.trainer -   Recall: 0.31118
06/16/2026 17:35:43 - INFO - utils.trainer -   F_score: 0.31236
06/16/2026 17:35:43 - INFO - utils.trainer -   Loss: 3.31878
06/16/2026 17:35:43 - INFO - utils.trainer -    Train loss: 0.00191, Test loss: 3.31878,Epoch time = 12.031s
06/16/2026 17:35:55 - INFO - utils.trainer -   ***** Running evaluation on test2 dataset *****
06/16/2026 17:35:57 - INFO - utils.trainer -   AUC: 0.57226
06/16/2026 17:35:57 - INFO - utils.trainer -   Accuracy: 0.30128
06/16/2026 17:35:57 - INFO - utils.trainer -   Precision: 0.30701
06/16/2026 17:35:57 - INFO - utils.trainer -   Recall: 0.29063
06/16/2026 17:35:57 - INFO - utils.trainer -   F_score: 0.29304
06/16/2026 17:35:57 - INFO - utils.trainer -   Loss: 3.30109
06/16/2026 17:35:57 - INFO - utils.trainer -    Train loss: 0.00043, Test loss: 3.30109,Epoch time = 11.986s
06/16/2026 17:36:09 - INFO - utils.trainer -   ***** Running evaluation on test2 dataset *****
06/16/2026 17:36:12 - INFO - utils.trainer -   AUC: 0.57200
06/16/2026 17:36:12 - INFO - utils.trainer -   Accuracy: 0.31410
06/16/2026 17:36:12 - INFO - utils.trainer -   Precision: 0.32197
06/16/2026 17:36:12 - INFO - utils.trainer -   Recall: 0.30537
06/16/2026 17:36:12 - INFO - utils.trainer -   F_score: 0.30761
06/16/2026 17:36:12 - INFO - utils.trainer -   Loss: 3.27971
06/16/2026 17:36:12 - INFO - utils.trainer -    Train loss: 0.00094, Test loss: 3.27971,Epoch time = 11.949s
06/16/2026 17:36:24 - INFO - utils.trainer -   ***** Running evaluation on test2 dataset *****
06/16/2026 17:36:26 - INFO - utils.trainer -   AUC: 0.57323
06/16/2026 17:36:26 - INFO - utils.trainer -   Accuracy: 0.31410
06/16/2026 17:36:26 - INFO - utils.trainer -   Precision: 0.31329
06/16/2026 17:36:26 - INFO - utils.trainer -   Recall: 0.30239
06/16/2026 17:36:26 - INFO - utils.trainer -   F_score: 0.30448
06/16/2026 17:36:26 - INFO - utils.trainer -   Loss: 3.25676
06/16/2026 17:36:26 - INFO - utils.trainer -    Train loss: 0.00057, Test loss: 3.25676,Epoch time = 11.967s
06/16/2026 17:36:38 - INFO - utils.trainer -   ***** Running evaluation on test2 dataset *****
06/16/2026 17:36:40 - INFO - utils.trainer -   AUC: 0.56975
06/16/2026 17:36:40 - INFO - utils.trainer -   Accuracy: 0.32051
06/16/2026 17:36:40 - INFO - utils.trainer -   Precision: 0.33014
06/16/2026 17:36:40 - INFO - utils.trainer -   Recall: 0.31132
06/16/2026 17:36:40 - INFO - utils.trainer -   F_score: 0.31357
06/16/2026 17:36:40 - INFO - utils.trainer -   Loss: 3.32221
06/16/2026 17:36:40 - INFO - utils.trainer -    Train loss: 0.00079, Test loss: 3.32221,Epoch time = 11.937s
06/16/2026 17:36:52 - INFO - utils.trainer -   ***** Running evaluation on test2 dataset *****
06/16/2026 17:36:55 - INFO - utils.trainer -   AUC: 0.57342
06/16/2026 17:36:55 - INFO - utils.trainer -   Accuracy: 0.30769
06/16/2026 17:36:55 - INFO - utils.trainer -   Precision: 0.33041
06/16/2026 17:36:55 - INFO - utils.trainer -   Recall: 0.29617
06/16/2026 17:36:55 - INFO - utils.trainer -   F_score: 0.29834
06/16/2026 17:36:55 - INFO - utils.trainer -   Loss: 3.29760
06/16/2026 17:36:55 - INFO - utils.trainer -    Train loss: 0.00068, Test loss: 3.29760,Epoch time = 11.891s
06/16/2026 17:37:07 - INFO - utils.trainer -   ***** Running evaluation on test2 dataset *****
06/16/2026 17:37:09 - INFO - utils.trainer -   AUC: 0.57513
06/16/2026 17:37:09 - INFO - utils.trainer -   Accuracy: 0.32692
06/16/2026 17:37:09 - INFO - utils.trainer -   Precision: 0.33759
06/16/2026 17:37:09 - INFO - utils.trainer -   Recall: 0.31714
06/16/2026 17:37:09 - INFO - utils.trainer -   F_score: 0.31892
06/16/2026 17:37:09 - INFO - utils.trainer -   Loss: 3.27684
06/16/2026 17:37:09 - INFO - utils.trainer -    Train loss: 0.00124, Test loss: 3.27684,Epoch time = 11.961s
06/16/2026 17:37:21 - INFO - utils.trainer -   ***** Running evaluation on test2 dataset *****
06/16/2026 17:37:23 - INFO - utils.trainer -   AUC: 0.57166
06/16/2026 17:37:23 - INFO - utils.trainer -   Accuracy: 0.32692
06/16/2026 17:37:23 - INFO - utils.trainer -   Precision: 0.33896
06/16/2026 17:37:23 - INFO - utils.trainer -   Recall: 0.32011
06/16/2026 17:37:23 - INFO - utils.trainer -   F_score: 0.31889
06/16/2026 17:37:23 - INFO - utils.trainer -   Loss: 3.31893
06/16/2026 17:37:23 - INFO - utils.trainer -    Train loss: 0.00079, Test loss: 3.31893,Epoch time = 11.996s
06/16/2026 17:37:35 - INFO - utils.trainer -   ***** Running evaluation on test2 dataset *****
06/16/2026 17:37:37 - INFO - utils.trainer -   AUC: 0.57336
06/16/2026 17:37:37 - INFO - utils.trainer -   Accuracy: 0.30769
06/16/2026 17:37:37 - INFO - utils.trainer -   Precision: 0.32909
06/16/2026 17:37:37 - INFO - utils.trainer -   Recall: 0.30226
06/16/2026 17:37:37 - INFO - utils.trainer -   F_score: 0.29863
06/16/2026 17:37:37 - INFO - utils.trainer -   Loss: 3.31190
06/16/2026 17:37:37 - INFO - utils.trainer -    Train loss: 0.00061, Test loss: 3.31190,Epoch time = 11.899s
06/16/2026 17:37:49 - INFO - utils.trainer -   ***** Running evaluation on test2 dataset *****
06/16/2026 17:37:52 - INFO - utils.trainer -   AUC: 0.57504
06/16/2026 17:37:52 - INFO - utils.trainer -   Accuracy: 0.31410
06/16/2026 17:37:52 - INFO - utils.trainer -   Precision: 0.33046
06/16/2026 17:37:52 - INFO - utils.trainer -   Recall: 0.30523
06/16/2026 17:37:52 - INFO - utils.trainer -   F_score: 0.30496
06/16/2026 17:37:52 - INFO - utils.trainer -   Loss: 3.29126
06/16/2026 17:37:52 - INFO - utils.trainer -    Train loss: 0.00062, Test loss: 3.29126,Epoch time = 11.855s
06/16/2026 17:38:04 - INFO - utils.trainer -   ***** Running evaluation on test2 dataset *****
06/16/2026 17:38:06 - INFO - utils.trainer -   AUC: 0.57816
06/16/2026 17:38:06 - INFO - utils.trainer -   Accuracy: 0.32692
06/16/2026 17:38:06 - INFO - utils.trainer -   Precision: 0.33971
06/16/2026 17:38:06 - INFO - utils.trainer -   Recall: 0.32025
06/16/2026 17:38:06 - INFO - utils.trainer -   F_score: 0.32078
06/16/2026 17:38:06 - INFO - utils.trainer -   Loss: 3.21429
06/16/2026 17:38:06 - INFO - utils.trainer -    Train loss: 0.00114, Test loss: 3.21429,Epoch time = 11.909s
06/16/2026 17:38:18 - INFO - utils.trainer -   ***** Running evaluation on test2 dataset *****
06/16/2026 17:38:20 - INFO - utils.trainer -   AUC: 0.57611
06/16/2026 17:38:20 - INFO - utils.trainer -   Accuracy: 0.32692
06/16/2026 17:38:20 - INFO - utils.trainer -   Precision: 0.34106
06/16/2026 17:38:20 - INFO - utils.trainer -   Recall: 0.32309
06/16/2026 17:38:20 - INFO - utils.trainer -   F_score: 0.32013
06/16/2026 17:38:20 - INFO - utils.trainer -   Loss: 3.22380
06/16/2026 17:38:20 - INFO - utils.trainer -    Train loss: 0.00057, Test loss: 3.22380,Epoch time = 11.987s
06/16/2026 17:38:32 - INFO - utils.trainer -   ***** Running evaluation on test2 dataset *****
06/16/2026 17:38:35 - INFO - utils.trainer -   AUC: 0.57533
06/16/2026 17:38:35 - INFO - utils.trainer -   Accuracy: 0.33333
06/16/2026 17:38:35 - INFO - utils.trainer -   Precision: 0.34961
06/16/2026 17:38:35 - INFO - utils.trainer -   Recall: 0.32579
06/16/2026 17:38:35 - INFO - utils.trainer -   F_score: 0.32229
06/16/2026 17:38:35 - INFO - utils.trainer -   Loss: 3.29790
06/16/2026 17:38:35 - INFO - utils.trainer -    Train loss: 0.00037, Test loss: 3.29790,Epoch time = 12.020s
06/16/2026 17:38:47 - INFO - utils.trainer -   ***** Running evaluation on test2 dataset *****
06/16/2026 17:38:49 - INFO - utils.trainer -   AUC: 0.57394
06/16/2026 17:38:49 - INFO - utils.trainer -   Accuracy: 0.32051
06/16/2026 17:38:49 - INFO - utils.trainer -   Precision: 0.33551
06/16/2026 17:38:49 - INFO - utils.trainer -   Recall: 0.31430
06/16/2026 17:38:49 - INFO - utils.trainer -   F_score: 0.31446
06/16/2026 17:38:49 - INFO - utils.trainer -   Loss: 3.23061
06/16/2026 17:38:49 - INFO - utils.trainer -    Train loss: 0.00222, Test loss: 3.23061,Epoch time = 11.941s
06/16/2026 17:39:01 - INFO - utils.trainer -   ***** Running evaluation on test2 dataset *****
06/16/2026 17:39:03 - INFO - utils.trainer -   AUC: 0.57752
06/16/2026 17:39:03 - INFO - utils.trainer -   Accuracy: 0.32051
06/16/2026 17:39:03 - INFO - utils.trainer -   Precision: 0.33004
06/16/2026 17:39:03 - INFO - utils.trainer -   Recall: 0.31132
06/16/2026 17:39:03 - INFO - utils.trainer -   F_score: 0.31345
06/16/2026 17:39:03 - INFO - utils.trainer -   Loss: 3.16153
06/16/2026 17:39:03 - INFO - utils.trainer -    Train loss: 0.00035, Test loss: 3.16153,Epoch time = 11.905s
06/16/2026 17:39:15 - INFO - utils.trainer -   ***** Running evaluation on test2 dataset *****
06/16/2026 17:39:18 - INFO - utils.trainer -   AUC: 0.57350
06/16/2026 17:39:18 - INFO - utils.trainer -   Accuracy: 0.33333
06/16/2026 17:39:18 - INFO - utils.trainer -   Precision: 0.33482
06/16/2026 17:39:18 - INFO - utils.trainer -   Recall: 0.31970
06/16/2026 17:39:18 - INFO - utils.trainer -   F_score: 0.31688
06/16/2026 17:39:18 - INFO - utils.trainer -   Loss: 3.29447
06/16/2026 17:39:18 - INFO - utils.trainer -    Train loss: 0.00360, Test loss: 3.29447,Epoch time = 11.916s
06/16/2026 17:39:30 - INFO - utils.trainer -   ***** Running evaluation on test2 dataset *****
06/16/2026 17:39:32 - INFO - utils.trainer -   AUC: 0.56098
06/16/2026 17:39:32 - INFO - utils.trainer -   Accuracy: 0.31410
06/16/2026 17:39:32 - INFO - utils.trainer -   Precision: 0.32466
06/16/2026 17:39:32 - INFO - utils.trainer -   Recall: 0.30862
06/16/2026 17:39:32 - INFO - utils.trainer -   F_score: 0.30749
06/16/2026 17:39:32 - INFO - utils.trainer -   Loss: 3.41745
06/16/2026 17:39:32 - INFO - utils.trainer -    Train loss: 0.00113, Test loss: 3.41745,Epoch time = 11.977s
06/16/2026 17:39:44 - INFO - utils.trainer -   ***** Running evaluation on test2 dataset *****
06/16/2026 17:39:46 - INFO - utils.trainer -   AUC: 0.56042
06/16/2026 17:39:46 - INFO - utils.trainer -   Accuracy: 0.29487
06/16/2026 17:39:46 - INFO - utils.trainer -   Precision: 0.31121
06/16/2026 17:39:46 - INFO - utils.trainer -   Recall: 0.28468
06/16/2026 17:39:46 - INFO - utils.trainer -   F_score: 0.28814
06/16/2026 17:39:46 - INFO - utils.trainer -   Loss: 3.38718
06/16/2026 17:39:46 - INFO - utils.trainer -    Train loss: 0.00096, Test loss: 3.38718,Epoch time = 12.064s
06/16/2026 17:39:58 - INFO - utils.trainer -   ***** Running evaluation on test2 dataset *****
06/16/2026 17:40:01 - INFO - utils.trainer -   AUC: 0.55970
06/16/2026 17:40:01 - INFO - utils.trainer -   Accuracy: 0.28846
06/16/2026 17:40:01 - INFO - utils.trainer -   Precision: 0.30938
06/16/2026 17:40:01 - INFO - utils.trainer -   Recall: 0.27872
06/16/2026 17:40:01 - INFO - utils.trainer -   F_score: 0.28199
06/16/2026 17:40:01 - INFO - utils.trainer -   Loss: 3.38263
06/16/2026 17:40:01 - INFO - utils.trainer -    Train loss: 0.00100, Test loss: 3.38263,Epoch time = 11.983s
06/16/2026 17:40:13 - INFO - utils.trainer -   ***** Running evaluation on test2 dataset *****
06/16/2026 17:40:15 - INFO - utils.trainer -   AUC: 0.56489
06/16/2026 17:40:15 - INFO - utils.trainer -   Accuracy: 0.29487
06/16/2026 17:40:15 - INFO - utils.trainer -   Precision: 0.30225
06/16/2026 17:40:15 - INFO - utils.trainer -   Recall: 0.28481
06/16/2026 17:40:15 - INFO - utils.trainer -   F_score: 0.28769
06/16/2026 17:40:15 - INFO - utils.trainer -   Loss: 3.29005
06/16/2026 17:40:15 - INFO - utils.trainer -    Train loss: 0.00062, Test loss: 3.29005,Epoch time = 11.894s
06/16/2026 17:40:27 - INFO - utils.trainer -   ***** Running evaluation on test2 dataset *****
06/16/2026 17:40:30 - INFO - utils.trainer -   AUC: 0.56441
06/16/2026 17:40:30 - INFO - utils.trainer -   Accuracy: 0.30128
06/16/2026 17:40:30 - INFO - utils.trainer -   Precision: 0.31582
06/16/2026 17:40:30 - INFO - utils.trainer -   Recall: 0.29672
06/16/2026 17:40:30 - INFO - utils.trainer -   F_score: 0.29901
06/16/2026 17:40:30 - INFO - utils.trainer -   Loss: 3.30963
06/16/2026 17:40:30 - INFO - utils.trainer -    Train loss: 0.00291, Test loss: 3.30963,Epoch time = 12.019s
06/16/2026 17:40:42 - INFO - utils.trainer -   ***** Running evaluation on test2 dataset *****
06/16/2026 17:40:44 - INFO - utils.trainer -   AUC: 0.56069
06/16/2026 17:40:44 - INFO - utils.trainer -   Accuracy: 0.28205
06/16/2026 17:40:44 - INFO - utils.trainer -   Precision: 0.30253
06/16/2026 17:40:44 - INFO - utils.trainer -   Recall: 0.27914
06/16/2026 17:40:44 - INFO - utils.trainer -   F_score: 0.28112
06/16/2026 17:40:44 - INFO - utils.trainer -   Loss: 3.27985
06/16/2026 17:40:44 - INFO - utils.trainer -    Train loss: 0.00074, Test loss: 3.27985,Epoch time = 12.000s
06/16/2026 17:40:56 - INFO - utils.trainer -   ***** Running evaluation on test2 dataset *****
06/16/2026 17:40:58 - INFO - utils.trainer -   AUC: 0.55942
06/16/2026 17:40:58 - INFO - utils.trainer -   Accuracy: 0.29487
06/16/2026 17:40:58 - INFO - utils.trainer -   Precision: 0.32123
06/16/2026 17:40:58 - INFO - utils.trainer -   Recall: 0.29091
06/16/2026 17:40:58 - INFO - utils.trainer -   F_score: 0.29282
06/16/2026 17:40:58 - INFO - utils.trainer -   Loss: 3.32355
06/16/2026 17:40:58 - INFO - utils.trainer -    Train loss: 0.00037, Test loss: 3.32355,Epoch time = 11.895s
06/16/2026 17:41:10 - INFO - utils.trainer -   ***** Running evaluation on test2 dataset *****
06/16/2026 17:41:12 - INFO - utils.trainer -   AUC: 0.56361
06/16/2026 17:41:12 - INFO - utils.trainer -   Accuracy: 0.29487
06/16/2026 17:41:12 - INFO - utils.trainer -   Precision: 0.32295
06/16/2026 17:41:12 - INFO - utils.trainer -   Recall: 0.29091
06/16/2026 17:41:12 - INFO - utils.trainer -   F_score: 0.29474
06/16/2026 17:41:12 - INFO - utils.trainer -   Loss: 3.30602
06/16/2026 17:41:12 - INFO - utils.trainer -    Train loss: 0.00104, Test loss: 3.30602,Epoch time = 11.877s
06/16/2026 17:41:24 - INFO - utils.trainer -   ***** Running evaluation on test2 dataset *****
06/16/2026 17:41:27 - INFO - utils.trainer -   AUC: 0.56291
06/16/2026 17:41:27 - INFO - utils.trainer -   Accuracy: 0.30128
06/16/2026 17:41:27 - INFO - utils.trainer -   Precision: 0.32111
06/16/2026 17:41:27 - INFO - utils.trainer -   Recall: 0.29672
06/16/2026 17:41:27 - INFO - utils.trainer -   F_score: 0.29699
06/16/2026 17:41:27 - INFO - utils.trainer -   Loss: 3.31777
06/16/2026 17:41:27 - INFO - utils.trainer -    Train loss: 0.00128, Test loss: 3.31777,Epoch time = 11.874s
06/16/2026 17:41:39 - INFO - utils.trainer -   ***** Running evaluation on test2 dataset *****
06/16/2026 17:41:41 - INFO - utils.trainer -   AUC: 0.56678
06/16/2026 17:41:41 - INFO - utils.trainer -   Accuracy: 0.28846
06/16/2026 17:41:41 - INFO - utils.trainer -   Precision: 0.31103
06/16/2026 17:41:41 - INFO - utils.trainer -   Recall: 0.28170
06/16/2026 17:41:41 - INFO - utils.trainer -   F_score: 0.28286
06/16/2026 17:41:41 - INFO - utils.trainer -   Loss: 3.26804
06/16/2026 17:41:41 - INFO - utils.trainer -    Train loss: 0.00051, Test loss: 3.26804,Epoch time = 11.925s
06/16/2026 17:41:53 - INFO - utils.trainer -   ***** Running evaluation on test2 dataset *****
06/16/2026 17:41:56 - INFO - utils.trainer -   AUC: 0.57015
06/16/2026 17:41:56 - INFO - utils.trainer -   Accuracy: 0.30769
06/16/2026 17:41:56 - INFO - utils.trainer -   Precision: 0.32318
06/16/2026 17:41:56 - INFO - utils.trainer -   Recall: 0.29956
06/16/2026 17:41:56 - INFO - utils.trainer -   F_score: 0.30269
06/16/2026 17:41:56 - INFO - utils.trainer -   Loss: 3.23630
06/16/2026 17:41:56 - INFO - utils.trainer -    Train loss: 0.00056, Test loss: 3.23630,Epoch time = 11.913s
06/16/2026 17:42:07 - INFO - utils.trainer -   ***** Running evaluation on test2 dataset *****
06/16/2026 17:42:10 - INFO - utils.trainer -   AUC: 0.57001
06/16/2026 17:42:10 - INFO - utils.trainer -   Accuracy: 0.30769
06/16/2026 17:42:10 - INFO - utils.trainer -   Precision: 0.31318
06/16/2026 17:42:10 - INFO - utils.trainer -   Recall: 0.29970
06/16/2026 17:42:10 - INFO - utils.trainer -   F_score: 0.30211
06/16/2026 17:42:10 - INFO - utils.trainer -   Loss: 3.21755
06/16/2026 17:42:10 - INFO - utils.trainer -    Train loss: 0.00197, Test loss: 3.21755,Epoch time = 11.911s
06/16/2026 17:42:22 - INFO - utils.trainer -   ***** Running evaluation on test2 dataset *****
06/16/2026 17:42:24 - INFO - utils.trainer -   AUC: 0.56960
06/16/2026 17:42:24 - INFO - utils.trainer -   Accuracy: 0.32051
06/16/2026 17:42:24 - INFO - utils.trainer -   Precision: 0.32645
06/16/2026 17:42:24 - INFO - utils.trainer -   Recall: 0.31444
06/16/2026 17:42:24 - INFO - utils.trainer -   F_score: 0.31541
06/16/2026 17:42:24 - INFO - utils.trainer -   Loss: 3.21627
06/16/2026 17:42:24 - INFO - utils.trainer -    Train loss: 0.00025, Test loss: 3.21627,Epoch time = 11.885s
06/16/2026 17:42:36 - INFO - utils.trainer -   ***** Running evaluation on test2 dataset *****
06/16/2026 17:42:39 - INFO - utils.trainer -   AUC: 0.57064
06/16/2026 17:42:39 - INFO - utils.trainer -   Accuracy: 0.30769
06/16/2026 17:42:39 - INFO - utils.trainer -   Precision: 0.31696
06/16/2026 17:42:39 - INFO - utils.trainer -   Recall: 0.30267
06/16/2026 17:42:39 - INFO - utils.trainer -   F_score: 0.30302
06/16/2026 17:42:39 - INFO - utils.trainer -   Loss: 3.20277
06/16/2026 17:42:39 - INFO - utils.trainer -    Train loss: 0.00037, Test loss: 3.20277,Epoch time = 12.160s
06/16/2026 17:42:51 - INFO - utils.trainer -   ***** Running evaluation on test2 dataset *****
06/16/2026 17:42:53 - INFO - utils.trainer -   AUC: 0.57249
06/16/2026 17:42:53 - INFO - utils.trainer -   Accuracy: 0.31410
06/16/2026 17:42:53 - INFO - utils.trainer -   Precision: 0.32735
06/16/2026 17:42:53 - INFO - utils.trainer -   Recall: 0.30835
06/16/2026 17:42:53 - INFO - utils.trainer -   F_score: 0.30834
06/16/2026 17:42:53 - INFO - utils.trainer -   Loss: 3.22976
06/16/2026 17:42:53 - INFO - utils.trainer -    Train loss: 0.00040, Test loss: 3.22976,Epoch time = 11.933s
06/16/2026 17:43:05 - INFO - utils.trainer -   ***** Running evaluation on test2 dataset *****
06/16/2026 17:43:07 - INFO - utils.trainer -   AUC: 0.57043
06/16/2026 17:43:07 - INFO - utils.trainer -   Accuracy: 0.30128
06/16/2026 17:43:07 - INFO - utils.trainer -   Precision: 0.31335
06/16/2026 17:43:07 - INFO - utils.trainer -   Recall: 0.29644
06/16/2026 17:43:07 - INFO - utils.trainer -   F_score: 0.29400
06/16/2026 17:43:07 - INFO - utils.trainer -   Loss: 3.23961
06/16/2026 17:43:07 - INFO - utils.trainer -    Train loss: 0.00050, Test loss: 3.23961,Epoch time = 11.917s
06/16/2026 17:43:19 - INFO - utils.trainer -   ***** Running evaluation on test2 dataset *****
06/16/2026 17:43:21 - INFO - utils.trainer -   AUC: 0.57245
06/16/2026 17:43:21 - INFO - utils.trainer -   Accuracy: 0.32051
06/16/2026 17:43:21 - INFO - utils.trainer -   Precision: 0.33129
06/16/2026 17:43:21 - INFO - utils.trainer -   Recall: 0.31430
06/16/2026 17:43:21 - INFO - utils.trainer -   F_score: 0.31482
06/16/2026 17:43:21 - INFO - utils.trainer -   Loss: 3.21760
06/16/2026 17:43:21 - INFO - utils.trainer -    Train loss: 0.00040, Test loss: 3.21760,Epoch time = 11.889s
06/16/2026 17:43:33 - INFO - utils.trainer -   ***** Running evaluation on test2 dataset *****
06/16/2026 17:43:36 - INFO - utils.trainer -   AUC: 0.57126
06/16/2026 17:43:36 - INFO - utils.trainer -   Accuracy: 0.30128
06/16/2026 17:43:36 - INFO - utils.trainer -   Precision: 0.31177
06/16/2026 17:43:36 - INFO - utils.trainer -   Recall: 0.29686
06/16/2026 17:43:36 - INFO - utils.trainer -   F_score: 0.29793
06/16/2026 17:43:36 - INFO - utils.trainer -   Loss: 3.18212
06/16/2026 17:43:36 - INFO - utils.trainer -    Train loss: 0.00134, Test loss: 3.18212,Epoch time = 11.891s
06/16/2026 17:43:48 - INFO - utils.trainer -   ***** Running evaluation on test2 dataset *****
06/16/2026 17:43:50 - INFO - utils.trainer -   AUC: 0.57064
06/16/2026 17:43:50 - INFO - utils.trainer -   Accuracy: 0.30128
06/16/2026 17:43:50 - INFO - utils.trainer -   Precision: 0.31555
06/16/2026 17:43:50 - INFO - utils.trainer -   Recall: 0.29374
06/16/2026 17:43:50 - INFO - utils.trainer -   F_score: 0.29621
06/16/2026 17:43:50 - INFO - utils.trainer -   Loss: 3.21057
06/16/2026 17:43:50 - INFO - utils.trainer -    Train loss: 0.00064, Test loss: 3.21057,Epoch time = 11.902s
06/16/2026 17:44:02 - INFO - utils.trainer -   ***** Running evaluation on test2 dataset *****
06/16/2026 17:44:04 - INFO - utils.trainer -   AUC: 0.57469
06/16/2026 17:44:04 - INFO - utils.trainer -   Accuracy: 0.30769
06/16/2026 17:44:04 - INFO - utils.trainer -   Precision: 0.31917
06/16/2026 17:44:04 - INFO - utils.trainer -   Recall: 0.29956
06/16/2026 17:44:04 - INFO - utils.trainer -   F_score: 0.30111
06/16/2026 17:44:04 - INFO - utils.trainer -   Loss: 3.20325
06/16/2026 17:44:04 - INFO - utils.trainer -    Train loss: 0.00050, Test loss: 3.20325,Epoch time = 11.889s
06/16/2026 17:44:16 - INFO - utils.trainer -   ***** Running evaluation on test2 dataset *****
06/16/2026 17:44:18 - INFO - utils.trainer -   AUC: 0.57282
06/16/2026 17:44:18 - INFO - utils.trainer -   Accuracy: 0.30769
06/16/2026 17:44:18 - INFO - utils.trainer -   Precision: 0.31211
06/16/2026 17:44:18 - INFO - utils.trainer -   Recall: 0.29956
06/16/2026 17:44:18 - INFO - utils.trainer -   F_score: 0.29937
06/16/2026 17:44:18 - INFO - utils.trainer -   Loss: 3.22173
06/16/2026 17:44:18 - INFO - utils.trainer -    Train loss: 0.00037, Test loss: 3.22173,Epoch time = 11.884s
06/16/2026 17:44:30 - INFO - utils.trainer -   ***** Running evaluation on test2 dataset *****
06/16/2026 17:44:33 - INFO - utils.trainer -   AUC: 0.57622
06/16/2026 17:44:33 - INFO - utils.trainer -   Accuracy: 0.32051
06/16/2026 17:44:33 - INFO - utils.trainer -   Precision: 0.32749
06/16/2026 17:44:33 - INFO - utils.trainer -   Recall: 0.31118
06/16/2026 17:44:33 - INFO - utils.trainer -   F_score: 0.31144
06/16/2026 17:44:33 - INFO - utils.trainer -   Loss: 3.19518
06/16/2026 17:44:33 - INFO - utils.trainer -    Train loss: 0.00039, Test loss: 3.19518,Epoch time = 11.905s
06/16/2026 17:44:45 - INFO - utils.trainer -   ***** Running evaluation on test2 dataset *****
06/16/2026 17:44:47 - INFO - utils.trainer -   AUC: 0.57532
06/16/2026 17:44:47 - INFO - utils.trainer -   Accuracy: 0.31410
06/16/2026 17:44:47 - INFO - utils.trainer -   Precision: 0.32435
06/16/2026 17:44:47 - INFO - utils.trainer -   Recall: 0.30849
06/16/2026 17:44:47 - INFO - utils.trainer -   F_score: 0.30849
06/16/2026 17:44:47 - INFO - utils.trainer -   Loss: 3.21994
06/16/2026 17:44:47 - INFO - utils.trainer -    Train loss: 0.00042, Test loss: 3.21994,Epoch time = 11.975s
06/16/2026 17:44:59 - INFO - utils.trainer -   ***** Running evaluation on test2 dataset *****
06/16/2026 17:45:01 - INFO - utils.trainer -   AUC: 0.57214
06/16/2026 17:45:01 - INFO - utils.trainer -   Accuracy: 0.30128
06/16/2026 17:45:01 - INFO - utils.trainer -   Precision: 0.31555
06/16/2026 17:45:01 - INFO - utils.trainer -   Recall: 0.29374
06/16/2026 17:45:01 - INFO - utils.trainer -   F_score: 0.29621
06/16/2026 17:45:01 - INFO - utils.trainer -   Loss: 3.22753
06/16/2026 17:45:01 - INFO - utils.trainer -    Train loss: 0.00026, Test loss: 3.22753,Epoch time = 11.986s
06/16/2026 17:45:13 - INFO - utils.trainer -   ***** Running evaluation on test2 dataset *****
06/16/2026 17:45:16 - INFO - utils.trainer -   AUC: 0.56995
06/16/2026 17:45:16 - INFO - utils.trainer -   Accuracy: 0.30128
06/16/2026 17:45:16 - INFO - utils.trainer -   Precision: 0.31887
06/16/2026 17:45:16 - INFO - utils.trainer -   Recall: 0.29686
06/16/2026 17:45:16 - INFO - utils.trainer -   F_score: 0.29905
06/16/2026 17:45:16 - INFO - utils.trainer -   Loss: 3.23741
06/16/2026 17:45:16 - INFO - utils.trainer -    Train loss: 0.00051, Test loss: 3.23741,Epoch time = 11.897s
06/16/2026 17:45:27 - INFO - utils.trainer -   ***** Running evaluation on test2 dataset *****
06/16/2026 17:45:30 - INFO - utils.trainer -   AUC: 0.57186
06/16/2026 17:45:30 - INFO - utils.trainer -   Accuracy: 0.31410
06/16/2026 17:45:30 - INFO - utils.trainer -   Precision: 0.32623
06/16/2026 17:45:30 - INFO - utils.trainer -   Recall: 0.30849
06/16/2026 17:45:30 - INFO - utils.trainer -   F_score: 0.30703
06/16/2026 17:45:30 - INFO - utils.trainer -   Loss: 3.23156
06/16/2026 17:45:30 - INFO - utils.trainer -    Train loss: 0.00052, Test loss: 3.23156,Epoch time = 11.880s
06/16/2026 17:45:42 - INFO - utils.trainer -   ***** Running evaluation on test2 dataset *****
06/16/2026 17:45:44 - INFO - utils.trainer -   AUC: 0.57156
06/16/2026 17:45:44 - INFO - utils.trainer -   Accuracy: 0.30769
06/16/2026 17:45:44 - INFO - utils.trainer -   Precision: 0.31977
06/16/2026 17:45:44 - INFO - utils.trainer -   Recall: 0.29956
06/16/2026 17:45:44 - INFO - utils.trainer -   F_score: 0.30107
06/16/2026 17:45:44 - INFO - utils.trainer -   Loss: 3.22311
06/16/2026 17:45:44 - INFO - utils.trainer -    Train loss: 0.00026, Test loss: 3.22311,Epoch time = 12.059s
06/16/2026 17:45:56 - INFO - utils.trainer -   ***** Running evaluation on test2 dataset *****
06/16/2026 17:45:59 - INFO - utils.trainer -   AUC: 0.57381
06/16/2026 17:45:59 - INFO - utils.trainer -   Accuracy: 0.29487
06/16/2026 17:45:59 - INFO - utils.trainer -   Precision: 0.30599
06/16/2026 17:45:59 - INFO - utils.trainer -   Recall: 0.29416
06/16/2026 17:45:59 - INFO - utils.trainer -   F_score: 0.29257
06/16/2026 17:45:59 - INFO - utils.trainer -   Loss: 3.19937
06/16/2026 17:45:59 - INFO - utils.trainer -    Train loss: 0.00054, Test loss: 3.19937,Epoch time = 11.950s
06/16/2026 17:46:11 - INFO - utils.trainer -   ***** Running evaluation on test2 dataset *****
06/16/2026 17:46:13 - INFO - utils.trainer -   AUC: 0.57121
06/16/2026 17:46:13 - INFO - utils.trainer -   Accuracy: 0.32051
06/16/2026 17:46:13 - INFO - utils.trainer -   Precision: 0.33259
06/16/2026 17:46:13 - INFO - utils.trainer -   Recall: 0.31416
06/16/2026 17:46:13 - INFO - utils.trainer -   F_score: 0.31185
06/16/2026 17:46:13 - INFO - utils.trainer -   Loss: 3.23885
06/16/2026 17:46:13 - INFO - utils.trainer -    Train loss: 0.00055, Test loss: 3.23885,Epoch time = 11.929s
06/16/2026 17:46:25 - INFO - utils.trainer -   ***** Running evaluation on test2 dataset *****
06/16/2026 17:46:27 - INFO - utils.trainer -   AUC: 0.56919
06/16/2026 17:46:27 - INFO - utils.trainer -   Accuracy: 0.31410
06/16/2026 17:46:27 - INFO - utils.trainer -   Precision: 0.32735
06/16/2026 17:46:27 - INFO - utils.trainer -   Recall: 0.30835
06/16/2026 17:46:27 - INFO - utils.trainer -   F_score: 0.30834
06/16/2026 17:46:27 - INFO - utils.trainer -   Loss: 3.26535
06/16/2026 17:46:27 - INFO - utils.trainer -    Train loss: 0.00048, Test loss: 3.26535,Epoch time = 11.962s
06/16/2026 17:46:39 - INFO - utils.trainer -   ***** Running evaluation on test2 dataset *****
06/16/2026 17:46:42 - INFO - utils.trainer -   AUC: 0.57277
06/16/2026 17:46:42 - INFO - utils.trainer -   Accuracy: 0.31410
06/16/2026 17:46:42 - INFO - utils.trainer -   Precision: 0.32565
06/16/2026 17:46:42 - INFO - utils.trainer -   Recall: 0.30537
06/16/2026 17:46:42 - INFO - utils.trainer -   F_score: 0.30716
06/16/2026 17:46:42 - INFO - utils.trainer -   Loss: 3.18368
06/16/2026 17:46:42 - INFO - utils.trainer -    Train loss: 0.00038, Test loss: 3.18368,Epoch time = 11.923s
06/16/2026 17:46:54 - INFO - utils.trainer -   ***** Running evaluation on test2 dataset *****
06/16/2026 17:46:56 - INFO - utils.trainer -   AUC: 0.57174
06/16/2026 17:46:56 - INFO - utils.trainer -   Accuracy: 0.30769
06/16/2026 17:46:56 - INFO - utils.trainer -   Precision: 0.31917
06/16/2026 17:46:56 - INFO - utils.trainer -   Recall: 0.29956
06/16/2026 17:46:56 - INFO - utils.trainer -   F_score: 0.30111
06/16/2026 17:46:56 - INFO - utils.trainer -   Loss: 3.21500
06/16/2026 17:46:56 - INFO - utils.trainer -    Train loss: 0.00127, Test loss: 3.21500,Epoch time = 11.986s
06/16/2026 17:47:08 - INFO - utils.trainer -   ***** Running evaluation on test2 dataset *****
06/16/2026 17:47:10 - INFO - utils.trainer -   AUC: 0.57387
06/16/2026 17:47:10 - INFO - utils.trainer -   Accuracy: 0.30769
06/16/2026 17:47:10 - INFO - utils.trainer -   Precision: 0.31528
06/16/2026 17:47:10 - INFO - utils.trainer -   Recall: 0.29970
06/16/2026 17:47:10 - INFO - utils.trainer -   F_score: 0.30260
06/16/2026 17:47:10 - INFO - utils.trainer -   Loss: 3.14588
06/16/2026 17:47:10 - INFO - utils.trainer -    Train loss: 0.00057, Test loss: 3.14588,Epoch time = 11.903s
06/16/2026 17:47:22 - INFO - utils.trainer -   ***** Running evaluation on test2 dataset *****
06/16/2026 17:47:25 - INFO - utils.trainer -   AUC: 0.57719
06/16/2026 17:47:25 - INFO - utils.trainer -   Accuracy: 0.31410
06/16/2026 17:47:25 - INFO - utils.trainer -   Precision: 0.32057
06/16/2026 17:47:25 - INFO - utils.trainer -   Recall: 0.30862
06/16/2026 17:47:25 - INFO - utils.trainer -   F_score: 0.31061
06/16/2026 17:47:25 - INFO - utils.trainer -   Loss: 3.13350
06/16/2026 17:47:25 - INFO - utils.trainer -    Train loss: 0.00036, Test loss: 3.13350,Epoch time = 11.919s
06/16/2026 17:47:37 - INFO - utils.trainer -   ***** Running evaluation on test2 dataset *****
06/16/2026 17:47:39 - INFO - utils.trainer -   AUC: 0.57468
06/16/2026 17:47:39 - INFO - utils.trainer -   Accuracy: 0.30769
06/16/2026 17:47:39 - INFO - utils.trainer -   Precision: 0.31084
06/16/2026 17:47:39 - INFO - utils.trainer -   Recall: 0.30281
06/16/2026 17:47:39 - INFO - utils.trainer -   F_score: 0.30118
06/16/2026 17:47:39 - INFO - utils.trainer -   Loss: 3.17745
06/16/2026 17:47:39 - INFO - utils.trainer -    Train loss: 0.00040, Test loss: 3.17745,Epoch time = 11.952s
06/16/2026 17:47:51 - INFO - utils.trainer -   ***** Running evaluation on test2 dataset *****
06/16/2026 17:47:53 - INFO - utils.trainer -   AUC: 0.57332
06/16/2026 17:47:53 - INFO - utils.trainer -   Accuracy: 0.31410
06/16/2026 17:47:53 - INFO - utils.trainer -   Precision: 0.31923
06/16/2026 17:47:53 - INFO - utils.trainer -   Recall: 0.30849
06/16/2026 17:47:53 - INFO - utils.trainer -   F_score: 0.30733
06/16/2026 17:47:53 - INFO - utils.trainer -   Loss: 3.20404
06/16/2026 17:47:53 - INFO - utils.trainer -    Train loss: 0.00043, Test loss: 3.20404,Epoch time = 11.879s
06/16/2026 17:48:05 - INFO - utils.trainer -   ***** Running evaluation on test2 dataset *****
06/16/2026 17:48:08 - INFO - utils.trainer -   AUC: 0.57046
06/16/2026 17:48:08 - INFO - utils.trainer -   Accuracy: 0.31410
06/16/2026 17:48:08 - INFO - utils.trainer -   Precision: 0.32520
06/16/2026 17:48:08 - INFO - utils.trainer -   Recall: 0.30849
06/16/2026 17:48:08 - INFO - utils.trainer -   F_score: 0.30970
06/16/2026 17:48:08 - INFO - utils.trainer -   Loss: 3.19754
06/16/2026 17:48:08 - INFO - utils.trainer -    Train loss: 0.00073, Test loss: 3.19754,Epoch time = 11.894s
06/16/2026 17:48:19 - INFO - utils.trainer -   ***** Running evaluation on test2 dataset *****
06/16/2026 17:48:22 - INFO - utils.trainer -   AUC: 0.57320
06/16/2026 17:48:22 - INFO - utils.trainer -   Accuracy: 0.31410
06/16/2026 17:48:22 - INFO - utils.trainer -   Precision: 0.31783
06/16/2026 17:48:22 - INFO - utils.trainer -   Recall: 0.30849
06/16/2026 17:48:22 - INFO - utils.trainer -   F_score: 0.30685
06/16/2026 17:48:22 - INFO - utils.trainer -   Loss: 3.22955
06/16/2026 17:48:22 - INFO - utils.trainer -    Train loss: 0.00073, Test loss: 3.22955,Epoch time = 11.883s
06/16/2026 17:48:34 - INFO - utils.trainer -   ***** Running evaluation on test2 dataset *****
06/16/2026 17:48:36 - INFO - utils.trainer -   AUC: 0.57288
06/16/2026 17:48:36 - INFO - utils.trainer -   Accuracy: 0.31410
06/16/2026 17:48:36 - INFO - utils.trainer -   Precision: 0.32310
06/16/2026 17:48:36 - INFO - utils.trainer -   Recall: 0.30835
06/16/2026 17:48:36 - INFO - utils.trainer -   F_score: 0.30767
06/16/2026 17:48:36 - INFO - utils.trainer -   Loss: 3.23989
06/16/2026 17:48:36 - INFO - utils.trainer -    Train loss: 0.00083, Test loss: 3.23989,Epoch time = 11.934s
06/16/2026 17:48:48 - INFO - utils.trainer -   ***** Running evaluation on test2 dataset *****
06/16/2026 17:48:50 - INFO - utils.trainer -   AUC: 0.57201
06/16/2026 17:48:50 - INFO - utils.trainer -   Accuracy: 0.31410
06/16/2026 17:48:50 - INFO - utils.trainer -   Precision: 0.32130
06/16/2026 17:48:50 - INFO - utils.trainer -   Recall: 0.30849
06/16/2026 17:48:50 - INFO - utils.trainer -   F_score: 0.30891
06/16/2026 17:48:50 - INFO - utils.trainer -   Loss: 3.21428
06/16/2026 17:48:50 - INFO - utils.trainer -    Train loss: 0.00014, Test loss: 3.21428,Epoch time = 11.939s
06/16/2026 17:49:02 - INFO - utils.trainer -   ***** Running evaluation on test2 dataset *****
06/16/2026 17:49:05 - INFO - utils.trainer -   AUC: 0.57033
06/16/2026 17:49:05 - INFO - utils.trainer -   Accuracy: 0.30769
06/16/2026 17:49:05 - INFO - utils.trainer -   Precision: 0.31203
06/16/2026 17:49:05 - INFO - utils.trainer -   Recall: 0.30281
06/16/2026 17:49:05 - INFO - utils.trainer -   F_score: 0.30313
06/16/2026 17:49:05 - INFO - utils.trainer -   Loss: 3.20790
06/16/2026 17:49:05 - INFO - utils.trainer -    Train loss: 0.00041, Test loss: 3.20790,Epoch time = 11.872s
06/16/2026 17:49:17 - INFO - utils.trainer -   ***** Running evaluation on test2 dataset *****
06/16/2026 17:49:19 - INFO - utils.trainer -   AUC: 0.56958
06/16/2026 17:49:19 - INFO - utils.trainer -   Accuracy: 0.30769
06/16/2026 17:49:19 - INFO - utils.trainer -   Precision: 0.31863
06/16/2026 17:49:19 - INFO - utils.trainer -   Recall: 0.29942
06/16/2026 17:49:19 - INFO - utils.trainer -   F_score: 0.30022
06/16/2026 17:49:19 - INFO - utils.trainer -   Loss: 3.20742
06/16/2026 17:49:19 - INFO - utils.trainer -    Train loss: 0.00038, Test loss: 3.20742,Epoch time = 11.936s
06/16/2026 17:49:31 - INFO - utils.trainer -   ***** Running evaluation on test2 dataset *****
06/16/2026 17:49:33 - INFO - utils.trainer -   AUC: 0.57190
06/16/2026 17:49:33 - INFO - utils.trainer -   Accuracy: 0.30128
06/16/2026 17:49:33 - INFO - utils.trainer -   Precision: 0.31685
06/16/2026 17:49:33 - INFO - utils.trainer -   Recall: 0.29360
06/16/2026 17:49:33 - INFO - utils.trainer -   F_score: 0.29572
06/16/2026 17:49:33 - INFO - utils.trainer -   Loss: 3.22010
06/16/2026 17:49:33 - INFO - utils.trainer -    Train loss: 0.00072, Test loss: 3.22010,Epoch time = 11.986s
06/16/2026 17:49:45 - INFO - utils.trainer -   ***** Running evaluation on test2 dataset *****
06/16/2026 17:49:48 - INFO - utils.trainer -   AUC: 0.56894
06/16/2026 17:49:48 - INFO - utils.trainer -   Accuracy: 0.30769
06/16/2026 17:49:48 - INFO - utils.trainer -   Precision: 0.32098
06/16/2026 17:49:48 - INFO - utils.trainer -   Recall: 0.30253
06/16/2026 17:49:48 - INFO - utils.trainer -   F_score: 0.30061
06/16/2026 17:49:48 - INFO - utils.trainer -   Loss: 3.30513
06/16/2026 17:49:48 - INFO - utils.trainer -    Train loss: 0.00046, Test loss: 3.30513,Epoch time = 11.897s
06/16/2026 17:49:59 - INFO - utils.trainer -   ***** Running evaluation on test2 dataset *****
06/16/2026 17:50:02 - INFO - utils.trainer -   AUC: 0.57589
06/16/2026 17:50:02 - INFO - utils.trainer -   Accuracy: 0.32051
06/16/2026 17:50:02 - INFO - utils.trainer -   Precision: 0.32163
06/16/2026 17:50:02 - INFO - utils.trainer -   Recall: 0.31471
06/16/2026 17:50:02 - INFO - utils.trainer -   F_score: 0.31303
06/16/2026 17:50:02 - INFO - utils.trainer -   Loss: 3.17619
06/16/2026 17:50:02 - INFO - utils.trainer -    Train loss: 0.00138, Test loss: 3.17619,Epoch time = 11.916s
06/16/2026 17:50:14 - INFO - utils.trainer -   ***** Running evaluation on test2 dataset *****
06/16/2026 17:50:16 - INFO - utils.trainer -   AUC: 0.57557
06/16/2026 17:50:16 - INFO - utils.trainer -   Accuracy: 0.32051
06/16/2026 17:50:16 - INFO - utils.trainer -   Precision: 0.32087
06/16/2026 17:50:16 - INFO - utils.trainer -   Recall: 0.31146
06/16/2026 17:50:16 - INFO - utils.trainer -   F_score: 0.31237
06/16/2026 17:50:16 - INFO - utils.trainer -   Loss: 3.15841
06/16/2026 17:50:16 - INFO - utils.trainer -    Train loss: 0.00053, Test loss: 3.15841,Epoch time = 12.060s
06/16/2026 17:50:28 - INFO - utils.trainer -   ***** Running evaluation on test2 dataset *****
06/16/2026 17:50:31 - INFO - utils.trainer -   AUC: 0.57483
06/16/2026 17:50:31 - INFO - utils.trainer -   Accuracy: 0.32692
06/16/2026 17:50:31 - INFO - utils.trainer -   Precision: 0.32991
06/16/2026 17:50:31 - INFO - utils.trainer -   Recall: 0.32039
06/16/2026 17:50:31 - INFO - utils.trainer -   F_score: 0.32082
06/16/2026 17:50:31 - INFO - utils.trainer -   Loss: 3.17730
06/16/2026 17:50:31 - INFO - utils.trainer -    Train loss: 0.00064, Test loss: 3.17730,Epoch time = 11.950s
06/16/2026 17:50:43 - INFO - utils.trainer -   ***** Running evaluation on test2 dataset *****
06/16/2026 17:50:45 - INFO - utils.trainer -   AUC: 0.57277
06/16/2026 17:50:45 - INFO - utils.trainer -   Accuracy: 0.31410
06/16/2026 17:50:45 - INFO - utils.trainer -   Precision: 0.32499
06/16/2026 17:50:45 - INFO - utils.trainer -   Recall: 0.30835
06/16/2026 17:50:45 - INFO - utils.trainer -   F_score: 0.30798
06/16/2026 17:50:45 - INFO - utils.trainer -   Loss: 3.20381
06/16/2026 17:50:45 - INFO - utils.trainer -    Train loss: 0.00019, Test loss: 3.20381,Epoch time = 11.888s
06/16/2026 17:50:57 - INFO - utils.trainer -   ***** Running evaluation on test2 dataset *****
06/16/2026 17:50:59 - INFO - utils.trainer -   AUC: 0.57470
06/16/2026 17:50:59 - INFO - utils.trainer -   Accuracy: 0.32692
06/16/2026 17:50:59 - INFO - utils.trainer -   Precision: 0.33119
06/16/2026 17:50:59 - INFO - utils.trainer -   Recall: 0.32039
06/16/2026 17:50:59 - INFO - utils.trainer -   F_score: 0.32077
06/16/2026 17:50:59 - INFO - utils.trainer -   Loss: 3.17252
06/16/2026 17:50:59 - INFO - utils.trainer -    Train loss: 0.00101, Test loss: 3.17252,Epoch time = 11.966s
06/16/2026 17:51:12 - INFO - utils.trainer -   ***** Running evaluation on test2 dataset *****
06/16/2026 17:51:14 - INFO - utils.trainer -   AUC: 0.57586
06/16/2026 17:51:14 - INFO - utils.trainer -   Accuracy: 0.30128
06/16/2026 17:51:14 - INFO - utils.trainer -   Precision: 0.30539
06/16/2026 17:51:14 - INFO - utils.trainer -   Recall: 0.29686
06/16/2026 17:51:14 - INFO - utils.trainer -   F_score: 0.29303
06/16/2026 17:51:14 - INFO - utils.trainer -   Loss: 3.26357
06/16/2026 17:51:14 - INFO - utils.trainer -    Train loss: 0.00042, Test loss: 3.26357,Epoch time = 12.091s
06/16/2026 17:51:26 - INFO - utils.trainer -   ***** Running evaluation on test2 dataset *****
06/16/2026 17:51:28 - INFO - utils.trainer -   AUC: 0.57327
06/16/2026 17:51:28 - INFO - utils.trainer -   Accuracy: 0.32051
06/16/2026 17:51:28 - INFO - utils.trainer -   Precision: 0.32756
06/16/2026 17:51:28 - INFO - utils.trainer -   Recall: 0.31444
06/16/2026 17:51:28 - INFO - utils.trainer -   F_score: 0.31428
06/16/2026 17:51:28 - INFO - utils.trainer -   Loss: 3.21215
06/16/2026 17:51:28 - INFO - utils.trainer -    Train loss: 0.00048, Test loss: 3.21215,Epoch time = 11.876s
06/16/2026 17:51:40 - INFO - utils.trainer -   ***** Running evaluation on test2 dataset *****
06/16/2026 17:51:42 - INFO - utils.trainer -   AUC: 0.57711
06/16/2026 17:51:42 - INFO - utils.trainer -   Accuracy: 0.33333
06/16/2026 17:51:42 - INFO - utils.trainer -   Precision: 0.33659
06/16/2026 17:51:42 - INFO - utils.trainer -   Recall: 0.32634
06/16/2026 17:51:42 - INFO - utils.trainer -   F_score: 0.32683
06/16/2026 17:51:42 - INFO - utils.trainer -   Loss: 3.16780
06/16/2026 17:51:42 - INFO - utils.trainer -    Train loss: 0.00037, Test loss: 3.16780,Epoch time = 11.910s
06/16/2026 17:51:54 - INFO - utils.trainer -   ***** Running evaluation on test2 dataset *****
06/16/2026 17:51:57 - INFO - utils.trainer -   AUC: 0.57470
06/16/2026 17:51:57 - INFO - utils.trainer -   Accuracy: 0.30769
06/16/2026 17:51:57 - INFO - utils.trainer -   Precision: 0.31606
06/16/2026 17:51:57 - INFO - utils.trainer -   Recall: 0.29942
06/16/2026 17:51:57 - INFO - utils.trainer -   F_score: 0.29972
06/16/2026 17:51:57 - INFO - utils.trainer -   Loss: 3.20495
06/16/2026 17:51:57 - INFO - utils.trainer -    Train loss: 0.00039, Test loss: 3.20495,Epoch time = 11.869s
06/16/2026 17:52:08 - INFO - utils.trainer -   ***** Running evaluation on test2 dataset *****
06/16/2026 17:52:11 - INFO - utils.trainer -   AUC: 0.57558
06/16/2026 17:52:11 - INFO - utils.trainer -   Accuracy: 0.30769
06/16/2026 17:52:11 - INFO - utils.trainer -   Precision: 0.31483
06/16/2026 17:52:11 - INFO - utils.trainer -   Recall: 0.29942
06/16/2026 17:52:11 - INFO - utils.trainer -   F_score: 0.29953
06/16/2026 17:52:11 - INFO - utils.trainer -   Loss: 3.21346
06/16/2026 17:52:11 - INFO - utils.trainer -    Train loss: 0.00035, Test loss: 3.21346,Epoch time = 11.841s
06/16/2026 17:52:23 - INFO - utils.trainer -   ***** Running evaluation on test2 dataset *****
06/16/2026 17:52:25 - INFO - utils.trainer -   AUC: 0.57358
06/16/2026 17:52:25 - INFO - utils.trainer -   Accuracy: 0.30128
06/16/2026 17:52:25 - INFO - utils.trainer -   Precision: 0.31276
06/16/2026 17:52:25 - INFO - utils.trainer -   Recall: 0.29347
06/16/2026 17:52:25 - INFO - utils.trainer -   F_score: 0.29313
06/16/2026 17:52:25 - INFO - utils.trainer -   Loss: 3.22798
06/16/2026 17:52:25 - INFO - utils.trainer -    Train loss: 0.00031, Test loss: 3.22798,Epoch time = 11.999s
06/16/2026 17:52:37 - INFO - utils.trainer -   ***** Running evaluation on test2 dataset *****
06/16/2026 17:52:40 - INFO - utils.trainer -   AUC: 0.57266
06/16/2026 17:52:40 - INFO - utils.trainer -   Accuracy: 0.30769
06/16/2026 17:52:40 - INFO - utils.trainer -   Precision: 0.31386
06/16/2026 17:52:40 - INFO - utils.trainer -   Recall: 0.30267
06/16/2026 17:52:40 - INFO - utils.trainer -   F_score: 0.30080
06/16/2026 17:52:40 - INFO - utils.trainer -   Loss: 3.22664
06/16/2026 17:52:40 - INFO - utils.trainer -    Train loss: 0.00047, Test loss: 3.22664,Epoch time = 11.926s
06/16/2026 17:52:51 - INFO - utils.trainer -   ***** Running evaluation on test2 dataset *****
06/16/2026 17:52:54 - INFO - utils.trainer -   AUC: 0.57167
06/16/2026 17:52:54 - INFO - utils.trainer -   Accuracy: 0.30769
06/16/2026 17:52:54 - INFO - utils.trainer -   Precision: 0.30814
06/16/2026 17:52:54 - INFO - utils.trainer -   Recall: 0.30295
06/16/2026 17:52:54 - INFO - utils.trainer -   F_score: 0.30052
06/16/2026 17:52:54 - INFO - utils.trainer -   Loss: 3.18229
06/16/2026 17:52:54 - INFO - utils.trainer -    Train loss: 0.00026, Test loss: 3.18229,Epoch time = 11.947s
06/16/2026 17:53:06 - INFO - utils.trainer -   ***** Running evaluation on test2 dataset *****
06/16/2026 17:53:08 - INFO - utils.trainer -   AUC: 0.57417
06/16/2026 17:53:08 - INFO - utils.trainer -   Accuracy: 0.32051
06/16/2026 17:53:08 - INFO - utils.trainer -   Precision: 0.32488
06/16/2026 17:53:08 - INFO - utils.trainer -   Recall: 0.31458
06/16/2026 17:53:08 - INFO - utils.trainer -   F_score: 0.31582
06/16/2026 17:53:08 - INFO - utils.trainer -   Loss: 3.18373
06/16/2026 17:53:08 - INFO - utils.trainer -    Train loss: 0.00579, Test loss: 3.18373,Epoch time = 11.879s
06/16/2026 17:53:20 - INFO - utils.trainer -   ***** Running evaluation on test2 dataset *****
06/16/2026 17:53:22 - INFO - utils.trainer -   AUC: 0.57355
06/16/2026 17:53:22 - INFO - utils.trainer -   Accuracy: 0.29487
06/16/2026 17:53:22 - INFO - utils.trainer -   Precision: 0.31090
06/16/2026 17:53:22 - INFO - utils.trainer -   Recall: 0.29091
06/16/2026 17:53:22 - INFO - utils.trainer -   F_score: 0.29226
06/16/2026 17:53:22 - INFO - utils.trainer -   Loss: 3.20983
06/16/2026 17:53:22 - INFO - utils.trainer -    Train loss: 0.00151, Test loss: 3.20983,Epoch time = 11.913s
06/16/2026 17:53:34 - INFO - utils.trainer -   ***** Running evaluation on test2 dataset *****
06/16/2026 17:53:37 - INFO - utils.trainer -   AUC: 0.57378
06/16/2026 17:53:37 - INFO - utils.trainer -   Accuracy: 0.32692
06/16/2026 17:53:37 - INFO - utils.trainer -   Precision: 0.32911
06/16/2026 17:53:37 - INFO - utils.trainer -   Recall: 0.32053
06/16/2026 17:53:37 - INFO - utils.trainer -   F_score: 0.32211
06/16/2026 17:53:37 - INFO - utils.trainer -   Loss: 3.13946
06/16/2026 17:53:37 - INFO - utils.trainer -    Train loss: 0.00043, Test loss: 3.13946,Epoch time = 11.982s
06/16/2026 17:53:49 - INFO - utils.trainer -   ***** Running evaluation on test2 dataset *****
06/16/2026 17:53:51 - INFO - utils.trainer -   AUC: 0.57605
06/16/2026 17:53:51 - INFO - utils.trainer -   Accuracy: 0.30769
06/16/2026 17:53:51 - INFO - utils.trainer -   Precision: 0.31634
06/16/2026 17:53:51 - INFO - utils.trainer -   Recall: 0.30281
06/16/2026 17:53:51 - INFO - utils.trainer -   F_score: 0.30493
06/16/2026 17:53:51 - INFO - utils.trainer -   Loss: 3.12693
06/16/2026 17:53:51 - INFO - utils.trainer -    Train loss: 0.00037, Test loss: 3.12693,Epoch time = 11.882s
